protein,2DEVP_S1,2DEVP_S2,2DEVP_S3,2DExomere_S1,2DExomere_S2,2DExomere_S3,2DSuper_S1,2DSuper_S2,2DSuper_S3,3DEVP_S1,3DEVP_S2,3DEVP_S3,3DExomere_S1,3DExomere_S2,3DExomere_S3,3DSuper_S1,3DSuper_S2,3DSuper_S3,FPLCExomere_S1,FPLCExomere_S2,FPLCExomere_S3,FPLCExomere_S4,FPLCSuper_S1,FPLCSuper_S2,FPLCSuper_S3,FPLCSuper_S4,3DEV_S1,3DEV_S2,3DEV_S3,3DEV_S4,3DhEV_S1,3DhEV_S2,3DhEV_S3,3DhEV_S4,3DNV_S1,3DNV_S2,3DNV_S3,3DNV_S4
A2M,2.316116017,2.519953374,2.351701379,3.261216432,3.265441068,3.026589061,0,0,0,0,0,0,0,0,0,0,0,0,0,0,0,0,0,0,0,0,0,0,0,0,0,0,0,0,0,0,0,0
AACS,1.58012073,0.961347078,2.098758683,0,0,0,0,0,0,2.529675346,2.9944429,1.526262086,1.546060213,0,1.003619168,0,0.963485218,1.03574445,0,0,0,0,0.90705003,1.529484238,0.916958742,0,0,0,0,0,0,0,0,0,0,0,0,0
AAMP,0,0,0.864613417,0.966587184,0.968891745,0.921132385,1.839113208,2.240990417,2.825330619,1.540903575,2.164986415,1.526262086,0,0,0,0,0,0,0,0,0,0,0,0,0,0,0,0,0,0,0,0,0,0,0,0,0,0
AARS,0,0,0,0,0,0,0,0,0,0,0,0,0,0,0,0,0,0,0,0,0,0,0,0,0,0,0,0,0,0,0,0,0,0,0,0,0,0
AARS1,4.452494049,4.317777446,5.044971775,4.888809872,4.846130027,5.234104327,3.499731284,3.491832663,4.663973997,5.292610147,5.360123829,5.042931425,4.032231982,3.95387427,4.254777207,2.620025286,1.944875303,3.061983348,1.714955817,4.001444414,2.246490367,3.387705307,0,0,0,0,0,1.373875901,1.266997295,1.333072201,0,0,0,0,0,0,0,0
ABCA1,0.996370196,1.941625202,0,0,0,0,0,0,0,0,0,0,0,0,0,0,0,0,0,1.05142317,1.168913826,1.234105921,0,0,0,0,1.380514028,3.601888181,3.238727139,2.013916734,2.053047961,0,0,0,0,0,0,0
ABCB6,0,0,0,0,0,0,0,0,0,0,0,0,0,0,0,0,0,0,0,0,0,0,0,0,0,0,1.380514028,2.529815193,1.931003366,2.013916734,4.526614972,4.335216011,2.795384697,3.617789703,2.69678497,0,0,0
ABCC1,0.996370196,0.961347078,0.864613417,0,0,0,0,0,0,0,0,0,0,0,0,0,0,0,0,0,0,0,0,0,0,0,3.947899965,3.937808665,4.46591069,3.875236924,0,0,0,0,0,0,0,0
ABCC3,0,0.961347078,0,0,0,0,0,0,0,0.96708259,0,0.956200116,0,0,0,0,0,0,0,0,0,0,0,0,0,0,4.736484697,4.439062363,4.554934114,4.572331312,4.711414598,2.886554086,3.687544579,3.241403097,0,0,0,0
ABCE1,3.993186609,4.247579354,4.811887427,2.941009732,3.114149002,3.756000002,1.442864021,1.51783371,2.419108186,4.579976752,4.133559819,4.237538143,2.275117866,1.025359956,1.003619168,0,0,0,2.145448836,2.403347751,2.246490367,3.563016736,0,0,0,0,0,0,1.266997295,1.333072201,0,0,0,0,0,0,0,0
ABCF1,2.578907744,2.740444656,3.734739458,0,1.543333959,1.47881758,0,0,0,2.268893588,1.455392216,1.526262086,0.970922069,0,1.003619168,0,0,0,0,0,0,1.234105921,0,0,0,0,0,0,0,0,0,0,0,0,0,0,0,0
ABCF3,0,0,0,0,0,0,0,0,0,0,0,0,0,0,0,0,0,0,0,0,0,0,0,0,0,0,0,0,0,0,0,0,0,0,0,0,0,0
ABHD10,0,0,1.401468483,0,0,0,0,0,1.851615862,2.750456577,2.827430592,2.511206051,0.970922069,1.025359956,0,0,0,1.03574445,0,1.05142317,0,0,0,0,0,0,0,0,0,0,0,0,0,0,0,0,0,0
ABHD11,0,0,0,0,0,0.921132385,1.442864021,1.51783371,2.163087258,0,0,0,0,0,0,0,0,1.03574445,0,0,0,0,0.90705003,1.529484238,0.916958742,0,0,0,0,0,0,0,0,0,0,0,0,0
ABHD14B,1.58012073,0,2.098758683,0,1.953082406,1.47881758,2.405039482,2.500551849,2.825330619,2.750456577,2.421096055,2.251195448,0,0,0,0,0,0,1.098576504,1.653127323,1.806054709,1.889360771,0,1.529484238,0.916958742,0,2.072868086,2.064647663,1.266997295,0,0,0,0,0,0,0,0,0
ABI1,1.994551864,2.259576362,1.401468483,1.949586033,1.953082406,0.921132385,0,0,0,1.540903575,1.455392216,0.956200116,0,0,0,0,0,0,0,0,0,0,0,0,0,0,2.072868086,2.064647663,1.931003366,1.333072201,0,0,0,0,0,0,0,0
ABP1,0,0,0,0,0,0,0,0,0,0,0,0,0,0,0,0,0,0,0,0,0,0,0,0,0,0,0,0,0,0,0,0,0,0,0,0,0,0
ABR,0.996370196,0.961347078,1.791837015,0,0,0,0,0,0.90279184,0,0.903929473,0,0,0,0,0,0,0,0,0,0,0,0,0,0,0,1.380514028,1.373875901,1.931003366,1.333072201,0,0,0,0,0,0,0,0
ABRACL,0,0,0,0,0.968891745,0,0.894759661,1.51783371,0.90279184,0,0,0,0,0,0,1.021139762,1.53606782,1.632427638,0,0,0,1.234105921,2.170190716,2.5152748,2.661928568,1.584962501,1.380514028,1.373875901,0,0,0,0,0,0,0,0,0,0
ABRAXAS2,2.578907744,2.740444656,2.56684197,2.268089723,2.532736393,1.47881758,0.894759661,0.9499485,0,2.268893588,2.421096055,2.511206051,0,0,1.003619168,0,0,0,0,1.05142317,0,1.889360771,0,0,0,0,0,0,0,0,0,0,0,0,0,0,0,0
ACAA1,0,0,1.401468483,1.949586033,1.543333959,0.921132385,0.894759661,1.51783371,2.163087258,3.1108756,2.827430592,2.511206051,0,0,0,0,0,0,0,0,0,1.889360771,0,0,0,0,0,0,0,0,0,0,0,0,0,0,0,0
ACAA2,1.58012073,1.533191662,1.791837015,4.888809872,4.939105679,5.395941819,4.788597165,4.656890805,4.849487895,5.607157832,5.50553947,5.339426141,4.33641615,4.633183863,4.864961592,4.039386317,3.392338026,3.649832041,4.179630012,4.904940717,3.457776598,4.215726552,0.90705003,1.529484238,0.916958742,0,0,0,0,0,0,0,0,0,0,0,0,0
ACACA,3.315387858,3.251589451,2.919685889,0,0,0,0,0,0,2.529675346,2.638521785,1.933791208,0,0,0,0,0,0,0,1.05142317,0,1.234105921,0,0,0,0,0,0,1.266997295,1.333072201,0,0,0,0,0,0,0,0
ACADM,0,0,0,0,0,0,0,0,0,0,0,0,0,0,0,0,0,0,0,0,0,0,0,0,0,0,0,0,0,0,0,0,0,0,0,0,0,0
ACADSB,0,0,0,0,0,0,0,0,0,0,0,0,0,0,0,0,0,0,0,0,0,0,0,0,0,0,0,0,0,0,0,0,0,0,0,0,0,0
ACADVL,2.578907744,1.533191662,2.754024153,1.540237874,0.968891745,0.921132385,0,0,0,0,0,0,0,0,0,0,0,0,0,0,0,0,0,0,0,0,0,0,0,0,0,0,0,0,0,0,0,0
ACAP2,0,0,0,0,0,0,0,0,0,0,0,0,0,0,0,0,0,0,0,0,0,0,0,0,0,0,0,0,0,0,0,0,0,0,0,0,0,0
ACAT1,0,0,0,0,0,0,0,0,0,0,0,0,0,0,0,0,0,0,0,0,0,0,0,0,0,0,0,0,0,0,0,0,0,0,0,0,0,0
ACAT2,1.994551864,1.533191662,2.351701379,2.941009732,2.945112293,3.312666648,3.605364131,3.491832663,3.621272161,3.1108756,3.144111598,3.091114753,2.536168495,2.362292771,2.327714414,2.620025286,2.744180469,2.868099561,1.714955817,2.076463354,1.168913826,2.9563868,2.644143159,2.926737964,2.85138244,1.584962501,1.380514028,0,1.266997295,0,0,0,0,0,0,0,0,0
ACBD3,0,0,0,0,0,0,0.894759661,0.9499485,0.90279184,0,0,0,0,0,0,0,0,0,0,0,0,0,1.459649025,1.937434512,1.473143559,2,0,0,0,0,0,0,0,0,0,0,0,0
ACE2,0,0,0,0,0,0,0.894759661,0.9499485,1.453839514,0,1.853383544,3.091114753,4.33641615,4.21745889,4.00677851,4.898527986,5.057472361,4.822957165,1.098576504,1.05142317,1.168913826,0,5.304113724,5.532436287,5.155308149,5.554588852,4.339375044,4.54121905,4.718023325,4.146756747,4.06601068,2.069533795,1.989531496,3.617789703,0,0,0,0
ACLY,5.747753679,5.623617673,5.869368502,5.977824783,5.960454509,6.0298785,2.977170172,3.079707418,3.401423861,5.689545805,5.477605322,5.37254457,6.189962322,6.026777154,6.329067233,2.620025286,2.523580768,2.868099561,5.741626498,5.622514619,5.868575234,5.468432342,3.40970041,3.246517199,3.428871228,3.906890596,1.380514028,2.064647663,1.931003366,1.333072201,0,0,0,0,0,0,0,0
ACO1,2.578907744,2.740444656,3.202968816,3.63813725,3.402362581,4.017139547,3.964223206,3.991758476,3.898681406,5.22054552,5.390403191,5.37254457,5.466110981,5.721737902,5.707530315,5.923915932,5.655374149,5.976366067,4.179630012,5.004709356,4.106809436,4.877717713,5.618720172,5.775433711,5.714563941,5.321928095,0,2.064647663,1.931003366,0,0,0,0,0,0,0,0,0
ACO2,0,0,0,0.966587184,0,2.193583806,0.894759661,1.51783371,2.163087258,4.636455606,4.71498784,4.669311198,4.467412843,4.80333795,4.650796994,4.684174691,4.321949729,4.822957165,2.745703037,4.182785547,2.246490367,4.584363563,3.40970041,4.168436296,3.304702086,2.321928095,0,0,0,0,0,0,0,0,0,0,0,0
ACOT11,3.163465689,2.740444656,3.439652425,1.949586033,1.543333959,0.921132385,0,0,0,0.96708259,1.455392216,1.526262086,0.970922069,1.025359956,0,0,0,0,1.098576504,1.05142317,1.168913826,1.234105921,0,0,0,0,0,0,0,0,0,0,0,0,0,0,0,0
ACOT13,0,0,1.791837015,0,0,0.921132385,0,0,0,1.540903575,0.903929473,0,0,0,0,1.021139762,0,0,0,0,0,0,0,0.958592587,0.916958742,0,0,0,0,0,0,0,0,0,0,0,0,0
ACOT2,0,0,0,0,0,0.921132385,0.894759661,0.9499485,1.851615862,0.96708259,0,0,0,1.025359956,1.003619168,1.61308057,0.963485218,1.03574445,0,0,0,0,2.170190716,2.2550935,1.873574051,0,0,0,0,0,0,0,0,0,0,0,0,0
ACOT7,2.316116017,2.740444656,3.202968816,2.528836668,2.945112293,2.669391044,2.149649735,1.51783371,1.453839514,3.745612183,3.62351829,3.618510617,2.275117866,2.037874702,2.327714414,1.021139762,0,1.03574445,3.340770694,3.413209566,3.283768429,3.719314538,0.90705003,0.958592587,0.916958742,0,0,0,0,0,0,0,0,0,0,0,0,0
ACOT8,0,0,0,0,0,0,0,0,0,0,0,0,0,0,0,0,0,0,0,0,0,0,0,0,0,0,0,0,0,0,0,0,0,0,0,0,0,0
ACOT9,0,0,0,0,0,0,0,0,0,0.96708259,0.903929473,0.956200116,3.40611886,4.134834924,4.00677851,1.021139762,1.944875303,2.644053871,0,0,0,0,3.285708808,3.383238525,3.747798963,3.906890596,0,0,0,0,0,0,0,0,0,0,0,0
ACOX1,0,0,0,0,0.968891745,0,0,0,0,1.950337883,1.455392216,0.956200116,3.646291178,3.854102726,3.466005187,1.021139762,0.963485218,1.632427638,0,0,0,0,2.426542826,2.5152748,2.186666421,2.321928095,0,0,0,0,0,0,0,0,0,0,0,0
ACP1,0.996370196,0,0.864613417,0,0,0,0.894759661,1.51783371,1.453839514,1.540903575,2.164986415,1.933791208,0.970922069,1.025359956,0,0,0,0,0,1.653127323,1.168913826,0,0,0,0,0,0,0,1.266997295,0,0,0,0,0,0,0,0,0
ACP2,0,0,0,0,0,0,0,0,0,0,0,0,0,0,0,1.021139762,0,1.03574445,0,0,0,0,0,0.958592587,0,0,2.89033867,2.88100595,2.728226634,2.823248847,4.711414598,3.404975348,3.986902457,3.617789703,2.69678497,0,0,0
ACP3,2.993641837,3.251589451,2.56684197,2.268089723,2.271827737,1.47881758,1.839113208,2.240990417,1.453839514,0,0,0,0,0,0,0,0,0,0,0,0,0,0,0,0,0,2.89033867,2.529815193,2.383995806,2.474606879,3.385355532,0,3.309356743,3.241403097,0,0,0,0
ACP6,0,0,0,0,0,0,0,0,0,0,0,0,0,0,0,0,0,0,0,0,0,0,0,0,0,0,0,0,0,0,0,0,0,0,0,0,0,0
ACPP,0,0,0,0,0,0,0,0,0,0,0,0,0,0,0,0,0,0,0,0,0,0,0,0,0,0,0,0,0,0,0,0,0,0,0,0,0,0
ACSL5,0,0,0,0,0,0,0,0,0,0,0,0,0,0,0,0,0,0,0,0,0,0,0,0,0,0,0,0,0,0,0,0,0,0,0,0,0,0
ACSS1,0,0,0,0,0,0,0,0,0,0,0,0,0,0,0,0,0,0,0,0,0,0,0,0,0,0,0,0,0,0,0,0,0,0,0,0,0,0
ACSS2,1.58012073,1.941625202,2.351701379,1.949586033,1.543333959,2.193583806,0.894759661,1.51783371,1.453839514,1.950337883,2.421096055,1.526262086,0.970922069,2.037874702,2.005425354,0,0,0,0,0,0,0,0,0,0.916958742,0,0,0,0,0,0,0,0,0,0,0,0,0
ACTB,8.5814648,8.748355856,9.191369072,7.771888203,7.602750503,7.298110032,6.470026137,6.22134529,6.243983803,8.0935062,8.602380442,8.255606987,7.070957275,7.038577355,7.226349403,6.7558257,6.721121745,6.51277571,7.399091121,8.182865117,6.403342332,7.781894347,5.539493089,5.775433711,5.875989,5.491853096,6.941041167,6.85299069,6.808919418,6.937237073,5.683614583,5.043305171,5.412616341,5.612463424,5.299570037,5.806477144,5.185959353,5.187453585
ACTBL2,1.58012073,1.533191662,2.098758683,0.966587184,1.953082406,0.921132385,0,0,0,1.950337883,2.638521785,1.526262086,1.956160331,2.037874702,2.005425354,1.021139762,1.53606782,1.632427638,1.098576504,2.403347751,0,1.889360771,0,0,0.916958742,0,2.072868086,2.064647663,1.931003366,2.474606879,0,0,0,0,0,0,0,0
ACTC1,4.636878881,4.625163985,4.724999573,3.63813725,3.84826838,3.176707196,2.977170172,2.240990417,1.851615862,3.745612183,4.133559819,4.307709643,2.757142261,2.626984775,3.006327599,2.355604609,2.935479543,2.378701702,2.145448836,3.793987451,2.246490367,3.387705307,0.90705003,2.2550935,1.873574051,1,3.172816473,2.88100595,3.005940259,3.338612139,2.053047961,0,2.795384697,1.933211842,0,0,0,0
ACTL6A,3.452825167,3.833879792,4.12242704,3.261216432,2.945112293,2.859016798,3.605364131,3.491832663,3.277509632,3.1108756,3.144111598,2.731434726,0,1.025359956,0,0,0,0,1.714955817,2.076463354,0,3.18810514,0,0,0,0,0,0,0,0,0,0,0,0,0,0,0,0
ACTN1,2.801126798,1.941625202,1.791837015,5.661608186,5.868888849,6.010011572,6.051085121,6.008151853,6.049326811,4.184907225,5.054533961,5.270817342,6.628328599,6.708003956,6.482881685,6.796478632,6.880830528,6.838176517,7.797259407,7.385852665,7.603668245,5.950841266,5.06102732,5.240051349,5.003808168,5.754887502,1.380514028,3.601888181,3.005940259,2.823248847,2.053047961,0,4.94067428,5.526842447,5.299570037,4.272170993,4.716298833,4.016906216
ACTN4,5.516451599,5.755932248,5.181763407,7.525197828,7.744739822,7.69642396,8.094859603,7.931923909,8.089266936,6.20106807,6.931808524,7.260319794,8.464970887,8.367539517,8.315545562,8.738842068,8.962340382,8.770898686,9.62521599,9.240454593,9.588768786,7.745991039,7.260082658,7.424231541,7.096810211,7.807354922,5.617896038,5.978989548,5.839558095,5.587994002,6.427020762,6.645626919,6.868787097,7.631781919,7.050994723,8.61422725,6.993639659,7.256312382
ACTR10,0.996370196,0,0,0.966587184,0.968891745,0.921132385,0.894759661,0.9499485,0.90279184,1.540903575,1.455392216,0.956200116,0,0,0,0,0,0,0,1.05142317,0,1.889360771,0,0,0,0,0,0,0,0,0,0,0,0,0,0,0,0
ACTR1A,4.315023641,4.013822575,4.12242704,3.63813725,3.402362581,3.026589061,2.810463839,2.911236342,0.90279184,4.107103517,3.814276912,3.618510617,2.275117866,3.044091598,3.176352815,1.61308057,0,1.632427638,3.340770694,3.677881073,2.583445471,2.9563868,0,0,0,0,0,0,0,0,0,0,0,0,0,0,0,0
ACTR1B,1.994551864,1.533191662,2.098758683,0.966587184,0.968891745,0.921132385,0,0,0,2.529675346,2.421096055,1.933791208,0,0,0,0,0,0,0,0,0,0,0,0,0,0,0,0,0,0,0,0,0,0,0,0,0,0
ACTR2,4.385395623,4.247579354,4.481695725,4.841578479,4.746747198,4.429804965,3.882525857,3.606636986,3.621272161,4.107103517,4.270100252,4.237538143,4.266169311,4.21745889,4.254777207,3.207295283,3.104356784,3.385643851,3.340770694,3.551606284,3.085856525,4.215726552,2.426542826,2.926737964,3.168830955,1,1.380514028,1.373875901,1.931003366,2.474606879,0,0,0,0,0,0,0,0
ACTR3,4.385395623,4.096022377,4.533749939,5.256039888,4.89336671,4.887292885,4.376005728,4.602593015,4.20113292,4.579976752,4.666322275,4.307709643,4.698352774,4.692160027,4.650796994,3.94610422,3.837964422,4.154027448,3.633934435,4.001444414,4.20773121,4.106705299,3.40970041,3.623042415,4.008829657,3,2.072868086,2.88100595,3.005940259,2.823248847,0,0,0,0,0,0,0,0
ACVR1B,0,0,0,0,0,0,0,0,0,0,0,0,0,0,0,0,0,0,0,0,0,0,0,0,0,0,2.072868086,2.064647663,1.931003366,2.013916734,2.867824406,0,0,0,0,0,0,0
ACY1,3.452825167,3.513288396,3.979598316,4.023911454,4.028337769,3.756000002,5.035364569,4.901393789,4.663973997,2.941892081,4.060116522,4.237538143,4.467412843,4.440244194,4.591891283,5.500465327,5.419561132,5.354258517,0,1.653127323,0,2.680193992,5.718011556,5.672450617,5.762557456,5.459431619,0,0,1.266997295,1.333072201,0,0,0,3.617789703,2.69678497,2.829306972,2.598717113,0
ACYP1,0,0,0,0,0,0,0,0,0,0,0,0,0,0,0,0,0,0,0,0,0,0,2.170190716,1.529484238,1.473143559,1.584962501,0,0,0,0,0,0,0,0,0,0,0,0
ADA,1.58012073,1.533191662,0,0,0,0,0,0,0,0,0,0,1.546060213,1.025359956,1.003619168,0,0,0,0,0,0,0,0,0,0,1,0,0,0,0,0,0,0,0,0,0,0,0
ADAM10,5.516451599,5.595633632,4.769097515,3.843880539,3.265441068,3.312666648,3.126593151,3.491832663,2.992305255,3.745612183,2.9944429,3.378779227,0,0,0,1.021139762,0,0,1.714955817,1.05142317,1.806054709,1.889360771,1.858228386,1.937434512,0.916958742,3.169925001,6.224312673,6.150417422,6.317768698,6.116289307,6.198608227,5.411684905,5.844248139,5.526842447,2.69678497,0,0,0
ADAM15,2.578907744,2.519953374,0.864613417,1.540237874,0.968891745,0.921132385,2.149649735,2.500551849,2.163087258,0.96708259,0,0,0,0,0,1.021139762,0.963485218,0,0,0,0,0,0,0,0,1,3.789613418,3.937808665,4.269468584,3.875236924,3.76545739,2.069533795,3.687544579,3.241403097,0,0,0,0
ADAM17,3.578300868,4.096022377,2.098758683,3.261216432,2.532736393,2.193583806,2.149649735,1.924256156,2.419108186,0,0,0,0,0,0,0,0,0,0,0,0,0,0.90705003,0,0,0,4.449359691,4.329116984,4.041997863,4.375179769,0,0,0,1.933211842,0,0,0,0
ADAM9,3.993186609,4.013822575,3.068269276,2.268089723,1.543333959,0.921132385,2.621946525,2.240990417,2.163087258,2.268893588,0.903929473,2.511206051,0,0,0,0,0,0,0,0,1.168913826,1.234105921,0,0,0,0,4.551550277,4.439062363,4.46591069,4.265484343,5.3905174,4.896155132,5.195857898,4.867424445,2.69678497,0,0,0
ADAP1,0,0,0,0,0,0,0,0,0,0,0,0,0,0,0,0,0,0,0,0,1.806054709,1.889360771,0,0,0,0,0,0,0,0,0,0,0,0,0,0,0,0
ADAR,1.994551864,1.941625202,2.098758683,1.540237874,0.968891745,1.880020556,1.442864021,1.51783371,1.851615862,0.96708259,0.903929473,0,0,0,0,0,0,1.03574445,0,0,0,0,0,0,0,0,0,0,0,0,0,0,0,0,0,0,0,0
ADD1,0,0,1.791837015,1.949586033,2.532736393,2.451014583,2.621946525,2.720458447,2.992305255,2.941892081,3.279702347,2.511206051,3.269158334,3.505214095,3.814069025,2.355604609,3.104356784,2.644053871,1.714955817,2.403347751,1.806054709,1.889360771,2.426542826,2.735625828,2.85138244,1.584962501,0,1.373875901,1.266997295,0,0,0,0,0,0,0,0,0
ADD3,0,0,0,1.949586033,2.532736393,2.669391044,2.149649735,2.240990417,1.851615862,2.750456577,2.638521785,2.731434726,2.536168495,3.214705715,3.591590723,2.031594606,2.263052434,2.378701702,1.098576504,1.653127323,0,1.889360771,1.459649025,2.5152748,2.443780137,1,0,0,0,0,0,0,0,0,0,0,0,0
ADGRE5,4.577997335,4.247579354,3.326158875,0,0.968891745,0,0,0,0,3.399011692,1.853383544,3.091114753,0,0,0,0,0,1.03574445,1.098576504,1.05142317,1.168913826,1.889360771,0.90705003,0.958592587,0.916958742,1,4.820760544,5.350195761,5.523914723,5.493845692,5.022286887,3.785554776,5.195857898,4.557799622,0,0,0,0
ADGRG1,1.58012073,1.533191662,0.864613417,0,0,0,1.839113208,1.924256156,1.453839514,0.96708259,0,0,0,0,0,0,0,0,0,0,0,2.338300494,1.459649025,0.958592587,0.916958742,1,2.072868086,2.064647663,2.383995806,2.474606879,2.867824406,0,1.989531496,1.933211842,0,0,0,0
ADGRL1,0,0,0,0,0,0,0.894759661,0.9499485,0.90279184,0,0,0,0,0,0,2.031594606,0.963485218,1.632427638,0,0,0,0,1.858228386,1.937434512,0.916958742,3,0,0,0,0,0,0,0,0,0,0,0,0
ADH1C,0,0,0,0,0,2.451014583,0,0,3.401423861,0,0,0,0,0,0,0,0,0,0,0,0,0,0,0,0,0,0,0,0,0,0,0,0,0,0,0,0,0
ADH5,3.452825167,3.251589451,4.12242704,3.109978656,2.753608502,3.756000002,2.405039482,2.720458447,4.131254579,3.399011692,3.722048161,3.242104959,2.757142261,2.362292771,2.813553664,2.620025286,3.104356784,2.868099561,1.098576504,1.653127323,1.168913826,2.680193992,1.858228386,2.735625828,2.661928568,0,0,2.064647663,1.266997295,0,0,0,0,0,0,0,0,0
ADK,3.900107558,3.513288396,4.12242704,3.398093484,3.402362581,3.176707196,2.405039482,2.240990417,2.419108186,3.639070203,3.814276912,3.503618698,0,1.025359956,1.003619168,0,0,0,1.098576504,2.076463354,0,2.680193992,0,0,0,0,0,0,0,0,0,0,0,0,0,0,0,0
ADNP,0.996370196,0.961347078,1.401468483,0,0,0,0,0,0,0,0,0,0,0,1.003619168,0,0,0,0,0,0,0,0,0,0,0,0,0,0,0,0,0,0,0,0,0,0,0
ADPGK,0,0,0,0,0,0,0.894759661,0,0.90279184,0,0,0,0,0,0,1.021139762,0,0,0,0,0,0,1.459649025,1.529484238,0.916958742,1.584962501,0,0,0,0,0,0,0,0,0,0,0,0
ADPRHL2,0,0,0,0,0,0,0,0,0,0,0,0,0,0,0,0,0,0,0,0,0,0,0,0,0,0,0,0,0,0,0,0,0,0,0,0,0,0
ADPRS,0,0,0,0,0,0,1.839113208,1.924256156,2.992305255,0,0,0,0,0,0,2.031594606,1.944875303,2.053289965,0,0,0,0,2.170190716,2.2550935,2.186666421,2.584962501,0,0,0,0,0,0,0,0,0,0,0,0
ADRM1,1.994551864,1.941625202,1.791837015,0.966587184,0,0.921132385,0,0,0,1.540903575,1.455392216,0,0,0,0,0,0,0,0,0,0,0,0,0,0,0,0,0,0,0,0,0,0,0,0,0,0,0
ADSL,3.163465689,3.251589451,3.544865169,4.458950855,4.332473679,4.304921401,3.385748712,3.367096615,3.141943704,4.39592324,4.453368265,4.237538143,2.948722432,2.850560031,3.176352815,1.021139762,0,0,2.972434909,4.265567955,2.583445471,3.387705307,0,0,0,0,0,0,0,0,0,0,0,0,0,0,0,0
ADSS,0,0,0,0,0,0,0,0,0,0,0,0,0,0,0,0,0,0,0,0,0,0,0,0,0,0,0,0,0,0,0,0,0,0,0,0,0,0
ADSS2,1.994551864,2.519953374,2.56684197,3.398093484,3.114149002,3.176707196,3.703787505,3.367096615,3.719788928,4.184907225,4.133559819,4.086043188,4.032231982,3.631120459,3.814069025,3.846371158,3.632289151,4.066310474,2.476571387,3.551606284,3.085856525,3.563016736,3.907209447,4.312393749,4.15982985,3.459431619,0,1.373875901,1.266997295,1.333072201,0,0,0,0,0,0,0,0
AFDN,0.996370196,1.533191662,0.864613417,1.540237874,1.543333959,1.47881758,1.442864021,1.51783371,1.453839514,0.96708259,1.455392216,0.956200116,0,1.025359956,1.003619168,0,0,0,1.098576504,1.05142317,0,1.889360771,0.90705003,0,0,0,4.646978729,4.636617942,4.718023325,4.265484343,2.053047961,0,0,0,0,0,0,0
AGA,0,0,0,0,0,0,1.442864021,1.51783371,2.163087258,0,0.903929473,0,0,0,0,3.207295283,3.104356784,2.053289965,0,0,0,0,2.833183695,3.246517199,3.168830955,3.807354922,0,0,0,0,0,0,0,0,0,0,0,0
AGFG1,0,0,0,0,0,0,0,0,0,0,0,0,0,0,0,0,0,0,0,0,0,0,0,1.529484238,0.916958742,0,0,0,0,0,0,0,0,0,0,0,0,0
AGL,0.996370196,0,0,1.540237874,0.968891745,0.921132385,0,0,0,0,0,0,0,0,0,0,0,0,0,0,0,0,0.90705003,0,0,0,0,0,0,0,0,0,0,0,0,0,0,0
AGMAT,0,0,0,1.540237874,1.543333959,3.176707196,0,0,0,1.950337883,1.455392216,1.933791208,3.752877906,3.854102726,4.00677851,1.61308057,1.53606782,2.053289965,0,0,0,0,2.833183695,2.926737964,3.018820504,3,0,0,0,0,0,0,0,0,0,0,0,0
AGO2,0,0.961347078,0,2.268089723,1.543333959,3.312666648,1.839113208,2.500551849,2.825330619,0.96708259,1.455392216,0.956200116,0,1.025359956,1.003619168,0,0,0,0,0,0,0,0,0,0,0,0,0,0,0,0,0,0,0,0,0,2.598717113,0
AGR2,0,0,0,0,0,0,2.405039482,1.51783371,3.141943704,3.524028291,3.144111598,3.378779227,0.970922069,1.618677671,1.589786044,1.021139762,2.523580768,1.632427638,2.972434909,2.669676924,2.856411626,1.889360771,2.833183695,2.735625828,2.443780137,3,0,0,0,0,0,0,0,0,0,0,0,0
AGRN,5.850837866,5.755932248,5.114988251,6.619554626,6.745026761,5.948714583,5.87216654,5.877052896,4.561429755,5.426763619,5.360123829,5.819448049,6.417653045,6.750246309,6.762050011,6.972372435,6.880830528,6.838176517,7.713436209,7.395075182,7.896032467,8.346802901,5.741802225,5.240051349,5.417587559,5.727920455,0,3.937808665,3.439119207,2.013916734,5.683614583,7.749756664,7.105067142,6.793671542,7.370745252,8.842505875,8.430069714,7.989498466
AHCTF1,0,0,1.791837015,0,0,0,0,0,0,0,0,0,0,0,0,0,0,0,0,0,0,0,0,0,0,0,0,0,0,0,0,0,0,0,0,0,0,0
AHCY,5.636733161,5.678008154,5.674459324,6.325523468,6.347245036,6.249113174,6.051085121,5.830565195,5.756236514,5.792552316,5.687257259,5.585252402,6.071385419,5.956348586,6.029486148,5.467276583,5.451233364,5.560945301,5.139264357,5.420561938,4.473994679,5.886337328,4.67275357,5.275622572,5.155308149,3.169925001,3.947899965,3.937808665,4.16021177,4.146756747,2.867824406,0,3.309356743,0,2.69678497,0,0,0
AHCYL1,0.996370196,0.961347078,2.098758683,0,0,0,0,0,0.90279184,0.96708259,2.421096055,1.933791208,0,0,0,0,0,0,1.098576504,0,1.168913826,0,0,0,0,0,2.89033867,2.064647663,2.383995806,2.474606879,2.053047961,0,0,0,0,0,0,0
AHNAK,0,0,0,0,0,0,0.894759661,0,0,0,0,0,0,0,0,1.021139762,0,0,0,0,1.168913826,1.234105921,0,0.958592587,0,1,2.89033867,4.2100965,3.238727139,3.338612139,0,0,0,0,0,0,0,0
AHSA1,1.58012073,1.941625202,2.754024153,2.268089723,0.968891745,2.451014583,2.149649735,2.240990417,3.515531724,2.941892081,3.144111598,3.091114753,1.956160331,1.025359956,2.327714414,2.031594606,1.53606782,2.868099561,1.098576504,1.653127323,1.168913826,1.234105921,3.907209447,3.246517199,3.543195199,3.321928095,0,0,0,0,0,0,0,0,0,0,0,0
AHSG,0,0,0,0,0.968891745,0.921132385,1.442864021,0.9499485,1.453839514,0,0,0,0,0,0,0,0,0,0,0,0,0,0,0.958592587,0,0,0,0,0,0,0,0,0,0,0,0,0,0
AIDA,0,0,0,0,0,0,0,0,0,0,0,0,0,0,0,0,0,0,0,0,0,0,0,0,0,0,1.380514028,2.064647663,1.931003366,1.333072201,0,0,0,0,0,0,0,0
AIFM1,0,0,0.864613417,1.540237874,1.953082406,3.312666648,3.882525857,4.225295774,4.663973997,1.950337883,2.9944429,3.724923947,2.948722432,3.214705715,3.176352815,4.947485184,4.972714701,4.875515913,0,1.05142317,0,1.889360771,5.396938296,5.005967243,5.118898392,5.247927513,0,0,0,0,0,0,0,0,0,0,0,0
AIM1,0,0,0,0,0,0,0,0,0,0,0,0,0,0,0,0,0,0,0,0,0,0,0,0,0,0,0,0,0,0,0,0,0,0,0,0,0,0
AIM1L,0,0,0,0,0,0,0,0,0,0,0,0,0,0,0,0,0,0,0,0,0,0,0,0,0,0,0,0,0,0,0,0,0,0,0,0,0,0
AIMP1,0,0,2.351701379,1.540237874,0.968891745,2.669391044,1.442864021,1.924256156,2.636470024,2.268893588,2.164986415,2.511206051,1.956160331,2.362292771,3.006327599,1.61308057,1.944875303,2.053289965,1.098576504,1.653127323,2.246490367,2.680193992,2.426542826,2.2550935,3.018820504,2.807354922,0,0,0,0,0,2.069533795,3.309356743,3.241403097,2.69678497,0,2.598717113,3.475828426
AIMP2,3.578300868,3.388364695,3.979598316,3.398093484,3.265441068,3.176707196,1.442864021,0.9499485,1.453839514,3.399011692,3.62351829,3.503618698,0.970922069,1.025359956,1.003619168,1.021139762,0,1.03574445,1.714955817,2.076463354,2.246490367,1.889360771,0.90705003,0.958592587,0.916958742,1,0,0,0,0,0,0,0,0,0,0,0,0
AIP,0,0,0,0,0,0,1.442864021,0,1.851615862,0,0,0,0,0,0,0,0,0,0,0,0,0,0,0.958592587,0.916958742,0,0,1.373875901,0,0,0,0,0,0,0,0,0,0
AK1,1.994551864,0.961347078,0,0.966587184,0.968891745,0.921132385,1.442864021,1.924256156,1.851615862,2.941892081,2.827430592,2.922454862,0,0,1.003619168,1.021139762,0,1.03574445,1.098576504,1.05142317,0,1.234105921,0,0,0,0,0,2.064647663,1.266997295,0,0,0,0,0,0,0,0,0
AK2,0.996370196,0.961347078,0.864613417,0.966587184,0.968891745,0.921132385,3.126593151,3.230546315,3.401423861,0.96708259,0.903929473,0.956200116,0.970922069,1.618677671,1.589786044,3.036793753,3.517296477,3.232871055,0,1.05142317,0,0,3.907209447,3.729484261,3.926957113,3,0,0,0,0,0,0,0,0,0,0,0,0
AK3,0,0,0,0,0,0,0.894759661,0.9499485,2.419108186,0,0,0,0,0,0,0,0,0,0,0,0,0,0.90705003,0.958592587,0.916958742,0,0,0,0,0,0,0,0,0,0,0,0,0
AKAP1,0,0,0,0,0,0,0,0,0,0,0,0,0,0,0,0,0,0,0,0,0,0,0,0,0,0,0,0,0,0,0,0,0,0,0,0,0,0
AKAP8,0,0,0,0,0,0,0,0,0,0,0,0,0,0,0,0,0,0,0,0,0,0,0,0,0,0,0,0,0,0,0,0,0,0,0,0,0,0
AKAP9,0,0,0,0,0,0,0,0,0,0,0,0,0,0,0,0,0,0,2.972434909,2.076463354,3.283768429,0,0,0,0,0,0,0,0,0,0,0,0,0,0,0,0,0
AKR1A1,0,0.961347078,2.098758683,0,0,0,2.405039482,2.500551849,3.621272161,0,0,1.526262086,0,0,0,3.207295283,3.392338026,2.868099561,0,0,0,0,3.989004793,3.828609566,3.926957113,4,2.072868086,2.064647663,1.931003366,2.474606879,0,0,0,0,0,0,0,0
AKR1B1,0,0,0,0,0,0,0,0,0,0,0,0,0,0,0,2.355604609,1.944875303,2.378701702,0,0,0,0,2.644143159,3.095469549,3.168830955,2.321928095,0,0,0,0,0,0,0,0,0,0,0,0
AKR1B10,0,0,0,0,0,0,0,0,0.90279184,1.540903575,1.455392216,1.526262086,0,0,0,2.620025286,2.263052434,1.632427638,1.098576504,1.05142317,0,1.234105921,2.644143159,2.5152748,2.186666421,1,0,0,0,0,0,0,0,0,0,0,0,0
AKR1C1,0.996370196,0.961347078,0.864613417,0,0,0,0,0,0.90279184,2.268893588,2.827430592,2.251195448,0.970922069,1.025359956,1.589786044,1.61308057,1.53606782,1.632427638,1.714955817,2.076463354,1.168913826,1.889360771,1.459649025,1.529484238,1.473143559,0,0,1.373875901,1.931003366,0,0,0,0,0,0,0,0,0
AKR1C2,0,0,0,0,0,0,0,0,0,0,0,0,0,0,0,1.61308057,1.53606782,1.632427638,0,0,0,0,0.90705003,0.958592587,0.916958742,0,0,0,0,0,0,0,0,0,0,0,0,0
AKR1C3,3.993186609,3.926654829,4.12242704,3.843880539,3.84826838,4.094642998,4.695977305,4.855696291,4.849487895,4.107103517,4.270100252,4.086043188,3.852128841,3.854102726,4.00677851,4.432320331,4.514144036,4.591186809,3.340770694,4.001444414,3.753201815,4.215726552,5.022698926,4.87294656,4.788890577,3.584962501,4.090524219,4.329116984,3.913226003,4.146756747,2.867824406,0,1.989531496,1.933211842,0,0,0,0
AKR7A2,2.993641837,2.740444656,3.439652425,1.540237874,0.968891745,1.47881758,0,0,1.453839514,2.750456577,2.827430592,2.251195448,0.970922069,0,1.003619168,0,0,0,1.714955817,1.653127323,1.806054709,1.889360771,0,0.958592587,0,0,0,0,0,0,0,0,0,0,0,0,0,0
AKR7A3,2.801126798,2.931662233,3.544865169,0.966587184,0.968891745,0,0,0,0,2.941892081,2.638521785,2.731434726,0,1.025359956,2.005425354,1.021139762,0,1.03574445,1.714955817,2.076463354,1.168913826,2.338300494,0,0.958592587,0,0,0,0,0,0,0,0,0,0,0,0,0,0
AKTIP,0,0,0,0,0,0,0,0,0,0,0,0,0,0,0,0,0,0,0,0,0,0,0,0,0,0,0,0,0,0,0,0,0,0,0,0,0,0
ALAD,0,0,0,2.268089723,2.532736393,3.312666648,1.442864021,1.51783371,2.419108186,2.529675346,2.421096055,2.731434726,4.587498857,4.21745889,4.32879677,3.359759433,3.392338026,3.385643851,0,1.05142317,0,1.889360771,3.523873876,4.008505655,4.086304413,4.857980995,2.89033867,0,0,0,0,0,0,0,0,0,0,0
ALCAM,0,0,0,0,0,0,3.385748712,3.491832663,2.825330619,0,1.853383544,2.922454862,1.546060213,1.618677671,1.589786044,5.128219809,4.786618309,4.92622701,2.745703037,2.894418153,0,0,4.066410421,4.09068599,4.421358596,5.321928095,2.072868086,0,0,1.333072201,0,0,1.989531496,0,0,0,0,0
ALDH16A1,4.577997335,4.38471777,4.4276928,3.936702387,3.941110664,4.304921401,0,0,0,4.184907225,4.203444751,4.163778281,1.546060213,2.362292771,2.813553664,0,0,0,3.340770694,3.677881073,2.856411626,3.988767131,0,0,0,0,0,0,0,0,0,0,0,0,0,0,0,0
ALDH18A1,2.578907744,3.100475979,3.821059837,1.949586033,1.543333959,2.451014583,0,0,0,2.268893588,2.827430592,0.956200116,0,0,0,0,0,0,0,0,0,1.234105921,0,0,0,0,0,0,0,0,0,0,0,0,0,0,0,0
ALDH1A1,5.48474626,5.623617673,5.80727926,7.030919448,7.066840087,7.408462152,6.564739602,6.391123769,6.501074486,7.695261866,7.857086577,7.611909593,7.254506043,7.137381265,7.301804098,6.836017351,6.797035545,6.797894743,6.996604062,7.509892936,6.902076432,8.033448077,5.539493089,6.359899316,6.273874884,4.247927513,5.415957758,5.509900127,5.231572187,5.632860104,4.06601068,0,1.989531496,1.933211842,0,0,0,0
ALDH1B1,3.800606572,3.513288396,3.821059837,2.941009732,3.265441068,2.451014583,0.894759661,0.9499485,0,3.639070203,3.403637312,2.922454862,0,1.025359956,1.003619168,0,0,0,0,2.403347751,0,1.889360771,0,0,0,0,0,0,0,0,0,0,0,0,0,0,0,0
ALDH2,3.163465689,2.740444656,3.202968816,3.63813725,3.749037927,2.669391044,1.442864021,0.9499485,1.453839514,3.399011692,3.279702347,2.251195448,0.970922069,1.618677671,2.327714414,0,0,0,0,0,0,0,0,0,0,0,0,0,0,0,0,0,0,0,0,0,0,0
ALDH3A1,0,0,1.401468483,0,0,0,0,0,0,0,0.903929473,0.956200116,1.956160331,2.037874702,2.005425354,2.031594606,1.53606782,2.053289965,0,0,0,0,1.858228386,1.529484238,2.186666421,1,0,0,0,0,0,0,0,0,0,0,0,0
ALDH7A1,0.996370196,1.533191662,3.326158875,0.966587184,0,1.880020556,0.894759661,0,2.419108186,1.540903575,2.421096055,1.933791208,2.275117866,2.850560031,3.006327599,2.355604609,2.263052434,3.385643851,0,1.05142317,0,0,3.285708808,3.508117252,3.428871228,3.321928095,0,0,0,0,0,0,0,0,0,0,0,0
ALDH9A1,3.163465689,2.931662233,3.734739458,3.523102099,3.402362581,3.43690954,3.499731284,3.230546315,3.141943704,3.524028291,3.62351829,3.242104959,1.546060213,2.626984775,2.327714414,1.021139762,0.963485218,0,0,1.653127323,0,2.338300494,0.90705003,0,0,0,0,0,0,0,0,0,0,0,0,0,0,0
ALDOA,3.900107558,4.013822575,3.068269276,6.237038923,6.445598894,6.746024102,6.398352276,6.16625511,6.068148968,5.607157832,5.912615747,6.197607034,8.121361845,8.061317529,8.007201112,7.749135409,7.796711264,7.952975629,5.915389753,6.421783699,6.042601095,5.747974157,8.079825145,8.630413052,8.639820442,7.06608919,5.303293763,5.458604873,5.231572187,5.444362581,4.711414598,4.335216011,5.073900853,5.000427909,3.581002772,4.272170993,4.408026318,4.016906216
ALDOB,0,0,0,0,0,0,0,0,0,0,0,0,0,0,0,0,0,0,0,0,0,0,0,0,0,0,0,0,0,0,0,0,0,0,0,0,0,0
ALDOC,0.996370196,1.533191662,0,4.579004779,4.463452526,4.651179586,4.184756539,4.073877018,4.20113292,4.579976752,4.394828067,4.820975154,5.697243559,5.907410569,5.839992777,5.62607461,5.627920928,5.76973831,4.503808314,4.741022553,4.552845745,4.411787418,5.335723518,5.532436287,5.476330201,5.247927513,3.172816473,3.399164795,3.005940259,3.103821595,3.76545739,0,1.989531496,2.7307681,0,0,0,0
ALPP,1.994551864,1.533191662,0,0,0,0,0,0,0,0,0,0,0,0,0,0,0,0,0,0,0,0,0,0,0,0,0,0,0,0,0,0,0,0,0,0,0,0
ALYREF,0,0,0,0,0,0,0.894759661,0.9499485,0.90279184,0,0,0.956200116,0,0,0,1.021139762,1.53606782,0,0,0,0,0,2.170190716,2.735625828,2.443780137,1.584962501,0,0,0,0,0,0,0,0,0,0,0,0
AMACR,0,0,0,2.528836668,1.953082406,2.859016798,3.499731284,3.991758476,3.898681406,3.399011692,3.517762757,3.503618698,3.117818628,2.362292771,2.590989414,2.843407086,2.744180469,3.061983348,2.476571387,2.403347751,2.583445471,3.563016736,2.426542826,2.735625828,2.661928568,1,0,0,0,0,0,0,0,0,0,0,0,0
AMIGO2,0,0,0,0,0,0,0.894759661,0.9499485,0,0,0,0,0,0,0,2.843407086,1.53606782,1.632427638,0,0,0,0,2.426542826,2.2550935,2.443780137,2.584962501,1.380514028,1.373875901,1.266997295,1.333072201,0,0,0,0,0,0,0,0
AMPD2,0,0,0,1.540237874,1.953082406,1.47881758,0,0,0,0.96708259,0.903929473,0,2.757142261,2.626984775,2.590989414,0,0,0,1.098576504,0,0,1.234105921,0,0,0,0,0,0,0,0,0,0,0,0,0,0,0,0
ANAPC1,0,0,0,0,0,0,0,0,0,0,0,0,0,0,0,0,0,0,0,0,0,0,0,0,0,0,0,0,0,0,0,0,0,0,0,0,0,0
ANAPC4,1.994551864,1.533191662,2.56684197,0.966587184,0.968891745,0.921132385,0,0,0,0,1.455392216,0,0,0,0,0,0,0,0,0,0,0,0,0,0,0,0,0,0,0,0,0,0,0,0,0,0,0
ANAPC5,0,0,0,0,0,0,0,0,0,0,0,0,0,0,0,0,0,0,0,0,0,0,0,0,0,0,0,0,0,0,0,0,0,0,0,0,0,0
ANAPC7,0,0,0,0,0,0,0,0,0,0,0,0,0,0,0,0,0,0,0,0,0,0,0,0,0,0,0,0,0,0,0,0,0,0,0,0,0,0
ANKFY1,0,0,0,0,0,0,0,0,0,0,0,0,0,0,0,0,0,0,0,0,0,0,0,0,0,0,0,0,0,0,0,0,0,0,0,0,0,0
ANKH,2.801126798,2.259576362,2.919685889,0,0,0,0,0,0,0.96708259,0,0.956200116,0,0,0,0,0,0,0,0,0,1.234105921,0,0,0,0,4.449359691,4.329116984,5.059694252,4.745751636,5.494973884,2.069533795,4.446094835,4.557799622,0,0,0,0
ANKRD28,0.996370196,0.961347078,0.864613417,0,0,0,0,0,0,0.96708259,1.455392216,0,0,0,0,0,0,0,0,0,0,0,0,0,0,0,0,0,0,0,0,0,0,0,0,0,0,0
ANLN,0.996370196,1.941625202,0.864613417,0,0,0,0,0,0,0,0,0,0,0,0,0,0,0,0,0,0,0,0,0,0,0,0,0,0,0,0,0,0,0,0,0,0,0
ANO6,1.58012073,1.533191662,0,0,0,0,0,0,0,0,0,0,0,0,0,0,0,0,0,0,0,0,0,0,0,0,3.408938331,3.601888181,3.771823672,3.540486385,4.06601068,2.069533795,3.687544579,3.617789703,0,0,0,0
ANO9,0,0,0,0,0,0,0,0,0,0,0,0,0,0,0,0,0,0,0,0,0,0,0,0,0,0,2.89033867,3.399164795,3.005940259,3.103821595,2.053047961,0,0,0,0,0,0,0
ANP32A,0,0,0,0,0,1.880020556,3.882525857,3.904682107,4.267782425,1.540903575,2.827430592,3.378779227,1.956160331,2.362292771,2.327714414,4.563736391,4.972714701,4.389102439,0,1.653127323,1.806054709,0,5.960338068,5.310337811,5.476330201,5.169925001,3.172816473,0,0,0,0,2.886554086,0,0,0,0,0,0
ANP32B,0,0,0,0,0,0,2.621946525,2.500551849,2.163087258,0.96708259,1.455392216,1.933791208,0,1.025359956,0,4.209599094,3.632289151,3.523776826,2.145448836,3.08882233,2.856411626,2.680193992,3.820496403,4.09068599,4.15982985,3.906890596,1.380514028,0,0,0,0,0,0,0,0,0,0,0
ANP32E,0,0,0.864613417,0,0,0,0,0,1.851615862,0,0,0,0,0,0,0,0,0,0,0,0,0,0,0,0,0,0,0,0,0,0,0,0,0,0,0,0,0
ANT3,1.994551864,2.519953374,1.791837015,2.749592966,3.114149002,2.669391044,3.605364131,3.712975173,3.719788928,0,0,0,0,0,0,0,0,0,0,0,0,0,0,0,0,0,0,0,0,0,0,0,0,0,0,0,0,0
ANXA1,0.996370196,0,0,0,0,0,0.894759661,0.9499485,0,0.96708259,0,0,0,0,0,0,0,0,0,0,0,0,0,0,0,0,3.408938331,3.399164795,3.615041015,3.717549031,0,0,2.795384697,0,0,0,0,0
ANXA11,4.080622667,3.833879792,2.919685889,0,0,0,0,0,0,0.96708259,0,0,0,0,0,0,0,0,0,0,0,0,0,0,0,0,4.820760544,5.037082573,4.793137891,5.105447314,5.3905174,2.069533795,4.234691467,4.72090243,2.69678497,0,0,0
ANXA13,0,0.961347078,0,0,0,0,0,0,0,1.540903575,0,0.956200116,0,0,0,0,0,0,0,0,0,0,0,0,0,0,5.415957758,5.458604873,5.231572187,5.493845692,4.06601068,2.886554086,4.234691467,3.241403097,0,0,0,0
ANXA2,5.162858643,4.625163985,4.4276928,2.268089723,2.271827737,1.880020556,4.647337727,4.656890805,3.898681406,4.636455606,4.203444751,4.669311198,1.956160331,0,0,3.207295283,3.837964422,3.873048029,1.714955817,2.076463354,1.806054709,2.680193992,3.728236298,4.09068599,3.304702086,3.700439718,7.014454568,6.872719276,6.676314112,7.057304974,6.952367237,7.591339867,6.974820302,6.793671542,6.85990304,5.806477144,6.524104321,5.948469918
ANXA3,3.900107558,3.734726159,2.919685889,0,0,0,2.405039482,2.720458447,0.90279184,3.262125066,2.164986415,3.091114753,0,0,0,1.61308057,1.944875303,1.03574445,0,0,0,0,3.523873876,3.246517199,3.304702086,3.700439718,5.70916816,5.559434016,5.432894157,5.676372903,4.875207947,3.785554776,5.195857898,4.557799622,0,0,2.598717113,0
ANXA4,3.800606572,3.628251645,3.544865169,0,0,0,0.894759661,1.51783371,0,3.524028291,2.421096055,3.242104959,0,0,0,0,0,0,0,0,0,1.234105921,0,0,0,0,6.025570328,5.942116633,5.650507639,6.116289307,6.259190081,5.299029246,5.686734793,5.338660701,4.828721577,4.272170993,4.716298833,4.409490401
ANXA5,0,0,0,0,0,0,0,0,0,0,0,0,0,0,0,0,0,0,0,0,0,0,0,0,0,0,3.408938331,3.937808665,4.16021177,4.017375043,3.385355532,0,3.309356743,0,0,0,0,0
ANXA6,0,0,0,0,0,0,0,0,0,0.96708259,0,0.956200116,0,0,0,0,0,0,0,0,0,0,0,0,0,0,4.975841682,5.232973694,5.176523782,5.284834316,4.06601068,0,2.795384697,1.933211842,0,0,0,0
ANXA7,2.578907744,2.519953374,1.401468483,0,0,0,0,0,0,0,0,0,0,0,0,0,0,0,0,0,0,0,0,0,0,0,4.551550277,4.726097906,4.638782042,4.661645673,3.76545739,2.886554086,3.309356743,1.933211842,0,0,0,0
AOC1,5.385222152,5.382890844,4.971383181,6.851817395,6.880135026,5.840384273,5.993876048,6.049331455,5.161372746,4.842557512,5.054533961,5.122960291,6.449699453,6.353436918,6.273922166,6.041327688,6.056389191,6.046810139,7.047285233,6.654626331,7.18801641,7.988062164,4.459757716,4.168436296,4.296512299,4.700439718,1.380514028,2.88100595,0,2.823248847,0,0,4.234691467,6.639037742,6.990067128,7.617904137,7.155924932,6.812280753
AP1B1,2.993641837,2.519953374,1.791837015,4.579004779,4.399449,4.238176971,3.605364131,4.225295774,4.392499739,4.024863517,3.722048161,3.824024523,3.40611886,3.505214095,3.591590723,1.021139762,0.963485218,2.644053871,1.098576504,2.403347751,1.168913826,1.889360771,2.170190716,2.735625828,2.661928568,2.807354922,2.072868086,2.064647663,2.383995806,2.013916734,0,0,0,0,0,0,0,0
AP1G1,2.316116017,2.259576362,1.791837015,4.74220736,4.797294216,4.651179586,4.315030162,4.151572014,4.267782425,3.745612183,3.722048161,3.378779227,3.944989053,4.134834924,4.254777207,1.021139762,0.963485218,1.03574445,1.098576504,2.076463354,2.246490367,2.9563868,1.459649025,1.529484238,2.186666421,2.321928095,0,0,0,0,0,0,1.989531496,1.933211842,2.69678497,0,0,2.600000002
AP1G2,0,0,0,3.398093484,3.527408274,2.451014583,2.621946525,1.51783371,1.851615862,0,0,0,0,0,0,0,0,0,0,0,0,0,0,0,0,0,0,0,0,0,0,0,0,0,0,0,0,0
AP1M1,0,0,0,3.109978656,3.64247482,3.756000002,1.839113208,2.500551849,3.277509632,1.950337883,2.421096055,1.526262086,2.275117866,2.037874702,2.327714414,0,0,0,0,0,0,0,0,0,0.916958742,0,0,0,0,0,0,0,0,0,0,0,0,0
AP1M2,1.58012073,1.941625202,1.401468483,3.843880539,4.188405325,3.65727565,3.499731284,3.491832663,3.141943704,2.941892081,2.9944429,2.922454862,2.948722432,2.362292771,2.813553664,1.021139762,0,1.03574445,1.098576504,1.05142317,1.168913826,0,0,0,0.916958742,1.584962501,1.380514028,1.373875901,1.266997295,1.333072201,0,0,0,0,0,0,0,0
AP1S1,0,0,0,2.528836668,1.953082406,1.880020556,2.405039482,0.9499485,1.851615862,0.96708259,0.903929473,0.956200116,0,1.025359956,1.003619168,0,0,0,0,0,0,0,0,0,0,0,0,0,0,0,0,0,0,0,0,0,0,0
AP2A1,4.947162596,4.878421948,5.008646625,4.934543882,4.746747198,4.797429663,3.605364131,3.712975173,4.131254579,4.636455606,4.509625417,4.374625784,0,0,0,0,0,0,1.714955817,1.653127323,1.806054709,3.18810514,0,0,0,0,5.360725261,5.405418357,5.385135725,5.339993805,2.867824406,0,3.309356743,1.933211842,2.69678497,0,4.716298833,2.600000002
AP2A2,3.163465689,3.100475979,2.919685889,3.523102099,3.265441068,3.551296021,1.442864021,1.51783371,2.163087258,2.941892081,2.9944429,2.511206051,0.970922069,1.025359956,1.003619168,0,0,0,1.098576504,1.05142317,1.168913826,0,0,0,0,0,3.172816473,3.937808665,4.041997863,3.717549031,0,0,0,0,0,0,0,0
AP2B1,5.452328462,5.349766493,5.148762131,5.577622219,5.523399232,5.455914002,4.490730752,4.759715303,4.892364797,4.690806462,4.851847799,4.499810006,3.117818628,3.214705715,3.466005187,1.61308057,0.963485218,2.053289965,2.476571387,3.677881073,2.583445471,3.86032243,2.170190716,2.2550935,2.443780137,2,6.060653988,5.942116633,5.97476946,5.948961515,3.385355532,0,1.989531496,1.933211842,3.581002772,2.829306972,2.598717113,2.600000002
AP2M1,3.993186609,3.926654829,4.12242704,4.023911454,4.332473679,4.304921401,2.621946525,2.720458447,3.141943704,3.262125066,3.403637312,2.731434726,0.970922069,0,0,0,0,0,1.098576504,1.653127323,1.168913826,2.680193992,0,0,0,0,3.789613418,3.601888181,3.771823672,4.017375043,2.053047961,0,2.795384697,1.933211842,3.581002772,4.668420179,4.970157178,4.409490401
AP2S1,2.316116017,2.740444656,2.56684197,2.749592966,2.945112293,2.859016798,0.894759661,0.9499485,1.453839514,2.529675346,2.421096055,2.511206051,0,0,0,0,0,0,0,0,0,0,0,0,0,0,2.072868086,2.064647663,2.728226634,2.474606879,0,0,0,0,0,0,3.474430172,0
AP3B1,2.993641837,2.931662233,3.326158875,0,0,0,0,0,0,2.268893588,2.9944429,1.933791208,0,0,0,0,0,0,0,0,0,0,0,0,0,0,0,0,0,0,0,0,0,0,0,0,2.598717113,0
AP3D1,2.316116017,2.740444656,2.919685889,3.109978656,2.271827737,3.026589061,2.149649735,2.240990417,1.453839514,2.750456577,2.827430592,2.251195448,0,1.025359956,1.003619168,0,0,0,0,0,1.168913826,1.234105921,0,0,0,0,0,0,0,0,0,0,0,0,0,0,2.598717113,0
AP3S1,0,0,0,0,0,0,0,0,0,0,0,0,0,0,0,0,0,0,0,0,0,0,0,0,0,0,0,0,0,0,0,0,0,0,0,0,0,0
AP4B1,0,0,0,0,0,0,0,0,0,0,0,0,0,0,0,0,0,0,0,0,0,0,0,0,0,0,0,0,0,0,0,0,0,0,0,0,0,0
APAF1,1.994551864,1.941625202,1.791837015,1.540237874,0.968891745,0,0,0,0,1.540903575,1.455392216,0,0,0,0,0,0,0,0,0,0,0,0,0,0,0,0,0,0,0,0,0,0,0,0,0,0,0
APC,0.996370196,0,0,0,0,0,0,0,0,0.96708259,0,0,0,0,0,0,0,0,0,0,0,0,0,0,0,0,0,1.373875901,1.931003366,0,0,0,0,0,0,0,0,0
APEH,3.800606572,3.926654829,3.068269276,6.142770713,6.185871137,6.363130635,4.041541069,4.151572014,3.980443085,5.144691026,4.976842159,4.721657506,7.160816913,6.588909182,6.762050011,4.740821936,4.835440815,4.975215962,4.429334296,4.488737827,3.613037926,4.317084986,5.366655557,5.377358485,5.738760262,5.357552005,2.538745146,1.373875901,1.931003366,1.333072201,5.494973884,5.51617723,5.60102145,5.693286396,5.083269848,3.724066632,4.015464754,4.409490401
APEX1,1.994551864,2.259576362,3.202968816,2.941009732,3.265441068,3.848399125,4.434508325,4.602593015,4.451035312,1.950337883,1.853383544,2.251195448,2.757142261,3.367259864,2.327714414,3.497640075,3.632289151,3.873048029,0,1.05142317,1.168913826,1.889360771,3.728236298,4.312393749,3.926957113,4.247927513,0,0,0,0,0,0,2.795384697,1.933211842,2.69678497,3.724066632,3.474430172,2.600000002
APH1A,0,0,0,0,0,0,0,0,0,0,0,0,0,0,0,0,0,0,0,0,0,0,0,0,0,0,0,0,0,0,0,0,0,0,0,0,0,0
API5,0.996370196,0.961347078,1.401468483,0.966587184,1.543333959,1.880020556,3.703787505,3.491832663,4.20113292,3.1108756,3.144111598,3.503618698,2.536168495,3.044091598,3.006327599,3.846371158,3.632289151,3.873048029,2.745703037,3.08882233,1.806054709,3.18810514,3.40970041,3.729484261,3.840157301,1,0,1.373875901,1.266997295,0,0,0,0,0,0,0,0,0
APIP,0,0,0,0,0,0,0,0,0,0,0,0,0,0,0,0,0,0,0,0,0,0,0,0,0,0,0,0,0,0,0,0,0,0,0,0,0,0
APLP2,0,0.961347078,0,3.744673432,3.941110664,3.43690954,4.376005728,4.602593015,3.401423861,2.268893588,3.722048161,3.916753108,3.646291178,4.440244194,4.176753604,5.822581576,5.881442294,5.683927208,6.188050251,6.099550261,6.246130857,4.584363563,4.340174758,4.563274934,4.642674584,4.459431619,0,0,1.266997295,1.333072201,0,0,2.795384697,2.7307681,0,0,0,0
APMAP,0.996370196,0,0,0.966587184,0,0,0,0,0,1.540903575,0,0,0,0,0,0,0,0,0,0,0,0,0,0,0,0,3.789613418,3.937808665,3.771823672,4.017375043,2.867824406,2.069533795,4.63044284,4.557799622,4.125209993,2.829306972,3.474430172,0
APOA1BP,0,0,0,0,0,0,0,0,0,0,0,0,0,0,0,0,0,0,0,0,0,0,0,0,0,0,0,0,0,0,0,0,0,0,0,0,0,0
APOD,0,0,0,0,0,0,0,0,0,0,0,0,0,0,0,0,0,0,0,0,0,0,0,0,0,0,0,0,0,0,0,0,0,0,0,0,0,4.971644604
APOE,0,0,2.098758683,0,0,0,0,0,0,2.941892081,2.164986415,2.731434726,2.275117866,1.025359956,1.589786044,0,0,0,2.972434909,2.669676924,1.806054709,2.338300494,0,0,0,0,0,0,0,0,0,0,0,0,0,0,0,0
APOH,0,0,0,0,0,0,0,0,0,0,0,0,0,0,0,0,0,1.03574445,0,0,0,0,0.90705003,1.529484238,1.873574051,2.807354922,0,0,0,0,0,0,0,0,0,0,0,0
APP,1.58012073,2.259576362,0,4.792748321,5.186716361,5.051791299,5.850844613,6.049331455,5.295206777,4.521196453,4.936368817,5.497901882,5.775187667,5.882304632,5.889750101,7.030333137,6.734054698,6.756455868,7.369521834,7.144730739,7.306529897,5.280434713,5.238737314,5.618064397,5.831680757,6.022367813,1.380514028,0,1.266997295,2.013916734,2.867824406,4.335216011,4.793881411,4.72090243,4.828721577,5.63977081,5.373641915,4.717776833
APPL1,0,0,0,0,0,0,0,0,1.453839514,0,0,0,0,0,0,1.61308057,0,2.053289965,0,0,0,0,0,0.958592587,0.916958742,0,0,0,0,0,0,0,0,0,0,0,0,0
APRT,3.800606572,3.251589451,3.979598316,2.268089723,1.543333959,2.193583806,0,0,0.90279184,3.844824317,4.203444751,3.824024523,1.956160331,2.037874702,2.005425354,1.021139762,1.53606782,1.632427638,3.494786352,3.901441717,3.457776598,3.719314538,0.90705003,1.529484238,1.473143559,0,2.538745146,2.064647663,1.931003366,2.013916734,0,0,0,0,0,0,0,0
AQR,3.315387858,3.100475979,3.979598316,0,0,0,0,0,0,0,0,0,0,0,0,0,0,0,0,0,0,0,0,0,0,0,0,0,0,0,0,0,0,0,0,0,0,0
ARAP1,0,0,0,0,0,0,0,0,0,0,0,0,0,0,0,0,0,0,0,0,0,0,0,0,0,0,0,0,0,0,0,0,0,0,0,0,0,0
ARCN1,1.58012073,0.961347078,1.791837015,2.268089723,1.953082406,1.880020556,2.405039482,2.500551849,2.419108186,3.524028291,3.279702347,2.511206051,0.970922069,1.618677671,1.003619168,0,0,0,1.714955817,2.894418153,2.583445471,3.18810514,0,0.958592587,0,0,0,0,0,0,0,0,0,0,0,0,0,0
AREG,0,0,0,0,0,0,0,0,0,0,0,0,0,0,0,0,0,0,0,0,0,0,0,0,0,0,1.380514028,1.373875901,1.931003366,2.013916734,2.053047961,2.069533795,2.795384697,3.241403097,0,0,0,0
ARF1,0,0,0,0,0,0,0,0,0,0,0,0,0,0,0,0,0,0,0,0,0,0,0,0,0,0,0,0,0,0,0,0,0,0,0,0,0,0
ARF3,3.693731392,3.926654829,3.734739458,2.749592966,2.532736393,2.669391044,1.442864021,1.924256156,2.636470024,4.258728859,4.203444751,3.916753108,3.117818628,3.214705715,3.006327599,2.843407086,2.935479543,2.378701702,3.985375492,4.094962341,3.457776598,3.86032243,2.170190716,2.926737964,2.661928568,1,5.415957758,5.458604873,4.997528796,5.284834316,4.526614972,2.886554086,4.234691467,4.163037251,3.581002772,0,0,0
ARF4,1.58012073,1.941625202,2.351701379,0,0,0.921132385,0,0,0,2.750456577,2.638521785,2.731434726,1.546060213,1.618677671,1.003619168,0,0,0,1.714955817,1.653127323,2.246490367,2.338300494,0.90705003,0,0,0,2.538745146,2.064647663,2.383995806,2.474606879,0,0,0,0,0,0,0,2.600000002
ARF5,1.994551864,0.961347078,1.401468483,0,0,0.921132385,0,0,0,2.268893588,1.853383544,1.933791208,0,0,0,0,0,0,1.098576504,1.05142317,1.168913826,1.234105921,0,0,0,0,1.380514028,2.064647663,1.266997295,2.013916734,0,0,0,0,0,0,0,0
ARF6,3.452825167,3.100475979,2.56684197,0,0,0,0,0,0,3.1108756,2.827430592,2.731434726,0,0,0,0,0,0,0,1.05142317,0,0,0,0,0,0,4.736484697,4.636617942,4.638782042,4.572331312,4.06601068,0,3.687544579,3.617789703,0,0,0,0
ARFGAP2,0,0,0,0,0,0,0,0,0,0,0,0,0,0,0,0,0,0,0,0,0,0,0,0,0,0,0,0,0,0,0,0,0,0,0,0,0,0
ARFGEF1,0,0,1.791837015,0.966587184,0,0,0,0,0,2.268893588,2.421096055,1.526262086,0,1.618677671,1.003619168,0,0,0,1.098576504,1.653127323,1.806054709,0,0,0,0,0,0,0,0,0,0,0,0,0,0,0,0,0
ARFGEF2,0.996370196,1.533191662,1.791837015,0,0,0,0,0,0,0.96708259,1.455392216,0.956200116,0,0,0,0,0,0,0,1.05142317,0,0,0,0,0,0,0,0,0,0,0,0,0,0,0,0,0,0
ARFIP1,0,0,0,0,0,0,1.442864021,0.9499485,0.90279184,0,0.903929473,0.956200116,0,1.025359956,0,0,0,0,1.098576504,0,0,0,0,0,0,0,0,0,0,0,0,0,0,0,0,0,0,0
ARG1,0,0,0,0,0,0,0,0,0,0,0,0,0,0,0,0,0,0,0,0,0,0,0,0,0,0,0,0,0,0,0,0,0,0,0,0,0,0
ARHGAP1,3.163465689,3.100475979,3.202968816,1.540237874,2.271827737,2.669391044,3.605364131,3.712975173,4.20113292,0,0.903929473,0.956200116,0,0,0,1.021139762,1.53606782,2.378701702,0,0,0,0,2.426542826,2.735625828,2.85138244,2.321928095,0,0,0,0,0,0,0,0,0,0,0,0
ARHGAP12,0,0,0,0,0,0,0,0,0.90279184,0,0,0,0,0,0,0,0,0,0,0,0,0,0,0,0,0,0,1.373875901,1.931003366,0,0,0,0,0,0,0,0,0
ARHGAP17,0,0,0,0,0,0,0,0,0,0,0,0,0,0,0,0,0,0,0,0,0,0,0,0,0,0,0,0,0,0,0,0,0,0,0,0,0,0
ARHGAP39,0,0,0,0,0,0,0,0,0,0,0,0,0,0,0,0,0,0,0,0,0,0,0,0,0,0,1.380514028,1.373875901,1.931003366,1.333072201,0,0,0,0,0,0,0,0
ARHGDIA,2.316116017,2.259576362,1.791837015,0,0,0,3.499731284,3.230546315,3.621272161,1.540903575,2.638521785,2.922454862,1.546060213,1.618677671,1.003619168,3.359759433,3.632289151,3.385643851,0,1.05142317,0,1.234105921,4.85831084,4.379321162,4.421358596,4.169925001,3.408938331,3.77960348,3.615041015,3.338612139,0,0,0,0,0,0,0,0
ARHGEF1,3.578300868,3.388364695,3.979598316,2.268089723,2.532736393,1.880020556,0,0.9499485,0.90279184,2.941892081,3.144111598,3.242104959,2.275117866,2.037874702,1.589786044,0,0,0,1.098576504,2.894418153,2.583445471,2.338300494,0.90705003,0.958592587,0.916958742,1,1.380514028,2.064647663,2.383995806,2.823248847,0,0,0,0,0,0,0,0
ARHGEF10L,0,0,0,0,0,0,0,0,0,0,0,0,0,0,0,0,0,0,0,0,0,0,0,0,0,0,0,0,0,0,0,0,0,0,0,0,0,0
ARHGEF12,0,0,0,0,0,0,0,0,0,0,0,0,0,0,0,0,0,0,0,0,0,0,0,0,0,0,0,0,0,0,0,0,0,0,0,0,0,0
ARHGEF16,0,0,0,0,0,0,0,0.9499485,0.90279184,0.96708259,0.903929473,0.956200116,0,1.025359956,0,0,0,0,0,0,0,0,0,0,0,0,2.072868086,2.529815193,2.728226634,2.013916734,0,0,1.989531496,0,0,0,0,0
ARHGEF2,1.58012073,0.961347078,0.864613417,0,0,0,0,0,0,0.96708259,1.455392216,0.956200116,0,0,0,0,0,0,0,0,0,0,0,0,0,0,0,0,1.266997295,0,0,0,0,0,0,0,0,0
ARHGEF26,0,0,0,0,0,0,0,0,0,0,0,0,0,0,0,0,0,0,0,0,0,0,0,0,0,0,0,0,0,0,0,0,0,0,0,0,0,0
ARHGEF39,2.578907744,2.519953374,0,0,0,0,0,0,0,0,0,0,0,0,0,0,0,0,0,0,0,0,0,0,0,0,2.89033867,0,2.383995806,1.333072201,0,0,0,0,0,0,0,0
ARHGEF7,0,0,0,0,0.968891745,1.47881758,2.810463839,2.500551849,2.636470024,0,0,0,0,0,0,0,0,0,0,0,0,0,0,1.529484238,0,1,0,0,0,0,0,0,0,0,0,0,0,0
ARID1A,0,0,0,0,0.968891745,1.880020556,0,0,0,0,0,0,0,0,0,0,0,0,0,0,0,0,0,0,0,0,0,0,0,0,0,0,0,0,0,0,0,0
ARIH2,0,0,0,0,0,0,0,0,0,0,0,0,0,0,0,0,0,0,0,0,0,0,0,0,0,0,0,0,0,0,0,0,0,0,0,0,0,0
ARL1,0.996370196,1.941625202,2.351701379,0,0,0,0,0,0,2.941892081,2.638521785,1.933791208,0,0,0,0,0,0,0,1.05142317,0,1.234105921,0,0,0,0,0,0,0,0,0,0,0,0,0,0,0,0
ARL3,0,0,0,0,0,0,0,0,0,1.950337883,1.455392216,0.956200116,0,0,0,0,0,0,0,0,0,0,0,0,0,0,0,0,0,0,0,0,0,0,0,0,0,0
ARL6IP1,0.996370196,0.961347078,1.401468483,0,0.968891745,0.921132385,0,0,0,0.96708259,0,0,0,0,0,0,0,0,0,0,0,0,0,0,0,0,0,0,1.266997295,1.333072201,2.053047961,2.069533795,1.989531496,1.933211842,0,0,0,0
ARL6IP5,1.58012073,1.533191662,0.864613417,1.540237874,1.543333959,1.47881758,0,0,0,0.96708259,0,0,0,1.025359956,0,0,0,0,0,0,0,0,0,0,0,0,0,0,0,0,0,0,1.989531496,1.933211842,0,0,0,0
ARL8A,0,0,0,0,0,0,0,0,0,0,0,0,0,0,0,0,0,0,0,0,0,0,0,0,0,0,0,0,0,0,0,0,0,0,0,0,0,0
ARL8B,2.316116017,2.259576362,2.919685889,0,0,0.921132385,0,0,0,2.529675346,1.853383544,2.511206051,0,0,0,0,0,0,0,0,0,0,0,0,0,0,2.538745146,3.601888181,3.238727139,3.103821595,4.06601068,2.069533795,3.687544579,3.617789703,0,0,0,0
ARMC8,1.58012073,1.941625202,1.791837015,0.966587184,0.968891745,0.921132385,0,0,0,1.950337883,1.853383544,1.526262086,0,0,1.003619168,0,0,0,0,0,0,0,0,0,0,0,0,0,0,0,0,0,0,0,0,0,0,0
ARMH3,0,0,0,0,0,0,1.442864021,0,1.453839514,0,0,0,0,0,0,0,0,0,0,0,0,0,0,0,0,0,0,0,0,0,0,0,0,0,0,0,0,0
ARMT1,0,0,0,0,0,0,0,0.9499485,1.851615862,0,0,0,0,0,0,0,0,0,0,0,0,0,2.426542826,2.2550935,2.186666421,2.321928095,0,0,0,0,0,0,0,0,0,0,0,0
ARPC1A,1.994551864,0.961347078,2.098758683,3.109978656,2.945112293,3.026589061,2.149649735,2.500551849,1.851615862,2.529675346,2.827430592,2.731434726,1.956160331,1.618677671,2.327714414,1.021139762,0.963485218,1.03574445,1.098576504,2.076463354,1.168913826,2.338300494,0.90705003,0.958592587,0.916958742,0,0,0,0,1.333072201,0,0,0,0,0,0,0,0
ARPC1B,3.578300868,2.931662233,3.068269276,3.744673432,4.028337769,3.312666648,2.810463839,2.911236342,2.636470024,3.399011692,2.827430592,2.922454862,2.757142261,3.044091598,3.006327599,2.843407086,2.744180469,3.061983348,2.145448836,2.669676924,2.583445471,2.680193992,1.858228386,2.2550935,2.85138244,2,1.380514028,2.064647663,2.383995806,3.103821595,0,0,1.989531496,1.933211842,3.581002772,3.724066632,4.015464754,4.409490401
ARPC2,3.163465689,3.388364695,3.202968816,4.327992353,4.463452526,4.304921401,4.251363295,4.073877018,3.719788928,2.529675346,2.9944429,2.511206051,4.192326201,3.746915315,4.32879677,2.620025286,2.744180469,3.061983348,2.476571387,2.076463354,2.246490367,2.680193992,2.833183695,3.383238525,3.168830955,2.584962501,1.380514028,2.064647663,2.383995806,1.333072201,0,0,0,0,0,0,0,0
ARPC3,2.316116017,2.259576362,2.351701379,3.843880539,3.749037927,3.65727565,2.405039482,2.500551849,1.851615862,2.750456577,2.421096055,1.933791208,2.948722432,3.214705715,3.328436075,1.61308057,1.944875303,2.053289965,1.098576504,1.653127323,1.806054709,2.680193992,1.459649025,1.529484238,2.186666421,1,1.380514028,2.529815193,0,1.333072201,0,0,0,0,0,0,0,0
ARPC4,2.578907744,2.740444656,2.919685889,3.261216432,3.527408274,2.859016798,3.499731284,3.367096615,3.515531724,3.1108756,2.164986415,1.933791208,2.757142261,2.362292771,2.590989414,2.355604609,2.523580768,2.378701702,1.714955817,1.653127323,1.806054709,2.338300494,3.150050254,2.5152748,3.304702086,1,1.380514028,1.373875901,1.931003366,2.013916734,0,0,0,0,0,0,0,0
ARPC5,0.996370196,0.961347078,0.864613417,3.109978656,2.945112293,2.859016798,2.405039482,2.240990417,1.851615862,0.96708259,1.455392216,1.933791208,2.275117866,2.850560031,2.590989414,1.021139762,0.963485218,1.632427638,0,1.05142317,0,0,0.90705003,1.937434512,1.473143559,1,0,0,0,0,0,0,0,0,0,0,0,0
ARPC5L,0.996370196,0,0,0.966587184,1.543333959,0.921132385,1.442864021,0.9499485,0.90279184,0,0,0,1.546060213,1.618677671,1.589786044,0,0,0,0,1.05142317,0,0,0,0.958592587,0,0,0,1.373875901,0,1.333072201,0,0,0,0,0,0,0,0
ARRB1,3.452825167,3.513288396,2.919685889,3.523102099,3.114149002,2.451014583,3.261982234,3.079707418,2.163087258,0,0,0,0,0,0,0,0,0,0,0,0,0,0,0,0,0,0,0,0,0,0,0,0,0,0,0,0,0
ARRDC1,5.03734616,5.09379041,4.533749939,2.941009732,3.114149002,1.880020556,0,0,0,3.524028291,2.638521785,2.731434726,0,0,0,0,0,0,0,0,1.168913826,1.889360771,0,0,0,0,5.415957758,5.405418357,5.523914723,5.39312178,5.769425326,4.547361642,4.793881411,4.72090243,0,0,0,0
ARSA,0,0,0,3.109978656,2.532736393,2.669391044,3.385748712,3.904682107,3.401423861,0,1.455392216,2.511206051,3.944989053,3.854102726,3.814069025,4.361832367,4.100158116,4.314920033,0,0,0,0,4.516026529,4.67405044,4.590446441,5.087462841,0,0,0,0,0,0,0,2.7307681,0,0,0,0
ART3,0,0,0,0,0,0,1.442864021,2.720458447,3.277509632,0,0,0,0,0,0,0,0,0,0,0,0,0,0,0,0,1,0,0,0,0,0,0,0,0,0,0,0,0
ASAH1,0,0,0,0,0,0.921132385,2.810463839,2.720458447,2.825330619,0.96708259,0.903929473,0.956200116,1.956160331,1.618677671,1.003619168,2.843407086,2.523580768,2.053289965,0,0,0,0,2.426542826,2.926737964,2.443780137,3.169925001,0,0,0,0,0,0,0,1.933211842,0,0,0,0
ASCC2,0,0,1.401468483,0,0,0,0,0,0,0,0,0,0,0,0,0,0,0,0,0,0,0,0,0,0,0,0,0,0,0,0,0,0,0,0,0,0,0
ASH2L,0,0,0,0,0,0,0,0,0,0,0,0,0,0,0,0,0,0,0,0,0,0,0,0,0,0,0,0,0,0,0,0,0,0,0,0,0,0
ASL,0,0,0.864613417,3.109978656,2.945112293,3.43690954,3.499731284,3.712975173,3.277509632,2.750456577,3.517762757,3.242104959,4.114498637,3.505214095,3.814069025,3.739228165,3.738788903,3.765752776,0,1.653127323,1.168913826,2.338300494,3.150050254,3.921359802,4.086304413,0,0,0,0,0,0,0,0,0,0,0,0,0
ASMTL,0,0,0,0.966587184,1.543333959,0.921132385,0,0,0,0,1.455392216,0.956200116,0.970922069,2.037874702,1.589786044,1.021139762,0.963485218,1.632427638,0,0,0,0,0,0.958592587,0.916958742,0,0,0,0,0,0,0,0,0,0,0,0,0
ASNA1,0,0,0,0,0,0,0,0,0,0,0,0,0,0,0,0,0,0,0,0,0,0,0,0,0,0,0,0,0,0,0,0,0,0,0,0,0,0
ASNS,0.996370196,0.961347078,2.098758683,0,0,0.921132385,0,0,0,1.540903575,0.903929473,1.526262086,0,1.025359956,1.003619168,0,0,0,0,0,0,1.234105921,0.90705003,1.529484238,0.916958742,0,0,0,0,0,0,0,0,0,0,0,0,0
ASPH,0,0,0,0,0,0,0.894759661,0.9499485,1.453839514,0.96708259,0,0,0.970922069,0,1.003619168,0,0,0,1.098576504,1.05142317,0,0,0,0,0,0,0,0,0,0,0,0,0,0,0,0,0,0
ASPSCR1,0,0,0.864613417,0,0.968891745,0.921132385,0.894759661,0.9499485,1.453839514,0.96708259,0.903929473,0,0,0,0,0,0,0,0,0,0,0,0,0,0,0,0,0,0,0,0,0,0,0,0,0,0,0
ASS1,5.122222442,5.09379041,4.93313168,4.520226243,4.640008333,4.094642998,3.499731284,3.812010579,2.636470024,4.459919147,4.333811653,4.499810006,4.943118734,4.955524285,5.007003913,4.361832367,4.25174067,4.389102439,3.494786352,3.793987451,3.880945927,4.411787418,3.907209447,4.379321162,4.360285502,2.321928095,1.380514028,1.373875901,1.931003366,2.474606879,0,0,0,0,0,0,0,0
ATF6B,0,0,0,0,0,0.921132385,0,1.51783371,0,0,0,0,0,0,0,1.021139762,0.963485218,1.03574445,0,0,0,0,0,0,0,0,0,0,0,0,0,0,0,0,0,0,0,0
ATG3,0,0,0,0,0,0,0,0,0,0,0,0,0,0,0,0,0,0,0,0,0,0,0,0,0,0,0,0,0,0,0,0,0,0,0,0,0,0
ATG5,0,0,0,0,0,0,0,0,0,0,0,0,0,0,0,0,0,0,0,0,0,0,0,0,0,0,0,0,0,0,0,0,0,0,0,0,0,0
ATG7,1.58012073,1.533191662,1.791837015,1.949586033,0.968891745,1.47881758,1.442864021,1.51783371,0,0.96708259,1.853383544,0.956200116,0,0,0,0,0,0,0,0,0,0,0,0,0,0,0,0,0,0,0,0,0,0,0,0,0,0
ATG9A,0,0,0.864613417,0,0,0,0,0,0,0,0.903929473,0,0,0,0,0,0,0,0,0,0,0,0,0,0,0,0,0,1.266997295,2.013916734,0,0,0,2.7307681,0,0,0,0
ATIC,5.350460965,5.349766493,5.928895503,5.182130284,4.846130027,5.484990403,4.597000907,4.426243371,4.892364797,4.579976752,4.762065226,4.820975154,5.264672474,5.441422199,5.364605392,5.467276583,5.285424407,5.354258517,3.168326031,4.182785547,3.085856525,3.18810514,4.40120489,4.82573371,4.693077846,4,3.172816473,4.2100965,3.771823672,4.265484343,0,0,0,0,0,0,0,0
ATL2,0,0,0,0,0,0,0,0,0,0,0,0,0,0,0,0,0,0,0,0,0,0,0,0,0,0,0,0,0,0,0,0,0,0,0,0,0,0
ATL3,1.994551864,2.259576362,2.351701379,1.540237874,0,1.47881758,0,0,0,1.540903575,0,0,0,0,0,0,0,0,0,0,0,0,0,0,0,0,0,0,0,0,0,0,0,0,0,0,0,0
ATP10B,0,0,0,0,0,0,0,0,0,0,0,0,0.970922069,0,0,0,0,0,0,0,0,0,0,0,0,0,1.380514028,1.373875901,1.266997295,0,3.385355532,0,0,1.933211842,0,0,0,0
ATP13A2,0,0,0,0,0,0,0,0,0,0,0,0,0,0,0,0,0,0,0,0,0,0,0,0,0,0,0,0,0,0,3.76545739,0,1.989531496,0,0,0,0,0
ATP13A3,0,0,0,0,0,0,0,0,0,0,0,0,0,0,0,0,0,0,0,0,0,0,0,0,0,0,0,1.373875901,1.931003366,0,0,0,0,0,0,0,0,0
ATP1A1,6.037235762,6.031321181,5.245584117,0.966587184,0.968891745,0.921132385,0,0,0,5.519778446,4.133559819,5.122960291,0.970922069,0,0,0,0,0,2.972434909,2.403347751,3.457776598,4.738484069,0,0,0.916958742,0,7.699508917,7.572945889,7.608151398,7.867069051,7.870897985,7.492338444,7.252902771,6.829872283,2.69678497,0,0,0
ATP1B1,3.993186609,3.628251645,2.56684197,0,0,0,0,0,0,2.529675346,1.853383544,2.731434726,0,0,0,0,0,0,0,0,0,2.9563868,0,0,0,0,5.303293763,5.105377993,4.932563547,5.444362581,5.494973884,5.704876432,5.686734793,5.122197989,4.519429818,0,2.598717113,0
ATP1B3,2.993641837,2.931662233,2.351701379,0,0,0,0,0,0,2.750456577,1.853383544,2.511206051,0,0,0,0,0,0,0,0,0,1.889360771,0,0,0,0,4.646978729,4.54121905,4.554934114,4.825223333,5.155749018,5.613609779,5.073900853,4.867424445,4.125209993,0,0,0
ATP2A2,0,0,0,0,0,0,0,0,0,0,0,0,0,0,0,0,0,0,0,0,0,0,0,0,0,0,1.380514028,1.373875901,1.266997295,1.333072201,0,0,2.795384697,1.933211842,0,0,2.598717113,0
ATP2B1,0.996370196,0,0,0,0,0,0,0,0,0,0,0,0,0,0,0,0,0,0,0,0,0,0,0,0,0,4.449359691,4.54121905,4.86453437,4.375179769,2.867824406,0,0,0,0,0,0,0
ATP2B4,2.801126798,2.519953374,1.401468483,0,0,0,0,0,0,0,0,0,0,0,0,0,0,0,0,0,0,0,0,0,0,0,5.115858731,5.105377993,5.059694252,5.39312178,4.526614972,2.069533795,2.795384697,1.933211842,0,0,0,0
ATP4A,0,0,0,0,0,0,0,0,0,0,0,0,0,0,0,0,0,0,0,0,0,0,0,0,0,0,0,0,0,0,0,0,0,0,0,0,0,0
ATP5A1,0,0,0,0,0,0,0,0,0,0,0,0,0,0,0,0,0,0,0,0,0,0,0,0,0,0,0,0,0,0,0,0,0,0,0,0,0,0
ATP5B,0,0,0,0,0,0,0,0,0,0,0,0,0,0,0,0,0,0,0,0,0,0,0,0,0,0,0,0,0,0,0,0,0,0,0,0,0,0
ATP5F1A,3.163465689,2.519953374,2.351701379,1.540237874,0.968891745,0,0,0,0,1.950337883,1.853383544,1.933791208,0,0,0,0,0,0,0,0,0,1.889360771,0,0,0,0,2.072868086,2.064647663,1.931003366,2.013916734,2.053047961,3.404975348,2.795384697,1.933211842,4.828721577,4.668420179,4.015464754,4.016906216
ATP5F1B,4.800346389,4.831202674,4.769097515,4.520226243,3.941110664,4.094642998,1.839113208,1.51783371,2.419108186,3.262125066,2.9944429,2.731434726,0.970922069,0,0,1.021139762,1.53606782,1.03574445,0,1.05142317,1.168913826,2.680193992,0,0,0,0,1.380514028,2.064647663,1.931003366,2.013916734,2.867824406,0,1.989531496,1.933211842,3.581002772,0,4.408026318,4.409490401
ATP6AP1,0,0,0,0,0,0,0,0,0,0,0,0,0,0,0,0,0,0,0,0,0,0,0,0,0,0,0,0,0,0,0,0,0,0,0,0,0,0
ATP6AP2,3.452825167,2.519953374,1.791837015,3.261216432,2.753608502,2.193583806,3.703787505,3.812010579,3.141943704,0,0,0,0,0,0,0,0,0,0,0,0,0,0,0,0,0,0,0,0,0,0,0,0,0,0,0,0,0
ATP6V0A1,0,0,0,0,0,0,0,0,0,0,0,0,0,0,0,0,0,0,0,0,0,0,0,0,0,0,0,0,0,1.333072201,3.385355532,2.069533795,1.989531496,1.933211842,0,0,0,0
ATP6V0A2,0,0,0,0,0,0,0,0,0,0,0,0,0,0,0,0,0,0,0,0,0,0,0,0,0,0,0,0,0,1.333072201,4.06601068,0,3.986902457,3.617789703,0,0,0,0
ATP6V0C,0,0,0,0,0,0,0,0,0,0,0,0,0,0,0,0,0,0,0,0,0,0,0,0,0,0,0,0,0,0,0,0,0,0,0,0,0,0
ATP6V0D1,0,0,0,0,0,0,0,0,0,0,0,0,0,0,0,0,0,0,0,0,0,0,0,0,0,0,1.380514028,2.064647663,0,0,0,0,0,0,0,0,0,0
ATP6V1A,3.578300868,2.740444656,3.068269276,3.523102099,3.527408274,3.65727565,2.810463839,2.911236342,3.141943704,4.39592324,4.509625417,4.237538143,3.531197087,3.367259864,3.328436075,2.355604609,2.523580768,2.378701702,3.168326031,3.551606284,2.583445471,3.387705307,0.90705003,1.529484238,1.473143559,0,0,1.373875901,1.266997295,0,4.06601068,0,3.309356743,1.933211842,0,0,0,0
ATP6V1B2,1.58012073,0.961347078,2.351701379,3.109978656,1.543333959,3.176707196,0.894759661,0.9499485,1.851615862,4.184907225,3.90096226,3.724923947,0,0,1.589786044,0,0,0,1.098576504,2.894418153,0,2.338300494,0,0,0,0,0,0,0,0,2.053047961,0,0,0,0,0,0,0
ATP6V1D,0,0,0,0,0,0,0,0,0,0,0,0,0,0,0,0,0,0,0,0,0,0,0,0,0,0,0,0,0,0,0,0,0,0,0,0,0,0
ATP6V1E1,0,0.961347078,0,0.966587184,0.968891745,0.921132385,0,0.9499485,0.90279184,0.96708259,1.455392216,1.526262086,0.970922069,1.025359956,1.003619168,0,0,0,1.098576504,0,0,1.234105921,0,0,0,0,0,0,0,0,2.053047961,0,1.989531496,1.933211842,0,0,0,0
ATP6V1H,1.58012073,0.961347078,0.864613417,1.949586033,1.953082406,1.47881758,0,0,0,2.529675346,2.164986415,2.511206051,0,0,0,0,0,0,0,1.05142317,0,0,0,0,0,0,0,0,0,0,0,0,0,0,0,0,0,0
ATP7A,0,0,0,0,0,0,0,0,0,0,0,0,0,0,0,0,0,0,0,0,0,0,0,0,0,0,2.89033867,2.88100595,3.238727139,2.474606879,0,0,0,0,0,0,0,0
ATP8A1,0,0,0,0,0,0,0,0,0,0,0,0,0,0,0,0,0,0,0,0,0,0,0,0,0,0,1.380514028,2.064647663,1.931003366,2.013916734,2.867824406,0,3.309356743,1.933211842,0,0,0,0
ATP8B1,0,0.961347078,0,0,0,0,0,0,0,0,0,0,0,0,0,0,0,0,0,0,0,0,0,0,0,0,4.220308535,4.54121905,4.718023325,4.146756747,3.385355532,2.069533795,3.986902457,3.617789703,0,0,0,0
ATP9A,0,0,0,0,0,0,0,0,0,0,0,0,0,0,0,0,0,0,0,0,0,0,0,0,0,0,3.789613418,4.08036687,3.913226003,3.875236924,4.06601068,0,1.989531496,0,0,0,0,0
ATR,2.578907744,1.941625202,3.068269276,0,0,0,0,0,0,0,0,0,0,0,0,0,0,0,0,0,0,0,0,0,0,0,0,0,0,0,0,0,0,0,0,0,0,0
ATRAID,0,0,0,0,0,0,0,0,0,0,0,0,0,0,0,0,0,0,0,0,0,0,0,0,0,0,1.380514028,1.373875901,1.931003366,1.333072201,2.053047961,0,1.989531496,1.933211842,0,0,0,0
ATRN,0,0,0,4.023911454,4.188405325,3.551296021,3.703787505,3.712975173,2.636470024,0,0,1.526262086,4.032231982,4.134834924,4.176753604,3.94610422,3.392338026,3.649832041,0,0,0,0,3.40970041,3.246517199,3.168830955,4.64385619,3.611795418,3.937808665,3.238727139,3.875236924,4.314617226,3.404975348,4.63044284,5.122197989,2.69678497,0,0,0
ATXN10,1.58012073,1.941625202,2.351701379,2.528836668,2.753608502,2.193583806,2.149649735,2.500551849,2.419108186,1.540903575,1.853383544,1.933791208,0,0,0,0,0,0,0,0,0,1.234105921,0,0,0,0,0,0,0,0,0,0,0,0,0,0,0,0
ATXN2L,0,0,0,0,0,0,0,0,0,0,0,0,0,0,0,0,0,0,0,0,0,0,0,0,0,0,0,0,0,0,0,0,0,0,0,0,0,0
AVL9,0,0,0,0,0,0,0,0,0,0,0,0,0,0,0,0,0,0,0,0,0,0,0,0,0,0,0,0,0,0,0,0,0,0,0,0,0,0
AZGP1,0,0,0,0.966587184,0.968891745,2.193583806,3.964223206,4.151572014,3.719788928,0,3.144111598,3.824024523,0.970922069,1.025359956,1.589786044,4.563736391,4.629378472,4.65271247,0,0,0,1.234105921,4.768513413,4.443280938,4.536256295,4.807354922,0,0,0,0,2.867824406,2.069533795,1.989531496,3.241403097,4.125209993,2.829306972,2.598717113,4.016906216
B2MG,1.994551864,2.259576362,1.401468483,1.540237874,1.953082406,1.47881758,2.405039482,2.720458447,2.163087258,1.950337883,1.455392216,1.933791208,0,1.618677671,1.003619168,2.031594606,1.944875303,2.053289965,1.098576504,1.05142317,1.168913826,1.889360771,2.426542826,2.735625828,2.661928568,2.321928095,3.172816473,3.601888181,2.728226634,2.474606879,2.867824406,2.069533795,3.687544579,3.916020257,4.125209993,0,3.474430172,0
B3GALT6,0,0,0,0.966587184,0.968891745,0.921132385,1.442864021,1.51783371,0.90279184,0,0,0,0,0,0,0,0,0,0,0,0,0,0,0,0,0,0,0,0,0,0,0,0,0,0,0,0,0
B3GAT3,0,0,0,0,0,0,0.894759661,1.51783371,1.851615862,0,0,0,0,0,0,0,0,0,0,0,0,0,0,0,0,0,0,0,0,0,0,0,0,0,0,0,0,0
B3GNT1,0,0,0,0,0,0,0,0,0,0,0,0,0,0,0,0,0,0,0,0,0,0,0,0,0,0,0,0,0,0,0,0,0,0,0,0,0,0
B3GNT2,0,0,0,0,0.968891745,0,2.810463839,3.491832663,1.851615862,0,0,0,0,0,0,0,0,0,0,0,0,0,0.90705003,1.529484238,0.916958742,1.584962501,0,0,0,0,0,0,0,0,0,0,0,0
B3GNT3,2.578907744,2.931662233,2.56684197,2.749592966,2.945112293,2.451014583,2.977170172,2.911236342,3.141943704,0,0,0,0,0,0,0,0,0,0,0,0,0,0,0,0,0,0,0,0,0,0,0,0,0,0,0,0,0
B3GNT5,1.994551864,1.941625202,1.791837015,1.949586033,1.953082406,0,0,0,0,0,0,0,0,0,0,0,0,0,0,0,0,0,0,0,0,0,0,0,0,0,0,0,0,0,0,0,0,0
B4GALT1,1.58012073,1.533191662,0.864613417,0.966587184,0.968891745,1.47881758,2.977170172,3.367096615,2.992305255,0,2.164986415,2.731434726,1.956160331,1.618677671,1.589786044,3.623485148,3.392338026,3.523776826,0,0,0,1.234105921,3.523873876,3.383238525,3.747798963,3.700439718,1.380514028,0,0,1.333072201,0,0,0,0,0,0,0,0
B4GALT3,0,0,0.864613417,0,0,0,1.839113208,1.51783371,2.419108186,0,0,0,0,0,0,0,0.963485218,1.03574445,0,0,0,0,0,0,0.916958742,0,0,0,0,0,0,0,0,0,0,0,0,0
B4GALT4,1.58012073,1.533191662,1.401468483,0.966587184,1.543333959,1.47881758,2.405039482,2.911236342,2.992305255,0,0,0,0,0,0,0,0,0,0,0,0,0,0,0,0,0,0,0,0,0,0,0,0,0,0,0,0,0
B4GALT5,0,0,0,0,0.968891745,0.921132385,0.894759661,1.51783371,1.453839514,0,0,0,0,0,0,2.031594606,0.963485218,2.053289965,0,0,0,0,1.858228386,1.529484238,2.186666421,2.321928095,0,0,0,0,0,0,0,0,0,0,0,0
B4GAT1,0,0,0,0.966587184,0.968891745,1.47881758,3.964223206,4.295434599,3.812006199,0,0,0,0,0,0,2.355604609,2.744180469,2.378701702,0,0,0,0,2.833183695,2.926737964,2.443780137,3.584962501,0,0,0,0,0,0,0,0,0,0,0,0
B7H6,0,0,0,0,0,0,0,0,0,0,0,0,0,0,0,0,0,0,0,0,0,0,0,0,0,0,0,0,0,0,0,0,0,0,0,0,0,0
BABAM1,0,0,0,0,0,0,0,0,0,0,0,0,0,0,0,0,0,0,0,0,0,0,0,0,0,0,0,0,0,0,0,0,0,0,0,0,0,0
BABAM2,2.801126798,2.259576362,2.351701379,2.528836668,2.532736393,1.880020556,0,0.9499485,0,1.540903575,1.853383544,1.933791208,0,1.025359956,0,0,0,0,0,0,0,0,0,0,0,0,0,0,0,0,0,0,0,0,0,0,0,0
BAG1,0,0,0,0,0,0,1.839113208,1.51783371,0.90279184,0,0,0,0,0,0,1.021139762,0,0,0,0,0,0,0,0,0,0,0,0,0,0,0,0,0,0,0,0,0,0
BAG5,1.58012073,0.961347078,0.864613417,0.966587184,0.968891745,0,0.894759661,1.51783371,0.90279184,0.96708259,0.903929473,0.956200116,0.970922069,1.025359956,1.003619168,1.021139762,0.963485218,2.053289965,0,0,0,0,0.90705003,0.958592587,0.916958742,0,1.380514028,1.373875901,1.931003366,1.333072201,0,0,0,0,0,0,0,0
BAG6,0.996370196,1.533191662,1.401468483,2.268089723,1.543333959,1.880020556,0.894759661,0.9499485,0.90279184,0.96708259,1.455392216,0.956200116,0.970922069,1.025359956,1.003619168,1.021139762,0.963485218,1.03574445,1.098576504,1.05142317,1.168913826,0,0,0,0,0,0,0,0,0,0,0,0,0,0,0,0,0
BAIAP2,1.58012073,1.941625202,0,0,0,0,0,0,0,1.950337883,0,0.956200116,0,0,0,0,0,0,0,0,0,0,0,0,0,0,4.736484697,4.965392779,4.718023325,4.972128369,2.867824406,0,0,1.933211842,0,0,0,0
BAIAP2L1,0,0.961347078,0,0,0,0,0,0,0,0.96708259,0.903929473,0.956200116,0,0,0,0,0,0,0,0,0,0,0,0,0,0,3.947899965,4.2100965,4.16021177,4.017375043,2.053047961,0,0,0,0,0,0,0
BAIAP2L2,0,0,0,0,0,0,0,0,0,0,0,0,0,0,0,0,0,0,0,0,0,0,0,0,0,0,2.072868086,1.373875901,1.931003366,1.333072201,0,0,0,0,0,0,0,0
BANF1,0,0,0,0,0,0,0,0,0,0,0,0,0,0,0,0,0,0,0,0,0,1.234105921,0,0,0,0,0,0,0,0,3.385355532,4.335216011,4.446094835,4.867424445,4.125209993,0,3.474430172,0
BAX,0,0,0,0,0,0,0,0,0,0,0,0,0,0,0,0,0,0,0,0,0,0,1.858228386,2.2550935,2.186666421,1.584962501,0,0,0,0,0,0,0,0,0,0,0,0
BAZ1B,0,0,0,0.966587184,0.968891745,1.47881758,0.894759661,0.9499485,1.453839514,0,0,0,0,0,0,0,0,0,0,0,0,0,0,0,0,0,0,0,0,0,0,0,0,0,0,0,0,0
BCAM,1.58012073,1.533191662,0,1.949586033,2.271827737,0,4.315030162,4.295434599,3.141943704,0,0,1.526262086,1.956160331,1.618677671,1.589786044,4.127001517,4.25174067,4.236715467,4.267755043,4.094962341,4.552845745,4.106705299,2.833183695,2.735625828,3.018820504,3.459431619,1.380514028,1.373875901,1.266997295,2.823248847,0,0,0,1.933211842,0,0,0,0
BCAP31,2.316116017,1.941625202,1.791837015,1.540237874,0.968891745,1.47881758,0,0,0,2.529675346,1.853383544,1.933791208,0,1.025359956,0,0,0,0,1.098576504,1.05142317,1.168913826,1.234105921,0,0,0,0,2.072868086,2.064647663,1.931003366,2.474606879,2.867824406,2.886554086,3.986902457,3.617789703,3.581002772,2.829306972,3.474430172,2.600000002
BCAT2,0,0,0,0,0,2.859016798,1.442864021,2.240990417,3.515531724,0.96708259,2.164986415,1.526262086,2.275117866,2.626984775,2.590989414,3.207295283,2.935479543,3.232871055,0,0,0,0,3.523873876,3.623042415,3.428871228,3.321928095,0,0,0,0,0,0,0,0,0,0,0,0
BCCIP,0.996370196,1.533191662,0.864613417,1.540237874,1.953082406,1.880020556,1.839113208,1.924256156,2.419108186,0.96708259,0.903929473,0.956200116,0,0,0,0,0,0,0,0,0,0,0,0,0,0,0,0,0,0,0,0,0,0,0,0,0,0
BDH2,0.996370196,0.961347078,1.401468483,0,0,0,0,0,0,0,0,0,0,0,0,1.021139762,0.963485218,1.03574445,0,0,0,0,0,0,0,0,0,0,0,0,0,0,0,0,0,0,0,0
BIN1,0,0,0,0,0,0,1.442864021,2.240990417,0.90279184,0,0,0,0,0,0,1.61308057,1.944875303,2.053289965,0,1.05142317,0,0,0.90705003,0.958592587,0.916958742,1,0,0,0,0,0,0,0,0,0,0,0,0
BIRC6,0,0.961347078,0,0.966587184,0.968891745,0.921132385,1.442864021,1.51783371,0.90279184,2.268893588,3.403637312,1.933791208,0,1.025359956,1.003619168,1.61308057,0.963485218,0,0,1.05142317,0,1.889360771,0,0,0.916958742,1,0,0,1.266997295,0,0,0,0,0,0,0,0,0
BLMH,0,0,0,3.843880539,3.84826838,4.429804965,2.405039482,2.240990417,2.163087258,2.750456577,2.164986415,2.511206051,5.072241325,5.002883195,4.814326637,2.031594606,2.744180469,3.232871055,0,0,0,1.234105921,4.066410421,3.921359802,3.926957113,4.321928095,0,0,0,0,0,0,1.989531496,4.373878798,2.69678497,2.829306972,2.598717113,2.600000002
BLOC1S6,0,0,0,0,0.968891745,0,0,1.51783371,0.90279184,0,0,0,0,0,0,0,0,0,0,0,0,0,0,0,0,0,0,0,0,0,0,0,0,0,0,0,0,0
BLVRA,0.996370196,0,0.864613417,0,0,0.921132385,1.839113208,1.51783371,2.163087258,1.540903575,1.853383544,1.526262086,0,0,0,0,0,0,0,1.05142317,0,0,0.90705003,0.958592587,0.916958742,0,0,0,1.266997295,0,0,0,0,0,0,0,0,0
BLVRB,0,0.961347078,0.864613417,0,0,0,0.894759661,1.51783371,2.419108186,0,0,0,0,0,0,2.620025286,2.263052434,2.644053871,0,0,0,0,3.523873876,3.508117252,3.304702086,3.459431619,1.380514028,2.529815193,1.266997295,1.333072201,0,0,0,0,0,0,0,0
BMP4,4.747888606,4.56870409,3.979598316,4.183948616,4.110590354,3.312666648,2.405039482,2.240990417,2.163087258,0,0,0,0,0,0,0,0,0,0,0,0,0,0,0,0,0,0,0,0,0,0,0,0,0,0,0,0,0
BMPR1A,0,0,0,0,0,0,0,0,0,0,0,0,0,0,0,0,0,0,0,0,0,0,0,0,0,0,0,0,0,0,0,0,0,0,0,0,0,0
BMPR2,0,0,0,0,0,0,0,0,0,0,0,0,0,0,0,0,0,0,0,0,0,0,0,0,0,0,2.072868086,2.529815193,2.728226634,2.474606879,0,0,0,0,0,0,0,0
BOLA2,0,0,0.864613417,0,0,0,0,0,0.90279184,1.540903575,1.455392216,1.526262086,0,0,1.003619168,0,0,0,0,1.653127323,0,1.889360771,0,0,0,0,0,0,0,0,0,0,0,0,0,0,0,0
BOP1,0,1.533191662,2.098758683,0,0,0,0,0,0,0.96708259,0,0,0,0,0,0,0,0,0,0,0,0,0,0,0,0,0,0,0,0,0,0,0,0,0,0,0,0
BPNT1,0,0,0,0,0,0.921132385,2.621946525,2.500551849,2.825330619,1.540903575,2.827430592,0.956200116,0,0,0,1.021139762,0,1.03574445,0,1.05142317,0,1.234105921,2.833183695,2.2550935,2.443780137,1.584962501,0,0,0,0,0,0,0,0,0,0,0,0
BPTF,0,0,0,0,0,0,0,0,0,1.540903575,0,0,0,0,0,0,0,0,0,0,0,0,0,0,0,1,0,0,0,0,0,0,0,0,0,0,0,0
BRCC3,0.996370196,0.961347078,0.864613417,0.966587184,1.953082406,1.47881758,0.894759661,0.9499485,0.90279184,1.950337883,1.455392216,1.526262086,0.970922069,1.025359956,1.003619168,0,0,0,1.098576504,1.05142317,1.168913826,1.889360771,0,0,0,0,0,0,0,0,0,0,0,0,0,0,0,0
BRE,0,0,0,0,0,0,0,0,0,0,0,0,0,0,0,0,0,0,0,0,0,0,0,0,0,0,0,0,0,0,0,0,0,0,0,0,0,0
BRIX1,0.996370196,0.961347078,2.098758683,0,0,0,0,0,0,0,0,0,0,0,0,0,0,0,0,0,0,0,0,0,0,0,0,0,0,0,0,0,1.989531496,0,0,0,0,0
BROX,4.241042231,4.096022377,3.439652425,0.966587184,0.968891745,1.47881758,2.621946525,2.720458447,3.141943704,2.750456577,2.638521785,2.731434726,0,1.025359956,0,1.021139762,1.53606782,2.053289965,1.098576504,1.05142317,1.168913826,1.889360771,1.858228386,1.937434512,2.186666421,1.584962501,5.795007925,5.742134157,5.690351592,5.876189561,5.277903404,3.404975348,3.986902457,4.163037251,0,0,0,0
BSG,3.993186609,4.013822575,3.439652425,0,0,0,0,0,0,3.399011692,2.164986415,2.731434726,0,0,0,0,0,0,1.098576504,0,1.168913826,3.18810514,1.459649025,0,0.916958742,0,5.181080541,5.509900127,5.523914723,5.39312178,5.022286887,3.785554776,4.94067428,4.867424445,2.69678497,0,0,0
BTD,0,0,0,0,0,0,2.810463839,2.500551849,1.453839514,0,0,2.251195448,1.956160331,2.626984775,2.327714414,3.846371158,3.632289151,3.649832041,0,0,0,0,3.728236298,3.729484261,3.840157301,4.247927513,0,0,0,0,0,0,0,0,0,0,0,0
BTF3,0,0,0,1.540237874,2.271827737,2.451014583,2.405039482,2.720458447,2.419108186,2.268893588,2.164986415,2.511206051,2.757142261,3.044091598,3.006327599,2.843407086,2.744180469,2.644053871,1.714955817,2.403347751,1.168913826,0,1.459649025,1.529484238,1.473143559,0,0,0,0,0,0,0,0,0,0,0,0,0
BTF3L4,0,0,0,0,0,0.921132385,0.894759661,1.924256156,1.453839514,1.540903575,1.455392216,1.526262086,1.956160331,2.850560031,2.590989414,2.031594606,1.944875303,3.061983348,0,0,0,0,0.90705003,0,0.916958742,0,0,0,0,0,0,0,0,0,0,0,0,0
BUB3,3.800606572,3.926654829,3.734739458,3.261216432,3.114149002,3.176707196,2.149649735,2.500551849,2.636470024,2.529675346,2.638521785,1.933791208,1.546060213,1.025359956,1.003619168,1.021139762,0.963485218,1.03574445,0,0,1.806054709,2.338300494,1.459649025,0,0.916958742,0,0,0,0,0,0,0,0,0,0,0,0,0
BYSL,0.996370196,0.961347078,1.401468483,0,0,0,0,0,0,0,0,0,0,0,0,0,0,0,0,0,0,0,0,0,0,0,0,0,0,0,0,0,0,0,0,0,0,0
BZW1,0.996370196,0.961347078,0.864613417,0,0,1.47881758,1.839113208,2.240990417,2.419108186,2.750456577,2.638521785,2.731434726,0.970922069,1.025359956,1.003619168,1.61308057,1.944875303,1.632427638,1.098576504,1.05142317,1.168913826,1.234105921,0,0,0,1,0,0,1.266997295,1.333072201,0,0,0,0,0,0,0,0
BZW2,0.996370196,1.941625202,1.791837015,2.528836668,1.953082406,2.193583806,2.977170172,2.720458447,2.992305255,3.262125066,2.9944429,2.922454862,1.956160331,2.037874702,2.590989414,2.031594606,1.53606782,1.632427638,1.714955817,2.076463354,1.806054709,2.338300494,0,0,0.916958742,0,0,0,0,1.333072201,0,0,0,0,0,0,0,0
C10orf76,0,0,0,0,0,0,0,0,0,0,0,0,0,0,0,0,0,0,0,0,0,0,0,0,0,0,0,0,0,0,0,0,0,0,0,0,0,0
C11orf54,0,0,0,0,0,0,1.442864021,1.924256156,2.419108186,0,0,0,0,0,0,1.61308057,1.944875303,1.632427638,0,0,0,0,1.858228386,2.2550935,2.186666421,2.807354922,0,0,0,0,0,0,0,0,0,0,0,0
C11orf68,0,0,0,0,0,0,0.894759661,0,1.453839514,0,0,0,0,0,0,0,0,1.03574445,0,0,0,0,1.858228386,1.937434512,2.186666421,1.584962501,0,0,0,0,0,0,0,0,0,0,0,0
C12orf10,0,0,0,0,0,0,0,0,0,0,0,0,0,0,0,0,0,0,0,0,0,0,0,0,0,0,0,0,0,0,0,0,0,0,0,0,0,0
C14orf166,0,0,0,0,0,0,0,0,0,0,0,0,0,0,0,0,0,0,0,0,0,0,0,0,0,0,0,0,0,0,0,0,0,0,0,0,0,0
C15orf44,0,0,0,0,0,0,0,0,0,0,0,0,0,0,0,0,0,0,0,0,0,0,0,0,0,0,0,0,0,0,0,0,0,0,0,0,0,0
C1GALT1C1,0.996370196,0,0,0,0,0,0.894759661,1.924256156,1.453839514,0,0,0,0,0,0,0,0,0,0,0,0,0,0,0,0,0,0,0,0,0,0,0,1.989531496,1.933211842,0,0,0,0
C1QBP,0,0,0,2.941009732,2.945112293,3.43690954,3.261982234,3.606636986,3.980443085,1.540903575,2.9944429,3.378779227,4.114498637,3.95387427,3.91363905,4.432320331,4.514144036,4.236715467,2.745703037,1.653127323,1.168913826,1.234105921,5.022698926,4.67405044,5.003808168,5.087462841,0,0,0,0,0,0,0,0,0,0,0,0
C1R,0,0,0.864613417,1.949586033,2.532736393,0,2.149649735,2.240990417,0,0,0,0,0,0,0,0,0,0,0,0,0,0,0,0,0,0,0,0,0,0,0,0,0,0,0,0,0,0
C1RL,0,0,0,0,0,0,1.839113208,1.924256156,0,0,0,0,0,0,0,1.61308057,0.963485218,1.03574445,0,0,0,0,1.459649025,1.529484238,0.916958742,1.584962501,0,0,0,0,0,0,0,0,0,0,0,0
C20orf11,0,0,0,0,0,0,0,0,0,0,0,0,0,0,0,0,0,0,0,0,0,0,0,0,0,0,0,0,0,0,0,0,0,0,0,0,0,0
C20orf27,0,0,0,0,0,0,0,0.9499485,0.90279184,0,0,0,0,0,0,0,0,0,0,0,0,0,1.459649025,1.529484238,0.916958742,0,0,0,0,0,0,0,0,0,0,0,0,0
C22orf28,0,0,0,0,0,0,0,0,0,0,0,0,0,0,0,0,0,0,0,0,0,0,0,0,0,0,0,0,0,0,0,0,0,0,0,0,0,0
C2CD3,0,0,0,0,0,0,0,0,0,0,0,0,0,0,0,0,1.944875303,0,0,0,0,0,0,0,0,0,0,0,0,0,0,0,0,0,0,0,0,0
C2CD5,0,0,0,0,0,0,0,0,0,0,0,0,0,0,0,0,0,0,0,0,0,0,0,0,0,0,1.380514028,1.373875901,1.931003366,1.333072201,0,0,0,0,0,0,0,0
C2orf29,0,0,0,0,0,0,0,0,0,0,0,0,0,0,0,0,0,0,0,0,0,0,0,0,0,0,0,0,0,0,0,0,0,0,0,0,0,0
C2orf89,0,0,0,0,0,0,0,0,0,0,0,0,0,0,0,0,0,0,0,0,0,0,0,0,0,0,0,0,0,0,0,0,0,0,0,0,0,0
C3,0,0.961347078,0.864613417,1.540237874,0.968891745,0.921132385,1.839113208,1.924256156,2.163087258,0,0,0,0,0,0,0,0,0,0,0,0,0,0,0,0,0,0,0,0,0,0,0,0,0,0,0,0,0
C4B,0,0,0.864613417,0.966587184,0.968891745,0,1.442864021,0.9499485,0.90279184,0,0,0,0,0,0,0,0,0,0,0,0,0,0,0,0,0,0,0,0,0,0,0,0,0,0,0,0,0
C6orf211,0,0,0,0,0,0,0,0,0,0,0,0,0,0,0,0,0,0,0,0,0,0,0,0,0,0,0,0,0,0,0,0,0,0,0,0,0,0
C7orf42,0,0,0,0,0,0,0,0,0,0,0,0,0,0,0,0,0,0,0,0,0,0,0,0,0,0,0,0,0,0,0,0,0,0,0,0,0,0
C9,0,0,0,0,0,0,0,0,0,0,0,0,0,0,0,0,0,0,2.972434909,0,0,0,0,0,0,0,0,0,0,0,0,0,0,0,0,0,0,0
C9orf100,0,0,0,0,0,0,0,0,0,0,0,0,0,0,0,0,0,0,0,0,0,0,0,0,0,0,0,0,0,0,0,0,0,0,0,0,0,0
C9orf142,0,0,0,0,0,0,0,0,0,0,0,0,0,0,0,0,0,0,0,0,0,0,0,0,0,0,0,0,0,0,0,0,0,0,0,0,0,0
C9orf64,0,0,1.791837015,0,0,0,1.442864021,1.924256156,2.163087258,2.268893588,2.421096055,1.933791208,0,0,0,0,0,0,1.098576504,1.653127323,0,2.338300494,0,0,0,0,0,0,0,0,0,0,0,0,0,0,0,0
CA11,0,0,0,0,0,0,1.442864021,0.9499485,0,0,0,0,0,0,0,0,0,0,0,0,0,0,0,0,0,0,0,0,0,0,0,0,0,0,0,0,0,0
CA12,0,0,0.864613417,0,0,0,0,0,3.141943704,0,0,0,0,0,0,0,0,0,0,0,0,0,0,0,0,0,4.090524219,4.726097906,4.16021177,4.375179769,2.867824406,0,2.795384697,2.7307681,0,0,0,0
CA9,0,0,0,0,0,0,0,0,0,0,0,1.526262086,0,0,0,3.359759433,3.517296477,3.232871055,2.145448836,2.076463354,2.856411626,2.338300494,3.523873876,3.246517199,3.428871228,4.169925001,2.538745146,2.88100595,3.615041015,2.823248847,2.053047961,0,0,0,0,0,0,0
CAB39,2.578907744,2.519953374,1.401468483,0,0,0,2.810463839,2.911236342,2.825330619,0,0,0.956200116,0,0,0,2.031594606,1.944875303,2.644053871,0,0,0,0,3.40970041,2.926737964,3.168830955,3,3.789613418,3.399164795,3.771823672,4.017375043,2.053047961,0,0,0,0,0,0,0
CAB39L,0,0,0,0,0,0,2.149649735,2.500551849,2.636470024,0,0,0,0,0,0,1.021139762,0,1.03574445,0,0,0,0,2.170190716,1.937434512,1.873574051,1,1.380514028,1.373875901,1.931003366,1.333072201,0,0,0,0,0,0,0,0
CACNB2,0,0,0,0,0,0,0,0,0,0,0,0,0,0,0,0,0,0,0,0,0,0,0,0,0,0,0,0,0,0,0,0,0,0,0,0,0,0
CACYBP,1.994551864,0.961347078,2.098758683,0.966587184,1.543333959,2.193583806,3.605364131,3.606636986,3.141943704,1.950337883,2.638521785,2.731434726,2.536168495,2.626984775,2.590989414,3.036793753,3.517296477,3.061983348,0,0,1.168913826,2.680193992,2.644143159,2.926737964,2.85138244,3.169925001,0,0,0,1.333072201,0,0,1.989531496,1.933211842,4.125209993,2.829306972,4.716298833,2.600000002
CAD,6.1013613,6.132171286,6.022954354,4.458950855,4.399449,3.848399125,2.149649735,1.924256156,2.163087258,6.377123331,6.311139724,6.23410352,3.40611886,3.214705715,4.530477672,0,1.944875303,1.632427638,5.229813011,5.268287202,4.893058371,5.511838712,2.426542826,2.5152748,2.186666421,3,0,0,0,0,0,0,0,0,5.299570037,2.829306972,3.474430172,4.409490401
CADM4,0,0,0,0,0,0,2.405039482,2.240990417,2.163087258,0,0,1.526262086,0,0,0,3.207295283,3.104356784,3.232871055,0,0,0,0,3.989004793,3.623042415,3.840157301,4.087462841,1.380514028,1.373875901,1.266997295,0,0,0,0,0,0,0,0,0
CADPS,0,0,0,0,0,0,0,0,0,0,0,0,0,0,0,0,0,0,0,0,0,0,0,0,0,0,0,0,0,0,0,0,0,0,0,0,0,0
CAH2,0,0,0,0,0,0,0,0,0,0,0,0,0,0,0,0,0,0,0,0,0,0,0.90705003,2.2550935,0,2,0,0,0,0,0,0,0,0,0,0,0,0
CALM1,0,0,0.864613417,0,0,0.921132385,0.894759661,1.924256156,2.163087258,0.96708259,0.903929473,0.956200116,0,0,1.003619168,1.021139762,1.944875303,1.03574445,0,0,0,0,2.170190716,2.2550935,2.443780137,1.584962501,1.380514028,1.373875901,1.266997295,0,0,0,0,0,0,0,0,0
CALR,1.58012073,1.941625202,1.401468483,3.109978656,2.753608502,3.935234957,5.035364569,5.544064347,5.388016891,3.937650566,5.198391069,5.467568858,4.528704944,4.571693667,4.530477672,7.685623559,7.707726897,7.047357465,3.633934435,3.793987451,3.998293229,3.563016736,8.304121291,8.009035597,8.225988053,8.804131021,3.947899965,4.329116984,4.16021177,4.017375043,4.06601068,3.404975348,4.446094835,4.373878798,4.828721577,4.978956706,5.185959353,4.717776833
CALU,0,0,0,0,0,0,1.839113208,3.230546315,3.719788928,0,0,0.956200116,0,0,0,0,0,0,0,0,0,0,0,0,0,0,0,0,0,0,0,0,0,0,0,0,0,0
CAMK2D,2.316116017,2.259576362,2.351701379,2.749592966,1.953082406,3.026589061,0,0,0,3.1108756,3.517762757,2.922454862,2.275117866,2.626984775,2.590989414,1.021139762,0,1.03574445,1.714955817,2.669676924,2.583445471,2.9563868,0,0,0,1.584962501,0,0,0,0,0,2.069533795,2.795384697,3.916020257,4.125209993,2.829306972,3.474430172,0
CAMK2G,0,0,0,0.966587184,1.543333959,1.47881758,0,0,0,1.950337883,0.903929473,0.956200116,0.970922069,1.618677671,2.005425354,0,0,0,1.098576504,0,1.806054709,1.234105921,0,0,0,0,0,0,0,0,0,0,0,1.933211842,2.69678497,0,0,0
CAND1,3.800606572,4.173790108,4.583991197,5.577622219,5.553119265,5.595767811,5.458283757,5.110402212,5.08949235,5.578615386,5.870272591,5.613232216,4.987456139,4.692160027,5.051404862,4.039386317,3.392338026,4.154027448,4.350805562,5.052120269,4.30205236,5.377493611,2.426542826,2.926737964,2.85138244,0,1.380514028,2.529815193,2.728226634,2.474606879,0,0,0,0,0,0,0,0
CANT1,2.578907744,1.533191662,0,3.398093484,3.64247482,3.312666648,4.544844102,4.546171463,4.057818562,0,0,0,0,0,0,1.61308057,1.53606782,2.053289965,0,0,0,0,2.644143159,2.5152748,2.186666421,3.169925001,0,0,0,0,0,0,0,0,0,0,0,0
CANX,0,0,0,0,0,0,0,1.51783371,1.453839514,0,0,0.956200116,0,0,0,3.207295283,3.104356784,3.061983348,0,0,0,0,3.523873876,3.383238525,3.649121172,3.584962501,3.172816473,3.601888181,3.615041015,3.717549031,0,0,2.795384697,1.933211842,0,0,0,0
CAP1,4.241042231,4.247579354,4.724999573,4.978872542,4.983438998,5.199438379,5.592801044,5.110402212,5.326811543,3.745612183,4.270100252,4.61499383,5.775187667,5.830742787,5.788457875,6.170666134,5.971565963,6.157073559,5.273041649,5.45624547,4.390583544,3.387705307,5.898181351,5.871552867,6.021155897,6.087462841,3.408938331,2.88100595,2.728226634,2.823248847,0,2.886554086,4.446094835,5.612463424,4.125209993,4.978956706,3.474430172,3.475828426
CAPG,0,0,0,0,0,0,1.839113208,3.079707418,3.141943704,0.96708259,1.853383544,2.511206051,1.546060213,1.025359956,1.003619168,3.359759433,3.104356784,3.232871055,0,0,0,0,3.150050254,3.729484261,3.747798963,2.584962501,2.89033867,2.88100595,2.728226634,2.823248847,0,0,0,0,0,0,0,0
CAPN1,4.080622667,4.173790108,4.632541544,4.520226243,4.797294216,4.651179586,4.917250524,5.030394601,5.01384195,4.979854786,5.016210978,5.001188226,5.434431064,5.178152269,5.176953957,5.326315303,5.354051154,5.354258517,3.633934435,4.001444414,4.20773121,4.215726552,5.592791581,5.532436287,5.476330201,5.584962501,3.172816473,4.2100965,3.913226003,4.146756747,0,0,4.234691467,4.163037251,5.083269848,4.668420179,4.716298833,5.375141293
CAPN2,0,0,1.791837015,0,0,0,0,0,0,3.524028291,3.90096226,3.503618698,3.852128841,3.631120459,3.466005187,3.497640075,3.632289151,3.972912998,2.145448836,2.669676924,2.583445471,3.387705307,3.40970041,3.508117252,3.428871228,2,0,1.373875901,0,0,0,0,0,0,0,0,0,0
CAPN5,4.747888606,4.831202674,3.734739458,0,0,0,0,0,0,3.1108756,2.164986415,2.922454862,0,0,0,0,0,0,1.098576504,1.05142317,1.168913826,2.9563868,0,0,0,0,6.426120375,6.244277676,6.367770989,6.375853477,5.592375272,4.086405932,5.308304169,4.557799622,0,0,0,0
CAPN7,3.452825167,3.100475979,2.351701379,0,0,0,0,0,0,0,0,0,0,0,0,0,0,0,0,0,0,0,0,0,0,0,5.243480877,5.232973694,5.231572187,4.972128369,3.385355532,0,0,0,0,0,0,0
CAPNS1,1.994551864,1.941625202,2.351701379,2.749592966,2.753608502,2.859016798,3.126593151,3.712975173,3.621272161,2.750456577,3.403637312,3.378779227,3.117818628,3.631120459,3.591590723,3.739228165,3.837964422,3.972912998,1.098576504,1.653127323,2.246490367,0,3.40970041,3.921359802,3.543195199,3.700439718,1.380514028,2.064647663,2.728226634,2.474606879,0,0,0,0,3.581002772,3.724066632,4.408026318,3.475828426
CAPRIN1,0,0.961347078,0.864613417,2.528836668,2.945112293,3.176707196,4.041541069,3.904682107,3.277509632,2.529675346,2.638521785,3.618510617,3.752877906,3.95387427,3.591590723,4.361832367,4.321949729,4.236715467,4.642129225,4.620387821,4.627609598,2.338300494,3.150050254,3.508117252,3.543195199,4,0,0,0,0,0,0,0,0,0,0,0,0
CAPZA1,2.801126798,2.519953374,1.791837015,3.63813725,3.64247482,3.65727565,4.184756539,3.991758476,3.898681406,3.524028291,3.403637312,4.003879849,3.944989053,4.21745889,4.00677851,4.361832367,4.177939306,4.459656255,1.714955817,3.08882233,1.806054709,3.18810514,3.989004793,4.008505655,3.926957113,3.169925001,1.380514028,1.373875901,2.728226634,2.013916734,0,0,0,0,0,0,0,0
CAPZA2,2.993641837,3.100475979,3.202968816,3.523102099,3.749037927,3.848399125,3.964223206,4.151572014,4.057818562,3.745612183,3.62351829,3.824024523,4.114498637,4.134834924,4.32879677,4.287722758,4.388900024,4.154027448,2.972434909,3.413209566,3.283768429,3.563016736,3.989004793,4.008505655,3.840157301,3.321928095,2.072868086,2.529815193,1.931003366,2.013916734,0,0,0,0,0,0,0,0
CAPZB,2.801126798,2.519953374,2.754024153,3.744673432,4.028337769,4.017139547,4.544844102,4.487453229,4.805297555,3.844824317,4.203444751,4.003879849,4.528704944,4.440244194,4.399203272,5.040680855,5.137525649,5.112928664,3.633934435,3.901441717,3.457776598,3.719314538,5.426598434,5.20358086,5.504828267,3.906890596,2.072868086,2.064647663,1.931003366,2.823248847,0,0,0,0,0,0,0,0
CARHSP1,0,0,0,0,0,0,0,0,0,0,0,0,0,0,0,0,0,0,0,0,0,0,0,0,0,0,0,0,0,0,0,0,0,0,0,0,0,0
CARKD,0,0,0,0,0,0,0,0,0,0,0,0,0,0,0,0,0,0,0,0,0,0,0,0,0,0,0,0,0,0,0,0,0,0,0,0,0,0
CARM1,2.578907744,3.100475979,2.56684197,3.261216432,3.64247482,3.551296021,3.385748712,3.079707418,2.992305255,2.529675346,3.403637312,2.511206051,2.948722432,3.505214095,3.176352815,1.61308057,0.963485218,1.632427638,2.745703037,2.669676924,2.856411626,2.9563868,1.858228386,2.5152748,2.186666421,2,0,0,0,0,0,0,0,0,0,0,0,0
CARMIL1,1.994551864,1.941625202,2.351701379,2.268089723,1.953082406,0.921132385,0,0,0,0,0,0,0,0,0,0,0,0,0,0,0,0,0,0,0,0,0,0,0,0,0,0,0,0,0,0,0,0
CARS,0,0,0,0,0,0,0,0,0,0,0,0,0,0,0,0,0,0,0,0,0,0,0,0,0,0,0,0,0,0,0,0,0,0,0,0,0,0
CARS1,0,0,0.864613417,3.523102099,3.749037927,3.43690954,3.703787505,3.712975173,3.812006199,1.950337883,2.9944429,3.242104959,4.467412843,4.369737013,4.650796994,4.287722758,4.177939306,4.314920033,2.476571387,3.260114038,3.085856525,0,3.523873876,3.508117252,3.840157301,4.584962501,0,0,0,0,0,0,0,0,0,0,0,0
CARS2,0,0,1.791837015,0,0,0,0,0,0,0,0,0,0,0,0,0,0,0,0,0,0,0,0,0.958592587,0,0,0,0,0,0,0,2.069533795,0,0,0,0,0,0
CASB_BOVIN,0,0,0,0,0,0,0,0,0,0,0,0,0,0,0,0,0,0,0,0,0,0,0,0,0,0,0,0,0,0,0,0,0,0,0,0,0,0
CASK,4.693451201,4.878421948,4.252380623,3.744673432,3.749037927,3.176707196,4.114925189,4.151572014,3.812006199,4.024863517,2.827430592,3.724923947,1.546060213,0,1.589786044,0,0,0,1.714955817,1.05142317,2.246490367,2.9563868,1.858228386,1.529484238,1.473143559,1,6.781957153,6.812705236,6.676314112,6.955013638,6.069233242,4.335216011,5.412616341,5.000427909,2.69678497,0,0,0
CASK_BOVIN,0,0,0,0,0,0,0,0,0,0,0,0,0,0,0,0,0,0,0,0,0,0,0,0,0,0,0,0,0,0,0,0,0,0,0,0,0,0
CASKIN2,0,0,0,0,0,0,0,0,0,0,0,0,0,0,0,0,0,0,0,0,0,0,0,0,0,0,1.380514028,2.064647663,2.383995806,2.013916734,0,0,0,0,0,0,0,0
CASP14,0,0,0,0,0,0,0,0,0,0,0,0,0,0,0,0,0,0,0,0,0,0,0,0,0,0,0,0,0,0,0,0,0,0,0,0,0,0
CASP3,0,0,0,0.966587184,0,0.921132385,1.442864021,2.240990417,0.90279184,0,0.903929473,0.956200116,0.970922069,1.025359956,0,1.61308057,1.53606782,1.632427638,0,0,0,0,2.426542826,2.5152748,2.443780137,2.321928095,0,0,0,0,0,0,0,0,0,0,0,0
CASP6,1.58012073,1.533191662,1.791837015,2.528836668,2.532736393,2.193583806,2.405039482,2.720458447,3.277509632,2.529675346,2.421096055,2.251195448,1.546060213,1.618677671,1.589786044,1.021139762,0.963485218,1.632427638,1.714955817,2.894418153,3.085856525,3.18810514,1.459649025,1.937434512,1.473143559,1.584962501,0,0,0,0,0,0,3.309356743,3.241403097,2.69678497,0,0,0
CAST,0,0,0,0,0,0,0,0,0,0,0,0,1.546060213,1.025359956,1.003619168,1.021139762,0,1.632427638,0,0,0,0,0,0,0,0,0,0,0,0,0,0,0,0,0,0,0,0
CAT,0,0,0,0,0,0,0,0,0,0,0,0,0,0,0,0,0,0,0,0,0,0,0,0,0,0,0,0,0,0,0,0,0,0,0,0,0,0
CATA,0,0,0,3.744673432,3.749037927,3.848399125,0.894759661,1.51783371,0,4.258728859,3.144111598,3.724923947,5.557179125,5.572769122,5.292446585,4.209599094,4.321949729,4.459656255,0,0,0,1.234105921,4.983324397,5.088288249,4.963309897,5.285402219,0,0,0,0,2.867824406,2.069533795,3.986902457,4.72090243,5.083269848,4.272170993,4.716298833,4.971644604
CATD,4.315023641,4.173790108,4.052779486,5.393386257,5.39799,5.747453461,6.816459107,6.910143487,6.833629889,3.262125066,5.054533961,5.613232216,5.849135684,6.093927023,5.761983236,7.270517099,7.34431854,7.336963574,5.772079593,5.684003712,5.598129777,4.738484069,7.727409569,7.755543133,7.783773013,8.103287808,3.172816473,3.163224167,2.728226634,3.103821595,6.069233242,5.790711358,6.052323816,6.159389413,5.938264613,5.955900122,5.823551975,4.971644604
CBLB,2.316116017,1.941625202,0,0,0,0,0,0,0,0,0,0,0,0,0,0,0,0,0,0,0,0,0,0,0,0,3.947899965,3.601888181,3.913226003,3.540486385,0,0,0,0,0,0,0,0
CBLC,0.996370196,0,0,0,0,0,0,0,0,0,0,0,0,0,0,0,0,0,0,0,0,0,0,0,0,0,1.380514028,1.373875901,1.931003366,1.333072201,0,0,0,0,0,0,0,0
CBR1,3.578300868,3.513288396,3.821059837,2.528836668,2.271827737,3.312666648,3.126593151,3.230546315,3.980443085,4.184907225,4.333811653,4.003879849,2.536168495,2.626984775,3.466005187,1.61308057,1.944875303,1.632427638,3.494786352,4.001444414,3.457776598,3.86032243,0.90705003,0.958592587,0.916958742,0,2.072868086,2.064647663,2.728226634,2.823248847,0,0,0,0,0,0,0,0
CBS,0,0,0,0,0,0,0,0,0,0,0,0,0,0,0,0,0,0,0,0,0,0,0,0,0,0,0,0,0,0,0,0,0,0,0,0,0,0
CBSL,1.994551864,1.533191662,1.401468483,2.528836668,2.532736393,2.451014583,1.839113208,1.924256156,2.163087258,0.96708259,1.455392216,0,0,0,0,0,0,0,0,0,0,0,0,0,0,0,0,0,0,0,0,0,0,0,0,0,0,0
CBX1,0,0,0,0,0,0,0.894759661,0.9499485,1.851615862,0,0,0,0,0,0,0,0,0,0,0,0,0,0,0.958592587,0.916958742,0,0,0,0,0,0,0,0,0,0,0,0,0
CBX3,1.58012073,1.533191662,2.351701379,1.949586033,1.543333959,2.451014583,2.405039482,2.500551849,3.141943704,1.540903575,2.164986415,1.933791208,0,1.025359956,0,1.021139762,1.944875303,2.378701702,0,0,0,0,0.90705003,2.2550935,1.473143559,0,0,0,0,0,0,0,0,0,0,0,0,0
CC2D1A,0,0,0,0,0,0,0,0,0,0,0,0,0,0,0,0,0,0,0,0,0,0,0,0,0,0,0,0,0,0,0,0,0,0,0,0,0,0
CCAR1,2.801126798,2.740444656,3.326158875,3.261216432,3.265441068,3.176707196,1.839113208,1.924256156,2.163087258,1.540903575,0,0.956200116,1.546060213,1.025359956,0,0,0,0,0,0,0,0,0,0,0,0,0,0,0,0,0,0,0,0,0,0,0,0
CCAR2,2.578907744,1.941625202,3.326158875,2.268089723,2.753608502,2.859016798,2.149649735,2.240990417,1.453839514,2.268893588,2.164986415,2.251195448,2.275117866,2.362292771,2.005425354,0,0,1.03574445,1.714955817,2.076463354,1.806054709,1.234105921,0,0,0,0,0,0,0,0,0,0,0,0,0,0,0,0
CCBL1,0,0,0,0,0,0,0,0,0,0,0,0,0,0,0,0,0,0,0,0,0,0,0,0,0,0,0,0,0,0,0,0,0,0,0,0,0,0
CCBL2,0,0,0,0,0,0,0,0,0,0,0,0,0,0,0,0,0,0,0,0,0,0,0,0,0,0,0,0,0,0,0,0,0,0,0,0,0,0
CCDC132,0,0,0,0,0,0,0,0,0,0,0,0,0,0,0,0,0,0,0,0,0,0,0,0,0,0,0,0,0,0,0,0,0,0,0,0,0,0
CCDC144A,0,0,1.401468483,0,0.968891745,0,0,0,0,0,0,0,0,0,0,0,0,0,0,0,0,0,0,0,0,0,0,0,1.266997295,0,0,0,0,0,0,0,0,0
CCDC22,0,0,0,0,0,0,0,0,0,0,0,0,0,0,0,0,0,0,0,0,0,0,0,0,0,0,0,0,0,0,0,0,0,0,0,0,0,0
CCDC6,0,0,0,0.966587184,0,0,1.839113208,2.500551849,1.453839514,1.950337883,1.853383544,1.526262086,0,1.618677671,1.003619168,0,1.53606782,1.03574445,0,1.05142317,0,0,0,0,0,0,0,0,0,0,0,0,0,0,0,0,0,0
CCDC97,0,0,0,0,0,0,0,0,0,0,0,0,0,0,0,0,0,0,0,0,0,0,0,0,0,0,0,0,0,0,0,0,0,0,0,0,0,0
CCL15,0,0,0,0,0,0,0.894759661,1.51783371,1.453839514,0,0,0,0,0,0,0,0,0,0,0,0,0,1.459649025,0,0,0,0,0,0,0,0,0,0,0,0,0,0,0
CCL24,0,0,0,0,0,0,0.894759661,1.51783371,0,0,0,0,0,0,0,0,0,0,0,0,0,0,0,0,0,0,0,0,0,0,0,0,0,0,0,0,0,0
CCN2,0,0,0,0,0,1.47881758,0,0.9499485,0.90279184,0,0,0,0,0,0,0,0,0,0,0,0,0,0,0,0,0,0,0,0,0,0,0,0,0,0,0,0,0
CCNK,0,0,0,0,0,0,0,0,0,0,0,0,0,0,0,0,0,0,0,0,0,0,0,0,0,0,0,0,0,0,0,0,0,0,0,0,0,0
CCNL1,1.58012073,0.961347078,2.56684197,0,0,0,0,0.9499485,0,0,0,0,0,0,0,0,0,0,0,0,0,0,0,0,0,0,0,0,0,0,0,0,0,0,0,0,0,0
CCNY,0,0,0,0,0,0,0,0,0,0,0,0,0,0,0,0,0,0,0,0,0,0,0,0,0,0,2.072868086,2.88100595,3.238727139,2.474606879,0,0,0,0,0,0,0,0
CCT2,4.899864715,4.924144594,5.214026639,4.978872542,4.89336671,4.701594989,4.788597165,4.759715303,4.759710761,5.489434982,5.637630797,5.467568858,3.40611886,3.746915315,4.176753604,2.843407086,2.523580768,2.868099561,3.633934435,4.681965718,3.283768429,4.317084986,0,0.958592587,0,0,0,0,0,0,0,0,0,0,0,0,0,0
CCT3,4.899864715,4.831202674,5.148762131,5.021879652,4.746747198,5.051791299,4.251363295,4.362321027,4.392499739,5.361245656,5.420060089,5.161369277,3.531197087,3.631120459,3.91363905,0,0,0,4.503808314,4.955687295,3.998293229,4.94259963,0,0,0,0,0,0,0,0,0,0,0,0,0,0,0,0
CCT4,4.241042231,4.013822575,4.679511102,4.327992353,4.188405325,4.017139547,4.041541069,4.426243371,4.131254579,4.743183871,5.054533961,4.61499383,2.757142261,3.367259864,2.813553664,2.355604609,1.944875303,2.378701702,3.340770694,3.551606284,3.085856525,3.387705307,0.90705003,1.529484238,0.916958742,0,1.380514028,1.373875901,1.266997295,1.333072201,0,0,0,0,0,0,0,0
CCT5,4.747888606,4.679497284,5.080404724,5.10422885,4.939105679,4.651179586,4.490730752,4.362321027,4.331488349,5.578615386,5.449119602,5.235249303,3.117818628,3.367259864,3.814069025,1.021139762,0.963485218,1.03574445,3.87746897,4.556063982,3.283768429,4.317084986,0,0,0.916958742,0,0,0,0,0,0,0,0,0,0,0,0,0
CCT6A,4.747888606,4.509944325,4.679511102,4.39495704,4.110590354,4.238176971,4.743030372,4.295434599,3.980443085,5.105213771,5.163749123,4.772170812,3.269158334,3.044091598,3.176352815,2.031594606,2.523580768,2.053289965,3.633934435,4.094962341,2.856411626,3.387705307,0,0.958592587,0.916958742,0,0,0,0,1.333072201,0,0,0,0,0,0,0,0
CCT7,4.385395623,4.38471777,4.811887427,4.458950855,4.640008333,4.651179586,4.743030372,4.855696291,4.712636366,5.489434982,5.586236263,5.404919765,3.752877906,3.854102726,4.176753604,3.036793753,2.523580768,2.644053871,4.574625855,4.955687295,4.390583544,5.229341445,0,0,0,0,0,0,1.266997295,1.333072201,0,0,0,0,0,0,0,0
CCT8,4.636878881,4.679497284,5.044971775,4.74220736,4.983438998,4.843060841,4.95770589,5.070952959,5.052162952,5.327336026,5.198391069,5.339426141,3.40611886,3.854102726,4.176753604,3.846371158,3.517296477,4.066310474,3.985375492,4.741022553,2.246490367,4.500654413,0,2.5152748,1.873574051,0,0,0,0,0,0,0,0,0,0,0,0,0
CCZ1B,0,0,0,0,0,0,0,0,0,0,0,0,0,0,0,0,0,0,0,0,0,0,0,0,0,0,0,0,0,0,0,0,0,0,0,0,0,0
CD109,0,0,0,0,0,0,0,0,0,0,0,1.933791208,4.467412843,4.692160027,4.46633308,3.359759433,2.935479543,3.523776826,2.145448836,2.403347751,1.168913826,2.338300494,3.285708808,2.926737964,2.661928568,4.087462841,0,0,0,0,0,0,1.989531496,1.933211842,0,0,0,0
CD151,3.163465689,3.628251645,2.754024153,0,1.543333959,0,0,0,0,2.268893588,2.164986415,3.242104959,0.970922069,0,0,0,0,0,1.098576504,1.653127323,1.806054709,1.889360771,0,0,0,0,4.220308535,4.439062363,4.269468584,4.572331312,3.76545739,3.785554776,3.986902457,4.373878798,4.125209993,2.829306972,2.598717113,0
CD276,3.315387858,3.100475979,1.401468483,0,0,0,0,0,0,0.96708259,0,0.956200116,0,0,0,1.61308057,0,1.03574445,0,0,0,0,1.459649025,0,0.916958742,2.584962501,3.611795418,3.937808665,3.771823672,4.146756747,3.76545739,0,2.795384697,3.241403097,0,0,0,0
CD2AP,0,0,0,0,0,0,0.894759661,1.51783371,0,0,0,0,1.546060213,1.618677671,1.003619168,0,0,0,0,0,0,0,0,0,0,0,1.380514028,0,0,0,0,0,0,0,0,0,0,0
CD320,0,0,0,0,0,0,0,0,0,0,0,0,0,0,0,0,0,0,0,0,0,0,0,0,0,1,2.538745146,2.88100595,2.728226634,2.474606879,0,0,0,0,0,0,0,0
CD44,3.693731392,3.734726159,3.439652425,1.949586033,1.543333959,1.880020556,2.405039482,2.240990417,1.851615862,2.268893588,1.853383544,2.731434726,0.970922069,1.618677671,2.005425354,3.497640075,3.255521121,2.868099561,3.340770694,3.08882233,3.613037926,3.988767131,2.170190716,1.529484238,2.186666421,2.321928095,4.975841682,5.105377993,4.793137891,4.825223333,4.314617226,3.404975348,3.309356743,2.7307681,0,0,0,0
CD46,2.578907744,3.388364695,2.56684197,1.540237874,1.953082406,1.880020556,3.126593151,3.230546315,2.992305255,1.950337883,1.853383544,3.242104959,1.546060213,2.037874702,1.589786044,3.623485148,3.632289151,3.523776826,0,1.653127323,0,2.338300494,4.139873595,3.623042415,3.649121172,4.247927513,4.820760544,4.439062363,4.932563547,4.375179769,4.526614972,4.732273583,4.94067428,4.557799622,3.581002772,0,2.598717113,0
CD47,0.996370196,0.961347078,0.864613417,0,0,0,0,0,0,0,0,0,0,0,0,0,0,0,0,0,0,0,0,0,0,0,2.538745146,2.529815193,3.238727139,2.823248847,3.76545739,0,2.795384697,1.933211842,3.581002772,0,0,0
CD55,1.994551864,1.533191662,0.864613417,0,0.968891745,0,0.894759661,0,0,0,0,0,0,0,0,2.620025286,2.523580768,2.053289965,0,1.653127323,1.168913826,0,1.858228386,1.529484238,2.186666421,3.584962501,3.947899965,3.937808665,4.16021177,4.017375043,2.053047961,2.069533795,3.309356743,3.241403097,2.69678497,0,0,0
CD59,2.801126798,2.519953374,2.098758683,0,0,0,0,0,0,2.268893588,1.455392216,1.526262086,0,0,0,0,0,0,1.098576504,0,1.168913826,0,0,0,0,0,4.339375044,4.08036687,3.913226003,4.146756747,3.76545739,4.086405932,4.234691467,3.916020257,2.69678497,0,2.598717113,0
CD63,2.993641837,2.519953374,2.351701379,1.540237874,0.968891745,0.921132385,0,0,0,1.950337883,1.455392216,1.933791208,0.970922069,1.025359956,1.003619168,0,0,0,1.098576504,1.05142317,2.246490367,2.338300494,0,0,0,0,4.090524219,4.329116984,4.46591069,4.375179769,5.592375272,7.466488906,5.60102145,5.769820685,5.299570037,0,2.598717113,0
CD81,5.516451599,6.132171286,5.33631485,2.941009732,3.114149002,2.451014583,0,0,0,4.328956263,3.279702347,4.307709643,2.948722432,3.044091598,2.813553664,0,0,0,3.494786352,3.260114038,3.998293229,5.634732282,0,0,0,0,4.646978729,4.54121905,5.176523782,5.948961515,5.769425326,8.367823321,7.916819935,7.805450717,4.828721577,3.724066632,4.015464754,2.600000002
CD82,3.800606572,3.833879792,1.791837015,0.966587184,0.968891745,0,0,0,0,1.540903575,0,0.956200116,0,0,0,0,0,0,0,0,0,0,0,0,0,0,3.408938331,3.163224167,3.615041015,3.103821595,3.385355532,0,3.309356743,2.7307681,0,0,0,0
CD9,5.48474626,4.924144594,4.533749939,3.109978656,3.527408274,2.859016798,0,0,0,4.39592324,3.144111598,4.086043188,2.275117866,2.362292771,2.590989414,0,0,0,3.985375492,3.413209566,3.998293229,4.584363563,0,0,0,1,6.959747703,6.930336204,7.174659653,6.972573827,6.837860476,6.936701341,6.28998354,6.511111139,5.487628999,5.955900122,4.716298833,5.187453585
CD97,0,0,0,0,0,0,0,0,0,0,0,0,0,0,0,0,0,0,0,0,0,0,0,0,0,0,0,0,0,0,0,0,0,0,0,0,0,0
CD99,1.58012073,1.533191662,0.864613417,0,0,0,0,0,0,0,0,0,0,0,0,0,0,0,0,0,0,0,0,0,0,0,1.380514028,1.373875901,1.266997295,2.013916734,0,0,0,0,0,0,0,0
CDC16,0.996370196,1.533191662,1.401468483,0,0,0,0,0,0,0,0,0,0,0,0,0,0,0,0,0,0,0,0,0,0,0,0,0,0,0,0,0,0,0,0,0,0,0
CDC23,1.58012073,0.961347078,2.351701379,0,0,0,0,0,0,0,0,0,0,0,0,0,0,0,0,0,0,0,0,0,0,0,0,0,0,0,0,0,0,0,0,0,0,0
CDC27,1.994551864,2.259576362,2.098758683,0,0,0,0,0,0,0,0,0,0,0,0,0,0,0,0,0,0,0,0,0,0,0,0,0,0,0,0,0,0,0,0,0,0,0
CDC37,0.996370196,1.941625202,1.401468483,0.966587184,0.968891745,1.880020556,3.795922944,3.491832663,3.277509632,2.268893588,2.164986415,1.526262086,1.546060213,1.618677671,1.589786044,1.021139762,0.963485218,1.03574445,1.098576504,1.05142317,0,1.234105921,0.90705003,0.958592587,1.473143559,0,1.380514028,0,1.266997295,0,0,0,0,0,0,0,0,0
CDC40,0,0,1.401468483,0,0,0,0,0,0,0,0,0,0,0,0,0,0,0,0,0,0,0,0,0,0,0,0,0,0,0,0,0,0,0,0,0,0,0
CDC42,3.900107558,3.628251645,3.326158875,2.528836668,2.532736393,2.451014583,1.839113208,2.240990417,2.163087258,3.399011692,3.517762757,3.503618698,2.275117866,2.626984775,2.590989414,2.620025286,2.523580768,3.061983348,1.714955817,2.076463354,1.806054709,3.387705307,0.90705003,1.937434512,1.873574051,0,5.181080541,5.037082573,4.932563547,5.227481751,4.314617226,3.785554776,4.234691467,3.241403097,0,0,0,0
CDC42BPA,0,0.961347078,0,0,0,0,0,0,0,0,0,0,0,0,0,0,0,0,0,0,0,0,0,0,0,0,3.172816473,3.601888181,4.041997863,3.875236924,0,0,0,0,0,0,0,0
CDC42BPB,0.996370196,0.961347078,0.864613417,0,0,0,0,0,0,0.96708259,0.903929473,0.956200116,0,0,0,0,0,0,0,0,0,0,0,0,0,0,4.090524219,4.439062363,4.554934114,4.477120642,0,0,0,0,0,0,0,0
CDC5L,0,0,0,0,0,0,0,0,0,0,0,0,0,0,0,0,0,0,0,0,0,0,0,0,0,0,0,0,0,0,0,0,0,0,0,0,0,0
CDCP1,4.241042231,4.317777446,3.202968816,0.966587184,0.968891745,0,1.442864021,1.924256156,0.90279184,3.1108756,1.455392216,3.242104959,0.970922069,1.025359956,1.003619168,2.355604609,2.263052434,2.378701702,0,0,0,0,2.644143159,2.2550935,2.443780137,2.584962501,5.415957758,5.458604873,5.609531956,5.339993805,5.022286887,3.404975348,4.793881411,4.557799622,0,0,0,0
CDH1,0,0,0,0,0,0,1.442864021,1.51783371,0.90279184,0,0,0,0,0,0,0,0,0,0,0,0,0,1.459649025,0.958592587,1.473143559,0,0,0,0,0,0,0,0,0,0,0,0,0
CDH17,4.693451201,4.831202674,4.724999573,5.488443169,5.39799,5.771253361,7.359899069,7.108264575,7.657470093,4.521196453,5.50553947,6.371502836,5.919477451,5.693149358,5.937848397,8.041812623,8.422087472,7.805010658,5.646209231,5.590758531,3.998293229,1.234105921,6.948706089,7.256345582,7.617568735,5.523561956,3.408938331,4.329116984,3.913226003,4.265484343,2.867824406,0,2.795384697,3.241403097,0,4.668420179,0,0
CDHR1,1.994551864,0.961347078,0.864613417,2.941009732,2.271827737,1.880020556,2.621946525,2.720458447,1.851615862,0.96708259,0.903929473,1.526262086,0,0,0,1.61308057,0.963485218,1.03574445,0,0,0,0,0,0,0,0,0,0,0,0,0,0,0,0,0,0,0,0
CDK1,2.993641837,3.251589451,3.068269276,0.966587184,0.968891745,0,0,0,0,1.540903575,1.455392216,1.526262086,0,0,1.003619168,0,0,0,0,0,0,0,0,0,0,0,0,0,0,0,0,0,0,0,0,0,0,0
CDK11B,0.996370196,0,1.791837015,0,0,0,0,0,0,0,0.903929473,0,0,0,0,0,0,0,0,0,0,0,0,0,0,0,0,0,0,0,0,0,0,0,0,0,0,0
CDK19,0,0,1.401468483,0,0,0,0,0,0,0,0,0,0,0,1.003619168,0,0,0,0,0,0,0,0,0,0,0,0,0,0,0,0,0,0,0,0,0,0,0
CDK2,1.58012073,1.533191662,1.791837015,0,0,0,0,0,0,0,0,0,0,0,0,0,0,0,0,0,0,0,0,0,0,0,0,0,0,0,0,0,0,0,0,0,0,0
CDK5RAP3,0.996370196,0.961347078,2.098758683,0,0,0,0,0,0.90279184,0,0,0,0,0,0,0,0,0,0,0,0,0,0,0,0,0,0,0,0,0,0,0,0,0,0,0,0,0
CEACAM1,1.994551864,1.941625202,1.401468483,0.966587184,1.543333959,1.47881758,1.839113208,2.720458447,1.851615862,1.540903575,1.853383544,2.251195448,2.948722432,2.850560031,3.176352815,3.207295283,2.523580768,3.061983348,2.972434909,2.076463354,2.856411626,1.889360771,3.000298925,3.246517199,3.304702086,3.700439718,4.220308535,4.2100965,4.041997863,3.540486385,4.314617226,3.785554776,3.986902457,4.163037251,3.581002772,0,2.598717113,0
CEACAM5,3.693731392,3.926654829,3.821059837,2.528836668,3.265441068,2.669391044,3.499731284,3.712975173,3.719788928,3.844824317,4.060116522,4.237538143,4.801293323,4.748819682,4.761849677,4.947485184,5.09805419,5.068469179,5.091765641,4.852343856,5.11717287,5.176372055,4.814110669,4.67405044,4.693077846,5.459431619,5.469153458,5.509900127,5.231572187,5.227481751,6.069233242,6.690980249,5.844248139,6.040849269,5.653976914,5.63977081,4.716298833,4.971644604
CEACAM6,2.316116017,2.519953374,1.401468483,0,1.543333959,0.921132385,0.894759661,1.924256156,0.90279184,1.540903575,1.853383544,2.251195448,0.970922069,1.618677671,1.003619168,2.031594606,1.53606782,2.378701702,0,0,1.168913826,2.338300494,2.426542826,2.5152748,2.186666421,3,4.551550277,4.2100965,4.269468584,4.265484343,4.314617226,4.732273583,4.234691467,4.163037251,4.519429818,0,3.474430172,0
CEACAM7,0,0,0,0,0,0,0,0,0,2.268893588,2.164986415,2.511206051,2.757142261,3.044091598,2.813553664,3.359759433,2.744180469,3.385643851,3.760834352,3.260114038,3.457776598,2.9563868,2.170190716,2.735625828,1.873574051,2.807354922,3.611795418,3.937808665,3.439119207,4.017375043,3.385355532,2.069533795,2.795384697,1.933211842,0,0,0,0
CECR5,0,0,0,0,0,0,0,0,0,0,0,0,0,0,0,0,0,0,0,0,0,0,0,0,0,0,0,0,0,0,0,0,0,0,0,0,0,0
CELSR3,0.996370196,0.961347078,0.864613417,0,0,0,0,0,0,0,0,0,0,0,1.589786044,0,0,0,0,0,0,1.234105921,0,0,0,0,0,0,0,0,0,2.069533795,1.989531496,0,0,0,2.598717113,0
CEMIP,6.693241021,6.566291325,6.041052017,5.740972741,5.523399232,4.701594989,3.703787505,3.606636986,3.401423861,0,0.903929473,0,0,0,0,0,0,0,0,0,0,0,0,0,0,0,0,0,0,0,0,0,0,0,0,0,0,0
CEMIP2,3.578300868,3.926654829,2.098758683,0,0,0.921132385,0,0,0,0.96708259,0,0,0,0,0,0,0,0,0,0,0,0,0,0,0,0,4.220308535,4.8103507,4.86453437,4.900544903,2.053047961,0,2.795384697,1.933211842,0,2.829306972,0,0
CEP55,0,0,0,0,0,0,0,0,0,0,0,0,0,0,0,0,0,0,0,0,0,0,0,0,0,0,0,0,0,0,0,0,0,0,0,0,0,0
CES1,0,0,0,0,0,0,0,0,0,0,0.903929473,0.956200116,1.956160331,2.362292771,2.005425354,4.127001517,4.017943275,4.066310474,0,0,0,0,4.139873595,4.379321162,4.008829657,5,0,0,0,0,0,0,0,0,0,0,0,0
CES2,0,0,0,0,0,0,0,0,0,0,0.903929473,1.933791208,2.757142261,2.626984775,2.813553664,3.497640075,3.392338026,3.232871055,0,0,0,0,2.833183695,3.095469549,3.018820504,2.807354922,0,0,0,0,0,0,0,0,0,0,0,0
CFAP20,0,0,1.401468483,0,0,0,0.894759661,0.9499485,1.453839514,0,0,0,0,0,0,0,0,0,0,0,0,0,0,0,0,0,0,0,0,0,0,0,0,0,0,0,0,0
CFB,0,0,0,0.966587184,0.968891745,0,1.442864021,1.51783371,0,0,0,0,1.546060213,0,0,1.021139762,0.963485218,1.03574445,0,0,0,0,1.858228386,0.958592587,0.916958742,2.584962501,0,0,0,0,0,0,0,0,0,0,0,0
CFL1,4.16306102,4.247579354,4.052779486,4.106148,4.188405325,3.848399125,4.695977305,4.759715303,4.712636366,4.690806462,4.807654825,4.958201143,4.192326201,4.21745889,4.399203272,4.287722758,4.514144036,4.389102439,4.503808314,4.797756661,4.20773121,4.66348089,2.833183695,3.828609566,3.304702086,1,4.646978729,4.8103507,4.793137891,4.825223333,3.385355532,0,3.687544579,3.241403097,0,0,0,0
CGN,0,0,0,0,0.968891745,0,2.405039482,3.079707418,2.825330619,0,0,1.526262086,0.970922069,1.618677671,1.003619168,4.361832367,4.25174067,4.154027448,5.471657398,5.45624547,6.015015796,1.234105921,0,0,0,0,0,0,0,0,0,0,0,0,0,0,0,0
CHAF1B,0,0,0,0,0,0,0,0,0,0,0,0,0,0,0,0,0,0,0,0,0,0,0,0,0,0,0,0,0,0,0,0,0,0,0,0,0,0
CHD4,2.801126798,2.519953374,3.326158875,2.749592966,2.532736393,3.026589061,3.499731284,3.491832663,3.621272161,1.950337883,2.164986415,1.933791208,1.546060213,2.362292771,1.003619168,1.61308057,1.53606782,2.053289965,1.098576504,1.05142317,1.168913826,1.889360771,0.90705003,1.529484238,1.473143559,1,0,0,0,0,0,0,0,0,0,0,0,0
CHERP,0,0,0,0,0,0,0,0,0,0,0,0,0,0,0,0,0,0,0,0,0,0,0,0,0,0,0,0,0,0,0,0,0,0,0,0,0,0
CHID1,0,0.961347078,1.401468483,1.540237874,1.543333959,1.880020556,3.703787505,3.712975173,3.401423861,0.96708259,0.903929473,0.956200116,0,0,0,0,0,0,0,0,0,0,0,0,0,0,0,0,0,0,0,0,0,0,0,0,0,0
CHM,0,0,0,0,0,0,0,0,0,0,0,0,0,0,0,0,0,0,0,0,0,0,0,0,0,0,0,0,0,0,0,0,0,0,0,0,0,0
CHMP1A,1.58012073,1.533191662,0,0,0,0,0,0,0,0,0,0,0,0,0,0,0,0,0,0,0,0,0,0,0,0,1.380514028,2.529815193,3.005940259,2.474606879,0,0,0,0,0,0,0,0
CHMP1B,0.996370196,1.533191662,0,0,0,0,0,0,0,1.540903575,0.903929473,0,0,0,0,0,0,0,1.098576504,1.05142317,1.168913826,1.234105921,0,0.958592587,0,0,1.380514028,1.373875901,1.266997295,1.333072201,2.053047961,3.404975348,1.989531496,1.933211842,0,0,0,0
CHMP2A,2.316116017,2.931662233,2.098758683,0,0,0,0,0,0,1.540903575,0,0,0,0,0,0,0,0,0,0,0,0,0,0,0,0,4.736484697,4.2100965,3.913226003,4.375179769,2.053047961,2.069533795,2.795384697,2.7307681,0,0,0,0
CHMP2B,1.994551864,0.961347078,0,0,0,0,0,0,0,0,0,0,0,0,0,0,0,0,0,0,0,0,0,0,0,0,2.538745146,1.373875901,2.383995806,2.474606879,0,0,0,0,0,0,0,0
CHMP3,1.58012073,1.533191662,0,0,0,0,0,0,0,0,0,0,0,0,0,0,0,0,0,0,0,0,0,0,0,0,1.380514028,1.373875901,2.383995806,2.013916734,0,0,0,0,0,0,0,0
CHMP4A,0,0,0,0,0,0,0,0,0,0,0,0,0,0,0,0,0,0,0,0,0,0,0,0,0,0,0,0,0,0,0,0,0,0,0,0,0,0
CHMP4B,3.452825167,3.251589451,2.351701379,0,0,0,0,0.9499485,0.90279184,0.96708259,0.903929473,1.526262086,0,0,0,0,0,1.03574445,0,0,0,0,0,1.529484238,0,0,3.611795418,3.601888181,3.771823672,3.875236924,2.053047961,2.886554086,1.989531496,0,0,0,0,0
CHMP4C,0,0,0,0,0,0,0,0,0,0,0,0,0,0,0,0,0,0,0,0,0,0,0,0,0,0,2.072868086,2.064647663,1.931003366,2.013916734,0,0,0,0,0,0,0,0
CHMP5,2.316116017,2.259576362,2.098758683,0,0,0,0,0,0,0,0,0,0,0,0,0,0,0,0,0,0,0,0,0,0,0,4.646978729,3.937808665,4.041997863,4.572331312,2.053047961,0,0,0,0,0,0,0
CHORDC1,0,0,0,0,0,0,0,1.51783371,2.419108186,0,0,0,0,0,0,0,0,1.03574445,0,0,0,1.234105921,0.90705003,0,0,0,0,0,0,0,0,0,0,0,0,0,0,0
CHRM3,0.996370196,0.961347078,0.864613417,0,0,0,0,0,0,0,0,0,0,0,0,0,0,0,0,0,0,0,0,0,0,0,2.072868086,2.064647663,2.728226634,1.333072201,2.053047961,0,0,0,0,0,0,0
CIAO1,0,0.961347078,2.098758683,0,0,0,0.894759661,0,1.851615862,0,1.455392216,0,0,0,0,0,0,0,0,0,0,0,0,0,0,0,0,0,0,0,0,0,0,0,0,0,0,0
CIB1,2.578907744,2.931662233,1.401468483,0,0,0,0,0,0,0,0,0,0,0,0,0,0,0,0,0,0,0,0,0,0,0,4.646978729,4.329116984,4.371030583,3.540486385,2.053047961,0,0,0,0,0,0,0
CIRH1A,0,0,0,0,0,0,0,0,0,0,0,0,0,0,0,0,0,0,0,0,0,0,0,0,0,0,0,0,0,0,0,0,0,0,0,0,0,0
CIT,0,0,0,0,0,0,0,0,0,0,0,0,0,0,0,0,0,0,0,0,0,0,0,0,0,0,0,0,0,0,0,0,0,0,0,0,0,0
CKAP5,0,1.533191662,1.791837015,2.528836668,2.271827737,3.551296021,3.795922944,3.812010579,4.392499739,1.950337883,2.827430592,0.956200116,0.970922069,2.037874702,0,0,0,0,0,1.05142317,0,1.234105921,0.90705003,0.958592587,0,0,0,0,0,0,0,0,0,0,0,0,0,0
CKB,0,0,0,0,0,1.47881758,1.442864021,1.51783371,2.825330619,2.750456577,3.144111598,3.916753108,4.114498637,4.369737013,4.254777207,5.170074778,5.285424407,5.022595905,0,1.05142317,1.168913826,1.234105921,5.833225645,5.800070504,5.587092947,5.700439718,1.380514028,0,0,0,0,0,0,0,0,0,0,0
CKMT1A,3.163465689,3.100475979,2.754024153,3.843880539,4.110590354,4.168194276,4.041541069,4.295434599,4.392499739,4.328956263,3.90096226,4.499810006,3.852128841,4.134834924,3.91363905,1.021139762,0,1.03574445,4.503808314,4.556063982,4.893058371,3.563016736,1.459649025,1.529484238,1.473143559,1.584962501,0,0,0,0,3.385355532,4.732273583,5.412616341,5.234485315,5.083269848,3.724066632,4.015464754,4.016906216
CLCN5,0,0,0,0,0,0,0,0,0,0,0,0,0,0,0,0,0,0,0,0,0,0,0,0,0,0,0,0,0,0,2.867824406,2.069533795,2.795384697,2.7307681,0,0,0,0
CLDN1,3.800606572,3.628251645,2.56684197,0.966587184,0,0,0,0,0,3.262125066,2.164986415,2.251195448,0,0,0,0,0,0,1.098576504,1.05142317,1.806054709,2.338300494,0,0,0,0,5.047548164,5.607323498,5.385135725,5.339993805,4.875207947,5.51617723,4.94067428,4.72090243,4.125209993,0,2.598717113,0
CLDN10,0,0,0,0,0,0,0,0,0,0.96708259,0,0,0,0,0,0,0,0,0,0,0,0,0,0,0,0,0,1.373875901,1.931003366,1.333072201,2.053047961,2.069533795,2.795384697,1.933211842,0,0,0,0
CLDN2,2.316116017,2.519953374,0.864613417,0,0,0,0,0,0,0,0,0,0,0,0,0,0,0,0,0,0,0,0,0,0,0,0,0,0,0,0,0,0,0,0,0,0,0
CLDN3,3.693731392,3.388364695,3.202968816,1.540237874,0.968891745,0.921132385,0,0,0,2.750456577,1.853383544,3.091114753,1.546060213,1.025359956,1.003619168,0,0,0,2.476571387,2.669676924,2.856411626,2.680193992,0,0,0,0,5.415957758,5.105377993,5.479122139,5.587994002,5.277903404,5.299029246,4.446094835,3.916020257,4.125209993,3.724066632,4.015464754,3.475828426
CLDN4,1.58012073,1.941625202,1.791837015,0,0,0,0,0,0,0.96708259,0.903929473,0.956200116,0,0,0,0,0,0,1.098576504,0,1.168913826,1.234105921,0,0,0,0,3.408938331,3.399164795,3.771823672,4.146756747,3.385355532,2.069533795,1.989531496,2.7307681,2.69678497,0,2.598717113,0
CLDN7,3.452825167,3.628251645,2.754024153,0,0,0,0,0,0,3.1108756,1.455392216,2.922454862,0,0,0,0,0,0,1.714955817,1.05142317,1.806054709,2.338300494,0,0,0,0,4.900383898,5.105377993,5.176523782,4.972128369,5.277903404,5.043305171,4.793881411,4.867424445,3.581002772,0,0,0
CLDND1,1.994551864,2.259576362,0,0,0,0,0,0,0,0,0,0,0,0,0,0,0,0,0,0,0,0,0,0,0,0,3.172816473,2.88100595,3.005940259,2.474606879,3.385355532,2.069533795,2.795384697,1.933211842,0,0,0,0
CLIC1,4.16306102,4.247579354,4.533749939,4.183948616,4.188405325,4.304921401,4.184756539,4.426243371,4.561429755,4.579976752,4.615957622,4.237538143,3.646291178,3.95387427,3.707114185,3.94610422,4.017943275,4.066310474,4.085769758,4.620387821,3.753201815,4.215726552,3.000298925,4.168436296,3.926957113,2.321928095,4.220308535,4.329116984,4.041997863,4.265484343,3.76545739,0,0,0,0,0,0,0
CLIC4,0.996370196,0.961347078,0.864613417,0,0,0,2.149649735,1.51783371,2.419108186,1.540903575,1.455392216,0,0.970922069,1.025359956,1.003619168,0,0,0,1.714955817,1.653127323,1.168913826,1.234105921,0,0,0,0,0,0,0,0,0,0,0,0,0,0,0,0
CLINT1,0,0,0,0,0,0,0,0,0,0,0,0,0,0,0,0,0,0,0,0,0,0,0.90705003,0.958592587,0.916958742,1.584962501,0,0,0,0,0,0,0,0,0,0,0,0
CLIP1,0,0,0,0,0,0,0.894759661,0,0,0,0,0,0,0,0,3.036793753,2.744180469,2.378701702,5.185248962,4.556063982,5.521780932,3.563016736,0,0,0,0,0,0,0,0,0,0,0,0,0,0,0,0
CLIP2,0,0,0,0,0,0,0,0,0,0,0,0,0,0,0,0,0,0,2.745703037,1.05142317,3.613037926,0,0,0,0,0,0,0,0,0,0,0,0,0,0,0,0,0
CLN3,0,0,0.864613417,0,0,0,0,0,0,0.96708259,0,0.956200116,0,0,0,0,0,0,0,0,0,1.234105921,0,0,0,0,1.380514028,2.064647663,1.931003366,2.013916734,4.06601068,3.785554776,3.309356743,3.241403097,2.69678497,0,0,0
CLN5,0,0,0,0,0,0,0.894759661,1.51783371,0.90279184,0,0,0,0,0,0,1.61308057,0,1.03574445,0,0,0,0,1.858228386,1.937434512,1.473143559,2,0,0,0,0,0,0,0,0,0,0,0,0
CLNS1A,0,0,1.401468483,0.966587184,0.968891745,0.921132385,0.894759661,1.51783371,0.90279184,1.540903575,1.853383544,1.526262086,0.970922069,1.618677671,1.589786044,0,0,0,0,0,0,0,0,0.958592587,0.916958742,0,0,0,0,0,0,0,0,0,0,0,0,0
CLPB,1.58012073,1.941625202,2.754024153,0,0,1.47881758,0,0,1.453839514,0,0,0,0,0,0,0,0,0,0,0,0,0,0,0,0,0,0,0,0,0,0,0,0,0,0,0,0,0
CLPP,0,0,0,0,0,0,0,0,0,0,0,0,0,0,0,0,0,0,0,0,0,0,0,0,0,0,0,0,0,0,0,0,0,0,0,0,0,0
CLRN3,1.58012073,0.961347078,0.864613417,0,0,0,0,0,0,0,0,0,0,0,0,0,0,0,0,0,0,0,0,0,0,0,2.072868086,2.064647663,1.931003366,2.474606879,3.385355532,0,2.795384697,2.7307681,0,0,0,0
CLSTN1,0.996370196,0.961347078,0.864613417,5.548504102,5.745600468,4.97188537,6.880989311,6.499098918,5.910211733,3.745612183,3.90096226,4.438575266,5.300259856,5.258399008,5.254967013,5.796095428,5.881442294,5.824235229,3.87746897,4.182785547,3.085856525,3.86032243,5.204903504,5.344237295,5.292399906,5.727920455,0,0,0,0,2.053047961,0,1.989531496,0,2.69678497,4.272170993,4.970157178,5.187453585
CLSTN2,1.58012073,1.941625202,0.864613417,4.792748321,4.797294216,4.238176971,6.013198904,6.028888575,5.583842559,3.844824317,3.814276912,4.003879849,4.698352774,4.633183863,4.591891283,5.085114184,5.3201458,5.156058903,3.985375492,4.001444414,4.106809436,2.9563868,4.340174758,4.379321162,4.878734507,5.247927513,0,0,0,0,0,0,0,1.933211842,0,2.829306972,4.408026318,2.600000002
CLSTN3,0,0,0,5.10422885,4.846130027,3.848399125,5.692056292,5.877052896,5.052162952,2.529675346,3.279702347,3.618510617,4.850134093,4.692160027,4.707391618,5.39851687,5.249846723,5.495285643,3.494786352,3.551606284,1.806054709,0,3.820496403,4.168436296,4.421358596,4.459431619,0,0,0,0,0,0,0,0,0,0,0,0
CLTA,2.578907744,2.519953374,2.351701379,2.268089723,1.953082406,1.47881758,1.442864021,1.51783371,1.851615862,2.941892081,3.144111598,2.922454862,0,0,0,0,0,0,1.714955817,2.076463354,1.168913826,1.889360771,0,0,0,0,0,0,0,0,0,0,0,0,0,0,0,0
CLTC,7.614820046,7.601502896,7.664834905,6.955282377,6.856492395,6.95787909,5.974290873,5.965762217,6.607841417,7.760245285,7.6845491,7.597974684,4.032231982,4.80333795,4.761849677,1.61308057,0.963485218,1.632427638,6.581033846,6.841630721,6.620249687,6.874090533,0,0,2.186666421,0,3.611795418,4.726097906,4.638782042,4.661645673,0,0,0,0,0,0,0,0
CLU,0.996370196,0.961347078,2.098758683,1.949586033,1.953082406,2.669391044,0,0,0.90279184,0,0,0,0,0,0,0,0,0,0,0,0,0,0,0,0,0,0,0,0,0,0,0,0,0,0,0,0,4.971644604
CLUH,4.16306102,4.38471777,4.371589565,3.744673432,3.84826838,2.451014583,0.894759661,0.9499485,0,3.639070203,4.133559819,3.503618698,0.970922069,1.618677671,1.003619168,0,0,0,1.098576504,2.076463354,1.168913826,1.234105921,0,0,0,0,0,0,0,0,0,0,0,0,0,0,0,0
CLYBL,0,0,0,0,0,0,0,0,0.90279184,0,0.903929473,0,0,0,0,0,1.944875303,1.632427638,0,0,0,0,0,0,0,0,0,0,0,0,0,0,0,0,0,0,0,0
CMAS,3.452825167,3.251589451,3.821059837,3.109978656,3.265441068,3.43690954,1.442864021,1.51783371,2.825330619,1.950337883,2.164986415,0.956200116,0,0,0,0,0,0,0,0,0,0,0,0,0,0,0,0,0,0,0,0,0,0,0,0,0,0
CMPK1,0.996370196,0.961347078,1.401468483,0,0.968891745,2.193583806,3.261982234,3.491832663,3.812006199,2.529675346,2.638521785,2.922454862,0.970922069,1.618677671,1.589786044,2.620025286,2.523580768,2.644053871,0,1.653127323,0,0,3.150050254,3.623042415,3.649121172,1,2.072868086,2.88100595,2.383995806,2.474606879,0,0,0,0,0,0,0,0
CMTR1,0.996370196,0.961347078,1.791837015,0,0,0.921132385,0,0,0,0,0,0,0,0,0,0,0,0,0,0,0,0,0,0,0,0,0,0,0,0,0,0,0,0,0,0,0,0
CNBP,0,0,0,0.966587184,1.543333959,0.921132385,0.894759661,0.9499485,1.453839514,0.96708259,1.455392216,0.956200116,0.970922069,0,1.003619168,0,0,0,0,1.05142317,2.583445471,1.234105921,1.459649025,2.926737964,2.186666421,0,0,0,0,0,0,0,0,0,0,0,0,0
CNDP2,3.993186609,4.247579354,4.371589565,4.257767468,4.463452526,4.304921401,5.179164858,4.988662966,5.12588017,4.690806462,4.762065226,5.083500705,5.152319168,5.093177717,4.961192953,5.56463657,5.834177355,5.592687492,3.633934435,4.182785547,4.473994679,4.500654413,5.810907172,6.046480208,6.001290853,5.426264755,1.380514028,2.064647663,1.931003366,2.823248847,0,0,0,0,0,0,0,0
CNN3,0,0,0,0,0,0,0,0,0,0,0,0,0,0,0,0,0,0,0,0,0,0,0.90705003,1.529484238,1.473143559,1.584962501,0,0,0,0,0,0,0,0,0,0,0,0
CNNM3,0,0,0,0,0,0,0,0,0,0,0,0,0,0,0,0,0,0,0,0,0,0,0,0,0,0,0,0,0,0,0,0,0,0,0,0,0,0
CNOT1,3.693731392,3.833879792,3.821059837,3.523102099,3.749037927,3.65727565,2.149649735,2.500551849,1.851615862,2.941892081,2.638521785,2.511206051,0,0,1.589786044,0,0,0,0,1.653127323,1.168913826,1.234105921,0,0,0,1,0,0,0,0,0,0,0,0,0,0,0,0
CNOT10,0.996370196,0.961347078,0.864613417,1.949586033,2.271827737,0,0,0,0,0,0,0,0,0,0,0,0,0,0,0,0,0,0,0,0,0,0,0,0,0,0,0,0,0,0,0,0,0
CNOT7,1.58012073,1.533191662,0.864613417,0.966587184,0,0.921132385,0,0,0,0,0,0,0,0,0,0,0,0,0,0,0,0,0,0,0,0,0,0,0,0,0,0,0,0,0,0,0,0
CNOT9,1.58012073,1.533191662,1.401468483,1.949586033,1.953082406,1.47881758,1.442864021,1.51783371,1.453839514,0.96708259,0.903929473,0,0,0,0,0,0,0,0,0,0,1.234105921,0,0,0,0,0,0,0,0,0,0,0,0,0,0,0,0
CNP,4.315023641,4.173790108,3.439652425,0.966587184,0.968891745,0.921132385,0.894759661,0.9499485,1.453839514,2.750456577,1.455392216,2.251195448,0.970922069,0,0,0,0,0,0,0,0,0,0,0,0,0,5.70916816,5.742134157,5.609531956,5.948961515,5.022286887,2.069533795,3.309356743,3.617789703,0,0,0,0
CNPY2,0,0,0,0,0,0,0,0.9499485,1.453839514,0,0,0,0,0,0,0,0,0,0,0,0,0,1.858228386,2.5152748,1.873574051,1,0,0,0,0,0,0,0,0,0,0,0,0
COASY,0.996370196,0,2.098758683,0,0,0,0,0,0,0.96708259,0.903929473,0,0,0,0,0,0,0,0,0,0,0,0,0,0,0,0,0,0,0,0,0,0,0,0,0,0,0
COBRA1,0,0,0,0,0,0,0,0,0,0,0,0,0,0,0,0,0,0,0,0,0,0,0,0,0,0,0,0,0,0,0,0,0,0,0,0,0,0
COCH,3.452825167,3.513288396,3.439652425,5.14370531,5.296217192,5.364994173,5.87216654,5.782529511,5.867869786,0,0,0,2.948722432,2.626984775,2.590989414,1.021139762,0,1.632427638,1.098576504,2.076463354,1.806054709,1.889360771,0,0.958592587,0,1,0,0,0,0,0,0,0,0,0,3.724066632,2.598717113,0
COG1,1.994551864,0.961347078,2.351701379,0.966587184,0,0,0,0,0,0,0,0,0,0,0,0,0,0,0,0,0,0,0,0,0,0,0,0,0,0,0,0,0,0,0,0,0,0
COG2,1.994551864,1.533191662,2.098758683,0,0,0,0,0,0,1.540903575,0,0,0,0,0,0,0,0,0,0,0,0,0,0,0,0,0,0,0,0,0,0,0,0,0,0,0,0
COG3,0,0,1.401468483,0,0,0,0,0,0,0,0,0,0,0,0,0,0,0,0,0,0,0,0,0,0,0,0,0,0,0,0,0,0,0,0,0,0,0
COG6,0,0,1.401468483,0,0,0,0,0,0,0,0,0,0,0,0,0,0,0,0,0,0,0,0,0,0,0,0,0,0,0,0,0,0,0,0,0,0,0
COG8,0,0,0,0,0,0,0,0,0,0,0,0,0,0,0,0,0,0,0,0,0,0,0,0,0,0,0,0,0,0,0,0,0,0,0,0,0,0
COL17A1,0,0,0,2.268089723,2.271827737,0,3.261982234,3.812010579,2.163087258,0,0,0,0,0,1.003619168,1.61308057,1.944875303,2.378701702,2.972434909,2.894418153,3.085856525,2.680193992,0,0,0,0,1.380514028,1.373875901,1.266997295,0,0,0,0,0,0,0,0,0
COL6A1,0,0,0,0,0,0,0,0,0,0,0,0,0,0,0,1.021139762,0.963485218,1.03574445,0,0,0,0,1.858228386,0.958592587,0.916958742,2,0,0,0,0,0,0,0,0,0,0,0,0
COLGALT1,2.801126798,1.941625202,1.791837015,1.949586033,1.543333959,0.921132385,0,0,0,1.540903575,0.903929473,0.956200116,1.956160331,1.618677671,2.005425354,0,0,0,1.714955817,2.076463354,1.168913826,0,0,0,0,0,0,0,0,0,0,0,0,0,0,0,0,0
COMT,3.578300868,3.734726159,3.902505716,3.109978656,2.945112293,3.026589061,2.621946525,2.720458447,3.515531724,3.524028291,3.814276912,3.242104959,0.970922069,2.037874702,2.005425354,2.031594606,1.53606782,2.053289965,2.745703037,2.894418153,2.583445471,2.680193992,0,1.529484238,0.916958742,0,2.072868086,2.88100595,1.266997295,1.333072201,0,0,0,0,0,0,0,0
COPA,5.693311085,5.537982518,5.33631485,4.520226243,4.332473679,3.848399125,3.882525857,4.073877018,3.719788928,5.549496836,5.477605322,5.122960291,2.757142261,2.626984775,3.466005187,3.623485148,3.104356784,3.523776826,2.972434909,3.901441717,4.473994679,4.66348089,3.40970041,3.623042415,3.747798963,3.584962501,0,1.373875901,1.266997295,1.333072201,0,0,1.989531496,3.241403097,4.519429818,0,4.716298833,4.016906216
COPB1,5.080408389,5.133258403,5.148762131,4.689831351,4.846130027,4.368714044,3.703787505,3.904682107,3.515531724,4.579976752,4.71498784,4.307709643,2.275117866,2.362292771,2.813553664,1.021139762,0,1.03574445,2.745703037,3.260114038,1.168913826,3.719314538,0,0,0,0,0,0,0,0,0,0,0,0,0,0,0,0
COPB2,5.162858643,4.968462577,4.769097515,4.579004779,4.846130027,4.429804965,4.376005728,4.225295774,4.20113292,4.793726137,4.615957622,4.438575266,1.546060213,1.618677671,2.005425354,0,0.963485218,1.03574445,1.714955817,3.260114038,2.856411626,3.387705307,1.459649025,0.958592587,1.873574051,2.807354922,0,0,0,1.333072201,0,0,2.795384697,1.933211842,0,0,2.598717113,2.600000002
COPE,2.801126798,2.931662233,1.791837015,2.749592966,3.265441068,3.026589061,3.882525857,4.151572014,3.812006199,3.262125066,2.9944429,3.091114753,2.275117866,1.025359956,2.005425354,2.355604609,2.935479543,2.644053871,1.098576504,2.076463354,1.168913826,2.680193992,3.285708808,3.729484261,3.649121172,3.700439718,0,0,0,0,0,0,0,0,0,0,0,0
COPG1,4.850963489,4.968462577,5.008646625,4.458950855,4.524736818,4.238176971,3.385748712,3.606636986,3.401423861,4.184907225,4.394828067,4.163778281,2.536168495,2.037874702,2.813553664,1.021139762,1.53606782,1.03574445,2.476571387,2.894418153,2.856411626,3.563016736,0.90705003,0.958592587,0.916958742,0,0,0,0,0,0,0,0,0,0,0,0,0
COPG2,3.163465689,2.740444656,3.439652425,2.268089723,2.532736393,1.47881758,2.149649735,0.9499485,1.453839514,2.268893588,3.144111598,2.251195448,0.970922069,1.025359956,1.003619168,0,0,0,0,1.653127323,0,1.889360771,0,0,0,0,0,0,0,0,0,0,0,0,0,0,0,0
COPS2,2.316116017,2.931662233,3.202968816,4.106148,4.110590354,4.238176971,0,0.9499485,0,2.941892081,2.638521785,2.922454862,4.032231982,3.214705715,3.176352815,0,0,0,3.340770694,2.669676924,2.856411626,3.18810514,0,0,0,0,0,0,0,0,0,0,0,0,0,0,0,0
COPS3,1.994551864,1.533191662,1.791837015,3.523102099,3.527408274,3.935234957,2.405039482,2.500551849,2.163087258,0.96708259,2.421096055,1.933791208,2.536168495,2.037874702,3.006327599,1.021139762,0,0,2.476571387,2.076463354,2.856411626,2.338300494,0,0.958592587,0,0,0,0,0,0,0,0,0,0,0,0,0,0
COPS4,2.316116017,2.519953374,2.098758683,4.257767468,3.941110664,4.168194276,0,0.9499485,0,2.529675346,1.853383544,2.922454862,3.531197087,3.746915315,3.466005187,0,0,0,3.494786352,2.894418153,1.168913826,2.338300494,0,0,0,0,1.380514028,0,0,0,0,0,0,0,0,0,0,0
COPS5,1.58012073,1.533191662,1.401468483,3.398093484,3.265441068,3.176707196,0.894759661,0,0,1.950337883,1.455392216,0.956200116,1.956160331,2.037874702,2.590989414,0,0,0,1.098576504,1.05142317,1.168913826,1.234105921,0,0,0,0,0,0,0,0,0,0,0,0,0,0,0,0
COPS6,1.994551864,1.941625202,1.401468483,3.398093484,3.64247482,3.312666648,0,0.9499485,0,2.529675346,2.164986415,1.933791208,2.757142261,2.626984775,2.590989414,0,0,0,2.145448836,2.076463354,1.806054709,2.338300494,0,0,0,0,0,0,0,0,0,0,0,0,0,0,0,0
COPS7A,0.996370196,0.961347078,0.864613417,2.268089723,2.271827737,2.669391044,0.894759661,0,0.90279184,0.96708259,0.903929473,0.956200116,0.970922069,0,0,0,0,0,1.098576504,1.05142317,0,0,0,0,0,0,0,0,0,0,0,0,0,0,0,0,0,0
COPS7B,0.996370196,0.961347078,1.401468483,1.949586033,2.271827737,2.451014583,0,0,0.90279184,0.96708259,0.903929473,0.956200116,1.956160331,1.618677671,1.003619168,0,0,0,2.145448836,0,0,0,0,0,0,0,0,0,0,0,0,0,0,0,0,0,0,0
COPS8,0.996370196,0,0.864613417,2.268089723,2.753608502,2.451014583,0,0.9499485,0,1.540903575,0.903929473,0.956200116,2.275117866,2.362292771,2.005425354,0,0,0,1.714955817,2.403347751,2.583445471,2.338300494,0,0,0,0,0,0,0,0,0,0,0,0,0,0,0,0
CORO1A,3.315387858,3.100475979,2.919685889,2.941009732,2.945112293,1.880020556,3.126593151,3.079707418,1.851615862,3.399011692,3.517762757,2.731434726,2.536168495,2.037874702,2.327714414,0,0,0,1.098576504,2.076463354,1.168913826,2.9563868,0,0,0,0,0,0,0,0,0,0,0,0,0,0,0,0
CORO1B,3.578300868,3.734726159,3.979598316,4.257767468,4.110590354,4.304921401,4.875627918,4.546171463,5.01384195,4.024863517,4.060116522,3.824024523,3.646291178,3.367259864,3.466005187,3.94610422,4.017943275,4.066310474,2.745703037,3.260114038,1.806054709,2.338300494,3.40970041,3.508117252,3.428871228,3,2.538745146,2.88100595,2.728226634,2.474606879,0,0,0,0,0,0,0,0
CORO1C,3.315387858,3.251589451,3.068269276,4.257767468,4.262237099,4.304921401,4.875627918,4.808503839,4.561429755,3.937650566,3.982732963,4.003879849,4.266169311,4.369737013,4.399203272,4.127001517,3.837964422,4.154027448,2.745703037,3.413209566,2.856411626,4.106705299,3.728236298,3.623042415,3.747798963,3.321928095,0,2.064647663,0,1.333072201,0,0,0,0,0,0,0,0
CORO7,2.316116017,1.941625202,1.791837015,0,0,0,0,0,0,1.540903575,2.164986415,0,0,0,0,0,0,0,0,0,0,0,0,0,0,0,0,0,0,0,0,0,0,0,0,0,0,0
COTL1,0,0,0,0,0,0,1.442864021,0.9499485,1.851615862,0,0.903929473,0,0,0,0,1.021139762,0,0,0,0,0,0,2.833183695,2.5152748,2.661928568,2.807354922,0,1.373875901,1.266997295,0,0,0,0,0,0,0,0,0
CPD,0,0,0,0,0,0,0,0,0,1.540903575,0.903929473,2.251195448,0.970922069,0,0,2.620025286,2.263052434,2.644053871,0,0,0,0,0.90705003,0.958592587,1.473143559,1,3.789613418,3.399164795,3.913226003,3.875236924,4.875207947,2.886554086,3.309356743,0,0,0,0,0
CPNE1,3.693731392,3.628251645,3.326158875,2.268089723,2.271827737,1.880020556,1.839113208,1.51783371,0,2.529675346,2.164986415,1.526262086,0,0,0,0,0,0,0,1.05142317,0,0,0,0,0,0,4.646978729,4.54121905,4.554934114,4.477120642,3.385355532,0,0,2.7307681,0,0,0,0
CPNE2,0,0,0,0,0,0,0,0,0,0,0,0,0,0,0,0,0,0,0,0,0,0,0,0,0,0,3.172816473,3.77960348,3.615041015,3.338612139,0,0,1.989531496,0,0,0,0,0
CPNE3,2.993641837,3.388364695,3.068269276,0,0,0,0,0.9499485,0,1.540903575,1.455392216,1.526262086,0,0,0,0,0,0,0,0,0,0,0,0,0,0,4.975841682,4.8103507,4.86453437,4.900544903,3.385355532,0,3.309356743,1.933211842,4.125209993,4.272170993,4.716298833,4.016906216
CPOX,0,0,0,1.540237874,1.953082406,2.193583806,2.621946525,3.230546315,2.992305255,1.540903575,2.638521785,2.251195448,3.40611886,3.367259864,3.328436075,3.497640075,3.255521121,3.765752776,1.098576504,1.05142317,2.856411626,2.338300494,3.629670641,3.383238525,3.428871228,3.169925001,0,0,0,0,0,0,0,1.933211842,2.69678497,0,0,0
CPPED1,0,0,0,0,0,0.921132385,1.839113208,2.911236342,2.636470024,0,0,0,0,0,0,2.031594606,1.944875303,2.378701702,0,0,0,0,2.644143159,2.5152748,2.661928568,2.584962501,0,0,0,0,0,0,0,0,0,0,0,0
CPSF1,4.16306102,4.096022377,4.533749939,3.109978656,3.114149002,2.669391044,0,0,0,0,0.903929473,0,0,0,0,0,0,0,0,0,0,0,0,0,0,0,0,0,0,0,0,0,0,0,0,0,0,0
CPSF2,2.316116017,2.259576362,2.754024153,1.949586033,2.271827737,1.47881758,1.442864021,0.9499485,0,0.96708259,0.903929473,0,0,0,0,0,0,0,0,0,0,0,0,0,0,0,0,0,0,0,0,0,0,0,0,0,0,0
CPSF3,0.996370196,0.961347078,1.401468483,0.966587184,0.968891745,0.921132385,0.894759661,0.9499485,1.453839514,0,0,0,0,0,0,0,0,0,0,0,0,0,0,0,0,0,0,0,0,0,0,0,0,0,0,0,0,0
CPSF6,0,0.961347078,1.791837015,0.966587184,2.753608502,2.193583806,3.261982234,2.911236342,3.401423861,0,1.455392216,0.956200116,0.970922069,0,0,0,0,0,0,0,0,1.234105921,0,0,0,0,0,0,0,0,0,0,0,0,0,0,0,0
CPSF7,0.996370196,0.961347078,1.791837015,0.966587184,0.968891745,0.921132385,1.442864021,1.51783371,0.90279184,0,0,0,0,0,0,0,0,0,0,0,0,0,0,0,0,0,0,0,0,0,0,0,0,0,0,0,0,0
CPT1A,0,0,0,0,0,0,0,0,0,0.96708259,0.903929473,0.956200116,0,0,0,0,0,0,0,0,0,0,0,0,0,0,0,2.064647663,1.266997295,1.333072201,0,0,1.989531496,1.933211842,0,0,0,0
CREBBP,0,0,0,0,0,0,0,0,0,0,0,0,0,0,0,0,0,0,0,0,0,0,0,0,0,0,0,0,0,0,0,0,0,0,0,0,0,0
CREG1,0,0,0,0.966587184,0.968891745,0.921132385,1.442864021,0.9499485,2.992305255,0.96708259,0.903929473,0.956200116,0.970922069,1.025359956,1.003619168,2.355604609,1.944875303,2.378701702,1.098576504,1.05142317,1.168913826,0,3.150050254,3.383238525,3.018820504,3.807354922,1.380514028,0,0,1.333072201,2.053047961,2.886554086,1.989531496,1.933211842,2.69678497,0,2.598717113,0
CRELD1,0,0,0,0,0,0,0,0,0,0,0,0,0,0,0,0,0,0,0,0,0,0,1.459649025,0.958592587,0.916958742,2.807354922,0,0,0,0,0,0,0,0,0,0,0,0
CRELD2,0,0,0,0,0,0,0,0.9499485,0.90279184,0,0,0,0,0,0,1.61308057,1.944875303,1.632427638,0,0,0,0,1.858228386,2.2550935,2.186666421,1.584962501,0,0,0,0,0,0,0,0,0,0,0,0
CRIM1,0,0,0,0,0,0,1.442864021,2.240990417,1.851615862,0,0,0,0.970922069,1.618677671,2.005425354,2.031594606,1.944875303,2.053289965,4.085769758,3.08882233,4.20773121,3.387705307,0,0,0,0,0,0,0,0,0,0,0,0,0,0,0,0
CRK,1.58012073,1.533191662,0.864613417,0,0,0,0,0,0.90279184,0,0,0,0,0,0,0,0,0,0,0,0,0,1.459649025,0.958592587,1.873574051,1.584962501,3.947899965,3.399164795,3.615041015,3.717549031,2.053047961,0,0,0,0,0,0,0
CRKL,1.994551864,1.533191662,0,0,0,0,0,0,0,0,0,0,0,0,0,0,0,0,0,0,0,0,2.170190716,1.937434512,1.873574051,1.584962501,3.611795418,3.163224167,3.005940259,2.474606879,0,0,0,0,0,0,0,0
CRYBG1,2.578907744,2.519953374,2.754024153,0,0,0,0,0,0,0,0,0,0,0,0,0,0,0,0,0,0,0,0,0,0,0,0,0,0,0,0,0,0,0,0,0,0,0
CRYL1,2.578907744,2.740444656,2.56684197,3.398093484,2.945112293,3.026589061,3.126593151,3.367096615,3.812006199,4.107103517,3.90096226,3.724923947,2.757142261,3.367259864,3.006327599,3.207295283,2.935479543,3.232871055,2.745703037,3.413209566,2.246490367,2.338300494,1.459649025,2.735625828,2.186666421,0,0,0,0,0,0,0,0,0,0,0,0,0
CRYZ,1.58012073,1.533191662,2.098758683,1.540237874,0.968891745,2.669391044,2.810463839,2.911236342,2.992305255,3.639070203,3.403637312,3.378779227,2.536168495,2.626984775,2.590989414,2.355604609,1.944875303,1.632427638,1.098576504,2.403347751,1.806054709,2.680193992,0.90705003,1.937434512,1.473143559,0,0,0,0,0,0,0,0,0,0,0,0,0
CS,3.693731392,3.513288396,4.252380623,3.109978656,2.753608502,3.312666648,3.261982234,3.367096615,3.515531724,2.529675346,3.279702347,3.916753108,4.403400798,4.692160027,4.46633308,4.684174691,4.972714701,4.92622701,0,0,0,0,5.566388451,5.240051349,5.387294247,5.247927513,0,0,0,0,0,0,0,2.7307681,0,0,0,0
CSDE1,0,0,0,0,0,0,0,0,0,0,0,0,0,0,0,0,0,0,0,0,0,0,0,0,0,0,0,0,0,0,0,0,0,0,0,0,0,0
CSE1L,5.350460965,5.245570117,5.475900045,5.577622219,5.430379038,5.455914002,4.875627918,4.945688145,5.417672603,5.394376531,5.5598357,5.235249303,4.587498857,4.295606161,4.650796994,3.036793753,2.744180469,2.868099561,3.760834352,4.265567955,3.753201815,4.66348089,2.170190716,3.095469549,3.168830955,1,0,0,1.266997295,0,0,0,0,0,0,0,0,0
CSF2RA,0,0,0,0,0,0,0.894759661,1.51783371,1.453839514,0,0,0,0,0,0,0,0,0,0,0,0,0,0,0,0,0,0,0,0,0,0,0,0,0,0,0,0,0
CSK,1.58012073,1.533191662,1.791837015,0,0.968891745,0,0,0,0,0.96708259,0,0,0,0,0,0,0,0,0,0,0,0,0.90705003,0.958592587,0.916958742,0,0,1.373875901,1.931003366,1.333072201,0,0,0,0,0,0,0,0
CSNK1A1,2.801126798,2.740444656,2.098758683,0,0,0,0,0,0.90279184,0.96708259,0,0,0,0,0,0,0,0,0,0,0,0,0,0,0,0,2.89033867,3.163224167,3.439119207,3.103821595,0,0,0,0,0,0,0,0
CSNK1E,0.996370196,0.961347078,1.401468483,0,0,0,0,0,0,0,0,0,0,0,0,0,0,0,0,0,0,0,0,0,0,0,0,0,1.266997295,1.333072201,0,0,0,0,0,0,0,0
CSNK1G2,0.996370196,0,0.864613417,0,0,0,0,0,0,0,0,0,0,0,0,0,0,0,0,0,0,0,0,0,0,0,3.947899965,3.163224167,3.005940259,3.338612139,0,0,0,0,0,0,0,0
CSNK1G3,0,0,0,0,0,0,0,0,0,0,0,0,0,0,0,0,0,0,0,0,0,0,0,0,0,0,1.380514028,1.373875901,1.931003366,1.333072201,0,0,0,0,0,0,0,0
CSNK2A1,2.993641837,3.251589451,2.754024153,1.540237874,1.953082406,0.921132385,0,0,0,2.941892081,2.421096055,2.731434726,1.956160331,1.618677671,2.005425354,1.61308057,0,1.03574445,2.972434909,3.08882233,3.457776598,3.387705307,0,0,0,0,2.072868086,2.064647663,2.383995806,2.823248847,0,0,1.989531496,1.933211842,5.653976914,6.870848041,6.442563959,6.602802167
CSNK2A2,1.994551864,1.533191662,0.864613417,0,0,0,0,0,0,1.540903575,0.903929473,0.956200116,0,1.025359956,1.003619168,0,0,0,1.098576504,1.05142317,1.168913826,2.338300494,0,0,0,0,0,0,0,0,0,0,0,0,0,0,3.474430172,0
CSNK2B,1.994551864,2.259576362,1.791837015,0,0.968891745,0,0,0,0,1.540903575,1.853383544,1.526262086,0.970922069,0,1.589786044,0,0,0,1.714955817,1.653127323,3.085856525,2.9563868,0,0,0,0,0,0,0,1.333072201,0,0,0,0,0,2.829306972,4.015464754,2.600000002
CSRP1,0,0,0,0,0,0,0,0,0,0.96708259,1.853383544,0.956200116,0,1.025359956,0,0,0,0,0,0,0,0,0,0,0,0,0,0,0,0,0,0,0,0,0,0,0,0
CST3,0,0.961347078,0,1.540237874,0.968891745,2.451014583,4.695977305,4.487453229,4.331488349,2.750456577,2.164986415,2.511206051,4.643990279,4.507465521,4.530477672,4.209599094,4.100158116,4.066310474,2.972434909,2.669676924,3.283768429,2.680193992,5.939915272,5.344237295,5.356351177,5.584962501,1.380514028,1.373875901,1.266997295,0,2.053047961,4.732273583,4.446094835,4.557799622,4.519429818,4.272170993,3.474430172,2.600000002
CST7,0,0.961347078,0,0.966587184,0.968891745,0.921132385,2.149649735,1.51783371,1.851615862,0.96708259,0.903929473,0.956200116,0.970922069,1.025359956,1.003619168,1.021139762,1.53606782,1.03574445,0,0,0,0,1.459649025,1.529484238,1.473143559,1.584962501,0,0,0,0,0,0,1.989531496,0,2.69678497,2.829306972,2.598717113,0
CSTB,0,0,0,1.540237874,1.543333959,1.880020556,1.839113208,2.240990417,2.163087258,1.540903575,2.421096055,2.251195448,3.117818628,3.214705715,3.176352815,2.843407086,2.935479543,2.868099561,2.145448836,2.669676924,2.583445471,3.18810514,3.629670641,3.623042415,3.747798963,3.807354922,2.538745146,2.529815193,2.383995806,2.474606879,2.053047961,2.069533795,2.795384697,3.916020257,4.519429818,3.724066632,3.474430172,3.475828426
CSTF1,2.316116017,2.259576362,2.351701379,1.949586033,1.953082406,2.451014583,2.405039482,2.500551849,2.636470024,2.268893588,2.421096055,2.251195448,0,1.025359956,1.589786044,0,0,0,0,0,1.168913826,1.889360771,1.858228386,1.529484238,1.473143559,0,0,0,0,0,0,0,0,0,0,0,0,0
CSTF3,0,0.961347078,0.864613417,2.528836668,2.945112293,2.669391044,3.703787505,3.491832663,3.515531724,0.96708259,1.455392216,1.526262086,2.275117866,1.618677671,1.589786044,2.355604609,1.53606782,1.632427638,0,0,0,0,2.170190716,1.529484238,2.186666421,1.584962501,0,0,0,0,0,0,0,0,0,0,0,0
CTBP1,2.801126798,2.740444656,3.202968816,2.528836668,2.532736393,2.859016798,1.839113208,1.924256156,2.636470024,2.529675346,2.638521785,2.251195448,0,0,0,0,0,0,0,0,0,0,0,0,0,0,0,0,0,0,0,0,0,0,0,0,0,0
CTBP2,3.693731392,3.628251645,3.642923751,2.749592966,1.953082406,3.176707196,1.839113208,1.51783371,2.163087258,3.1108756,2.827430592,2.731434726,0,0,0,0,0,0,0,1.05142317,0,1.889360771,0,0,0,0,0,0,0,0,0,0,0,0,0,0,0,0
CTBS,0,0,0,0,0,0,0,0.9499485,1.851615862,0,0,0,0,0,0,1.021139762,1.53606782,1.03574445,0,0,0,0,3.000298925,2.735625828,2.443780137,3,0,0,0,0,0,0,0,0,0,0,0,0
CTDSP1,0.996370196,0.961347078,0,0,0,0,0,0,0,0,0,0,0,0,0,0,0,0,0,0,0,0,0,0,0,0,2.538745146,2.064647663,2.383995806,1.333072201,0,0,0,0,0,0,0,0
CTH,0,0,0,3.109978656,3.265441068,3.43690954,2.405039482,2.240990417,0.90279184,0,0,0,2.536168495,2.850560031,2.590989414,0,0.963485218,1.03574445,0,0,0,0,0,0.958592587,0.916958742,0,0,0,0,0,0,0,0,0,0,0,0,0
CTNNA1,0.996370196,0.961347078,0,0.966587184,0.968891745,0.921132385,2.621946525,2.720458447,2.825330619,0.96708259,1.455392216,1.526262086,1.546060213,0,1.003619168,1.021139762,0.963485218,1.03574445,0,0,0,0,1.459649025,1.937434512,2.186666421,2,0,0,1.266997295,0,0,0,0,0,0,0,0,0
CTNNB1,4.747888606,4.679497284,4.313216014,3.63813725,3.527408274,3.312666648,3.703787505,3.367096615,3.401423861,4.328956263,4.509625417,4.438575266,2.757142261,2.626984775,3.176352815,0,0.963485218,0,3.168326031,3.413209566,3.085856525,4.106705299,0,0,0,0,4.551550277,4.54121905,4.638782042,4.661645673,2.867824406,0,0,0,0,0,0,0
CTNNBL1,0.996370196,0.961347078,1.791837015,0.966587184,1.953082406,0.921132385,1.839113208,1.924256156,0.90279184,0,0,0,0,0,0,0,0,0,0,0,0,0,0,0,0,0,0,0,0,0,0,0,0,0,0,0,0,0
CTNND1,1.58012073,1.941625202,1.401468483,0,0,0,0,0,0,2.268893588,2.164986415,1.933791208,0.970922069,0,1.589786044,0,0,0,0,1.05142317,0,0,0,0,0,0,4.551550277,4.636617942,4.554934114,4.375179769,2.053047961,0,0,0,0,0,0,0
CTPS,0,0,0,0,0,0,0,0,0,0,0,0,0,0,0,0,0,0,0,0,0,0,0,0,0,0,0,0,0,0,0,0,0,0,0,0,0,0
CTPS1,3.452825167,2.740444656,3.642923751,2.268089723,0.968891745,2.669391044,0.894759661,0,1.851615862,3.1108756,3.62351829,3.091114753,0,1.025359956,1.003619168,0,0,0,1.098576504,2.403347751,1.806054709,2.680193992,0,0,0,0,0,0,0,0,0,0,0,0,0,0,0,0
CTPS2,3.315387858,3.100475979,3.821059837,3.109978656,2.532736393,3.026589061,1.442864021,1.51783371,1.453839514,4.184907225,4.133559819,3.824024523,1.956160331,2.362292771,3.006327599,0,0,0,2.145448836,2.669676924,2.583445471,3.387705307,0,0,0,0,0,0,0,0,0,0,0,0,0,0,0,0
CTSA,2.578907744,2.740444656,2.919685889,4.458950855,4.332473679,4.701594989,5.10905563,4.70921893,4.849487895,3.639070203,3.403637312,3.503618698,4.850134093,4.748819682,4.46633308,4.994835424,4.972714701,4.822957165,3.340770694,3.413209566,3.283768429,3.563016736,5.271795808,5.127751754,5.259328812,4.584962501,0,0,0,0,3.385355532,0,2.795384697,3.241403097,0,2.829306972,0,2.600000002
CTSB,0,0,0,1.949586033,2.532736393,3.43690954,3.795922944,3.712975173,3.980443085,1.540903575,1.853383544,2.922454862,3.752877906,4.21745889,3.814069025,4.684174691,4.321949729,4.314920033,3.633934435,3.260114038,3.085856525,0,3.907209447,3.921359802,4.008829657,4.584962501,0,0,0,0,2.867824406,0,1.989531496,0,0,0,0,0
CTSC,3.900107558,3.628251645,3.902505716,5.182130284,5.260632442,4.93020905,6.013198904,5.830565195,5.930925631,4.743183871,4.563770935,4.772170812,6.836567585,6.259067252,6.292539045,5.532907712,6.17494814,5.876748273,4.179630012,4.094962341,4.30205236,4.317084986,7.416081391,7.096467271,7.213636177,7.392317423,2.538745146,2.064647663,1.266997295,1.333072201,3.76545739,3.404975348,5.509892249,5.435817649,6.471461801,4.668420179,5.373641915,5.375141293
CTSF,1.994551864,0.961347078,2.754024153,2.268089723,2.532736393,2.669391044,0.894759661,0.9499485,1.453839514,0,0,0,0,0,0,0,0,0,0,0,0,0,0,0,0,0,0,0,0,0,0,0,0,0,0,0,0,0
CTSH,4.747888606,4.731858388,4.769097515,4.74220736,4.640008333,4.651179586,5.035364569,5.030394601,5.12588017,0,0,0,0,0,0,1.021139762,0,1.632427638,0,0,0,0,0.90705003,0.958592587,1.473143559,1.584962501,0,0,0,0,0,0,0,0,0,0,0,0
CTSL2,0,0,0,0,0,0,0,0,0,0,0,0,0,0,0,0,0,0,0,0,0,0,0,0,0,0,0,0,0,0,0,0,0,0,0,0,0,0
CTSS,0,0,0,3.109978656,2.945112293,3.551296021,4.376005728,4.295434599,3.980443085,0,0,0.956200116,1.546060213,2.037874702,1.589786044,3.497640075,3.392338026,3.523776826,0,0,0,0,3.523873876,3.828609566,3.428871228,3.906890596,0,0,0,0,0,0,0,0,0,0,0,0
CTSV,0,0,2.098758683,1.540237874,2.271827737,2.193583806,3.703787505,3.606636986,3.812006199,1.540903575,0.903929473,0.956200116,1.546060213,2.037874702,1.589786044,2.031594606,1.944875303,1.632427638,0,1.05142317,1.168913826,0,0,1.529484238,0.916958742,0,0,0,0,0,0,2.069533795,1.989531496,0,4.125209993,2.829306972,4.408026318,4.409490401
CTSZ,0,0,0.864613417,2.941009732,2.532736393,3.026589061,3.703787505,3.812010579,3.980443085,0,1.455392216,1.526262086,1.546060213,2.037874702,2.005425354,3.359759433,3.392338026,3.385643851,0,0,0,0,3.523873876,3.508117252,3.543195199,3.584962501,0,0,0,0,2.053047961,0,0,0,0,0,0,0
CUL1,2.993641837,2.931662233,2.919685889,4.689831351,4.846130027,4.701594989,3.605364131,3.904682107,3.515531724,3.399011692,3.62351829,2.922454862,2.948722432,2.626984775,3.176352815,0,0,0,1.098576504,2.669676924,2.583445471,3.387705307,0,0,0,0,0,0,0,0,0,0,0,1.933211842,0,0,0,0
CUL2,0.996370196,0.961347078,2.754024153,3.261216432,2.753608502,3.43690954,3.385748712,3.230546315,2.992305255,2.750456577,2.638521785,2.251195448,1.956160331,1.025359956,2.005425354,0,0,0,0,1.05142317,0,2.338300494,0,0,0,0,0,0,0,0,0,0,0,0,0,0,0,0
CUL3,0.996370196,0,0,1.949586033,2.532736393,2.669391044,1.839113208,2.240990417,1.851615862,1.950337883,1.455392216,1.526262086,0,0,0,0,0,0,0,0,0,0,0,0,0,0,0,0,1.266997295,0,0,0,0,0,0,0,0,0
CUL4A,4.385395623,4.317777446,4.533749939,4.458950855,4.399449,4.238176971,3.261982234,3.606636986,2.992305255,3.844824317,3.90096226,3.724923947,2.948722432,3.505214095,3.707114185,0,0,0,2.745703037,2.669676924,2.856411626,3.387705307,0,0,0,0,0,0,1.266997295,0,0,0,0,0,0,0,0,0
CUL4B,0,0,1.401468483,3.936702387,4.188405325,3.756000002,2.149649735,2.500551849,1.851615862,3.262125066,3.62351829,2.731434726,2.536168495,1.618677671,2.813553664,0,0,0,1.098576504,1.05142317,1.806054709,2.338300494,0,0,0,0,0,0,0,0,0,0,0,0,0,0,0,0
CUL5,0.996370196,0.961347078,0.864613417,1.540237874,0,0,0.894759661,0.9499485,0.90279184,0,0,0,0.970922069,0,0,0,0,0,0,0,0,0,0,0,0,0,0,0,0,0,0,0,0,0,0,0,0,0
CUTA,0,0,0,0,0,0,0.894759661,1.51783371,1.851615862,0,0,0,0,0,0,2.355604609,2.523580768,2.053289965,0,0,0,0,2.170190716,2.735625828,2.661928568,3,0,0,0,0,0,0,0,0,0,0,0,0
CUTC,0,0,0,0,0,0,0,0.9499485,1.453839514,0,0,0,1.546060213,0,1.003619168,1.61308057,1.944875303,1.632427638,0,0,0,0,2.644143159,2.5152748,2.85138244,3,0,0,0,0,0,0,0,0,0,0,0,0
CUX1,0,0,0,0,0,0,0,0,0,0,0,0,0,0,0,0,0,0,1.714955817,1.05142317,2.583445471,0,0,0,0,0,0,0,0,0,0,0,0,0,0,0,0,0
CWC22,0,0,1.401468483,0,0,0,0,0,0,0,0,0,0,0,0,0,0,0,0,0,0,0,0,0,0,0,0,0,0,0,0,0,0,0,0,0,0,0
CXADR,2.316116017,2.259576362,2.351701379,0,0,0,0,0,0,1.950337883,0.903929473,1.526262086,0,0,0,0,0,0,0,0,0,1.889360771,0.90705003,0.958592587,0.916958742,1,5.047548164,4.965392779,4.86453437,5.040327289,5.850417365,5.299029246,5.308304169,5.234485315,0,0,0,0
CXCL16,0,0,0,0,0,0,1.442864021,1.924256156,0,0,0,0,0,0,0,2.031594606,1.53606782,1.632427638,0,0,0,0,1.858228386,0.958592587,1.473143559,0,0,0,0,0,0,0,0,0,0,0,0,0
CXorf26,0,0,0,0,0,0,0,0,0,0,0,0,0,0,0,0,0,0,0,0,0,0,0,0,0,0,0,0,0,0,0,0,0,0,0,0,0,0
CYC,0,0,0,0,0,0,0.894759661,1.51783371,1.453839514,0,0.903929473,0.956200116,0,0,0,2.355604609,2.523580768,2.053289965,0,0,0,1.234105921,3.523873876,3.246517199,3.304702086,3.700439718,1.380514028,2.064647663,1.931003366,1.333072201,2.053047961,0,1.989531496,1.933211842,3.581002772,0,2.598717113,2.600000002
CYFIP1,5.278320292,5.281144986,5.114988251,5.063641734,5.026450493,4.598938406,1.839113208,1.924256156,1.851615862,4.743183871,4.807654825,4.438575266,2.275117866,2.626984775,2.327714414,0,0,0,2.476571387,2.894418153,2.856411626,4.106705299,0,0,0,0,5.360725261,5.559434016,5.567358369,5.339993805,3.76545739,0,1.989531496,2.7307681,0,0,0,0
CYP2S1,0,0,0,0,0,0,0,0,0,2.268893588,0.903929473,0.956200116,0,0,0,0,0,0,0,0,0,0,0,0,0,0,2.072868086,2.529815193,2.383995806,3.338612139,0,2.069533795,3.986902457,3.916020257,3.581002772,0,0,0
CYRIB,2.316116017,2.259576362,1.401468483,0,0,1.880020556,2.810463839,3.230546315,3.898681406,0.96708259,1.455392216,1.526262086,0,0,0,2.355604609,2.523580768,2.378701702,0,0,0,1.234105921,3.285708808,3.729484261,3.428871228,1.584962501,3.611795418,3.399164795,3.913226003,3.540486385,3.385355532,0,0,0,0,0,0,0
D2HGDH,0,0,0,0,0,0,0,0,0,1.540903575,1.853383544,1.526262086,1.546060213,1.618677671,1.589786044,1.021139762,0.963485218,1.03574445,0,1.05142317,0,1.234105921,0.90705003,0.958592587,1.473143559,0,0,0,0,0,0,0,0,0,0,0,0,0
DAAM1,0,0,0,0,0,0,0,0,0,0,0,0,0,0,0,0,0,0,0,0,0,0,0,0,0,0,0,1.373875901,2.728226634,2.474606879,0,0,0,0,0,0,0,0
DAG1,2.801126798,3.100475979,2.098758683,1.540237874,0.968891745,2.859016798,5.072680554,5.070952959,4.507288193,0.96708259,2.421096055,3.242104959,1.546060213,1.618677671,1.589786044,5.170074778,5.137525649,4.822957165,5.229813011,4.620387821,5.217396799,3.719314538,4.276448399,4.379321162,4.15982985,4.754887502,2.072868086,2.529815193,1.931003366,2.013916734,2.053047961,0,0,0,0,0,3.474430172,2.600000002
DAGLB,0.996370196,0.961347078,0.864613417,0,0,0,0,0,0,0.96708259,0.903929473,0.956200116,0,0,0,0,0,0,0,0,0,0,0,0,0,0,0,0,0,2.474606879,0,0,0,0,0,0,0,0
DAK,0,0,0,0,0,0,0,0,0,0,0,0,0,0,0,0,0,0,0,0,0,0,0,0,0,0,0,0,0,0,0,0,0,0,0,0,0,0
DARS,0,0,0,0,0,0,0,0,0,0,0,0,0,0,0,0,0,0,0,0,0,0,0,0,0,0,0,0,0,0,0,0,0,0,0,0,0,0
DARS1,4.747888606,4.782385471,4.769097515,4.458950855,4.399449,4.094642998,3.126593151,2.500551849,2.825330619,4.579976752,4.394828067,4.307709643,3.117818628,3.631120459,3.91363905,0,0,0,3.340770694,3.677881073,3.283768429,3.719314538,0,0,0,0,0,0,0,0,0,0,0,0,0,0,0,0
DAZAP1,0,0,1.401468483,0,0,0.921132385,0,0.9499485,1.851615862,0,0,0,0,0,0,0,0,0,0,0,0,0,0,0,0,0,0,0,0,0,0,0,0,0,0,0,0,0
DBI,0,0,0,0,0,0,0,0,0,0,0,0,0,0,0,0,0.963485218,0,0,0,0,0,1.459649025,2.5152748,2.186666421,2,0,0,0,0,0,0,0,0,0,0,0,0
DBNL,0,0,0,0,0,0,0,0,0,0,0,0,0,0,0,0,0,0,0,0,0,0,0,0,0,0,0,0,0,0,0,0,0,0,0,0,0,0
DBR1,0.996370196,0,2.351701379,0,0,0,0,0,0,0,0,0,0,0,0,0,0,0,0,0,0,0,0,0,0,0,0,0,0,0,0,0,0,0,0,0,0,0
DCAF11,0,0,0,0,0,0,0,0,0,0,0,0,0,0,0,0,0,0,0,0,0,0,0,0,0,0,0,0,0,0,0,0,0,0,0,0,0,0
DCAF7,0.996370196,0.961347078,1.401468483,0,0,0,0,0,0,0.96708259,0.903929473,0.956200116,0,0,0,0,0,0,0,0,0,0,0,0,0,0,0,0,0,0,0,0,0,0,0,0,0,0
DCBLD1,0,0,0,0,0,0,1.839113208,1.51783371,1.453839514,0,0,0,0,0,0,0,0,0,0,0,0,0,0,0,0,0,0,0,0,0,0,0,0,0,0,0,0,0
DCBLD2,0,0,0,0,0,0,1.442864021,1.924256156,0,0,0,0,0,0,0,0,0,0,0,0,0,0,1.858228386,0,0,1,0,0,0,0,0,0,0,0,0,0,0,0
DCD,0,0,0,0,0,0,0,0,0,0,0,0,0,0,0,0,0,0,0,0,0,0,0,0,0,0,0,0,0,0,0,0,0,0,0,0,0,0
DCK,2.993641837,2.740444656,2.919685889,0,0.968891745,0,0,0,0,1.540903575,1.455392216,0.956200116,0,0,0,0,0,0,0,0,0,0,0,0,0,0,0,0,0,0,0,0,0,0,0,0,0,0
DCPS,2.578907744,2.519953374,2.098758683,3.261216432,3.265441068,2.859016798,3.499731284,3.812010579,3.277509632,0.96708259,2.421096055,2.511206051,2.948722432,2.626984775,2.813553664,3.359759433,3.255521121,3.385643851,0,0,0,0,3.989004793,3.508117252,3.543195199,3.807354922,0,0,0,0,0,0,0,0,0,0,0,0
DCTD,0.996370196,0,0.864613417,0.966587184,0.968891745,0.921132385,1.442864021,0.9499485,1.453839514,0,0,0.956200116,0,0,0,0,0,0,0,0,0,0,0.90705003,0.958592587,1.473143559,0,0,0,0,0,0,0,0,0,0,0,0,0
DCTN1,2.578907744,2.259576362,2.56684197,1.949586033,1.953082406,2.193583806,2.621946525,2.500551849,1.453839514,2.750456577,2.9944429,2.731434726,1.956160331,3.044091598,2.327714414,1.021139762,1.53606782,2.053289965,3.87746897,3.08882233,3.880945927,2.338300494,0.90705003,0.958592587,0.916958742,0,0,0,0,0,0,0,0,0,0,0,0,0
DCTN4,0,0,0,0,0,0,0,0,0,0,0,0,0,0,0,0,0,0,0,0,0,0,0,0,0,0,0,0,0,0,0,0,0,0,0,0,0,0
DCTPP1,0,0,0,1.540237874,2.271827737,2.193583806,2.405039482,2.720458447,2.825330619,0,1.853383544,2.251195448,1.956160331,2.362292771,2.327714414,2.620025286,2.744180469,2.378701702,0,0,0,0,2.426542826,2.926737964,3.168830955,2.807354922,0,0,0,0,0,0,0,0,0,0,0,0
DCUN1D1,0,0,0,0,0,0,0.894759661,0,2.825330619,0,0,0.956200116,0,0,0,0,0,0,0,0,0,0,0,0,0,0,0,0,0,0,0,0,0,0,0,0,0,0
DCUN1D3,0,0,0,0,0,0,0,0,0,0,0,0,0,0,0,0,0,0,0,0,0,0,0,0,0,0,2.072868086,2.529815193,1.931003366,1.333072201,0,0,0,0,0,0,0,0
DCXR,0.996370196,0,1.401468483,0.966587184,0,1.47881758,1.442864021,1.51783371,2.163087258,0.96708259,0.903929473,0.956200116,1.546060213,1.618677671,1.003619168,1.021139762,0.963485218,1.03574445,0,0,0,0,2.644143159,2.2550935,2.85138244,2.321928095,0,0,0,0,0,0,0,0,0,0,0,0
DDAH1,1.58012073,0.961347078,0.864613417,0,0,0.921132385,2.977170172,3.812010579,4.267782425,0,1.455392216,1.526262086,0,0,0,3.739228165,3.517296477,3.649832041,0,0,0,0,4.459757716,4.312393749,4.008829657,4.584962501,4.339375044,4.329116984,4.16021177,4.146756747,0,0,0,0,0,0,0,0
DDAH2,0,0,0.864613417,0,0,0,0,0,1.851615862,0,0.903929473,1.526262086,0,0,0,2.031594606,2.263052434,2.378701702,0,0,0,0,3.150050254,2.926737964,3.168830955,3.584962501,4.220308535,3.77960348,3.913226003,3.717549031,2.053047961,0,0,0,0,0,0,0
DDB1,3.578300868,4.173790108,3.902505716,5.634152546,5.582239392,5.747453461,5.10905563,5.326816141,4.849487895,4.521196453,4.509625417,4.558551138,5.497110165,5.475396915,5.59204154,5.326315303,5.137525649,5.316737246,3.87746897,3.793987451,4.106809436,4.411787418,5.170257136,5.166164454,5.259328812,5.209453366,0,0,0,0,2.867824406,0,5.073900853,4.72090243,2.69678497,2.829306972,4.015464754,2.600000002
DDB2,0,0,1.401468483,2.941009732,2.753608502,3.43690954,0,0.9499485,0,0,0,0,0.970922069,0,1.003619168,0,0,0,0,0,0,0,0,0,0,0,0,0,0,0,0,0,0,0,0,0,0,0
DDC,0,0,0,2.528836668,2.945112293,3.43690954,3.126593151,3.230546315,3.277509632,0,0,0,0,0,0,0,0,0,0,0,0,0,1.459649025,0,1.473143559,1,0,0,0,0,0,0,0,0,0,0,0,0
DDR1,2.801126798,2.519953374,0.864613417,1.540237874,1.953082406,1.880020556,4.251363295,4.295434599,3.277509632,0,0,2.251195448,0.970922069,0,1.003619168,3.846371158,3.738788903,3.765752776,0,0,0,0,4.066410421,4.09068599,3.926957113,4.584962501,2.89033867,3.163224167,3.238727139,3.103821595,2.867824406,0,0,0,0,0,0,0
DDT,0.996370196,0.961347078,0.864613417,0.966587184,0.968891745,0.921132385,2.405039482,2.240990417,2.419108186,1.950337883,1.853383544,1.933791208,0.970922069,0,0,0,0,0,1.098576504,1.653127323,0,1.889360771,1.858228386,1.529484238,0.916958742,1.584962501,1.380514028,1.373875901,1.266997295,0,0,0,0,0,0,0,0,0
DDX1,4.080622667,3.628251645,4.371589565,3.109978656,3.114149002,3.935234957,3.261982234,3.367096615,4.392499739,4.459919147,4.509625417,4.086043188,0,1.025359956,0,0,0.963485218,1.03574445,1.098576504,1.05142317,1.806054709,1.234105921,0.90705003,0,0,0,1.380514028,1.373875901,1.266997295,1.333072201,0,0,0,0,0,2.829306972,4.408026318,2.600000002
DDX17,4.385395623,4.247579354,5.044971775,2.941009732,3.402362581,3.756000002,2.810463839,2.911236342,3.719788928,4.024863517,3.62351829,3.242104959,0.970922069,1.025359956,0,0,0,0,1.098576504,1.653127323,0,1.889360771,0,0,0,0,0,0,0,0,0,0,0,0,0,0,0,0
DDX18,0,0,2.754024153,0,0,0,0,0,0,0,0,0,0,0,0,0,0,0,0,0,0,0,0.90705003,0,0,0,0,0,0,0,0,0,0,0,0,0,0,2.600000002
DDX19A,0.996370196,0,1.401468483,0,0,0,0,0,0.90279184,0.96708259,0.903929473,0,0,0,0,0,0,0,0,1.05142317,0,0,0,0,0,0,0,0,0,0,0,0,0,0,0,0,0,0
DDX19B,1.58012073,2.259576362,3.068269276,0.966587184,0,0.921132385,0,0,0,2.941892081,2.164986415,0.956200116,0,1.025359956,0,0,0,0,0,0,0,0,0,0,0,0,0,0,0,0,0,0,0,0,0,0,0,0
DDX21,2.801126798,2.519953374,3.326158875,2.749592966,2.753608502,2.859016798,0.894759661,1.51783371,2.419108186,1.950337883,1.455392216,0.956200116,0,0,0,0,0,0,0,0,0,0,0,0,0,0,0,0,0,0,0,0,0,0,0,0,0,0
DDX23,0,0.961347078,1.791837015,0.966587184,0.968891745,1.47881758,1.442864021,0,1.851615862,0,0,0,0,0,0,0,0,0,0,0,0,0,0,0,0,0,0,0,0,0,0,0,0,0,0,0,0,0
DDX27,0.996370196,0.961347078,1.791837015,0,0,0,0,0,0,0,0,0,0,0,0,0,0,0,0,0,0,0,0,0,0,0,0,0,0,0,0,0,0,0,0,0,0,0
DDX39A,1.994551864,1.533191662,2.351701379,1.540237874,1.543333959,1.47881758,2.149649735,1.51783371,2.163087258,1.540903575,2.164986415,1.526262086,0,0,0,0,0,0,0,0,0,0,0,0,0,0,0,0,0,0,0,0,0,0,0,0,0,0
DDX39B,3.452825167,3.628251645,3.544865169,3.63813725,3.749037927,4.094642998,3.795922944,4.073877018,4.892364797,2.750456577,2.9944429,2.511206051,2.536168495,2.850560031,2.813553664,3.497640075,3.392338026,3.061983348,2.145448836,2.669676924,2.246490367,3.18810514,3.150050254,3.383238525,3.428871228,2.807354922,0,0,0,0,0,0,0,0,0,0,0,0
DDX3X,3.578300868,3.628251645,3.979598316,1.949586033,1.543333959,2.193583806,0.894759661,1.51783371,1.453839514,3.639070203,3.814276912,3.378779227,0,1.025359956,1.589786044,0,0,0,1.098576504,1.05142317,1.168913826,1.889360771,0,0,0,0,2.538745146,3.399164795,3.005940259,3.103821595,0,0,0,0,0,0,0,0
DDX42,0,0,0,0,0,0,3.261982234,3.712975173,3.621272161,0,0,0,0,0,0,0,0,0,0,0,0,0,0,0.958592587,1.473143559,2.321928095,0,0,0,0,0,0,0,0,0,0,0,0
DDX46,1.994551864,0.961347078,2.919685889,0.966587184,0.968891745,0.921132385,0,0,0,0,0.903929473,0.956200116,0,0,0,0,0,0,0,1.05142317,0,0,0,0,0,0,0,0,0,0,0,0,0,0,0,0,0,0
DDX5,3.315387858,3.100475979,3.734739458,1.949586033,0.968891745,1.47881758,1.442864021,0.9499485,2.825330619,1.950337883,1.455392216,0.956200116,0,0,0,0,0,0,0,0,0,0,0,0,0,0,0,0,0,0,0,0,0,0,0,0,0,0
DDX6,2.801126798,2.931662233,4.052779486,2.268089723,2.753608502,2.669391044,2.621946525,2.500551849,3.277509632,2.529675346,2.827430592,2.251195448,1.546060213,1.025359956,1.003619168,0,0,0,0,0,0,1.889360771,0.90705003,0,0,0,0,0,0,0,0,0,0,0,0,0,0,0
DECR1,0,0,1.401468483,0,0,0,0,0,0,0.96708259,0.903929473,0.956200116,0,0,0,0,0,0,0,0,0,0,0,0,0,0,0,0,0,0,0,0,0,0,0,0,0,0
DEK,0,0,2.098758683,1.949586033,1.543333959,3.026589061,1.442864021,1.924256156,1.851615862,2.529675346,2.164986415,1.933791208,1.546060213,1.025359956,1.589786044,0,0,0,0,0,0,0,0,0,0,0,0,0,0,0,0,0,0,0,2.69678497,0,4.408026318,0
DENND4C,0.996370196,0,0.864613417,0,0,0,0,0,0,1.540903575,1.853383544,0.956200116,0,0,0,0,0,0,0,0,1.168913826,1.234105921,0,0,0,0,0,0,0,0,0,0,0,0,2.69678497,0,0,2.600000002
DENR,0,0,0,0,0,0,0.894759661,0,0.90279184,0.96708259,0.903929473,1.933791208,0,1.025359956,0,0,0,0,0,0,0,0,0,0,0,0,0,0,0,0,0,0,0,0,0,0,0,0
DERA,3.452825167,3.388364695,3.642923751,3.109978656,3.265441068,3.65727565,0,0,0,3.262125066,3.144111598,2.922454862,0,0,1.003619168,0,0,0,2.145448836,2.894418153,2.856411626,3.563016736,0,0,0,0,0,0,0,0,0,0,0,0,0,0,0,0
DHCR7,0,0,0,0,0,0,0,0,0,0,1.455392216,0,0,0,0,0,0,0,0,0,0,0,0,0,0,0,0,2.064647663,1.931003366,1.333072201,0,2.069533795,2.795384697,1.933211842,2.69678497,0,0,0
DHPS,0,0,0,1.949586033,0.968891745,1.47881758,1.442864021,1.924256156,0,1.950337883,1.853383544,0.956200116,0,1.025359956,1.003619168,1.61308057,1.53606782,1.632427638,0,0,0,0,0,0,0.916958742,0,0,0,0,0,0,0,0,0,0,0,0,0
DHRS11,0,0,1.791837015,0,0,0,0,0,0,0,0,0,0,0,0,0,0,0,0,0,0,0,0,0,0,0,0,0,0,0,0,0,0,0,0,0,0,0
DHX15,4.899864715,4.968462577,5.214026639,4.39495704,4.262237099,4.488413743,3.499731284,3.812010579,3.812006199,4.184907225,4.060116522,3.503618698,2.275117866,2.850560031,2.813553664,0,0,0,2.145448836,2.894418153,2.246490367,2.9563868,0,0,0,0,0,0,0,0,0,0,0,0,0,0,0,0
DHX16,1.58012073,0.961347078,1.791837015,0,0,0,0,0,0,0,0,0,0,0,0,0,0,0,0,0,0,0,0,0,0,0,0,0,0,0,0,0,0,0,0,0,0,0
DHX29,1.58012073,1.533191662,2.098758683,0.966587184,0,0,0,0,0,0,0,0,0,0,0,0,0,0,0,0,0,0,0,0,0,0,0,0,0,0,0,0,0,0,0,0,0,0
DHX30,1.994551864,1.533191662,1.791837015,0,0,0,0,0,0,0.96708259,0,0,0,0,0,0,0,0,0,0,0,0,0,0,0,0,0,0,0,0,0,0,0,0,0,0,0,0
DHX36,2.578907744,2.259576362,3.068269276,2.749592966,2.532736393,2.193583806,0.894759661,0,0.90279184,0.96708259,0.903929473,0.956200116,0,0,0,0,0,0,0,0,0,0,0,0,0,0,0,0,0,0,0,0,0,0,0,0,0,0
DHX8,0,0,0,0,0,0,0,0,0,0,0,0,0,0,0,0,0,0,0,0,0,0,0,0,0,0,0,0,0,0,0,0,0,0,0,0,0,0
DHX9,5.992845093,5.877124704,6.210540831,5.740972741,5.582239392,5.595767811,5.10905563,5.186205003,5.08949235,5.361245656,5.360123829,5.122960291,3.40611886,3.854102726,4.094267871,1.021139762,0,0,2.476571387,3.901441717,3.085856525,4.215726552,1.459649025,1.529484238,1.873574051,1,0,0,0,0,0,0,0,0,2.69678497,2.829306972,4.015464754,3.475828426
DIABLO,0,0,0,0,0,0,0,0,0.90279184,0,0,0,0,0,0,1.021139762,0.963485218,0,0,0,0,0,1.459649025,1.937434512,0.916958742,1,0,0,0,0,0,0,0,0,0,0,0,0
DIAPH1,1.994551864,1.941625202,2.351701379,2.528836668,2.753608502,3.026589061,2.149649735,2.500551849,2.163087258,2.529675346,1.853383544,1.933791208,2.948722432,2.850560031,3.006327599,1.021139762,0.963485218,1.632427638,3.168326031,2.076463354,3.085856525,1.889360771,0,0,0,0,1.380514028,2.064647663,1.931003366,1.333072201,0,0,0,0,0,0,0,0
DIAPH2,0,0,1.401468483,1.949586033,0,2.451014583,0.894759661,1.924256156,1.851615862,1.540903575,1.455392216,1.526262086,1.956160331,2.037874702,1.589786044,0,0,0,0,0,0,0,0,0,0,0,0,0,0,0,0,0,0,1.933211842,0,0,0,0
DIEXF,0,0,0,0,0,0,0,0,1.453839514,0,0,0,0,0,0,0,0,0,0,0,0,0,0,0,0,0,0,0,0,0,0,0,0,0,0,0,0,0
DIP2A,2.801126798,2.931662233,0,0,0,0,0,0,0,0,0,0,0,0,0,0,0,0,0,0,0,0,0,0,0,0,4.220308535,4.726097906,4.718023325,4.572331312,0,0,0,0,0,0,0,0
DIP2B,5.385222152,5.508269378,4.188866565,0,0,0,0,0,0,2.268893588,0.903929473,0.956200116,0,0,0,0,0,0,0,0,0,0,0,0,0,0,6.314278682,6.213664436,6.367770989,6.116289307,4.526614972,2.886554086,3.309356743,3.241403097,0,0,0,0
DIS3,4.315023641,4.247579354,4.371589565,2.749592966,2.271827737,2.859016798,0,0,1.453839514,1.540903575,2.421096055,0.956200116,0,0,0,0,0,0,0,0,0,0,0,0,0,0,0,0,0,0,0,0,0,0,0,0,0,0
DKC1,3.452825167,3.388364695,3.734739458,1.949586033,2.532736393,2.193583806,1.839113208,1.924256156,1.851615862,2.529675346,2.164986415,1.933791208,0,0,0,0,0,0,0,0,0,0,0.90705003,0,0.916958742,0,0,0,0,0,0,0,0,0,3.581002772,4.668420179,5.373641915,3.475828426
DLD,0,0,0,3.261216432,3.265441068,4.094642998,3.964223206,3.712975173,4.392499739,3.639070203,3.90096226,4.374625784,5.466110981,5.441422199,5.292446585,5.713588178,5.599935145,5.560945301,3.633934435,3.793987451,3.880945927,4.106705299,6.809302752,6.546191955,6.38536491,6.64385619,2.072868086,0,0,0,2.053047961,0,2.795384697,3.241403097,3.581002772,2.829306972,3.474430172,2.600000002
DLG1,3.452825167,3.513288396,2.098758683,0,0,0,1.442864021,2.240990417,2.163087258,0.96708259,0,0,0,0,0,0,0.963485218,0,0,0,0,0,1.459649025,1.529484238,0.916958742,1.584962501,5.795007925,5.742134157,5.729124655,5.838379101,4.06601068,2.069533795,3.986902457,2.7307681,0,0,0,0
DLG3,1.58012073,0,0,0,0,0,0,0,0,0,0,0,0,0,0,0,0,0,0,0,0,0,0,0,0,0,3.408938331,3.399164795,3.771823672,3.717549031,0,0,0,0,0,0,0,0
DLST,0,0,0,2.749592966,2.271827737,1.880020556,0,0,0,0.96708259,1.455392216,1.526262086,0.970922069,2.037874702,1.589786044,0,0,0,0,1.653127323,1.806054709,2.338300494,0,0,0,0,1.380514028,1.373875901,1.266997295,1.333072201,2.867824406,0,2.795384697,2.7307681,2.69678497,2.829306972,3.474430172,2.600000002
DMBT1,0.996370196,0.961347078,0,0,0,0,0,0,0,0.96708259,0,0,0,0,0,0,0,0,1.098576504,1.05142317,1.168913826,1.889360771,0,0,0,0,1.380514028,1.373875901,1.931003366,1.333072201,2.053047961,3.404975348,3.309356743,2.7307681,4.519429818,3.724066632,3.474430172,3.475828426
DMD,1.994551864,2.259576362,0.864613417,0,0,0,0,0,0,0,0,0,0,0,0,1.61308057,0,1.03574445,0,0,0,0,0.90705003,0.958592587,1.873574051,2,5.360725261,5.405418357,5.432894157,5.227481751,2.053047961,0,0,0,0,0,0,0
DNAAF5,1.58012073,0,1.401468483,0,0,0,0,0,0,2.268893588,2.421096055,1.526262086,0,0,0,0,0,0,0,0,0,0,0,0,0,0,0,0,0,0,0,0,0,0,0,0,0,0
DNAH7,0,0,0,0,0,0,0,0,0,0,0,0,0,0,0,0,0,0,0,0,0,0,0,0,0,0,0,0,0,0,0,0,0,0,0,0,0,0
DNAJA1,3.578300868,3.833879792,4.052779486,3.261216432,2.945112293,3.312666648,2.149649735,2.240990417,2.825330619,3.1108756,2.827430592,2.922454862,0,0,0,0,0,0,1.098576504,1.05142317,1.806054709,2.338300494,0,0,0,0,3.789613418,3.163224167,3.913226003,4.146756747,2.053047961,2.069533795,1.989531496,2.7307681,0,0,0,0
DNAJA2,3.693731392,3.926654829,4.052779486,3.109978656,3.402362581,3.312666648,2.405039482,2.240990417,2.163087258,1.950337883,1.455392216,0.956200116,0,0,0,0,0,0,1.098576504,1.05142317,1.806054709,1.234105921,0,0,0,0,3.172816473,3.937808665,3.615041015,3.103821595,2.053047961,2.069533795,0,0,0,0,0,0
DNAJB1,1.58012073,1.941625202,2.56684197,0,0,0.921132385,0,0,0,2.268893588,2.421096055,1.526262086,0,0,0,0,0,0,1.098576504,1.05142317,0,1.889360771,0,0,0,0,0,0,0,0,0,0,0,0,0,0,0,0
DNAJB11,4.452494049,4.247579354,3.979598316,4.520226243,4.262237099,4.168194276,4.490730752,4.70921893,4.451035312,1.950337883,1.455392216,0.956200116,0,0,0,0,0,0,0,0,0,0,0,0,0,0,0,0,0,0,0,0,0,0,0,0,0,0
DNAJC10,0,0,0,0.966587184,0.968891745,1.47881758,1.442864021,1.51783371,2.636470024,0.96708259,0,0,0,0,0,0,0,0,0,0,0,0,1.459649025,0,0,1.584962501,0,0,0,0,0,0,0,0,0,0,0,0
DNAJC13,2.578907744,3.251589451,3.068269276,1.949586033,1.953082406,0,0,0,0,0.96708259,1.853383544,1.526262086,0,0,0,0,0,0,0,0,0,0,0,0,0,0,0,0,0,0,0,0,0,0,0,0,0,0
DNAJC2,0,0,0,0,0,0,0,0,0,0,0,0,0,0,0,0,0,0,0,0,0,0,0,0,0,0,0,0,0,0,0,0,0,0,0,0,0,0
DNAJC3,3.452825167,3.513288396,2.098758683,3.398093484,3.64247482,2.859016798,4.695977305,4.487453229,4.331488349,0.96708259,0,0.956200116,0,0,0,0,0,0,0,0,0,0,0,0,0,0,0,0,0,0,0,0,0,0,0,0,0,0
DNAJC5,1.58012073,2.519953374,1.791837015,0,0,0,0,0,0,0.96708259,0,0,0,0,0,0,0,0,0,0,0,0,0,0,0,0,2.538745146,2.529815193,2.728226634,3.103821595,3.76545739,0,2.795384697,1.933211842,0,0,0,0
DNAJC8,0,0,0,0,0,0,0.894759661,1.51783371,1.851615862,0,0,0,0,0,0,1.021139762,0,1.03574445,0,0,0,0,1.858228386,1.937434512,0.916958742,0,0,0,0,0,0,0,0,0,0,0,0,0
DNAJC9,0,0,0,0,0,0,0.894759661,0.9499485,1.453839514,0,0,0,0,0,0,0,0,0,0,0,0,0,1.459649025,2.5152748,1.473143559,0,0,0,0,0,0,0,0,0,0,0,0,0
DNASE1,0,0,0,2.941009732,3.402362581,3.176707196,3.795922944,3.367096615,2.636470024,0,0,0,2.757142261,2.037874702,2.005425354,2.031594606,2.523580768,2.053289965,0,0,0,0,3.150050254,2.735625828,2.661928568,3.169925001,0,0,0,0,0,0,0,0,0,0,0,0
DNASE1L1,3.315387858,2.740444656,0.864613417,0,0,0,0,0,0,0.96708259,0,0,0,0,0,0,0,0,0,0,0,0,0,0,0,0,3.789613418,4.08036687,3.913226003,3.875236924,2.867824406,0,2.795384697,2.7307681,0,0,0,0
DNASE2,0,0,0,0,0,1.880020556,2.621946525,2.500551849,3.277509632,0,0,0.956200116,1.546060213,1.025359956,0,2.031594606,2.744180469,2.644053871,0,0,0,0,3.150050254,3.095469549,3.018820504,3.321928095,0,0,0,0,0,0,0,0,0,0,0,0
DNM1L,2.578907744,1.941625202,3.326158875,2.268089723,1.953082406,1.880020556,1.442864021,1.51783371,1.453839514,3.262125066,3.144111598,2.511206051,2.275117866,2.626984775,2.590989414,2.031594606,1.53606782,2.053289965,1.714955817,1.653127323,1.168913826,1.889360771,0,0.958592587,0.916958742,0,0,0,0,0,0,0,0,0,0,0,0,0
DNM2,4.080622667,3.833879792,3.439652425,2.528836668,1.543333959,1.47881758,0.894759661,0.9499485,1.453839514,4.521196453,4.453368265,4.374625784,0.970922069,1.618677671,2.590989414,0,0,0,1.714955817,3.677881073,2.583445471,3.563016736,0,0,0,0,3.408938331,3.77960348,4.041997863,3.338612139,0,0,2.795384697,1.933211842,5.299570037,2.829306972,5.373641915,4.717776833
DNMT1,0,0,0,0,0,0,0,0,0,0,0,0,0,0,0,0,0,0,0,0,0,0,0,0,0,0,0,0,0,0,0,0,0,0,0,0,0,0
DNPEP,3.900107558,4.173790108,4.313216014,5.182130284,4.939105679,5.301033129,2.405039482,2.720458447,0,5.865250905,5.50553947,5.866704476,6.449699453,6.424725759,6.621865539,1.021139762,1.944875303,1.03574445,5.915389753,5.653586732,6.069668825,5.67347565,4.340174758,4.67405044,4.642674584,5.392317423,0,0,1.266997295,0,0,0,0,6.040849269,7.591891873,7.787012862,7.155924932,8.073241372
DNPH1,0,0,2.098758683,0,0,1.880020556,2.405039482,2.720458447,2.825330619,0,1.853383544,1.933791208,0,0,0,2.620025286,2.935479543,2.378701702,0,0,0,0,3.285708808,3.246517199,2.85138244,2,1.380514028,1.373875901,1.266997295,1.333072201,0,0,0,0,0,0,0,0
DOCK6,1.994551864,1.533191662,0.864613417,0,0,0,0,0,0,0,0,0,0,0,0,0,0,0,0,0,0,0,0,0,0,0,0,0,0,0,0,0,0,0,0,0,0,0
DOCK7,2.316116017,2.519953374,2.754024153,0,0.968891745,0.921132385,0,0,0,0,0.903929473,0,0,0,0,0,0,0,0,0,0,0,0,0,0,0,0,0,0,0,0,2.069533795,0,0,0,0,0,0
DOCK9,0,0.961347078,0,0,0,0,0,0,0,0,0.903929473,0,0,0,0,0,0,0,0,0,0,0,0,0,0,0,2.072868086,2.529815193,3.238727139,3.103821595,0,0,0,0,0,0,0,0
DOP1B,0,0,0,0,0,0,0,0,0,0.96708259,0,0,0,0,0,0,0,0,0,0,0,0,0,0,0,0,0,1.373875901,1.931003366,1.333072201,0,0,0,0,0,0,0,0
DPEP1,7.410626366,7.565888806,6.563418886,5.219558335,4.939105679,4.429804965,3.882525857,3.904682107,3.141943704,6.715375804,5.870272591,6.419831502,5.642838452,5.370973994,5.433326323,4.994835424,4.972714701,5.238633838,6.33807326,5.525069138,6.381905483,6.874090533,5.170257136,5.005967243,4.963309897,5.554588852,10.51993523,10.45455796,10.45758089,10.40868121,10.26746407,9.427238812,9.37406329,9.651819069,7.550291622,6.711832828,6.442563959,6.44408272
DPP3,1.994551864,0,2.351701379,3.744673432,3.941110664,4.488413743,5.212981893,5.514961035,5.388016891,0,4.133559819,4.772170812,5.030471481,4.955524285,5.007003913,6.170666134,6.212397253,6.1139741,0,0,0,0,6.809302752,6.589234984,6.51710788,6.807354922,0,0,1.266997295,1.333072201,0,2.069533795,1.989531496,4.557799622,0,0,2.598717113,2.600000002
DPP4,4.452494049,4.509944325,3.326158875,1.540237874,1.543333959,1.47881758,0,0,0,3.262125066,1.853383544,3.091114753,5.030471481,4.955524285,4.961192953,3.94610422,3.837964422,3.972912998,0,0,1.168913826,1.889360771,4.209776525,4.09068599,4.296512299,4.857980995,5.95273486,6.050023156,5.97476946,5.799550965,5.769425326,4.335216011,5.073900853,5.338660701,0,0,0,0
DPP7,0,0,0.864613417,3.261216432,3.114149002,4.304921401,3.964223206,3.712975173,4.331488349,2.750456577,3.144111598,4.61499383,5.642838452,5.441422199,5.399374998,5.713588178,5.627920928,5.76973831,0,1.05142317,1.168913826,2.338300494,6.07715216,5.775433711,5.738760262,6.044394119,0,1.373875901,0,0,2.867824406,2.069533795,3.309356743,3.916020257,3.581002772,3.724066632,4.015464754,2.600000002
DPP9,2.316116017,2.259576362,3.544865169,3.936702387,4.028337769,3.756000002,3.882525857,3.812010579,3.515531724,1.540903575,1.853383544,0,1.956160331,2.037874702,1.589786044,0,0,1.03574445,0,0,0,1.889360771,0.90705003,0.958592587,0.916958742,0,0,0,0,0,0,0,0,0,0,0,0,0
DPY30,0,0,0,0,0,0,0,0,0,0,0,0,0,0,0,0,0,0,0,0,0,0,0,0,0,0,0,0,0,0,0,0,0,0,0,0,0,0
DPYSL2,4.385395623,4.013822575,3.544865169,5.063641734,4.797294216,4.488413743,4.597000907,4.759715303,4.20113292,5.064625813,4.976842159,4.868182395,5.642838452,5.663982828,5.59204154,4.795328715,4.786618309,4.92622701,3.340770694,4.182785547,3.613037926,4.215726552,5.098363733,4.87294656,5.081545906,5.392317423,0,1.373875901,1.931003366,2.474606879,0,0,0,0,0,0,0,0
DRAM2,0,0,0,0,0,0,0,0,0,0,0,0,0,0,0,0,0,0,0,0,0,0,0,0,0,0,0,0,0,0,2.867824406,0,2.795384697,0,0,0,0,0
DRAP1,0,0,0,0.966587184,0.968891745,0.921132385,0.894759661,0.9499485,0.90279184,0.96708259,0.903929473,0.956200116,1.546060213,1.618677671,1.589786044,1.021139762,1.53606782,1.632427638,0,1.653127323,1.168913826,0,0.90705003,1.529484238,0.916958742,0,0,0,0,0,0,0,0,0,0,0,0,0
DRG1,1.994551864,2.740444656,2.919685889,2.268089723,2.271827737,3.176707196,3.703787505,3.606636986,3.898681406,1.950337883,2.164986415,2.251195448,2.275117866,1.618677671,1.589786044,1.021139762,0.963485218,1.03574445,0,0,1.806054709,1.234105921,0.90705003,1.529484238,0.916958742,2,0,0,0,0,0,0,0,0,0,0,0,0
DSC1,0,0,0,0,0,0,0,0,0,0,0,0,0,0,0,0,0,0,0,0,0,0,0,0,0,0,0,0,0,0,0,0,0,0,0,0,0,0
DSC2,0.996370196,0.961347078,0,2.528836668,2.945112293,1.880020556,4.041541069,3.904682107,3.401423861,0.96708259,1.853383544,1.933791208,2.536168495,2.850560031,2.327714414,3.497640075,3.837964422,3.232871055,0,0,0,0,3.150050254,3.623042415,3.304702086,1,0,0,0,0,0,0,0,0,0,0,0,0
DSG1,0,0,0,0,0,0,0,0,0,0,0,0,0,0,0,0,0,0,0,0,0,0,0,0,0,0,0,0,0,0,0,0,0,0,0,0,0,0
DSG2,4.080622667,3.388364695,2.754024153,3.109978656,2.945112293,2.859016798,4.743030372,5.030394601,4.712636366,1.950337883,3.279702347,4.237538143,2.536168495,2.626984775,2.813553664,4.625211972,4.629378472,4.65271247,0,0,0,1.889360771,4.570182849,4.504525117,4.590446441,3.321928095,4.220308535,4.2100965,4.793137891,4.375179769,4.314617226,0,0,1.933211842,0,0,0,0
DSP,4.315023641,4.38471777,3.326158875,3.936702387,3.749037927,3.176707196,4.114925189,4.151572014,3.719788928,4.024863517,3.982732963,3.503618698,0.970922069,1.618677671,1.589786044,3.359759433,3.255521121,3.061983348,4.642129225,4.488737827,5.009463116,3.18810514,0.90705003,1.529484238,0.916958742,1,2.072868086,2.529815193,2.728226634,2.474606879,0,0,0,0,0,0,0,4.016906216
DSTN,3.578300868,3.388364695,2.754024153,3.523102099,3.114149002,2.451014583,3.499731284,3.712975173,3.898681406,4.184907225,3.814276912,4.086043188,2.948722432,3.214705715,3.466005187,2.843407086,2.744180469,2.644053871,2.145448836,2.894418153,3.283768429,3.988767131,2.426542826,3.383238525,3.018820504,0,2.89033867,3.399164795,3.238727139,3.338612139,2.053047961,0,0,0,0,0,0,0
DTD1,0,0,0,0,0.968891745,0.921132385,2.977170172,2.911236342,2.825330619,0,0,0.956200116,2.536168495,2.626984775,2.590989414,3.036793753,3.104356784,3.385643851,0,0,0,0,2.833183695,2.926737964,3.168830955,3.321928095,0,0,0,0,0,0,0,0,0,0,0,0
DTNB,0,0,0,0,0,0,0,0,0,0,0,0,0,0,0,0,0,0,0,0,0,0,0,0,0,0,0,2.529815193,2.383995806,2.474606879,0,0,0,0,0,0,0,0
DTX2,3.315387858,3.513288396,1.401468483,0,0,0,0,0,0,1.540903575,0,0,0,0,0,0,0,0,0,0,0,0,0,0,0,0,4.646978729,4.439062363,4.554934114,4.572331312,3.76545739,0,0,0,0,0,0,0
DTX3L,0,0,0,0,0,0,0,0,0,0,0,0,0,0,0,0,0,0,0,0,0,0,0,0,0,0,0,0,0,0,0,0,0,0,0,0,0,0
DTX4,0.996370196,1.941625202,0,0,0,0,0,0,0,0,0,0,0,0,0,0,0,0,0,0,0,0,0,0,0,0,2.538745146,2.064647663,2.728226634,2.474606879,0,0,0,0,0,0,0,0
DUSP23,0.996370196,0.961347078,1.791837015,0,0,0,0,0,0,0,0.903929473,0,0,0,0,0,0,0,0,0,0,0,0,0,0,0,0,0,0,0,0,0,0,0,0,0,0,0
DUT,0,0,0,0,0,0,2.149649735,2.240990417,1.851615862,0,0,0,0,0,0,0,0,0,0,0,0,0,1.858228386,1.937434512,1.873574051,0,0,0,0,0,0,0,0,0,0,0,0,0
DYM,0,0,0,0,0,0.921132385,0.894759661,0.9499485,1.453839514,0.96708259,0.903929473,0.956200116,0,0,0,0,0,0,0,1.05142317,0,1.234105921,0,0.958592587,0,0,0,0,0,0,0,0,0,0,0,0,0,0
DYNC1H1,6.981473301,7.082064411,7.316728423,6.218671621,5.796186983,5.484990403,2.405039482,2.500551849,2.163087258,7.753877089,7.708781587,7.458413867,5.152319168,5.334416413,6.216585194,0,0,0,5.229813011,6.623576844,5.899076671,6.734488874,0,0,0,0,0,1.373875901,1.931003366,0,0,0,0,0,0,0,2.598717113,0
DYNC1I2,3.163465689,3.100475979,3.642923751,2.268089723,1.953082406,1.47881758,0,0,0,3.399011692,3.517762757,2.922454862,0,1.025359956,1.003619168,0,0,0,0,0,0,0,0,0,0,0,0,0,0,0,0,0,0,0,0,0,0,0
DYNC1LI1,2.578907744,2.519953374,2.56684197,0.966587184,0.968891745,1.47881758,0,0.9499485,0.90279184,2.750456577,3.279702347,2.922454862,0.970922069,1.025359956,1.003619168,0,0,0,0,2.403347751,1.168913826,1.889360771,0,0,0,0,0,0,0,0,0,0,0,0,0,0,0,0
DYNC1LI2,0,0,0.864613417,0,0,1.880020556,0,0,0,2.750456577,2.638521785,2.251195448,0,0,0,0,0,0,0,0,0,0,0,0,0,0,0,0,0,0,0,0,0,0,0,0,0,0
DYNLL1,1.994551864,1.533191662,1.791837015,1.540237874,1.543333959,1.47881758,0,0,0,1.950337883,1.853383544,1.933791208,0.970922069,0,1.003619168,0,0,0,1.714955817,2.076463354,2.246490367,1.889360771,0,1.529484238,0.916958742,0,1.380514028,1.373875901,1.266997295,1.333072201,0,0,0,0,0,0,0,0
DYNLT1,1.58012073,1.533191662,1.401468483,0.966587184,0.968891745,0.921132385,0,0.9499485,0.90279184,1.540903575,1.455392216,0.956200116,0.970922069,0,0,0,0,0,1.098576504,1.05142317,1.168913826,0,0,0,0,0,0,0,0,0,0,0,0,0,0,0,0,0
DYNLT3,0.996370196,0.961347078,1.401468483,0.966587184,0.968891745,0.921132385,0,0,0,2.268893588,2.421096055,2.511206051,0.970922069,1.025359956,1.003619168,0,0,0,1.098576504,1.05142317,1.806054709,1.889360771,0,0,0,0,0,0,0,0,0,0,0,0,0,0,0,0
ECE1,1.994551864,1.533191662,0.864613417,0,0,0,0,0,0,0,0.903929473,0.956200116,0,0,0,0,0,0,0,0,0,0,0.90705003,0.958592587,0,1,4.220308535,4.439062363,4.16021177,4.375179769,3.76545739,0,3.687544579,3.241403097,0,0,0,0
ECH1,0,0,0,4.579004779,4.524736818,4.887292885,3.703787505,3.812010579,3.719788928,4.636455606,4.203444751,4.669311198,7.290341989,7.168867341,7.062457496,6.308223406,6.116886202,6.317644995,0,3.08882233,1.806054709,2.338300494,6.510112879,6.516766189,6.460035169,4.584962501,2.072868086,1.373875901,0,0,0,0,0,0,0,0,0,0
ECHDC1,0,0,0,1.540237874,1.953082406,0.921132385,0.894759661,0.9499485,0,2.941892081,2.827430592,2.511206051,0,0,0,0,0,0,0,0,0,1.234105921,0,0,0,0,0,0,0,0,0,0,0,0,0,0,0,0
ECHS1,0,0,0,0,0,0,0,0,0,0,0,0,0,0,0,0,0,0,0,0,0,0,0,0,0,0,0,0,0,0,0,0,0,0,0,0,0,0
ECI1,0,0,0,0,0,0.921132385,1.442864021,0.9499485,2.992305255,1.540903575,2.164986415,2.511206051,2.536168495,2.850560031,2.813553664,3.846371158,3.738788903,3.649832041,0,0,0,0,4.209776525,4.008505655,4.086304413,4.321928095,2.072868086,1.373875901,0,1.333072201,0,0,0,0,0,0,0,0
ECM1,1.58012073,1.533191662,0,4.635482004,4.939105679,3.756000002,5.954436158,6.028888575,4.759710761,3.844824317,5.265275131,5.770591135,5.800260522,5.882304632,5.839992777,6.911985322,6.892413607,6.699284911,5.612947614,5.491067669,5.670640436,4.94259963,6.551084765,6.424706769,6.531030128,6.918863237,0,0,0,0,0,0,1.989531496,0,0,4.272170993,4.716298833,0
ECM29,0,0,0,0,0,0,0,0,0,0,0,0,0,0,0,0,0,0,0,0,0,0,0,0,0,0,0,0,0,0,0,0,0,0,0,0,0,0
ECPAS,4.452494049,4.317777446,4.632541544,4.841578479,4.89336671,4.887292885,2.810463839,2.720458447,3.141943704,4.793726137,4.762065226,4.307709643,2.757142261,2.037874702,3.328436075,0,0,0,2.145448836,2.894418153,1.806054709,3.18810514,0,0,0,0,0,0,0,0,0,0,0,0,0,0,0,0
EDC4,0,0,1.401468483,0,0,0,0,0,0,1.540903575,2.164986415,1.526262086,0,0,0,0,0,0,0,0,0,0,0,0,0,0,0,0,0,0,0,0,0,0,0,0,0,0
EEA1,0,0,0,0.966587184,0.968891745,0,4.251363295,4.988662966,4.712636366,0.96708259,3.517762757,4.374625784,3.852128841,3.746915315,4.094267871,6.363385115,6.230763472,6.023708866,7.408814389,7.290232126,7.880830142,7.290211023,0,0,0,0,0,0,0,0,0,0,0,0,0,0,0,0
EEF1A1,6.720720436,6.780305102,7.020965666,6.591278884,6.624222505,6.733963288,6.891469205,6.627014175,7.251003491,6.816617145,7.031242694,6.794449299,6.170864014,5.956348586,6.094586071,6.149899005,6.056389191,6.046810139,5.646209231,6.249447909,5.441164748,5.918949769,4.40120489,5.983341686,5.259328812,3,5.56999911,5.509900127,5.609531956,5.632860104,4.711414598,3.404975348,3.687544579,3.617789703,4.828721577,3.724066632,4.015464754,0
EEF1B2,2.578907744,2.931662233,2.754024153,3.109978656,3.402362581,3.026589061,2.977170172,3.367096615,2.992305255,2.941892081,3.279702347,3.503618698,3.117818628,3.367259864,3.328436075,1.61308057,1.944875303,2.053289965,1.098576504,2.076463354,1.168913826,1.234105921,0,0.958592587,0.916958742,0,1.380514028,1.373875901,1.266997295,1.333072201,0,0,0,0,0,0,0,0
EEF1D,3.315387858,3.628251645,3.979598316,3.109978656,3.265441068,2.859016798,3.795922944,4.073877018,3.812006199,3.524028291,3.517762757,3.503618698,3.117818628,2.850560031,3.176352815,2.620025286,2.935479543,2.378701702,2.145448836,2.894418153,1.806054709,0,1.459649025,0.958592587,1.473143559,0,0,0,0,0,0,0,0,0,0,0,0,0
EEF1E1,2.993641837,2.519953374,2.919685889,2.941009732,1.953082406,2.451014583,1.839113208,1.51783371,2.163087258,2.529675346,2.421096055,2.731434726,0,1.025359956,0,0,0,0,0,2.076463354,0,0,0,0.958592587,0,0,0,0,0,0,0,0,0,0,0,0,0,0
EEF1G,5.899743279,6.05206308,6.376519066,5.606164249,5.638773507,5.56886065,6.088001824,5.944090997,6.370687008,5.662602554,5.50553947,5.404919765,5.964536072,5.63421446,5.67951322,5.288812662,5.482225189,5.560945301,5.915389753,6.076805948,5.95821057,5.747974157,4.901196998,4.776923373,4.963309897,5,3.172816473,4.2100965,4.041997863,4.146756747,4.526614972,6.338740881,5.412616341,5.338660701,6.061833523,6.091289205,5.539695345,6.16752107
EEF2,6.899682557,6.988320076,7.367810812,7.020353921,7.035599207,7.096212871,7.174956829,6.986336967,7.29161119,6.648291104,6.836053104,6.732019606,6.417653045,6.353436918,6.57700898,6.484442137,6.386316135,6.496087752,6.378219798,6.772544327,6.564252638,6.697370664,5.566388451,5.848116752,5.809005661,5.426264755,5.303293763,5.292774969,5.432894157,5.541687709,2.867824406,2.069533795,4.63044284,4.557799622,4.828721577,5.451253497,6.166006039,5.187453585
EEFSEC,0.996370196,1.533191662,2.56684197,0,0,0.921132385,0,0,0,1.540903575,0,1.526262086,0,0,1.003619168,0,0,0,0,0,0,0,0,0,0,0,0,0,0,0,0,0,0,0,0,0,0,0
EEPD1,0,0,0,0,0,0,0,0,0,0,0,0,0,0,0,0,0,0,0,0,0,0,0,0,0,0,2.89033867,3.399164795,3.005940259,3.103821595,0,0,0,0,0,0,0,0
EFCAB14,0,0,0,0,0,0,0,0,0,0,0,0,0,0,0,0,0,0,0,0,0,0,0,0,0,0,0,0,0,2.013916734,0,0,0,0,0,0,0,0
EFHD2,0,0,0,0,0,0,0.894759661,1.924256156,1.851615862,0.96708259,1.455392216,1.526262086,2.275117866,2.037874702,1.589786044,2.355604609,2.263052434,2.644053871,0,0,0,0,3.000298925,3.623042415,3.018820504,3.169925001,2.538745146,2.88100595,2.383995806,2.823248847,0,0,0,1.933211842,0,0,0,0
EFL1,0.996370196,0.961347078,1.401468483,1.540237874,1.543333959,2.193583806,0,0.9499485,0,0.96708259,0.903929473,0,0,0,0,0,0,0,0,0,0,0,0,0,0,0,0,0,0,0,0,0,0,0,0,0,0,0
EFNA1,0,0,0,0,0,0,1.442864021,0.9499485,0,0,0,0,0,0,0,0,0,1.03574445,0,0,0,0,0.90705003,0.958592587,0.916958742,1,0,0,0,0,0,0,0,0,0,0,0,0
EFNB1,2.993641837,3.251589451,1.401468483,0,0,0,2.810463839,3.230546315,0.90279184,1.950337883,1.853383544,2.731434726,0,0,0,2.843407086,2.744180469,3.061983348,0,0,0,1.889360771,3.629670641,3.246517199,3.840157301,3.700439718,3.947899965,3.937808665,3.913226003,4.146756747,3.385355532,0,2.795384697,1.933211842,0,0,0,0
EFNB2,3.900107558,4.013822575,1.401468483,0,0,0,2.621946525,3.367096615,2.163087258,0,0,1.526262086,0,0,0,3.036793753,2.744180469,3.232871055,0,0,0,0,2.644143159,2.735625828,2.85138244,3.459431619,3.408938331,2.88100595,3.615041015,2.013916734,0,0,0,1.933211842,0,0,0,0
EFR3A,0,0,0,0,0,0,0,0,0,0,0,0,0,0,0,0,0,0,0,0,0,0,0,0,0,0,0,2.064647663,2.383995806,0,0,0,0,0,0,0,0,0
EFTUD1,0,0,0,0,0,0,0,0,0,0,0,0,0,0,0,0,0,0,0,0,0,0,0,0,0,0,0,0,0,0,0,0,0,0,0,0,0,0
EFTUD2,2.316116017,3.251589451,3.202968816,4.458950855,4.332473679,4.094642998,2.977170172,2.500551849,2.825330619,3.262125066,2.638521785,2.731434726,2.275117866,1.618677671,2.005425354,0,0,0,1.098576504,1.653127323,1.806054709,0,0,0,0,0,0,0,0,0,0,0,0,0,0,0,0,0
EGFR,8.296535045,8.335494074,7.367810812,5.291621636,5.224147734,5.199438379,5.179164858,5.485258516,4.805297555,7.010716977,6.246396207,6.865964948,5.586301015,5.603818891,5.62179195,6.289357306,6.076838032,6.259504747,6.317573126,6.165707817,6.445283479,7.132294956,6.364472132,6.10697099,6.116574249,6.700439718,10.19825275,10.09391673,10.11556653,10.11258682,9.974116048,10.06631242,9.437256218,9.278890457,8.187987363,7.476644698,7.206202121,6.676060389
EHD1,4.080622667,3.734726159,3.326158875,1.540237874,1.543333959,0.921132385,0,0,0.90279184,3.639070203,2.827430592,2.731434726,0.970922069,1.025359956,1.003619168,0,0,0,1.098576504,0,1.168913826,1.234105921,0,0,0,0,5.303293763,5.653674256,5.432894157,5.676372903,3.76545739,0,0,0,0,0,0,0
EHD4,3.693731392,3.100475979,2.919685889,0,0,0,0,0,0,3.524028291,3.279702347,2.511206051,0,0,0,0,0,0,0,0,0,1.234105921,0,0,0,0,5.469153458,5.458604873,5.479122139,5.632860104,3.76545739,0,0,1.933211842,0,0,0,0
EIF1AX,1.58012073,1.941625202,2.098758683,1.540237874,0.968891745,0.921132385,0,0,1.453839514,1.950337883,1.853383544,1.933791208,0,0,0,0,0,0,0,0,0,0,0,0,0,0,0,0,0,0,0,0,0,0,0,0,0,0
EIF2A,2.316116017,1.533191662,2.098758683,0.966587184,0.968891745,1.880020556,2.977170172,3.606636986,3.515531724,1.540903575,2.421096055,1.526262086,0,0,0,0,0,0,0,1.05142317,0,1.889360771,0,0,0,0,0,0,0,0,0,0,0,0,0,0,0,0
EIF2AK2,0.996370196,1.533191662,0.864613417,0,0,0,0,0,0,1.950337883,1.853383544,0,0,0,0,0,0,0,0,0,0,0,0,0,0,0,0,0,0,0,0,0,0,0,0,0,0,0
EIF2B1,1.58012073,2.259576362,1.791837015,1.540237874,1.953082406,2.193583806,2.405039482,1.924256156,2.419108186,1.950337883,2.164986415,2.251195448,1.546060213,1.025359956,1.589786044,0,0,0,0,0,0,2.680193992,0,0,0,0,0,0,0,0,0,0,0,0,0,0,0,0
EIF2B3,1.58012073,0.961347078,2.098758683,1.949586033,1.953082406,1.880020556,0.894759661,0.9499485,0.90279184,1.950337883,2.164986415,0.956200116,0.970922069,1.025359956,1.003619168,0,0,0,0,1.05142317,0,0,0,0,0,0,0,0,0,0,0,0,0,0,0,0,0,0
EIF2B4,0.996370196,0.961347078,3.068269276,0,0,0.921132385,0,0,0,0.96708259,1.853383544,0.956200116,0,1.025359956,1.003619168,0,0,0,0,0,0,1.234105921,0,0,0,0,0,0,0,0,0,0,0,0,0,0,0,0
EIF2B5,0,0,2.351701379,0,0,0,0,0,0,0.96708259,0.903929473,0.956200116,0,0,0,0,0,0,0,0,0,0,0,0,0,0,0,0,0,0,0,0,0,0,0,0,0,0
EIF2C1,0,0,0,0,0,0,0,0,0,0,0,0,0,0,0,0,0,0,0,0,0,0,0,0,0,0,0,0,0,0,0,0,0,0,0,0,0,0
EIF2C2,0,0,0,0,0,0,0,0,0,0,0,0,0,0,0,0,0,0,0,0,0,0,0,0,0,0,0,0,0,0,0,0,0,0,0,0,0,0
EIF2S1,3.578300868,3.628251645,3.902505716,3.398093484,3.265441068,3.312666648,3.605364131,3.491832663,3.621272161,2.268893588,2.638521785,1.933791208,0,0,0,0,0,1.03574445,0,0,1.168913826,0,1.858228386,0,0.916958742,2,0,0,0,0,0,0,1.989531496,1.933211842,4.519429818,5.451253497,6.060635542,5.54119875
EIF2S2,1.994551864,1.533191662,3.068269276,2.749592966,2.271827737,2.669391044,1.442864021,1.924256156,2.636470024,2.941892081,2.827430592,2.922454862,0,1.025359956,0,0,0,0,0,0,0,1.234105921,0,0.958592587,0,0,0,0,0,0,0,0,0,0,0,0,2.598717113,0
EIF2S3,3.900107558,4.247579354,4.313216014,4.327992353,4.399449,4.368714044,4.114925189,3.904682107,3.898681406,3.745612183,3.62351829,3.378779227,2.275117866,2.362292771,2.005425354,0,0,1.03574445,1.714955817,2.403347751,2.583445471,3.18810514,0,0,0,0,0,0,0,0,0,0,0,0,0,0,0,0
EIF3A,4.693451201,4.831202674,4.769097515,5.10422885,5.026450493,5.051791299,3.261982234,3.367096615,1.851615862,4.521196453,4.453368265,4.558551138,4.528704944,4.571693667,4.591891283,0,0,0,4.642129225,4.741022553,4.473994679,4.584363563,0,0,0,0,0,0,0,0,0,0,0,0,0,0,0,0
EIF3B,4.16306102,4.448689336,3.979598316,4.520226243,4.463452526,4.651179586,4.743030372,4.656890805,4.507288193,4.107103517,3.982732963,4.003879849,4.801293323,4.571693667,4.650796994,1.61308057,2.935479543,2.868099561,4.267755043,3.901441717,4.893058371,3.988767131,0,0,0,0,0,0,0,0,0,0,0,0,0,4.272170993,5.823551975,4.409490401
EIF3C,4.315023641,4.247579354,4.4276928,5.10422885,4.797294216,4.797429663,2.977170172,3.230546315,2.636470024,4.328956263,4.394828067,4.237538143,4.587498857,4.692160027,4.32879677,0,0.963485218,1.03574445,4.085769758,4.343856945,4.30205236,4.317084986,0,0.958592587,0.916958742,0,0,0,0,0,0,0,0,0,0,0,0,0
EIF3D,3.452825167,3.513288396,3.734739458,3.744673432,4.028337769,3.65727565,2.621946525,1.924256156,1.851615862,3.844824317,3.403637312,3.378779227,3.646291178,3.746915315,3.591590723,0,0,0,3.760834352,3.551606284,3.283768429,2.338300494,0,0,0,0,0,0,0,0,0,0,0,1.933211842,2.69678497,4.272170993,4.970157178,3.475828426
EIF3E,4.636878881,4.317777446,3.979598316,4.792748321,4.846130027,4.598938406,2.977170172,3.230546315,2.419108186,4.459919147,4.203444751,4.307709643,4.403400798,4.748819682,4.707391618,0,0,0,3.340770694,4.094962341,4.106809436,3.86032243,0,0,0,0,0,0,0,0,0,0,0,0,0,0,0,0
EIF3F,3.452825167,3.388364695,3.326158875,3.744673432,3.941110664,3.551296021,2.621946525,2.500551849,1.851615862,3.399011692,3.279702347,3.618510617,3.531197087,3.746915315,3.176352815,0,0,0,3.340770694,3.08882233,3.457776598,3.719314538,0,0,0,0,0,0,0,0,0,0,0,0,0,0,0,0
EIF3G,0,0,0,0,0,0,0,0,0.90279184,2.268893588,1.455392216,1.526262086,0.970922069,2.362292771,1.589786044,0,0,0,1.098576504,2.669676924,2.246490367,0,1.459649025,0,0.916958742,0,0,0,0,0,0,0,0,0,0,0,0,0
EIF3H,3.452825167,3.513288396,3.202968816,4.023911454,4.110590354,4.168194276,2.621946525,2.500551849,2.636470024,3.639070203,3.279702347,3.242104959,3.531197087,3.505214095,3.466005187,0,0,0,2.972434909,2.894418153,2.856411626,2.338300494,0,0,0,0,0,0,0,0,0,0,0,0,0,0,0,0
EIF3I,4.16306102,4.013822575,4.052779486,3.261216432,3.402362581,3.176707196,3.126593151,2.911236342,2.419108186,3.844824317,3.144111598,3.091114753,3.40611886,3.367259864,3.466005187,1.021139762,1.53606782,1.03574445,3.494786352,3.793987451,3.283768429,2.9563868,0,0,0,0,0,0,0,0,0,0,0,0,0,0,0,0
EIF3J,0,0,0,0,0,0,0.894759661,1.924256156,1.851615862,0.96708259,1.853383544,1.526262086,2.536168495,2.626984775,2.590989414,1.61308057,1.53606782,2.053289965,0,1.05142317,0,0,0.90705003,0.958592587,0.916958742,1,0,0,0,0,0,0,0,0,0,0,0,0
EIF3K,2.316116017,2.259576362,2.351701379,3.398093484,3.64247482,3.312666648,2.149649735,2.911236342,2.636470024,3.399011692,3.279702347,3.091114753,3.269158334,3.367259864,3.176352815,0,0,1.632427638,1.714955817,2.894418153,3.085856525,3.387705307,0,0.958592587,0,0,0,0,0,0,0,0,0,0,0,0,0,0
EIF3L,4.385395623,4.317777446,4.371589565,4.841578479,4.797294216,4.750307937,3.385748712,3.606636986,3.141943704,4.107103517,3.814276912,4.163778281,4.266169311,4.21745889,4.094267871,1.021139762,0.963485218,1.03574445,4.179630012,3.793987451,4.473994679,4.411787418,1.459649025,1.529484238,0.916958742,2,0,0,0,0,0,0,0,0,0,0,0,0
EIF3M,3.452825167,3.388364695,3.202968816,4.39495704,4.262237099,4.017139547,2.977170172,3.491832663,3.277509632,3.399011692,3.403637312,3.618510617,3.752877906,3.631120459,3.591590723,0,0,0,3.494786352,3.677881073,4.106809436,3.387705307,0,0,0,0,0,0,0,0,0,0,0,0,0,0,0,0
EIF4A1,4.899864715,4.878421948,4.893838295,4.106148,3.64247482,3.65727565,2.977170172,3.079707418,3.898681406,5.292610147,5.390403191,5.305529548,4.33641615,4.440244194,4.094267871,3.036793753,2.523580768,2.868099561,4.574625855,4.556063982,4.627609598,5.176372055,1.858228386,2.5152748,2.661928568,0,2.072868086,3.163224167,3.238727139,3.338612139,0,0,0,0,0,0,0,0
EIF4A2,0.996370196,0.961347078,2.351701379,0,0,1.47881758,0,0.9499485,1.851615862,3.262125066,2.9944429,2.511206051,1.546060213,1.618677671,1.589786044,1.021139762,0.963485218,1.03574445,1.714955817,2.403347751,1.806054709,2.338300494,1.858228386,0,1.473143559,0,0,0,0,0,0,0,0,0,0,0,0,0
EIF4A3,4.577997335,4.247579354,5.365333244,4.023911454,3.64247482,3.848399125,2.405039482,2.240990417,3.141943704,3.639070203,3.814276912,3.091114753,2.275117866,2.037874702,2.005425354,0,0,0,1.098576504,2.894418153,0,3.387705307,0,0,0,0,0,0,0,0,0,0,0,0,0,0,0,0
EIF4B,0,0,0,0,0,0,0,0,0,0,0,0,0,0,0,0,0,0,0,0,0,0,0.90705003,1.937434512,1.473143559,0,0,0,0,0,0,0,0,0,0,0,0,0
EIF4E,1.58012073,2.259576362,2.56684197,1.949586033,1.953082406,1.47881758,0.894759661,1.51783371,1.453839514,1.950337883,0.903929473,0.956200116,1.546060213,1.618677671,1.589786044,1.61308057,1.53606782,2.053289965,0,1.05142317,1.806054709,1.234105921,0.90705003,0.958592587,1.473143559,0,0,0,0,0,0,0,0,0,0,0,0,0
EIF4E2,0.996370196,0.961347078,1.401468483,0.966587184,0.968891745,0.921132385,1.442864021,1.924256156,1.453839514,0,0,0,0,0,0,0,0,0,0,0,0,0,1.459649025,1.529484238,1.473143559,0,0,0,0,0,0,0,0,0,0,0,0,0
EIF4G1,1.58012073,0.961347078,2.351701379,1.949586033,2.271827737,1.47881758,3.126593151,3.606636986,3.980443085,2.941892081,3.144111598,3.242104959,3.269158334,3.367259864,3.176352815,3.497640075,3.930758617,3.873048029,1.098576504,1.05142317,1.168913826,2.338300494,4.622379572,4.312393749,4.421358596,4.700439718,0,0,0,0,0,0,0,0,0,0,0,0
EIF4G2,0.996370196,0.961347078,0,0,0,0,1.839113208,1.924256156,0.90279184,0.96708259,0.903929473,0.956200116,0,1.025359956,0,2.620025286,2.263052434,2.053289965,0,0,0,0,3.285708808,3.246517199,3.543195199,3.584962501,1.380514028,0,1.931003366,2.013916734,0,0,0,0,0,0,0,0
EIF5,1.58012073,1.533191662,2.919685889,1.540237874,1.543333959,1.47881758,1.839113208,2.240990417,2.419108186,2.268893588,2.164986415,2.511206051,2.275117866,3.044091598,2.813553664,0,0,1.03574445,0,0,0,0,0,0,0,0,0,0,0,0,0,0,0,0,0,0,0,0
EIF5A,2.801126798,2.519953374,2.351701379,2.749592966,2.532736393,2.859016798,3.261982234,3.491832663,3.401423861,2.941892081,3.144111598,3.091114753,2.536168495,2.850560031,2.327714414,3.207295283,3.392338026,3.061983348,1.098576504,1.05142317,1.806054709,1.234105921,3.285708808,3.508117252,3.428871228,1,2.89033867,4.08036687,3.439119207,3.540486385,2.053047961,2.069533795,1.989531496,0,0,0,0,0
EIF5B,0.996370196,1.941625202,2.754024153,2.528836668,2.753608502,2.669391044,3.261982234,3.367096615,3.515531724,3.1108756,3.144111598,2.731434726,0.970922069,0,1.003619168,0,0,0,0,0,0,0,0.90705003,0.958592587,0.916958742,1,0,0,0,0,0,0,0,0,0,0,0,0
EIF6,3.452825167,3.513288396,3.821059837,3.523102099,3.402362581,3.176707196,3.703787505,3.491832663,3.812006199,2.529675346,2.421096055,2.251195448,0.970922069,1.618677671,2.005425354,2.031594606,1.944875303,2.644053871,0,1.653127323,0,1.234105921,0,1.529484238,0.916958742,0,1.380514028,1.373875901,1.931003366,1.333072201,0,0,0,0,0,0,0,0
EIPR1,0,0,1.401468483,0,0,0,0,0,0,0,0,0,0,0,0,0,0,0,0,0,0,0,0,0,0,0,0,0,0,0,0,0,0,0,0,0,0,0
ELAC2,1.58012073,0.961347078,2.098758683,1.540237874,0.968891745,0.921132385,0,0,0,0.96708259,0.903929473,0,0,0,1.003619168,0,0,0,0,0,0,0,0,0,0,0,0,0,0,0,0,0,0,0,0,0,0,0
ELAVL1,0,0,0,0,0,0.921132385,0.894759661,1.51783371,1.851615862,0,0,0,0,0,0,0,0.963485218,0,0,0,0,0,2.644143159,2.5152748,2.661928568,1,0,0,0,0,0,0,0,0,0,0,0,0
ELOB,0,0,2.098758683,0,0,0,0,1.924256156,0,0,0,0,0,0,0,0,0,0,0,0,0,0,0.90705003,0.958592587,0.916958742,0,0,0,0,0,0,0,0,0,0,0,0,0
ELOC,0.996370196,0.961347078,1.401468483,0.966587184,1.953082406,0.921132385,0,1.51783371,1.453839514,1.540903575,1.455392216,0.956200116,0,0,0,0,0,0,0,1.05142317,0,0,0,1.529484238,1.473143559,0,0,0,0,0,0,0,0,0,0,0,0,0
ELP1,2.578907744,2.740444656,2.919685889,0,0.968891745,0,0,0,0,0,1.853383544,0,0,0,0,0,0,0,0,0,0,0,0,0,0,0,0,0,0,0,0,0,0,0,0,0,0,0
ELP2,0,0,1.401468483,0.966587184,0.968891745,0,0.894759661,0,0,0.96708259,0.903929473,0.956200116,0,1.025359956,0,0,0,0,0,1.653127323,0,0,0,0,0,0,0,0,0,0,0,0,0,0,0,0,0,0
ELP3,0.996370196,1.533191662,0.864613417,0.966587184,0,0,0,0,0,0,0,0,0,0,0,0,0,0,0,0,0,0,0,0,0,0,0,0,0,0,0,0,0,0,0,0,0,0
ELP4,0,0,0,1.540237874,0,1.880020556,0.894759661,0.9499485,0.90279184,0.96708259,0,0,0,0,0,0,0,0,0,0,1.168913826,0,0,0,0,0,0,0,0,0,0,0,0,0,0,0,0,0
ELP6,0,0,0,0.966587184,1.953082406,2.193583806,0,0.9499485,0.90279184,0,0,0,0,0,0,0,0,0,0,0,0,0,0,0,0,0,0,0,0,0,0,0,0,0,0,0,0,0
EMG1,2.578907744,2.519953374,2.754024153,1.949586033,1.543333959,1.47881758,0,0,0.90279184,0,0,0,0,0,0,0,0,0,0,0,0,0,0,0,0,0,0,0,0,0,0,0,0,0,0,0,0,0
EML2,0,0,0,2.268089723,2.271827737,2.859016798,3.964223206,3.812010579,3.980443085,4.328956263,4.270100252,3.916753108,3.269158334,3.631120459,3.814069025,4.039386317,3.930758617,4.236715467,1.098576504,3.551606284,2.583445471,2.680193992,4.139873595,3.508117252,3.840157301,3.459431619,0,0,0,0,0,0,0,0,0,0,0,0
EML3,0,0,1.791837015,1.540237874,0.968891745,2.451014583,0,0.9499485,0.90279184,1.540903575,1.455392216,1.526262086,0,0,0,0,0,0,1.098576504,0,1.168913826,0,0,0,0,0,0,0,0,0,0,0,0,0,0,0,0,0
EML4,3.900107558,3.833879792,4.632541544,4.458950855,4.399449,4.544734225,4.251363295,4.426243371,4.561429755,3.745612183,3.982732963,3.724923947,3.646291178,3.854102726,3.814069025,1.021139762,1.53606782,2.378701702,1.098576504,2.076463354,1.168913826,3.563016736,1.858228386,2.2550935,2.186666421,1,0,0,0,0,0,0,0,0,3.581002772,4.272170993,5.373641915,3.475828426
ENAH,0,0,0,0,0,0,0,0,0,0,0,0,0,0,0,0,0,0,0,0,0,0,1.459649025,1.529484238,1.473143559,0,0,0,0,0,0,0,0,0,0,0,0,0
ENDOD1,0,0,0,0,0,0,0,0,0,0,0,0,0,0,0,0,0,0,0,0,0,0,0,0,0,0,0,0,0,0,0,0,0,0,0,0,0,0
ENGASE,3.452825167,3.388364695,3.642923751,3.261216432,2.271827737,2.859016798,2.621946525,2.500551849,2.636470024,1.540903575,1.455392216,0.956200116,0.970922069,0,0,0,0,0,0,0,0,1.234105921,0,0,0,0,0,0,0,0,0,0,0,0,0,0,0,0
ENO1,4.992958941,4.968462577,5.008646625,6.103268318,6.067299108,6.161776458,7.04016496,6.876215632,7.166189397,6.326525224,6.503492149,6.612350602,6.761955532,6.722222613,6.651013357,8.171109492,8.385669439,8.230254984,4.991802515,5.982063908,4.698689158,5.886337328,8.316056209,8.379731008,8.063067417,8.271463028,6.025570328,5.742134157,5.729124655,5.838379101,4.06601068,2.886554086,3.687544579,5.234485315,5.653976914,6.793530178,5.539695345,5.54119875
ENO2,0,0,0,0,0,0,1.839113208,1.51783371,2.825330619,0,2.638521785,3.503618698,3.531197087,4.047190029,3.466005187,4.795328715,4.683718341,4.822957165,0,0,0,0,4.67275357,4.504525117,4.421358596,4.754887502,0,0,0,0,0,0,0,0,0,0,0,0
ENOPH1,0,0,0,0,0,0,0.894759661,2.500551849,2.419108186,0,0,0,0,0,0,0,0.963485218,1.03574445,0,0,0,0,2.644143159,2.735625828,2.443780137,2.321928095,0,0,1.266997295,0,0,0,0,0,0,0,0,0
ENOSF1,0,0,0,0.966587184,0.968891745,1.47881758,1.442864021,1.51783371,1.851615862,0.96708259,1.455392216,0.956200116,0.970922069,1.025359956,1.003619168,1.021139762,0.963485218,1.03574445,0,0,0,0,1.459649025,1.937434512,1.873574051,1,0,0,0,0,0,0,0,0,0,0,0,0
ENPP1,0,0,0,0,0,0,0,0,0,0.96708259,0.903929473,0.956200116,0,1.025359956,0,0,0,0,0,0,0,0,0,0,0,0,3.947899965,4.8103507,4.718023325,4.900544903,2.053047961,0,1.989531496,1.933211842,0,0,0,0
ENPP3,0,0,0,0,0,0,0,0,0,0,0,0,0,0,0,0,0,0,0,0,0,0,0,0,0,0,0,2.064647663,1.266997295,1.333072201,0,0,0,0,0,0,0,0
ENPP4,1.58012073,0.961347078,0.864613417,0,0,0,0,0,0,0,0,0.956200116,0,0,0,1.61308057,1.944875303,1.632427638,0,0,0,0,1.858228386,1.937434512,1.873574051,2.321928095,2.89033867,3.163224167,3.238727139,2.823248847,3.76545739,2.069533795,4.234691467,3.916020257,3.581002772,0,0,0
ENTPD2,0,0,0.864613417,0,0,0,0,0,0,0.96708259,0,0.956200116,0,0,0,0,0,0,0,0,0,0,0,0,0,0,4.820760544,4.636617942,4.638782042,4.745751636,3.76545739,2.069533795,4.63044284,4.163037251,0,0,0,0
ENTPD5,0,0,1.401468483,0,0,0.921132385,1.442864021,0.9499485,1.851615862,1.950337883,1.853383544,1.933791208,0,0,0,0,0,0,1.098576504,1.05142317,2.246490367,1.234105921,0,0,0,0,0,0,0,0,0,0,0,0,0,0,0,0
ENTPD6,0.996370196,0.961347078,1.401468483,0,1.543333959,0,1.839113208,0.9499485,1.453839514,0,0,0,0,0,0,0,0,0,0,0,0,0,0,0,0,0,0,0,0,0,0,0,0,0,0,0,0,0
ENTPD8,0,0,0,0,0,0,0,0,0,0,0,0,0,0,0,0,0,0,0,0,0,0,0,0,0,0,2.538745146,2.529815193,1.931003366,2.474606879,2.867824406,0,0,1.933211842,0,0,0,0
EPB41,0,0,0,0,0,0,0,0,0,0,0,0,0,0,0,0,0,0,0,0,0,0,0,0,0,0,0,2.064647663,1.266997295,0,0,0,0,0,0,0,0,0
EPB41L1,3.693731392,3.734726159,3.068269276,0.966587184,0,0.921132385,0,0,0,0.96708259,0,0,0,0,0,0,0,0,0,0,0,0,0,0,0,0,4.339375044,4.08036687,4.269468584,4.661645673,2.053047961,0,0,0,0,0,0,0
EPB41L2,3.900107558,3.833879792,4.052779486,2.749592966,2.532736393,2.669391044,0.894759661,0.9499485,1.453839514,2.941892081,2.9944429,3.242104959,3.117818628,3.214705715,2.813553664,1.021139762,0.963485218,1.632427638,1.714955817,2.076463354,1.806054709,1.889360771,1.459649025,2.2550935,1.473143559,1,5.243480877,5.350195761,5.335742029,5.39312178,3.385355532,0,2.795384697,1.933211842,0,0,0,0
EPB41L4B,2.993641837,3.251589451,1.401468483,0,0,0,0,0,0,0.96708259,0,0.956200116,0,0,0,0,0,0,0,0,0,0,0,0,0,0,4.646978729,4.636617942,4.793137891,4.972128369,2.053047961,0,1.989531496,1.933211842,0,0,0,0
EPB41L5,0.996370196,0.961347078,0,0,0,0,0,0,0,0,0,0,0,0,0,0,0,0,0,0,0,0,0,0,0,0,4.090524219,4.08036687,4.269468584,3.540486385,2.053047961,0,0,0,0,0,0,0
EPCAM,5.693311085,5.853687007,5.393779452,3.523102099,3.749037927,3.312666648,3.126593151,3.230546315,3.141943704,4.935525123,4.060116522,4.913893759,3.531197087,2.850560031,3.176352815,2.843407086,2.744180469,2.868099561,4.706614804,4.343856945,4.893058371,5.004688779,3.523873876,3.246517199,3.168830955,3.459431619,7.348415965,7.156413304,6.979425618,7.299178361,7.364489443,7.791997629,7.105067142,7.060643035,5.938264613,3.724066632,4.970157178,4.016906216
EPDR1,0,0,0,0,0.968891745,1.880020556,1.442864021,1.924256156,2.419108186,0,0,0,1.546060213,0,0,1.61308057,1.944875303,1.632427638,0,0,1.168913826,1.234105921,2.426542826,2.2550935,2.186666421,2.321928095,0,0,0,0,0,0,0,0,3.581002772,3.724066632,2.598717113,2.600000002
EPHA1,1.994551864,1.941625202,0,0,0,0,2.149649735,2.240990417,1.453839514,0.96708259,0,0,0,0,0,1.021139762,0.963485218,2.053289965,0,0,0,0,2.170190716,1.529484238,1.873574051,2.584962501,0,0,1.266997295,0,0,0,0,0,0,0,0,0
EPHA2,4.516609989,4.509944325,3.326158875,0.966587184,0.968891745,0.921132385,2.405039482,2.911236342,0.90279184,0,0,0,0,0,0,1.61308057,1.53606782,1.632427638,0,0,0,0,2.426542826,1.937434512,2.443780137,2.584962501,4.339375044,4.2100965,4.371030583,3.717549031,2.053047961,0,1.989531496,0,0,0,0,0
EPHA4,0,0,0,0,0,0,0,0,0,0,0,0,0,0,0,1.021139762,1.53606782,1.632427638,0,0,0,0,1.459649025,0.958592587,1.473143559,2,1.380514028,1.373875901,1.266997295,0,0,0,0,0,0,0,0,0
EPHB1,3.452825167,3.100475979,0,0,0,0,2.621946525,2.240990417,0.90279184,0,0,0,0,0,0,0,0,0,0,0,0,0,0,0,0,0,0,0,1.266997295,0,0,0,0,0,0,0,0,0
EPHB2,5.122222442,5.349766493,3.821059837,2.528836668,2.945112293,2.193583806,3.795922944,3.904682107,3.719788928,1.950337883,1.853383544,3.091114753,2.757142261,2.850560031,3.328436075,4.361832367,3.930758617,4.389102439,1.098576504,0,1.168913826,1.889360771,4.066410421,4.242209854,4.296512299,4.584962501,6.284908989,6.182387491,6.292102284,6.237447391,5.850417365,4.086405932,4.793881411,4.72090243,0,3.724066632,0,0
EPHB3,4.16306102,4.247579354,2.098758683,0,0,0,2.149649735,2.720458447,1.453839514,1.950337883,0,0,0,0,0,3.207295283,3.255521121,3.385643851,0,0,0,0,3.523873876,2.926737964,3.018820504,3.807354922,5.795007925,5.742134157,5.729124655,5.718611656,4.06601068,0,3.309356743,1.933211842,0,0,0,0
EPHB4,2.578907744,3.100475979,1.401468483,0,0,0,2.810463839,3.367096615,2.992305255,0,0,1.933791208,0,0,0,3.359759433,3.255521121,3.232871055,0,0,0,0,3.523873876,3.729484261,3.649121172,3.700439718,4.339375044,4.329116984,4.041997863,4.477120642,2.053047961,0,0,0,0,0,0,0
EPHX2,0,0,1.401468483,0.966587184,0.968891745,1.880020556,1.442864021,1.51783371,1.851615862,2.529675346,3.144111598,2.251195448,1.546060213,1.025359956,1.589786044,1.61308057,0.963485218,0,0,1.653127323,0,0,0,0,0,0,0,0,0,0,0,0,0,0,0,0,0,0
EPM2AIP1,0,0,0,0,0,0,0,0,0,0,0,0,0,0,0,0,0,0,0,0,0,0,0,0,0,0,0,0,0,0,0,0,0,0,0,0,0,0
EPN1,1.58012073,1.533191662,0.864613417,0,0,0,0,0,0,0,0,0,0,0,0,0,0,0,0,0,0,0,0,0,0,0,2.072868086,1.373875901,1.266997295,2.013916734,0,0,0,0,0,0,0,0
EPPK1,0.996370196,1.533191662,1.401468483,1.540237874,0.968891745,0,0.894759661,0,0,2.268893588,1.455392216,1.526262086,0,0,0,0,0,0,1.098576504,1.05142317,0,0,0,0,0,0,0,0,1.266997295,1.333072201,0,0,0,0,0,0,0,0
EPRS,0,0,0,0,0,0,0,0,0,0,0,0,0,0,0,0,0,0,0,0,0,0,0,0,0,0,0,0,0,0,0,0,0,0,0,0,0,0
EPRS1,6.162757444,6.112557377,6.404747707,5.977824783,5.820830263,5.723254343,4.788597165,4.602593015,4.892364797,6.219672406,6.212901256,6.020882604,4.801293323,5.258399008,5.399374998,1.021139762,1.53606782,1.632427638,5.229813011,5.8806601,5.35577581,4.80977991,0.90705003,0,1.473143559,0,0,0,0,0,0,0,0,0,0,3.724066632,2.598717113,0
EPS15,0,0,0,0,0,0,0.894759661,1.924256156,0.90279184,0,0,0,0,0,0,1.021139762,0,0,0,0,0,0,0,0,0,0,0,0,0,0,0,0,0,0,0,0,0,0
EPS8,0,0,0,0,0,0,0,0,0,0,0,0,0,0,0,0,0,0,0,0,0,0,0,0,0,0,5.047548164,5.559434016,5.284597102,5.167754477,0,0,0,0,0,0,0,0
EPS8L1,0,0,0,0,0,0,0,0,0,0,0,0,0,0,0,0,0,0,0,0,0,0,0,0,0,0,3.408938331,3.399164795,3.005940259,2.823248847,0,0,0,0,0,0,0,0
EPS8L2,0,0,0.864613417,0,0,0,0.894759661,0,0.90279184,0.96708259,0.903929473,0,0.970922069,0,0,0,0,0,0,0,0,0,0,0,0,0,2.072868086,2.88100595,3.005940259,2.474606879,0,0,0,0,0,0,0,0
EPS8L3,3.163465689,3.100475979,0.864613417,0,0,0,0,0,0,2.529675346,0.903929473,1.526262086,0,0,0,0,0,0,0,0,0,1.234105921,0,0,0,0,6.284908989,6.415453225,6.317768698,6.402009798,4.711414598,2.069533795,3.309356743,2.7307681,0,0,0,0
ERAP1,0,0,0,0,0,0,1.839113208,1.51783371,0.90279184,0,0.903929473,0.956200116,4.114498637,4.21745889,4.176753604,4.499524191,4.25174067,4.768411021,0,0,0,0,4.721427861,4.726403645,4.642674584,5.357552005,0,0,0,0,0,0,0,0,0,0,0,0
ERAP2,0,0,0,0,0,0,0.894759661,0,0.90279184,0,0,0.956200116,2.948722432,3.214705715,3.176352815,3.94610422,3.632289151,3.873048029,0,0,0,0,4.276448399,4.008505655,4.008829657,4.523561956,0,0,0,0,0,0,0,0,0,0,0,0
ERBB2,2.993641837,2.931662233,1.401468483,0.966587184,0.968891745,0.921132385,2.621946525,2.720458447,0.90279184,0.96708259,0,0.956200116,0.970922069,1.025359956,1.589786044,3.036793753,2.744180469,2.868099561,0,0,0,0,1.858228386,2.5152748,2.661928568,3.459431619,4.646978729,4.329116984,4.718023325,4.745751636,3.385355532,2.069533795,3.309356743,3.241403097,0,0,0,0
ERBB3,0.996370196,0.961347078,0.864613417,0.966587184,1.543333959,0.921132385,2.621946525,3.079707418,2.163087258,0.96708259,0.903929473,1.933791208,1.546060213,2.362292771,2.005425354,4.127001517,3.837964422,3.873048029,0,0,0,0,3.989004793,3.508117252,3.649121172,4.169925001,4.736484697,4.439062363,4.371030583,4.265484343,2.053047961,2.069533795,2.795384697,2.7307681,0,0,0,0
ERBIN,0.996370196,0,0,0,0,0,0,0,0,0,0,0,0,0,0,0,0,0,0,0,0,0,0,0,0,0,2.89033867,3.399164795,3.005940259,2.823248847,0,0,0,0,0,0,0,0
ERH,0,0,0,0,0,0,0,0.9499485,1.453839514,0,0,0,0,0,0,0,0,0,0,0,0,0,0,0,0,0,0,0,0,0,0,0,0,0,0,0,0,0
ERMP1,0,0,0,0,0,0,0,0,0,0,0,0,0,0,0,0,0,0,0,0,0,0,0,0,0,0,1.380514028,1.373875901,0,2.013916734,0,0,1.989531496,2.7307681,2.69678497,0,2.598717113,0
ERO1A,0,0.961347078,0,2.268089723,2.945112293,3.551296021,3.964223206,3.812010579,3.980443085,3.1108756,3.722048161,4.003879849,4.403400798,4.80333795,4.707391618,5.085114184,5.057472361,5.156058903,0,1.653127323,1.168913826,1.889360771,4.983324397,5.047714827,5.081545906,4.087462841,0,0,1.266997295,0,0,0,1.989531496,2.7307681,0,0,0,0
ERO1L,0,0,0,0,0,0,0,0,0,0,0,0,0,0,0,0,0,0,0,0,0,0,0,0,0,0,0,0,0,0,0,0,0,0,0,0,0,0
ERP29,0,0,0,0.966587184,0.968891745,1.880020556,3.605364131,3.904682107,3.980443085,0.96708259,1.853383544,2.251195448,0.970922069,2.037874702,1.589786044,3.623485148,3.517296477,3.523776826,0,0,0,0,3.907209447,4.008505655,4.008829657,3.700439718,0,0,0,1.333072201,0,0,0,0,0,0,0,0
ERP44,2.801126798,2.519953374,2.351701379,3.744673432,3.84826838,3.848399125,4.184756539,3.991758476,4.267782425,3.745612183,3.722048161,4.003879849,3.944989053,3.746915315,3.707114185,4.127001517,4.100158116,3.972912998,3.760834352,3.793987451,3.753201815,4.106705299,4.276448399,4.09068599,4.360285502,4.392317423,3.611795418,3.163224167,3.005940259,3.540486385,2.867824406,2.069533795,3.986902457,3.617789703,3.581002772,0,2.598717113,0
ESD,4.080622667,4.096022377,4.12242704,3.744673432,3.265441068,3.176707196,3.795922944,3.812010579,3.898681406,5.02286284,4.71498784,4.669311198,3.852128841,3.95387427,3.91363905,3.207295283,1.944875303,2.644053871,4.179630012,4.741022553,4.106809436,4.500654413,1.459649025,1.937434512,1.873574051,0,2.538745146,2.529815193,2.728226634,2.474606879,0,0,0,0,0,0,0,0
ESRP1,2.316116017,2.259576362,2.754024153,1.949586033,2.271827737,1.880020556,2.405039482,2.240990417,2.825330619,2.268893588,2.164986415,1.526262086,0.970922069,1.025359956,2.005425354,2.031594606,1.944875303,1.632427638,0,0,0,0,0,1.529484238,0.916958742,0,0,0,0,0,0,0,0,0,0,0,0,0
ETF1,1.994551864,1.533191662,2.351701379,0.966587184,0.968891745,1.47881758,3.385748712,3.712975173,4.057818562,1.540903575,2.164986415,1.933791208,0.970922069,0,1.003619168,1.021139762,0.963485218,1.03574445,0,0,0,1.889360771,1.459649025,1.529484238,2.186666421,2.807354922,0,0,0,0,0,0,0,0,0,0,0,0
ETFA,0.996370196,0,3.068269276,0,0,0,0,0,0,0,0.903929473,0,0,0,0,0,0,0,0,0,0,0,0,0,0,0,0,0,0,0,2.867824406,0,2.795384697,2.7307681,0,3.724066632,0,0
ETFB,0.996370196,0.961347078,2.919685889,0,0,0,0,0,0,0,0,0,0,0,0,0,0,0,0,0,0,0,0,0,0,0,1.380514028,0,1.266997295,1.333072201,0,0,0,0,0,0,0,0
ETHE1,3.315387858,3.100475979,3.642923751,2.749592966,2.271827737,2.859016798,1.839113208,2.240990417,2.992305255,2.750456577,2.827430592,2.922454862,0,0,1.003619168,0,0,0,1.714955817,2.669676924,0,2.9563868,0,0.958592587,0,0,0,0,0,0,0,0,0,0,0,0,0,0
EWSR1,0,0,0,0,0,1.47881758,1.442864021,0.9499485,1.453839514,0,0,0,0,0,0,0,0.963485218,1.03574445,0,0,0,0,2.426542826,2.2550935,2.443780137,2.321928095,0,0,0,0,0,0,0,0,0,0,0,0
EXOC1,1.994551864,1.533191662,1.791837015,0,0,0,0,0,0,1.540903575,1.853383544,1.526262086,0,0,0,0,0,0,0,0,0,0,0,0,0,0,0,1.373875901,1.266997295,1.333072201,0,0,0,0,0,0,0,0
EXOC2,0.996370196,0,0,0,0,0,0,0,0,0.96708259,2.164986415,0.956200116,0,0,0,0,0,0,0,0,0,0,0,0,0,0,0,1.373875901,0,0,0,0,0,0,0,0,0,0
EXOC3,0,0,0,0,0,0,0,0,0,0.96708259,1.455392216,0,0,0,0,0,0,0,0,0,0,0,0,0,0,0,0,0,1.266997295,0,0,0,0,0,0,0,0,0
EXOC4,1.994551864,2.259576362,2.351701379,0,0,0,0,0,0,2.268893588,3.279702347,1.933791208,0,0,0,0,0,0,0,0,0,0,0,0,0,0,1.380514028,1.373875901,1.266997295,1.333072201,0,0,0,0,0,0,0,0
EXOC5,0,0,0,0,0,0,0,0,0,0.96708259,2.164986415,0,0,0,0,0,0,0,0,0,0,0,0,0,0,0,0,0,0,0,0,0,0,0,0,0,0,0
EXOC7,0,0,0,0,0,0,0,0,0,0,0,0,0,0,0,0,0,0,0,0,0,0,0,0,0,0,0,0,0,0,0,0,0,0,0,0,0,0
EXOC8,0.996370196,0,1.401468483,0,0,0,0,0,0,0.96708259,1.853383544,0.956200116,0,1.025359956,0,0,0,0,0,0,0,0,0,0,0,0,0,0,0,0,0,0,0,0,0,0,0,0
EXOSC10,0.996370196,0.961347078,1.791837015,0,0,0,0,0,0,0,0,0,0,0,0,0,0,0,0,0,0,0,0,0,0,0,0,0,0,0,0,0,0,0,0,0,0,0
EXOSC2,0.996370196,0.961347078,0.864613417,1.949586033,2.271827737,2.193583806,2.149649735,1.924256156,2.419108186,0.96708259,0.903929473,0.956200116,0.970922069,0,0,0,0.963485218,0,0,1.05142317,0,0,0,0,0,0,0,0,0,0,0,0,0,0,0,0,0,0
EXOSC3,0,0,0,0,0,0,0,0,0,0,0,0,0,0,0,0,0,0,0,0,0,0,0,0,0,0,0,0,0,0,0,0,0,0,0,0,0,0
EXOSC4,0.996370196,0.961347078,0.864613417,1.540237874,1.543333959,0.921132385,0,0.9499485,0,0,0,0,0,0,0,0,0,0,0,0,0,0,0,0,0,0,0,0,0,0,0,0,0,0,0,0,0,0
EXOSC5,0,0,1.791837015,0.966587184,0.968891745,0.921132385,0,0,0,0,0,0,0,0,0,0,0,0,0,0,0,0,0,0,0,0,0,0,0,0,0,0,0,0,0,0,0,0
EXOSC6,0,0,1.401468483,1.540237874,1.543333959,1.47881758,0,0,0,0,0,0,0,0,0,0,0,0,0,0,0,0,0,0,0,0,0,0,0,0,0,0,0,0,0,0,0,0
EXOSC7,0.996370196,0.961347078,0.864613417,2.528836668,2.753608502,2.669391044,2.621946525,3.079707418,2.636470024,0.96708259,0.903929473,1.526262086,0,0,0,0,0,0,0,0,0,0,0,0,0,0,0,0,0,0,0,0,0,0,0,0,0,0
EXOSC8,0,0.961347078,0,1.949586033,1.953082406,2.193583806,1.442864021,1.924256156,1.851615862,0,0,0,0,0,0,0,0,0,0,0,0,0,0,0,0,0,0,0,0,0,0,0,0,0,0,0,0,0
EXOSC9,1.58012073,1.533191662,1.791837015,2.268089723,2.271827737,2.193583806,1.839113208,1.51783371,2.163087258,0,1.455392216,0,0.970922069,1.025359956,1.589786044,0,0,0,0,0,0,0,0,0,0,0,0,0,0,0,0,0,0,0,0,0,0,0
EXT1,0.996370196,1.533191662,0,4.458950855,4.399449,4.094642998,4.376005728,4.362321027,3.719788928,0,0,0,3.117818628,3.044091598,3.006327599,1.61308057,0.963485218,2.644053871,1.714955817,1.05142317,1.806054709,1.234105921,1.858228386,1.937434512,2.186666421,3.169925001,0,0,0,0,0,0,0,0,0,0,0,0
EXT2,0.996370196,0.961347078,0,4.792748321,4.939105679,4.598938406,4.114925189,4.656890805,3.812006199,0,0,0.956200116,3.269158334,3.505214095,3.176352815,1.61308057,0.963485218,1.632427638,2.145448836,1.05142317,2.246490367,1.234105921,1.459649025,0.958592587,2.186666421,2.807354922,0,0,0,0,0,0,0,0,0,0,0,0
EXTL2,0,0,0,0.966587184,1.543333959,0.921132385,0.894759661,0.9499485,0,0,0,0,1.956160331,2.037874702,1.589786044,0,0,1.03574445,0,0,0,0,0.90705003,0.958592587,0.916958742,2,0,0,0,0,0,0,0,0,0,0,0,0
EZR,3.800606572,3.734726159,2.919685889,2.749592966,2.753608502,3.312666648,4.376005728,4.759715303,4.561429755,4.024863517,3.814276912,4.163778281,4.750740993,4.906557819,4.761849677,4.947485184,5.249846723,5.316737246,2.972434909,3.260114038,3.753201815,2.338300494,4.768513413,4.87294656,5.043200573,4.247927513,5.795007925,5.559434016,5.76688289,5.718611656,4.875207947,2.069533795,3.687544579,4.373878798,2.69678497,0,4.716298833,2.600000002
F10,0,0,1.791837015,0,0,0,0,0,0.90279184,0,0,0,0,0,0,0,0,0,0,0,0,0,0,0.958592587,0.916958742,1,0,0,0,0,0,0,0,0,0,0,0,0
F11R,3.315387858,3.513288396,2.56684197,0,0,0,1.442864021,1.924256156,1.453839514,2.529675346,1.853383544,2.251195448,0,0,0,0,0,0,0,0,1.168913826,2.680193992,1.459649025,1.529484238,1.473143559,2,5.360725261,5.232973694,5.059694252,5.444362581,5.592375272,5.704876432,5.308304169,5.000427909,2.69678497,0,0,0
F2,2.993641837,2.519953374,2.098758683,2.749592966,3.265441068,1.47881758,1.839113208,2.240990417,0,0,0,0,0,0,0,0,0,0,0,0,0,0,0,0,0,0,0,0,0,0,0,0,0,0,0,0,0,0
F3,1.58012073,1.941625202,0,0,0,0,0,0,0,0,0,0,0,0,0,0,0,0,0,0,0,0,0,0,0,0,0,0,0,0,0,0,0,0,0,0,0,0
F5,2.801126798,3.100475979,3.326158875,1.540237874,1.543333959,2.859016798,1.442864021,2.240990417,3.401423861,0,0,0,0,0,0,0,0,0,0,0,0,0,0,0,0,0,0,0,0,0,0,0,0,0,0,0,0,0
F8A1,0,0,0.864613417,0.966587184,0,0,0,0,0,0,1.455392216,0,0,0,0,0,0,0,0,0,0,0,0,0,0,0,0,0,0,0,0,0,0,0,0,0,0,0
FABP1,3.578300868,3.388364695,3.326158875,0,0,2.451014583,4.597000907,4.602593015,5.295206777,3.1108756,3.62351829,3.916753108,1.546060213,2.037874702,1.003619168,5.769113918,5.78531134,5.390828628,1.714955817,2.669676924,2.246490367,1.889360771,8.771004734,9.180544815,8.994067619,5.781359714,5.795007925,5.509900127,5.385135725,5.444362581,5.3905174,5.176825834,4.94067428,5.122197989,4.519429818,4.978956706,4.408026318,4.717776833
FABP5,1.58012073,2.259576362,1.791837015,0,0,0.921132385,2.977170172,3.367096615,3.898681406,1.540903575,2.421096055,2.731434726,0,0,0,3.359759433,3.392338026,3.061983348,0,0,0,0,3.989004793,4.443280938,4.229789149,4.321928095,3.947899965,4.08036687,4.041997863,4.146756747,0,0,1.989531496,0,0,0,0,0
FABP6,0,0,0,0,0,0,0,0,0,0,0,0,0,0,0,0,0,0,0,0,0,0,1.858228386,1.529484238,1.873574051,2,0,0,0,0,0,0,0,0,0,0,0,0
FAH,0,0,0,0,0.968891745,2.193583806,3.126593151,2.911236342,2.825330619,0,0.903929473,2.251195448,3.752877906,4.047190029,3.707114185,4.432320331,4.017943275,4.154027448,0,0,0,0,4.340174758,4.168436296,4.360285502,4.584962501,0,0,0,0,0,0,0,0,0,0,0,0
FAHD1,0,0,0,0,0,0.921132385,0,0,1.851615862,0,1.455392216,0,0,0,0,1.61308057,1.53606782,1.632427638,0,0,0,0,1.459649025,2.2550935,1.473143559,1,0,0,0,0,0,0,0,0,0,0,0,0
FAHD2A,0,0,0,0,0,0,0,0,0,0,0,0,0,0,0,1.021139762,0,0,0,0,0,0,1.459649025,0.958592587,0.916958742,2,0,0,0,0,0,0,0,0,0,0,0,0
FAM120A,1.994551864,2.519953374,2.919685889,0.966587184,0.968891745,0,0,0,0,2.529675346,2.164986415,1.526262086,0,0,0,0,0,0,0,0,0,0,0,0,0,0,0,0,0,0,0,0,0,0,0,0,0,0
FAM125A,0,0,0,0,0,0,0,0,0,0,0,0,0,0,0,0,0,0,0,0,0,0,0,0,0,0,0,0,0,0,0,0,0,0,0,0,0,0
FAM125B,0,0,0,0,0,0,0,0,0,0,0,0,0,0,0,0,0,0,0,0,0,0,0,0,0,0,0,0,0,0,0,0,0,0,0,0,0,0
FAM129B,0,0,0,0,0,0,0,0,0,0,0,0,0,0,0,0,0,0,0,0,0,0,0,0,0,0,0,0,0,0,0,0,0,0,0,0,0,0
FAM171A1,0.996370196,0,0,0,0,0,0.894759661,0.9499485,0,0.96708259,0,0.956200116,0,0,0,0,0,0,0,0,0,0,0,0,0,0,5.047548164,5.170585996,5.176523782,4.972128369,3.385355532,2.069533795,2.795384697,2.7307681,0,0,0,0
FAM175B,0,0,0,0,0,0,0,0,0,0,0,0,0,0,0,0,0,0,0,0,0,0,0,0,0,0,0,0,0,0,0,0,0,0,0,0,0,0
FAM176B,0,0,0,0,0,0,0,0,0,0,0,0,0,0,0,0,0,0,0,0,0,0,0,0,0,0,0,0,0,0,0,0,0,0,0,0,0,0
FAM203B,0,0,0,0,0,0,0,0,0,0,0,0,0,0,0,0,0,0,0,0,0,0,0,0,0,0,0,0,0,0,0,0,0,0,0,0,0,0
FAM20B,0,0,0,0,0,0,2.621946525,2.240990417,2.163087258,0,0,0,0,0,0,0,0,0,0,0,0,0,0,0,0,0,0,0,0,0,0,0,0,0,0,0,0,0
FAM234A,3.163465689,2.931662233,2.351701379,0,0,0,0,0,0,1.950337883,0,0.956200116,0,0,0,0,0,0,0,0,0,0,1.459649025,0,0,0,3.172816473,3.77960348,2.728226634,3.338612139,0,0,0,2.7307681,0,0,0,0
FAM3C,1.58012073,1.533191662,2.351701379,0,0,0,2.149649735,1.924256156,1.851615862,0.96708259,0,0,0,0,0,0,0,0,0,0,0,0,0,0,0,0,2.072868086,1.373875901,1.266997295,2.013916734,2.053047961,0,3.687544579,4.163037251,4.519429818,0,0,0
FAM3D,0,0,0,0,0,0,0,0,0,0,0,0,0,0,0,0,0,0,0,0,0,0,0,0,0,0,0,0,0,1.333072201,2.053047961,2.069533795,2.795384697,2.7307681,0,0,0,0
FAM49B,0,0,0,0,0,0,0,0,0,0,0,0,0,0,0,0,0,0,0,0,0,0,0,0,0,0,0,0,0,0,0,0,0,0,0,0,0,0
FAM50A,0,0,0,0,0,0,0,0,0,0,0,0,0,0,0,0,0.963485218,1.03574445,1.098576504,0,0,1.234105921,0,1.937434512,0.916958742,0,0,0,0,0,0,0,0,0,0,0,0,0
FAM83B,0,0,0,0,0,0,1.442864021,0,1.851615862,0,0,0,0,0,0,0,0,0,0,0,0,0,0,0,0,0,0,0,0,0,0,0,0,0,0,0,0,0
FAM83H,0,0,0,0,0,0,0,0,0,0,0,0,0,0,0,0,0,0,0,0,0,0,0,0,0,0,0,0,0,0,0,0,0,0,0,0,0,0
FAM91A1,0,0,1.791837015,0,0,0,0,0,0,0,1.455392216,0,0,0,0,0,0,0,0,0,0,0,0,0,0,0,0,0,0,0,0,0,0,0,0,0,0,0
FAM98A,0,0,0,0,0,0,0,0,0,0,0,0,0,0,0,0,0,0,0,0,0,0,0,0,0,0,0,0,0,0,0,0,0,0,0,0,0,0
FAM98B,1.58012073,0.961347078,0.864613417,0,0,0,0,0,0,1.540903575,0.903929473,0.956200116,0,0,0,0,0,0,0,0,0,0,0,0,0,0,0,0,0,0,0,0,0,0,0,0,0,0
FANCI,0,0,0,0,0,0,0,0,0,0,0,0,0,0,0,0,0,0,0,0,0,0,0,0,0,0,0,0,0,0,0,0,0,0,0,0,0,0
FARP1,2.801126798,3.251589451,2.351701379,0,0,0,0,0,0,2.941892081,1.455392216,2.731434726,0,0,0,0,0,0,0,0,0,0,0,0,0,0,6.161059165,6.274254793,6.212244035,6.084340397,4.526614972,0,3.309356743,3.241403097,0,0,0,0
FARP2,3.800606572,3.251589451,2.098758683,0,0,0,0,0,0,0.96708259,0,0.956200116,0,0,0,0,0,0,0,0,0,0,0,0,0,0,4.646978729,4.965392779,5.119291302,4.745751636,2.867824406,0,1.989531496,1.933211842,0,0,0,0
FARSA,4.315023641,4.317777446,4.12242704,2.941009732,3.114149002,0.921132385,0,0,0,4.024863517,3.62351829,2.922454862,0,1.025359956,1.003619168,0,0,0,1.098576504,2.076463354,1.806054709,0,0,0.958592587,0.916958742,0,0,0,0,0,0,0,0,0,0,0,0,0
FARSB,3.693731392,3.734726159,4.052779486,3.398093484,3.114149002,2.193583806,0.894759661,1.51783371,0.90279184,3.262125066,3.403637312,3.091114753,0,1.618677671,1.003619168,0,0,0,0,2.076463354,1.168913826,2.9563868,0,0,0,0,0,0,0,0,0,0,0,0,0,0,0,0
FASN,8.435695672,8.413706778,8.367028206,8.367210437,8.299237086,7.941615052,6.653616311,6.76936485,6.123185439,8.068065423,8.219478486,7.917010325,6.656062504,6.634729482,7.073264655,2.355604609,2.263052434,2.378701702,7.359529177,7.568130268,7.306529897,7.867927928,2.426542826,2.2550935,2.443780137,2,5.181080541,5.405418357,5.567358369,5.444362581,0,0,0,0,0,0,0,0
FAT1,6.142580988,6.226429836,4.188866565,7.180765029,7.056501446,6.315364965,4.997057701,5.110402212,3.515531724,0.96708259,0.903929473,0,0,1.618677671,1.003619168,0,0,0,0,1.05142317,0,0,0,0,0,0,0,0,0,0,0,0,0,0,0,0,0,0
FAU,0,0,0,0,0,0,0,0,0,1.540903575,1.853383544,1.526262086,0,0,0,0,0,0,0,0,0,0,0,0,0,0,0,0,0,0,0,0,0,0,0,0,0,0
FBL,3.163465689,3.100475979,3.821059837,2.268089723,1.543333959,2.451014583,0,0,0,2.529675346,1.853383544,1.526262086,0,0,0,0,0,0,0,0,0,0,0,0,0,0,0,0,0,0,0,0,0,0,0,0,0,0
FBLN1,0,0,0,0,0,0,0,0,1.453839514,0,0,0,0,0,0,0,0,0,0,0,0,0,0,0,0,0,0,0,0,0,0,0,0,0,0,0,0,0
FBP1,0,0,0,3.936702387,4.028337769,4.017139547,3.882525857,4.073877018,4.131254579,2.529675346,2.9944429,3.091114753,2.757142261,3.505214095,3.466005187,2.031594606,2.263052434,3.061983348,0,2.403347751,1.806054709,2.680193992,1.459649025,2.2550935,2.186666421,2,0,0,0,0,0,0,0,0,0,0,0,0
FBXL18,0,0,0,0,0,0,0,0,0,0,0,0,0,0,0,0,0,0,0,0,0,0,0,0,0,0,0,0,0,0,0,0,0,0,0,0,0,0
FBXL8,0.996370196,1.533191662,1.791837015,0,0,0,0.894759661,0,0,0,0,0,0,0,0,0,0,0,0,0,0,0,0,0,0,0,0,0,0,0,0,0,0,0,0,0,0,0
FBXW11,0,0,0,0,0,0,0,0,0,0,0,0,0,0,0,0,0,0,0,0,0,0,0,0,0,0,0,0,0,0,0,0,0,0,0,0,0,0
FCGBP,0,0,0,0.966587184,0.968891745,3.756000002,0,0,0,4.979854786,3.814276912,4.772170812,6.77466193,6.870023409,6.707599659,2.355604609,1.944875303,2.378701702,6.631733409,6.55939824,6.743030197,7.21341258,0,0.958592587,0,2.321928095,0,0,0,0,4.314617226,6.280589698,6.176041959,7.311671204,7.887481677,6.793530178,5.185959353,6.357655108
FCGRT,0.996370196,0.961347078,0.864613417,0,0,0,0.894759661,0,0.90279184,0.96708259,0,0,0,0,0,0,0,0,0,0,0,0,0,0,0,0,1.380514028,2.064647663,2.383995806,2.823248847,0,0,0,0,0,0,0,0
FCHO2,0,0,0,0,0,0,0,0,0,0,0,0,0,0,0,0,0,0,0,1.05142317,1.168913826,0,0,0,0,0,0,0,0,0,0,0,0,0,2.69678497,0,3.474430172,2.600000002
FCSK,1.994551864,2.259576362,3.202968816,1.540237874,0.968891745,1.47881758,0,0,0,2.529675346,2.164986415,1.933791208,0,1.025359956,1.003619168,0,0,0,1.098576504,1.05142317,1.168913826,0,0,0,0,0,0,0,0,0,0,0,0,0,0,0,0,0
FDPS,0.996370196,1.941625202,1.791837015,2.941009732,2.753608502,3.43690954,4.251363295,4.151572014,4.507288193,3.639070203,3.814276912,3.618510617,3.646291178,3.631120459,3.814069025,4.039386317,4.177939306,3.765752776,3.494786352,3.413209566,3.457776598,4.584363563,3.629670641,3.623042415,3.840157301,2.321928095,0,2.064647663,1.266997295,2.013916734,0,0,0,0,0,0,0,0
FEN1,0.996370196,0.961347078,2.098758683,0,0,0,0,2.240990417,0,0,0.903929473,0.956200116,0,0,0,0,0,0,0,1.05142317,0,0,0,0,0,0,0,0,0,0,0,0,0,0,0,0,0,0
FERMT1,4.385395623,4.317777446,4.481695725,1.949586033,1.543333959,2.669391044,0,0,1.453839514,3.262125066,3.144111598,2.511206051,1.546060213,1.618677671,1.003619168,0,0,0,0,1.05142317,0,1.234105921,0,0,0,0,5.303293763,5.350195761,5.119291302,5.541687709,2.053047961,0,0,0,0,0,0,0
FFR,0,0,0,0,0,0,0,0,0,0,0,0,0,0,0,0,0,0,0,0,0,0,0,0,0,0,0,0,0,0,0,0,0,0,0,0,0,0
FGFBP1,0,0.961347078,1.401468483,1.540237874,1.953082406,1.47881758,1.839113208,1.51783371,1.453839514,0.96708259,1.455392216,0.956200116,1.546060213,1.618677671,1.589786044,0,0,0,0,0,1.806054709,1.889360771,0,0,0,0,0,0,0,0,0,0,0,0,3.581002772,3.724066632,4.408026318,3.475828426
FGFR4,0,0,0,0,0,0,0,0.9499485,0,0.96708259,0.903929473,1.526262086,2.948722432,2.362292771,2.813553664,3.036793753,2.744180469,3.232871055,1.098576504,1.653127323,3.085856525,1.889360771,3.40970041,3.246517199,3.168830955,3.459431619,2.072868086,2.064647663,1.931003366,2.013916734,0,0,0,0,0,0,0,0
FGL2,3.315387858,3.388364695,1.791837015,0.966587184,0,0,0,0,0,0,0,0,0,0,0,0,0,0,0,0,0,0,0,0,0,0,0,0,0,0,0,0,0,0,0,0,0,0
FH,0,0,0,4.183948616,3.84826838,3.935234957,3.605364131,3.991758476,3.621272161,3.1108756,3.403637312,4.003879849,5.112835772,5.334416413,5.364605392,4.847850914,4.835440815,5.156058903,0,1.05142317,0,0,5.455661058,5.618064397,5.44725784,5.169925001,0,0,0,0,0,0,0,0,0,0,0,0
FIBP,0,0,0,0,0,0,0,0,0,0,0,0,0,0,0,0,0,0,0,0,0,0,0,0,0,0,2.072868086,1.373875901,1.931003366,2.013916734,0,0,0,0,0,0,0,0
FIS1,0,0,0,0,0,0,0,0,0,0,0,0,0,0,0,0,0,0,0,0,0,0,1.459649025,1.529484238,1.473143559,1.584962501,0,0,0,0,0,0,0,1.933211842,0,0,0,0
FKBP10,0,0,0,0,0.968891745,1.47881758,2.149649735,2.240990417,2.419108186,0.96708259,0.903929473,1.933791208,1.956160331,2.037874702,2.005425354,3.036793753,2.935479543,2.868099561,0,0,0,0,2.644143159,2.926737964,3.018820504,3.584962501,0,0,0,0,0,0,0,0,0,0,0,0
FKBP1A,1.58012073,1.533191662,0,0,0,0,0.894759661,1.51783371,1.851615862,0,0,0,0,0,0,1.61308057,1.53606782,1.03574445,0,0,0,0,3.728236298,3.508117252,3.747798963,3.321928095,2.89033867,2.529815193,3.005940259,2.013916734,0,0,0,0,0,0,0,0
FKBP2,0,0,0,0,0,0,0,0,0,0,0,0,0,0,0,0,0,0,0,0,0,0,1.858228386,1.937434512,1.473143559,0,0,0,0,0,0,0,0,0,0,0,0,0
FKBP3,0,0,0,0,0,0,0.894759661,1.51783371,1.453839514,0.96708259,0,0,0,1.025359956,1.003619168,0,1.53606782,1.03574445,0,0,0,0,0,1.937434512,1.473143559,0,0,0,0,0,0,0,0,0,0,0,0,0
FKBP4,2.801126798,2.740444656,2.919685889,3.523102099,3.265441068,4.094642998,4.434508325,4.70921893,5.01384195,4.39592324,4.333811653,4.163778281,3.531197087,3.044091598,3.328436075,3.359759433,3.255521121,3.385643851,3.760834352,4.418115308,4.552845745,4.80977991,3.40970041,2.926737964,3.168830955,3,1.380514028,2.064647663,1.931003366,2.474606879,0,0,1.989531496,2.7307681,3.581002772,0,3.474430172,2.600000002
FKBP9,0,0,0,0,0,0,1.442864021,2.500551849,2.419108186,0,0,0.956200116,0,1.025359956,0,3.036793753,3.738788903,3.232871055,0,0,0,0,3.820496403,3.095469549,3.428871228,4.247927513,0,0,0,0,0,0,0,0,0,0,0,0
FLAD1,0.996370196,0.961347078,1.401468483,1.949586033,1.543333959,1.47881758,0,0,0,0.96708259,1.455392216,0.956200116,0,0,0,0,0,0,0,0,0,0,0,0,0,0,0,0,0,0,0,0,0,0,0,0,0,0
FLG,0,0,0,0,0,0,0,0,0,0,0,0,0,0,0,0,0,0,0,0,0,0,0,0,0,0,0,0,0,0,0,0,0,0,0,0,0,0
FLG2,0,0,0,0,0,0,0,0,0,0,0,0,0,0,0,0,0,0,0,0,0,0,0.90705003,0,0,1,2.072868086,0,0,0,0,2.069533795,0,0,0,0,0,2.600000002
FLII,3.993186609,3.926654829,4.188866565,3.109978656,2.945112293,2.669391044,1.839113208,1.924256156,1.453839514,3.262125066,3.403637312,2.251195448,2.275117866,2.626984775,2.813553664,0,0,0,2.476571387,2.403347751,1.806054709,1.234105921,0,0,0,0,0,0,0,0,0,0,0,0,2.69678497,2.829306972,2.598717113,2.600000002
FLNA,5.636733161,5.623617673,5.553596875,6.887136632,7.025033414,6.947471421,7.086509058,7.193391081,7.112799534,6.409895668,6.557864051,6.598419973,6.761955532,6.83119223,6.775347446,7.251148046,7.12621082,7.318098656,7.287572773,7.122693049,7.306529897,6.559377227,6.667449804,6.882437909,6.928202051,6.87036472,2.072868086,2.064647663,0,2.013916734,2.053047961,3.404975348,4.793881411,4.557799622,5.299570037,4.668420179,4.970157178,4.717776833
FLNB,5.92358803,6.031321181,5.90932481,7.325111576,7.388676361,7.239598249,7.798954057,7.71234835,7.644987246,6.577934221,6.697611922,6.93410231,7.290341989,7.259401257,7.355913194,7.836203736,7.827206568,7.858215313,8.138489429,7.958636502,8.176850511,7.612788522,7.300692017,7.342729289,7.361207546,7.607330314,2.538745146,2.88100595,2.383995806,2.013916734,3.385355532,3.404975348,4.234691467,4.867424445,2.69678497,3.724066632,0,2.600000002
FLOT1,1.994551864,1.941625202,0.864613417,0,0,0,0,0,0,0.96708259,0,0.956200116,0,0,0,0,0,0,0,0,0,0,0,0,0,0,4.975841682,4.726097906,4.554934114,4.745751636,3.76545739,0,3.309356743,2.7307681,0,0,0,0
FLOT2,0.996370196,0.961347078,0.864613417,0,0,0,0,0,0,0.96708259,0,0,0,0,0,0,0,0,0,0,0,0,0,0,0,0,4.820760544,4.965392779,4.718023325,4.825223333,2.867824406,2.069533795,1.989531496,1.933211842,0,0,0,0
FLRT3,0,0,0,0,0,0,0.894759661,0.9499485,0,0,0,0,0,0,0,1.021139762,0,1.632427638,0,0,0,0,0,0.958592587,0.916958742,2,0,0,0,0,0,0,0,0,0,0,0,0
FLVCR1,0,0,0,0,0,0,0,0,0,0,0,0,0,0,0,0,0,0,0,0,0,0,0,0,0,0,2.89033867,2.88100595,3.238727139,2.823248847,2.053047961,0,0,1.933211842,0,0,0,0
FMNL2,0,0,0,0,0,0,0,0,0,0,0,0,0,0,0,0,0,0,0,0,0,0,0,0,0,0,2.538745146,2.529815193,2.728226634,1.333072201,0,0,0,0,0,0,0,0
FN1,0.996370196,0.961347078,1.791837015,1.540237874,0.968891745,0.921132385,0,0,0,1.950337883,1.455392216,1.933791208,4.750740993,4.440244194,4.176753604,2.355604609,1.944875303,2.378701702,5.139264357,4.852343856,5.399101928,5.918949769,0,0,0,0,0,0,0,0,3.385355532,2.069533795,4.234691467,3.916020257,0,0,0,0
FNBP1L,0,0,0.864613417,0,0.968891745,0.921132385,1.442864021,0.9499485,0.90279184,0,0,0,0.970922069,0,0,0,0,0,0,0,0,0,0,0,0,0,1.380514028,2.064647663,1.266997295,2.013916734,0,0,0,0,0,0,0,0
FNTA,0.996370196,0.961347078,1.401468483,0.966587184,0.968891745,0.921132385,2.149649735,1.924256156,2.419108186,1.540903575,1.455392216,1.526262086,1.956160331,2.037874702,2.590989414,3.207295283,2.744180469,3.385643851,1.098576504,1.05142317,0,1.234105921,3.40970041,2.926737964,3.168830955,2.584962501,0,0,0,0,0,0,0,0,0,0,0,0
FNTB,0.996370196,0.961347078,2.351701379,1.949586033,0.968891745,2.193583806,1.442864021,1.924256156,2.163087258,1.950337883,2.164986415,1.933791208,1.956160331,1.618677671,1.589786044,2.355604609,1.944875303,2.053289965,1.098576504,1.05142317,1.806054709,2.338300494,1.858228386,1.937434512,2.186666421,1.584962501,0,0,0,0,0,0,0,0,0,0,0,0
FOCAD,1.58012073,1.533191662,2.754024153,4.023911454,4.262237099,4.017139547,0,0,0,2.268893588,2.638521785,1.526262086,0,1.618677671,1.003619168,0,0,0,0,0,1.168913826,0,0,0,0,0,0,0,0,0,0,0,0,0,0,0,0,0
FOLR1,0.996370196,1.533191662,0,0,0,0,0,0,0,0.96708259,0,0,0,0,0,0,0,0,0,0,0,0,0,0,0,0,3.611795418,3.937808665,4.041997863,4.572331312,2.867824406,0,2.795384697,2.7307681,0,0,0,0
FOXK1,0,0,0,0,0,0,0,0,0,0,0,0,0,0,0,0,0,0,0,0,0,0,0,0,0,0,0,0,0,0,0,0,0,0,0,0,0,0
FRAS1,2.316116017,2.519953374,0,5.933463418,5.868888849,4.701594989,4.041541069,4.225295774,0.90279184,1.540903575,0.903929473,0.956200116,3.646291178,3.505214095,3.591590723,1.021139762,0.963485218,1.03574445,4.350805562,3.677881073,3.753201815,1.889360771,0,0,0,0,0,0,0,0,0,0,0,0,0,0,0,0
FRMD8,0.996370196,0.961347078,0,0,0,0,0,0,0,0,0,0,0,0,0,0,0,0,0,0,0,0,0,0,0,0,2.538745146,2.529815193,3.238727139,2.013916734,0,0,0,0,0,0,0,0
FRYL,1.994551864,1.941625202,1.791837015,0,0,0,0,0,0.90279184,2.750456577,2.638521785,2.251195448,0,0,0,0,0,0,0,0,0,0,0,0,0,0,0,0,0,0,0,0,0,0,0,0,0,0
FSCN1,0.996370196,0.961347078,0.864613417,0,0,0,0,0,0,2.268893588,2.638521785,2.251195448,1.546060213,2.037874702,2.005425354,1.61308057,1.53606782,1.632427638,0,1.653127323,0,2.338300494,0,1.937434512,0.916958742,0,0,0,1.266997295,2.013916734,0,0,0,0,0,0,0,0
FSTL3,0,0,0,0.966587184,0,0,2.149649735,2.720458447,1.453839514,0,0,0,0,0,0,0,0,1.03574445,0,0,0,0,1.459649025,1.529484238,0.916958742,2,0,0,0,0,0,0,0,0,0,0,0,0
FTH1,1.58012073,0.961347078,0.864613417,1.949586033,0.968891745,1.880020556,0,0,0,6.274087842,5.449119602,6.141070529,6.091837462,6.525459912,6.346990254,1.61308057,1.53606782,1.03574445,4.939097567,4.852343856,5.217396799,5.004688779,4.768513413,4.87294656,5.190821597,6.108524457,3.789613418,3.937808665,4.041997863,2.823248847,6.198608227,6.338740881,6.540763282,6.718425434,11.03699873,11.16958813,10.99733536,11.20165396
FTL,1.58012073,1.941625202,2.351701379,3.261216432,3.114149002,3.43690954,0,0,0,6.104267968,5.477605322,5.843269743,5.89640918,6.353436918,6.15687483,3.036793753,3.255521121,3.385643851,4.76834091,4.797756661,5.168154978,4.738484069,4.814110669,5.005967243,5.081545906,5.832890014,4.646978729,4.329116984,4.269468584,3.717549031,5.927103234,7.358194167,6.630021657,6.966222462,12.09387736,11.37926699,12.00232776,12.09850661
FTO,1.58012073,1.533191662,1.401468483,1.949586033,1.543333959,1.47881758,1.442864021,1.51783371,1.851615862,0.96708259,1.455392216,1.526262086,1.956160331,2.037874702,2.005425354,2.843407086,2.935479543,2.868099561,0,0,0,0,3.000298925,3.095469549,3.018820504,3.700439718,0,0,0,0,0,0,0,0,0,0,0,0
FTSJD2,0,0,0,0,0,0,0,0,0,0,0,0,0,0,0,0,0,0,0,0,0,0,0,0,0,0,0,0,0,0,0,0,0,0,0,0,0,0
FUBP1,0,0,0,0,0,0.921132385,1.839113208,2.240990417,2.636470024,0,0,0,0,0,0,0,0,0,0,0,0,0,0,0,0,0,0,0,0,0,0,0,0,0,0,0,0,0
FUBP3,0,0,0,0,0,0,0,0,0,0,0,0,0,0,0,0,0,0,0,0,0,0,0,0,0,0,0,0,0,0,0,0,0,0,0,0,0,0
FUCA1,0,0,0,3.261216432,3.114149002,3.176707196,3.703787505,3.904682107,3.719788928,0.96708259,1.853383544,1.933791208,4.032231982,3.505214095,3.328436075,3.94610422,4.321949729,4.314920033,0,0,0,1.234105921,4.814110669,4.726403645,4.536256295,4.807354922,0,0,0,0,0,0,0,1.933211842,0,0,0,0
FUCA2,1.994551864,2.259576362,1.401468483,3.523102099,3.265441068,3.312666648,3.795922944,3.606636986,4.057818562,0,0,2.251195448,2.948722432,3.367259864,3.591590723,3.359759433,3.517296477,3.649832041,0,0,0,0,4.209776525,4.09068599,4.008829657,4.169925001,0,0,0,0,0,0,0,1.933211842,0,0,0,0
FUK,0,0,0,0,0,0,0,0,0,0,0,0,0,0,0,0,0,0,0,0,0,0,0,0,0,0,0,0,0,0,0,0,0,0,0,0,0,0
FURIN,0,0,0,0,0,0,1.839113208,2.240990417,1.851615862,0,0,0,0,0,0,0,0,0,0,0,0,0,0,0,0,0,0,0,0,0,0,0,0,0,0,0,0,0
FUS,0,0,0.864613417,0.966587184,0,0.921132385,0,0,1.453839514,0,0.903929473,0,0,0,0,0,0.963485218,0,0,0,0,0,0.90705003,2.5152748,1.873574051,0,0,0,0,0,0,0,0,0,0,0,0,0
FUT11,0,0,0,0,0,0,1.839113208,2.240990417,1.851615862,0,0,0,0,0,0,0,0,0,0,0,0,0,0.90705003,0,0,0,0,0,0,0,0,0,0,0,0,0,0,0
FUT2,2.316116017,1.941625202,1.401468483,2.268089723,1.543333959,0.921132385,0.894759661,1.51783371,0.90279184,0,0,0,0,0,0,0,0,0,0,0,0,0,0,0,0,0,0,0,0,0,0,0,0,0,0,0,0,0
FUT4,2.801126798,3.100475979,0.864613417,0,0,0,0,0,0,0,0,0,0,0,0,0,0,0,0,0,0,0,0,0,0,0,0,0,0,0,0,0,0,0,0,0,0,0
FUT8,0,0,0,0,1.953082406,0,2.149649735,2.240990417,0.90279184,0,0,0,0,0,0,0,0,0,0,0,0,0,0.90705003,0.958592587,0.916958742,0,0,0,0,0,0,0,3.687544579,4.163037251,3.581002772,0,0,0
FYCO1,0,0,0,0,0,0,0,0,0,0,0,0,0,0,0,0,0,0,1.714955817,0,2.856411626,1.234105921,0,0,0,0,0,0,0,0,0,0,0,0,0,0,0,0
FYN,1.58012073,1.941625202,0.864613417,0,0,0,0,0,0,0,0,0,0,0,0,0,0,0,0,0,0,0,0,0,0,0,4.090524219,4.08036687,3.771823672,3.875236924,2.053047961,0,1.989531496,1.933211842,0,0,0,0
FZD5,0,0,0,0,0,0,0,0,0,0,0,0,0,0,0,0,0,0,0,0,0,0,0,0,0,0,0,0,0,0,0,0,0,0,0,0,0,0
G3BP1,2.316116017,2.259576362,2.098758683,1.949586033,1.543333959,1.880020556,2.810463839,2.911236342,2.992305255,1.540903575,1.455392216,2.251195448,0,0,0,2.355604609,1.944875303,2.053289965,1.098576504,1.653127323,0,0,1.858228386,2.735625828,2.443780137,2.321928095,0,0,0,0,0,0,0,0,0,0,0,0
G3BP2,0.996370196,0.961347078,1.791837015,1.540237874,1.953082406,1.47881758,2.621946525,2.500551849,2.825330619,0,0.903929473,0.956200116,0,0,0,2.031594606,2.263052434,2.378701702,0,0,0,0,1.858228386,2.2550935,2.85138244,0,0,0,0,0,0,0,0,0,0,0,0,0
G6PD,3.800606572,3.628251645,4.052779486,3.843880539,3.64247482,3.848399125,3.964223206,3.712975173,4.20113292,3.1108756,2.9944429,3.242104959,3.852128841,4.047190029,4.00677851,3.94610422,3.632289151,4.236715467,2.145448836,2.403347751,1.806054709,2.680193992,4.209776525,4.008505655,4.086304413,3.459431619,0,2.064647663,1.931003366,1.333072201,0,0,0,0,0,0,0,0
GAA,2.316116017,2.259576362,3.068269276,4.183948616,3.84826838,3.756000002,4.251363295,4.362321027,3.277509632,5.978823094,5.953751484,5.7952264,5.824905065,5.777269602,5.839992777,5.874138282,5.734731965,5.797244078,5.185248962,5.932252751,4.893058371,5.950841266,4.983324397,5.240051349,5.225481804,2.584962501,2.072868086,1.373875901,2.728226634,2.474606879,4.06601068,0,0,0,0,0,0,0
GAK,0.996370196,1.941625202,1.401468483,0,0,0.921132385,0,0,0,1.950337883,0.903929473,1.526262086,0,0,1.003619168,0,0,0,0,1.05142317,0,0,0,0,0,0,0,1.373875901,1.266997295,0,0,0,0,0,0,0,0,0
GALC,0,0,0.864613417,0,1.543333959,0,0,0,0,0,0,0,0,0,0,0,0,0,0,0,0,0,0,0,0,0,0,0,0,0,0,0,0,0,0,0,0,0
GALE,2.993641837,3.388364695,4.12242704,1.949586033,1.953082406,2.451014583,1.442864021,1.924256156,2.825330619,2.941892081,3.403637312,2.922454862,1.546060213,1.618677671,1.589786044,1.021139762,0.963485218,1.632427638,2.145448836,2.669676924,1.168913826,2.338300494,0,0.958592587,0,0,0,0,0,0,0,0,0,0,0,0,0,0
GALK1,1.58012073,1.533191662,2.919685889,0,0,0,0,0,0,3.399011692,3.517762757,3.242104959,1.546060213,0,1.003619168,0,0,0,2.145448836,2.669676924,1.806054709,2.338300494,0,0,0,0,0,0,1.266997295,0,0,0,0,0,0,0,0,0
GALK2,0,0.961347078,1.791837015,0.966587184,0.968891745,1.880020556,0.894759661,1.51783371,2.163087258,2.268893588,2.421096055,1.526262086,0,0,0,0,0,0,0,0,0,1.889360771,0,0,0,0,0,0,0,0,0,0,0,0,0,0,0,0
GALM,0,0,0,0,0,0,2.977170172,3.230546315,3.277509632,0,0,0,0,0,0,3.359759433,3.517296477,3.385643851,0,0,0,0,3.629670641,3.383238525,3.428871228,3.584962501,0,0,0,0,0,0,0,0,0,0,0,0
GALNS,0,0,0,3.109978656,3.402362581,3.176707196,3.605364131,3.606636986,2.992305255,0,0,2.511206051,3.752877906,4.134834924,3.591590723,4.039386317,4.321949729,4.154027448,0,0,0,0,4.570182849,4.504525117,4.590446441,4.857980995,0,0,0,0,0,0,0,2.7307681,0,2.829306972,2.598717113,0
GALNT1,0,0,0,0,0,0,0,0,0.90279184,0,0,0,0,0,0,3.036793753,2.744180469,3.061983348,1.098576504,0,0,3.387705307,3.285708808,3.095469549,3.543195199,3.584962501,0,1.373875901,0,0,0,0,1.989531496,3.617789703,3.581002772,0,0,0
GALNT10,0,0,0,1.540237874,0.968891745,0.921132385,3.385748712,3.230546315,2.163087258,0,0,0,0,0,0,0,0,1.03574445,0,0,0,0,1.858228386,2.2550935,1.873574051,2.807354922,0,0,0,0,0,0,0,0,0,0,0,0
GALNT12,0,0.961347078,1.401468483,0,0,0,3.499731284,3.230546315,2.992305255,0,0,0,0,0,0,0,0.963485218,0,0,0,0,0,2.833183695,2.2550935,2.186666421,2.321928095,0,0,0,0,0,0,0,0,0,0,0,0
GALNT18,0,0,0,0.966587184,1.543333959,0,2.621946525,2.500551849,1.453839514,0,0,0,0,0,0,0,0,1.03574445,0,0,0,0,0,0,0,0,0,0,0,0,0,0,0,0,0,0,0,0
GALNT2,2.578907744,2.519953374,2.754024153,1.949586033,2.271827737,2.193583806,4.251363295,3.991758476,3.621272161,0,0,1.526262086,1.546060213,1.618677671,1.003619168,3.036793753,3.255521121,3.385643851,2.745703037,1.653127323,1.168913826,2.338300494,3.523873876,3.508117252,3.428871228,3.700439718,2.072868086,0,1.931003366,1.333072201,2.053047961,2.886554086,3.309356743,2.7307681,3.581002772,0,2.598717113,2.600000002
GALNT3,0,0,0,0,0,0,0,0,0,0,0,0,0,0,0,0,0,1.03574445,0,0,0,0,2.170190716,1.937434512,1.473143559,2,0,0,0,0,0,0,1.989531496,1.933211842,0,0,0,0
GALNT4,0,0.961347078,0,0.966587184,0.968891745,0,3.385748712,3.230546315,2.825330619,0,0,0,0,0,0,0,0,1.03574445,0,0,0,0,2.644143159,1.937434512,1.473143559,2.584962501,0,0,0,0,0,2.886554086,3.986902457,3.617789703,0,0,0,0
GALNT5,0,0,0,0,0.968891745,0,2.149649735,2.240990417,0.90279184,0,0,0,0,0,0,1.61308057,0.963485218,1.632427638,1.098576504,1.653127323,1.806054709,0,0,0,0,0,0,0,0,0,0,0,0,0,0,0,0,0
GALNT6,2.316116017,2.259576362,2.351701379,3.398093484,3.64247482,2.859016798,4.832768709,5.110402212,4.561429755,1.540903575,2.421096055,3.378779227,2.948722432,3.044091598,3.176352815,4.563736391,4.514144036,4.526919969,0,0,0,0,4.901196998,4.87294656,4.788890577,5.285402219,1.380514028,0,1.266997295,0,0,0,3.687544579,4.373878798,3.581002772,0,0,0
GALNT7,0,0,0,0,0,0,2.810463839,2.720458447,2.419108186,0,0,0,0.970922069,1.025359956,0,3.497640075,3.517296477,3.649832041,0,0,0,0,4.40120489,4.168436296,4.086304413,4.807354922,0,0,0,0,0,0,3.986902457,3.916020257,4.519429818,0,0,0
GALNTL4,0,0,0,0,0,0,0,0,0,0,0,0,0,0,0,0,0,0,0,0,0,0,0,0,0,0,0,0,0,0,0,0,0,0,0,0,0,0
GALT,0,0,0,0,0,0,0,0.9499485,1.851615862,0,0,0,0.970922069,0,0,0,0,0,0,0,0,0,1.459649025,0.958592587,1.473143559,0,0,0,0,0,0,0,0,0,0,0,0,0
GANAB,6.142580988,6.05206308,6.07658019,6.020862677,5.915397999,5.484990403,5.850844613,5.654939454,5.475215601,5.841422772,5.758635954,5.7952264,6.245785609,6.071889191,6.346990254,5.874138282,5.858003375,6.046810139,5.185248962,5.622514619,5.217396799,5.468432342,5.810907172,6.066926914,6.040751121,3.906890596,1.380514028,1.373875901,1.266997295,2.013916734,0,0,0,0,0,0,0,0
GAPDH,6.923528303,7.030737929,7.699431044,6.562437862,6.610153437,6.378707439,6.275709416,6.069488703,6.176199281,8.223633153,8.576276337,8.08127235,6.245785609,6.407231069,6.416535377,6.289357306,6.076838032,5.976366067,6.492362276,7.166436853,6.338051867,6.970585407,4.67275357,4.962975508,4.878734507,4,5.303293763,5.559434016,5.385135725,5.339993805,5.022286887,2.886554086,4.793881411,3.916020257,2.69678497,0,2.598717113,0
GAPVD1,0,0,1.401468483,0,0,0,0,0,0,0,0,0,0.970922069,0,0,0,0,0,0,0,0,0,0,0,0,0,0,0,0,0,0,0,0,0,0,0,0,0
GAR1,1.994551864,2.259576362,1.401468483,0,0.968891745,0,0,0,0,1.540903575,1.853383544,0.956200116,0,0,0,0,0,0,0,0,0,0,0,0,0,0,0,0,0,0,0,0,0,0,0,0,0,0
GARS,0,0,0,0,0,0,0,0,0,0,0,0,0,0,0,0,0,0,0,0,0,0,0,0,0,0,0,0,0,0,0,0,0,0,0,0,0,0
GARS1,5.162858643,5.245570117,5.421675602,5.457448261,5.260632442,5.199438379,4.95770589,4.759715303,4.805297555,4.889790045,5.016210978,4.913893759,4.403400798,4.21745889,4.176753604,3.623485148,3.517296477,3.649832041,4.503808314,4.741022553,4.30205236,4.94259963,2.426542826,2.926737964,3.018820504,1,2.072868086,2.064647663,1.931003366,2.474606879,0,0,0,0,0,0,0,0
GART,4.693451201,4.448689336,4.93313168,4.74220736,4.640008333,4.887292885,3.126593151,3.230546315,3.980443085,4.979854786,4.976842159,4.772170812,3.646291178,4.295606161,4.32879677,1.61308057,1.53606782,2.644053871,3.168326031,4.488737827,1.806054709,4.500654413,0,0,0,0,1.380514028,1.373875901,2.383995806,1.333072201,0,0,0,0,0,0,0,0
GAS6,3.163465689,2.740444656,0,4.74220736,4.939105679,1.880020556,5.144536081,5.186205003,3.141943704,0,0.903929473,0.956200116,0,0,0,1.61308057,1.53606782,1.632427638,0,0,0,0,1.459649025,1.529484238,1.473143559,2.584962501,0,0,0,0,0,0,0,0,0,0,0,0
GATD3B,0,0,0,0,0,0,0,0,2.163087258,0,0,0,0,0,0,0,0,0,0,0,0,0,0,0,0,0,0,0,0,0,0,0,0,0,0,0,0,0
GBA,3.800606572,3.628251645,2.56684197,3.843880539,4.028337769,3.312666648,3.964223206,3.904682107,3.277509632,0,0,0,0,0,0,0,0,0,0,0,0,0,0,0,0,0,0,0,0,0,0,0,0,0,0,0,0,0
GBE1,0,0,0,0,0,1.880020556,2.810463839,2.500551849,3.515531724,0,0,0,2.536168495,2.037874702,2.005425354,3.036793753,3.104356784,3.232871055,0,0,0,0,4.276448399,3.921359802,3.926957113,4.392317423,0,0,0,0,0,0,0,0,0,0,0,0
GC,0,0,0,0,0,0,0,0,0,0,0,0,0,0,0,0,0,0,0,0,0,0,0,0,0,0,0,0,0,0,0,0,0,0,0,0,0,0
GCHFR,0,0,0,0,0,0,0.894759661,0.9499485,0.90279184,0,0,0,0,0,0,1.021139762,0.963485218,1.03574445,0,0,0,0,0.90705003,0.958592587,1.473143559,1,0,0,0,0,0,0,0,0,0,0,0,0
GCLC,0,0,1.401468483,3.843880539,3.64247482,4.094642998,4.041541069,3.904682107,4.507288193,1.540903575,1.853383544,1.933791208,3.646291178,3.854102726,3.91363905,3.623485148,3.632289151,3.972912998,0,0,0,0,3.820496403,4.312393749,4.15982985,3.700439718,0,0,0,0,0,0,0,0,0,0,0,0
GCLM,0,0,0.864613417,0,0,0.921132385,0,0,0,0,0.903929473,0.956200116,0,1.025359956,1.003619168,0,0.963485218,1.03574445,0,0,0,0,1.459649025,0.958592587,1.473143559,0,0,0,0,0,0,0,0,0,0,0,0,0
GCN1,5.278320292,5.209095795,5.245584117,3.261216432,3.265441068,2.451014583,0,0,0,6.309257004,6.461324767,6.141070529,4.032231982,4.507465521,4.961192953,0,0,0,4.642129225,5.268287202,3.613037926,5.229341445,0,0,0,0,0,0,0,0,0,0,0,0,0,0,0,0
GCN1L1,0,0,0,0,0,0,0,0,0,0,0,0,0,0,0,0,0,0,0,0,0,0,0,0,0,0,0,0,0,0,0,0,0,0,0,0,0,0
GCNT1,0,0,0,0,0,0,3.261982234,3.230546315,3.141943704,0,0,0,0,0,0,0,0,0,0,0,0,0,0,0,0,0,0,0,0,0,0,0,0,0,0,0,0,0
GCNT3,0,0,0,0,0,0,0,0,0,0,0,0,0,0,0,0,0,0,0,0,0,0,0,0,0,0,0,0,0,0,0,0,0,0,0,0,0,0
GDA,0.996370196,0,0,2.749592966,2.945112293,3.935234957,3.795922944,3.904682107,3.812006199,1.540903575,1.853383544,2.511206051,3.852128841,4.134834924,4.176753604,4.625211972,4.388900024,4.526919969,0,1.653127323,0,0,4.570182849,4.168436296,4.229789149,5,0,0,0,0,0,0,0,0,0,0,0,0
GDF15,0.996370196,1.533191662,1.401468483,1.540237874,0.968891745,0,2.810463839,2.720458447,2.419108186,1.950337883,1.853383544,1.933791208,0,0,0,1.021139762,0,0,0,0,0,0,2.170190716,0.958592587,0.916958742,2,0,0,0,0,0,0,0,0,0,0,2.598717113,0
GDI1,0,0,0,0,0,0.921132385,2.810463839,2.500551849,3.401423861,0,1.853383544,2.251195448,2.275117866,2.626984775,2.590989414,4.684174691,4.683718341,4.768411021,0,0,0,0,4.85831084,5.088288249,5.043200573,5.044394119,0,0,0,0,0,0,0,0,0,0,0,0
GDI2,3.578300868,3.628251645,2.754024153,4.257767468,4.583523545,5.051791299,5.993876048,5.944090997,5.824247465,3.262125066,4.394828067,4.669311198,4.698352774,4.80333795,4.864961592,6.170666134,6.097001076,6.198922714,0,2.403347751,0,2.338300494,6.236351284,6.10697099,6.079160754,6.409390936,5.66425377,5.559434016,5.432894157,5.799550965,4.06601068,0,4.446094835,4.72090243,2.69678497,0,2.598717113,0
GDPD5,0.996370196,0.961347078,0,0,0,0,0,0,0,0,0,0,0,0,0,0,0,0,0,0,0,0,0,0,0,0,3.172816473,3.399164795,3.771823672,3.540486385,2.053047961,0,1.989531496,1.933211842,0,0,0,0
GELS,1.994551864,1.941625202,0,4.635482004,4.89336671,4.368714044,5.278326981,5.423953463,4.892364797,5.064625813,4.807654825,5.161369277,5.300259856,5.441422199,5.530634463,5.685002794,5.6823147,5.592687492,4.939097567,4.797756661,5.168154978,4.317084986,6.219505559,5.894614347,6.134923335,5.906890596,3.947899965,4.08036687,4.16021177,4.017375043,0,2.069533795,3.309356743,4.373878798,3.581002772,5.451253497,4.970157178,4.971644604
GEMIN4,0,0,0,0,0,0,0,0,0,1.950337883,2.421096055,2.251195448,0,0,0,0,0,0,0,0,0,0,0,0,0,0,0,0,0,0,0,0,0,0,0,0,0,0
GEMIN5,0,0,0.864613417,0.966587184,0,0.921132385,0,0.9499485,0,1.540903575,1.853383544,0,0,0,0,0,0,0,0,0,0,0,0,0,0,0,0,0,0,0,0,0,0,0,0,0,0,0
GET3,0,0,0,0,0,0,0,0.9499485,1.851615862,0,0,0,0,0,0,0,0,0,0,0,0,0,0,0,0,0,0,0,0,0,0,0,0,0,0,0,0,0
GET4,1.994551864,1.941625202,2.351701379,0.966587184,0,0,0,0,0,0,0,0,0,0,0,0,0,0,0,0,0,1.234105921,0,0,0,0,0,0,0,0,0,0,0,0,0,0,0,0
GFPT1,5.162858643,4.878421948,5.245584117,5.256039888,5.108807732,5.127502812,3.385748712,3.812010579,4.057818562,5.394376531,5.586236263,5.339426141,4.698352774,4.748819682,5.007003913,1.021139762,0,1.03574445,4.429334296,4.904940717,4.20773121,5.229341445,0,2.5152748,1.873574051,0,0,0,1.266997295,1.333072201,0,0,0,0,0,0,0,0
GFUS,3.452825167,3.251589451,3.734739458,2.528836668,2.532736393,2.859016798,2.149649735,2.500551849,2.825330619,0.96708259,0.903929473,1.933791208,0.970922069,1.025359956,1.589786044,3.207295283,3.104356784,3.232871055,0,0,0,0,3.000298925,3.095469549,2.85138244,3.700439718,0,0,0,0,0,0,0,0,0,0,0,0
GGCT,0.996370196,0,0,0,0,0,3.261982234,3.079707418,3.277509632,0,0.903929473,1.526262086,0,0,0,3.207295283,2.744180469,2.644053871,0,0,0,0,3.728236298,3.729484261,3.649121172,3.700439718,0,0,1.931003366,1.333072201,0,0,0,0,0,0,0,0
GGH,3.163465689,3.734726159,2.919685889,5.291621636,5.430379038,5.648121866,6.322930615,6.274408964,6.514860516,4.39592324,5.054533961,5.198782161,6.050639266,5.956348586,6.007116601,6.467757865,6.82147769,6.561711732,4.76834091,4.620387821,4.893058371,4.66348089,7.596529614,7.066317903,7.160889284,7.409390936,4.339375044,4.08036687,4.041997863,3.875236924,6.259190081,6.280589698,6.28998354,6.268924817,6.990067128,7.426307879,6.993639659,6.812280753
GGPS1,0,0,0,0,0.968891745,0,0.894759661,0.9499485,0.90279184,0,0.903929473,0.956200116,1.546060213,1.025359956,1.589786044,1.021139762,0.963485218,0,0,0,0,1.234105921,0,1.529484238,0.916958742,0,0,0,0,0,0,0,0,0,0,0,0,0
GGT7,0,0,0,0,0,0,0,0,0,0,0,0,0,0,0,0,0,0,0,0,0,0,0,0,0,0,2.538745146,2.529815193,2.383995806,3.338612139,2.867824406,0,0,0,0,0,0,0
GID8,1.58012073,0.961347078,1.401468483,1.540237874,1.543333959,0,0,0,0,1.950337883,0.903929473,0.956200116,0,0,0,0,0,0,0,0,1.168913826,1.234105921,0,0,0,0,0,0,0,0,0,0,0,0,0,0,0,0
GINS4,0,0,0,0,0,0,1.442864021,0,0.90279184,0,0,0,0,0,0,0,0,0,0,0,0,0,0.90705003,0,0,1,0,0,0,0,0,0,0,0,0,0,0,0
GIPC1,2.801126798,2.740444656,2.098758683,0,0,0,0,0,0,2.268893588,1.455392216,1.933791208,0,0,0,0,0,0,0,0,0,0,0,0,0.916958742,0,5.303293763,5.350195761,5.176523782,5.227481751,4.314617226,2.069533795,1.989531496,1.933211842,0,0,0,0
GIT1,0.996370196,0.961347078,0.864613417,0,0.968891745,0.921132385,1.442864021,1.51783371,1.453839514,0.96708259,1.455392216,0.956200116,0.970922069,0,0,0,0,0,0,0,0,0,0,0,0,0,0,0,0,0,0,0,0,0,0,0,0,0
GJB1,0,0,0,0,0,0,0,0,0,0,0,0,0,0,0,0,0,0,0,0,0,0,0,0,0,0,1.380514028,2.529815193,2.383995806,2.013916734,3.385355532,0,2.795384697,2.7307681,0,0,0,0
GLA,3.693731392,3.513288396,3.821059837,4.257767468,4.028337769,4.017139547,3.964223206,4.225295774,3.898681406,0,0,0,0,1.618677671,1.589786044,2.355604609,1.944875303,2.378701702,0,0,0,0,2.426542826,2.735625828,3.018820504,2.321928095,0,0,0,0,0,0,0,0,0,0,0,0
GLB1,3.578300868,3.833879792,4.252380623,4.023911454,3.749037927,4.168194276,4.114925189,3.904682107,3.980443085,4.328956263,3.982732963,4.003879849,4.750740993,4.633183863,4.707391618,4.740821936,4.736085546,4.768411021,3.87746897,4.001444414,3.998293229,3.86032243,4.622379572,4.962975508,4.693077846,4.754887502,0,0,0,0,2.867824406,0,1.989531496,0,2.69678497,0,0,0
GLCE,0,0.961347078,0,0.966587184,0,0,0.894759661,1.51783371,0.90279184,0,0,0,0,0,0,0,0,0,0,0,0,0,0,0,0,0,0,0,0,0,0,0,0,0,0,0,0,0
GLG1,3.163465689,3.251589451,3.202968816,4.257767468,4.399449,4.843060841,4.376005728,4.656890805,4.561429755,1.950337883,0,1.933791208,1.546060213,1.618677671,1.003619168,1.61308057,0.963485218,1.632427638,1.714955817,2.076463354,2.583445471,3.18810514,1.858228386,1.529484238,1.873574051,2.807354922,1.380514028,2.064647663,1.931003366,2.823248847,3.385355532,2.886554086,4.234691467,5.000427909,5.083269848,2.829306972,5.185959353,3.475828426
GLMN,0,0,1.401468483,0,0.968891745,0,1.442864021,0.9499485,1.453839514,0.96708259,0.903929473,0,0,0,0,0,0,0,0,0,0,0,0,0,0,0,0,0,0,0,0,0,0,0,0,0,0,0
GLMP,0,0,0,0,0,0,0,0,0,0.96708259,0,0,0,0,0,0,0.963485218,0,0,0,0,0,0,0,0,1,1.380514028,0,0,0,2.867824406,2.886554086,3.309356743,2.7307681,0,0,0,0
GLO1,0,0,0,0.966587184,0.968891745,1.47881758,2.149649735,2.720458447,3.515531724,0,2.164986415,1.933791208,0.970922069,0,1.003619168,2.843407086,2.744180469,2.868099561,0,1.05142317,0,1.234105921,2.833183695,3.508117252,3.304702086,2.321928095,2.072868086,2.064647663,1.266997295,2.013916734,0,0,0,0,0,0,0,0
GLOD4,0,0,0,0,0,0,3.703787505,3.712975173,3.621272161,0,0,1.526262086,0,0,0,4.039386317,3.930758617,3.972912998,0,0,0,0,4.340174758,4.242209854,3.926957113,4.584962501,1.380514028,1.373875901,0,0,0,0,0,0,0,0,0,0
GLRX3,0,0,0,0.966587184,0.968891745,0,0.894759661,1.51783371,1.851615862,0.96708259,0,0,0,0,0,0,0,0,0,0,0,0,0.90705003,0.958592587,0.916958742,0,0,0,0,0,0,0,0,0,0,0,0,0
GLS,0,0,0,0,0,0,0,0,0,0,0,0,0,0,0,0,0,0,0,0,0,0,0,0,0,0,0,0,0,0,0,0,0,0,0,0,0,0
GLT25D1,0,0,0,0,0,0,0,0,0,0,0,0,0,0,0,0,0,0,0,0,0,0,0,0,0,0,0,0,0,0,0,0,0,0,0,0,0,0
GLT8D1,0,0,1.401468483,0,0,0,0,0,0,0,0,0,0,0,0,0,0,0,0,0,0,0,0,0,0,0,0,0,0,0,0,0,0,0,0,0,0,0
GLUD1,0,0,0.864613417,3.843880539,3.941110664,3.935234957,0,0,0,4.459919147,3.90096226,4.163778281,5.942182664,6.026777154,5.984394736,3.497640075,3.738788903,3.649832041,1.714955817,3.08882233,0,2.338300494,4.67275357,5.047714827,5.081545906,5.426264755,0,0,0,0,0,0,0,0,0,0,0,0
GLUL,1.58012073,1.941625202,2.56684197,3.109978656,2.753608502,4.094642998,0,0,0.90279184,3.639070203,3.279702347,3.724923947,5.228184998,5.136290526,5.051404862,2.031594606,1.944875303,2.053289965,2.476571387,2.894418153,0,1.234105921,3.40970041,3.508117252,4.229789149,4.247927513,0,0,1.266997295,1.333072201,0,0,0,0,0,0,0,0
GLYR1,0,0,0,0,0,0,0.894759661,1.924256156,0.90279184,0.96708259,1.455392216,0,0,0,0,0,0,0,0,0,0,0,0,0,0,0,0,0,0,0,0,0,0,0,0,0,0,0
GM2A,0,0,0,0,0,0,1.839113208,2.500551849,0.90279184,0,0,0,0,0,0,1.61308057,1.53606782,1.632427638,1.098576504,1.05142317,1.168913826,1.234105921,1.459649025,0.958592587,1.473143559,1,0,0,0,0,0,0,0,0,0,0,0,0
GMDS,4.693451201,4.731858388,5.044971775,4.023911454,3.84826838,3.65727565,2.621946525,2.500551849,2.636470024,5.064625813,5.232220663,4.721657506,4.032231982,4.134834924,4.254777207,3.036793753,2.263052434,2.644053871,4.706614804,4.955687295,4.698689158,5.280434713,2.426542826,2.2550935,2.186666421,0,2.89033867,2.88100595,1.931003366,2.474606879,0,0,0,0,0,0,0,0
GMFB,0,0,0,0.966587184,1.543333959,0,0.894759661,1.51783371,0.90279184,1.950337883,1.455392216,1.933791208,0.970922069,0,1.003619168,0,0,0,0,0,0,0,0,0,0,0,0,0,0,0,0,0,0,0,0,0,0,0
GMPPA,2.993641837,2.931662233,3.439652425,1.540237874,0.968891745,1.47881758,0,0,0,2.750456577,2.421096055,2.251195448,0,0,0,0,0,0,0,1.05142317,0,2.338300494,0,0,0,0,0,0,0,0,0,0,0,0,0,0,0,0
GMPPB,2.578907744,2.519953374,3.068269276,1.949586033,0.968891745,2.193583806,1.839113208,1.51783371,2.636470024,2.941892081,2.421096055,2.511206051,1.546060213,0,0,0,0,0,1.098576504,1.653127323,1.168913826,2.338300494,0,0,0,0,0,0,0,0,0,0,0,0,0,0,0,0
GMPR2,0.996370196,1.533191662,2.098758683,3.261216432,3.114149002,3.176707196,2.810463839,3.230546315,2.992305255,2.268893588,2.638521785,1.933791208,3.752877906,3.854102726,3.91363905,1.61308057,1.53606782,1.632427638,0,1.05142317,0,1.889360771,2.644143159,2.926737964,2.661928568,3.459431619,0,0,0,0,0,2.069533795,1.989531496,0,0,2.829306972,0,0
GMPS,5.122222442,5.245570117,5.33631485,4.74220736,4.694364685,4.701594989,3.795922944,3.812010579,3.898681406,4.793726137,4.666322275,4.307709643,1.546060213,2.037874702,2.590989414,0,0,0,1.098576504,2.894418153,0,3.18810514,0,0,0,0,0,0,0,0,0,0,0,0,0,0,0,0
GNA11,2.578907744,2.740444656,2.098758683,0,0,0,0,0,0,1.950337883,0,0,0,0,0,0,0,0,0,0,0,0,0,0,0,0,4.551550277,4.726097906,4.46591069,4.661645673,3.385355532,0,2.795384697,2.7307681,0,0,0,0
GNA13,1.58012073,1.941625202,0,0,0,0,0,0,0,0.96708259,0,0,0,0,0,0,0,0,0,0,0,0,0,0,0,0,3.947899965,3.937808665,4.16021177,4.017375043,2.053047961,0,1.989531496,0,0,0,0,0
GNAI1,0,0,0,0,0,0,0,0,0,0,0,0,0,0,0,0,0,0,0,0,0,0,0,0,0,0,3.947899965,3.77960348,4.16021177,3.875236924,2.053047961,0,0,0,0,0,0,0
GNAI2,3.315387858,3.251589451,2.098758683,0,0,0,0,0,0,2.529675346,1.455392216,1.526262086,0,0,0,0,0,0,0,0,0,0,0,0,0,0,5.520457254,5.350195761,5.335742029,5.676372903,4.06601068,0,2.795384697,2.7307681,0,0,0,0
GNAI3,2.316116017,2.259576362,1.401468483,0,0,0,0,0,0,0.96708259,0,0.956200116,0,0,0,0,0,0,0,0,0,1.234105921,0,0,0,0,4.646978729,4.54121905,4.371030583,4.825223333,2.867824406,0,1.989531496,0,0,0,0,0
GNAQ,0.996370196,0,0,0,0,0,0,0,0,0,0,0,0,0,0,0,0,0,0,0,0,0,0,0,0,0,3.172816473,3.77960348,3.238727139,3.103821595,2.053047961,0,0,0,0,0,0,0
GNAS,3.163465689,2.931662233,2.754024153,0,0,0,0,0,0,2.750456577,1.853383544,2.731434726,0,0,0,0,0,0,0,1.05142317,0,1.234105921,0,0,0,0,5.66425377,5.742134157,5.690351592,6.018238326,4.711414598,0,3.687544579,3.241403097,0,0,0,0
GNB1,3.993186609,3.833879792,2.919685889,1.540237874,1.543333959,0.921132385,0,0,0,2.941892081,2.164986415,2.511206051,0,0,0,0,0,0,0,0,1.168913826,1.889360771,0,0,0,0,5.520457254,5.607323498,5.479122139,5.444362581,5.3905174,2.886554086,4.446094835,4.373878798,0,0,0,0
GNB1L,1.994551864,1.533191662,1.401468483,0,0,0,0,0,0,0,1.853383544,0,0,0,0,0,0,0,0,0,0,0,0,0,0,0,0,0,0,0,0,0,0,0,0,0,0,0
GNB2,3.800606572,3.734726159,2.919685889,0,0,0,0,0,0,2.268893588,0.903929473,2.251195448,0,0,0,0,0,0,0,0,0,1.234105921,0,0,0,0,4.900383898,4.965392779,4.932563547,4.972128369,4.314617226,2.069533795,3.309356743,3.241403097,0,0,0,0
GNB2L1,0,0,0,0,0,0,0,0,0,0,0,0,0,0,0,0,0,0,0,0,0,0,0,0,0,0,0,0,0,0,0,0,0,0,0,0,0,0
GNE,3.900107558,3.628251645,3.202968816,2.941009732,2.271827737,0,0.894759661,0,0,1.950337883,2.827430592,0.956200116,0,0,0,0,0,0,0,0,0,0,0,0,0,0,0,0,0,0,0,0,0,0,0,0,0,0
GNG12,0.996370196,0.961347078,0,0,0,0,0,0,0,0,0,0,0,0,0,0,0,0,0,0,0,0,0,0,0,0,2.072868086,2.064647663,1.931003366,1.333072201,0,0,0,0,0,0,0,0
GNL1,0.996370196,0.961347078,2.56684197,0,0,0,0,0,0,0,0,0,0,0,0,0,0,0,0,0,0,0,0,0,0,0,0,0,0,0,0,0,0,0,0,0,0,0
GNPDA1,0,0,0,4.257767468,4.332473679,4.304921401,3.882525857,4.151572014,3.401423861,2.941892081,2.827430592,3.503618698,5.190750712,5.258399008,5.094480012,4.994835424,4.928392348,5.112928664,0,0,0,0,5.238737314,5.005967243,5.155308149,5.321928095,1.380514028,0,0,0,0,0,0,2.7307681,0,0,0,0
GNPDA2,0,0,0,0.966587184,0.968891745,1.47881758,0,0.9499485,0,0,0,0,2.275117866,2.626984775,2.327714414,2.031594606,1.944875303,2.053289965,0,0,0,0,2.170190716,1.937434512,2.443780137,2,0,0,0,0,0,0,0,0,0,0,0,0
GNPNAT1,0.996370196,0,1.791837015,0.966587184,0.968891745,1.47881758,1.442864021,2.240990417,2.163087258,2.529675346,2.421096055,2.251195448,0.970922069,1.025359956,1.003619168,0,0,1.03574445,1.098576504,1.653127323,1.806054709,2.338300494,0.90705003,0.958592587,0.916958742,0,0,0,0,1.333072201,0,0,0,0,0,0,0,0
GNPTG,0,0,0,1.540237874,2.753608502,3.026589061,2.621946525,2.911236342,2.636470024,0,0,0,0,0,0,2.355604609,1.944875303,2.378701702,0,0,0,0,2.170190716,2.5152748,2.443780137,2.321928095,0,0,0,0,0,0,0,0,0,0,0,0
GNS,0,0,0,0,0.968891745,3.551296021,3.499731284,3.606636986,4.057818562,0,1.853383544,3.618510617,3.852128841,4.047190029,3.91363905,4.947485184,4.736085546,4.875515913,0,0,0,0,4.94284502,4.918663183,4.963309897,5.087462841,0,0,0,0,2.867824406,0,3.309356743,2.7307681,2.69678497,0,2.598717113,0
GOLGA2,0,0,0,0,0,0,0,0,0,0,0,0,0,0,0,0,0,0,1.714955817,1.05142317,2.246490367,0,0.90705003,0,0.916958742,0,0,0,0,0,0,0,0,0,0,0,0,0
GOLGA4,0,0,0,0,0,0,0,0,0,0,0,0,0,0,0,0,0,0,1.714955817,2.076463354,3.880945927,1.889360771,0,0,0,0,0,0,0,0,0,0,0,0,0,0,0,0
GOLGA7,0,0.961347078,0,0,0,0,0,0,0,0,0,0,0,0,0,0,0,0,0,0,0,0,0,0,0,0,2.89033867,2.529815193,1.931003366,2.013916734,3.385355532,0,0,0,0,0,0,0
GOLGB1,0,0,0,0,0,0,0,1.51783371,0.90279184,0.96708259,0,0,0,0,0,2.620025286,1.53606782,2.053289965,5.710516698,5.098022574,6.122326803,4.411787418,0,0,0,1,0,0,0,0,0,0,0,0,0,0,0,0
GOLIM4,2.316116017,2.259576362,1.791837015,0,0,0,0,0,0,0,0,0,0,0,0,0,0,0,0,0,0,0,0,0,0,0,0,0,0,0,0,0,0,0,0,0,0,0
GOLM1,0,0,0,0,0,0,1.442864021,3.491832663,1.453839514,0,0,0,0,0,0,1.021139762,0.963485218,1.632427638,0,0,1.168913826,0,0.90705003,0.958592587,0.916958742,1,0,0,0,0,0,0,0,0,0,0,0,0
GOLPH3,2.578907744,2.931662233,3.068269276,1.540237874,1.953082406,1.880020556,1.442864021,0.9499485,1.453839514,2.529675346,2.164986415,2.251195448,0.970922069,0,0,0,0,0,0,1.05142317,0,0,0,0,0,0,2.072868086,1.373875901,2.383995806,2.013916734,0,0,0,1.933211842,0,0,0,0
GORASP2,1.58012073,0.961347078,2.351701379,0,0.968891745,0.921132385,0.894759661,0.9499485,2.636470024,0,0.903929473,0,0,0,0,0,0,0,0,0,0,0,0,0,0,0,0,0,0,0,0,0,0,0,0,0,0,0
GOT1,0,0,0,4.106148,4.332473679,4.598938406,4.647337727,4.855696291,4.805297555,1.540903575,4.133559819,4.438575266,4.987456139,5.048736753,5.094480012,5.56463657,5.571395729,5.560945301,0,0,1.806054709,1.234105921,5.566388451,5.618064397,5.44725784,5.781359714,0,1.373875901,0,0,4.314617226,0,4.234691467,4.373878798,3.581002772,5.451253497,2.598717113,3.475828426
GOT2,0,0,0,4.106148,4.110590354,4.701594989,5.144536081,4.901393789,5.417672603,3.937650566,4.563770935,4.913893759,5.919477451,6.003680883,5.839992777,6.326845974,6.465996979,6.479204499,1.098576504,2.076463354,1.168913826,1.889360771,7.371026966,7.135710687,7.019912833,7.426264755,2.538745146,2.064647663,1.266997295,0,5.022286887,4.896155132,5.073900853,5.122197989,5.653976914,6.793530178,5.373641915,5.825061276
GPA33,4.800346389,4.625163985,4.252380623,2.268089723,2.271827737,0.921132385,1.442864021,1.51783371,1.453839514,3.1108756,2.638521785,3.242104959,0,0,0,0,0,0,2.145448836,1.653127323,2.246490367,2.9563868,0,0,0,0,4.736484697,5.037082573,5.176523782,5.493845692,4.875207947,3.404975348,2.795384697,3.916020257,0,0,0,0
GPC1,2.801126798,3.251589451,0,3.398093484,3.402362581,1.47881758,3.605364131,3.606636986,0.90279184,1.540903575,2.164986415,2.922454862,2.275117866,2.037874702,2.327714414,4.847850914,4.321949729,4.459656255,5.273041649,4.620387821,5.48203586,5.950841266,2.833183695,2.2550935,2.661928568,3.321928095,0,0,0,0,0,0,0,0,0,0,0,0
GPC4,0,0,0,0,0,0,0,0,0,0.96708259,1.455392216,2.731434726,2.757142261,2.850560031,2.327714414,4.361832367,4.177939306,3.972912998,5.0426497,4.741022553,5.217396799,5.783828754,0,0,0,0,0,0,0,0,0,0,0,0,0,0,0,0
GPD1L,0,0,0.864613417,0,0,0.921132385,0,0,0.90279184,0.96708259,1.455392216,0.956200116,0,0,0,0,0,0,0,0,0,0,0,0,0,0,0,0,0,0,0,0,0,0,0,0,0,0
GPHN,0,0,0,2.528836668,2.945112293,3.176707196,2.149649735,2.720458447,2.992305255,2.268893588,1.853383544,2.511206051,3.852128841,3.367259864,3.707114185,3.036793753,3.255521121,3.523776826,2.745703037,2.669676924,3.283768429,2.338300494,3.150050254,2.735625828,3.168830955,3.700439718,0,0,0,0,0,0,0,1.933211842,0,0,0,0
GPI,3.578300868,3.926654829,3.902505716,6.392600224,6.522729974,7.124205673,6.805417772,6.528520722,7.369550541,5.817194467,6.178610134,6.744723538,8.48056599,8.381045225,8.278668971,8.58102183,8.640448429,8.65540766,3.340770694,3.901441717,4.106809436,4.215726552,9.91117135,9.759976725,9.77300853,10.07012094,6.649958772,6.442107244,6.006681074,5.913034332,5.769425326,4.732273583,4.94067428,7.768624009,7.853679401,9.212887054,7.702910801,8.431601678
GPR107,0.996370196,0.961347078,1.401468483,0,0,0,0,0,0,0,0,0,0,0,0,0,0,0,0,0,0,0,0,0,0,0,0,0,0,0,0,2.069533795,1.989531496,2.7307681,0,0,0,0
GPR155,0,0,0,0,0,0,0,0,0,0.96708259,0.903929473,0.956200116,0,0,0,0,0,0,1.098576504,0,0,1.234105921,0,0,0,0,2.538745146,3.163224167,3.005940259,2.013916734,4.875207947,3.404975348,4.234691467,4.163037251,2.69678497,0,0,0
GPR172A,0,0,0,0,0,0,0,0,0,0,0,0,0,0,0,0,0,0,0,0,0,0,0,0,0,0,0,0,0,0,0,0,0,0,0,0,0,0
GPR56,0,0,0,0,0,0,0,0,0,0,0,0,0,0,0,0,0,0,0,0,0,0,0,0,0,0,0,0,0,0,0,0,0,0,0,0,0,0
GPRC5A,1.58012073,1.941625202,0,0,0,0,0,0,0,0.96708259,0,0.956200116,0,0,0,0,0,0,0,0,0,0,0,0,0,0,4.551550277,4.726097906,4.554934114,4.661645673,3.385355532,0,3.309356743,2.7307681,0,0,0,0
GPRC5B,0,0,0,0,0,0,0,0,0,0,0,0,0,0,0,0,0,0,0,0,0,0,0,0,0,0,2.072868086,2.529815193,3.005940259,2.823248847,2.867824406,0,0,0,0,0,0,0
GPRC5C,0,0,0,0,0,0,0,0,0,0,0,0,0,0,0,0,0,0,0,0,0,0,0,0,0,0,3.408938331,3.163224167,3.439119207,2.823248847,0,0,0,0,0,0,0,0
GPS1,2.316116017,2.519953374,2.919685889,3.843880539,3.84826838,3.756000002,2.149649735,0.9499485,0,2.750456577,2.421096055,2.251195448,3.269158334,3.367259864,3.328436075,0,0,0,2.145448836,3.08882233,1.168913826,2.338300494,0,0,0,0,0,0,0,0,0,0,0,0,0,0,0,0
GPX1,2.316116017,1.941625202,3.068269276,0,0,0.921132385,0,0,0,2.529675346,2.421096055,2.511206051,0,0,0,0,0,0,0,1.05142317,0,0,0,0,0,0,0,0,0,0,0,0,0,0,0,0,0,0
GPX2,3.578300868,3.833879792,4.052779486,2.268089723,2.753608502,2.451014583,0,0,0.90279184,3.399011692,3.144111598,3.242104959,0,1.025359956,1.003619168,0,1.53606782,1.03574445,2.972434909,3.260114038,2.856411626,3.719314538,0,0.958592587,0,0,2.072868086,2.064647663,1.931003366,1.333072201,0,0,0,0,0,0,0,0
GPX4,0,0,2.098758683,0,0,0,0,0,0.90279184,0.96708259,0.903929473,0,0,0,0,0,0,0,0,0,0,0,0,1.529484238,0,0,0,1.373875901,0,1.333072201,0,0,0,0,0,0,0,0
GRB2,4.693451201,4.731858388,4.188866565,0,0.968891745,0,0.894759661,0.9499485,0,3.262125066,2.164986415,2.922454862,0,0,0,0,0,0,2.476571387,1.653127323,2.246490367,3.387705307,1.459649025,0.958592587,0.916958742,2,5.836085514,5.942116633,5.942135981,5.799550965,5.022286887,4.732273583,4.446094835,4.163037251,0,0,0,0
GRB7,2.578907744,2.740444656,1.791837015,0,0,0,0,0,0,0.96708259,0.903929473,0.956200116,0,0,0,0,0,0,0,0,0,0,0,0,0,0,3.947899965,4.2100965,3.913226003,4.146756747,2.053047961,0,0,0,0,0,0,0
GRHPR,2.578907744,2.740444656,3.439652425,2.528836668,2.271827737,2.859016798,3.126593151,3.079707418,3.141943704,3.1108756,3.144111598,3.091114753,1.546060213,1.618677671,1.589786044,1.61308057,1.944875303,2.053289965,2.145448836,2.894418153,1.168913826,2.338300494,0,0.958592587,0.916958742,0,0,0,0,0,0,0,0,0,0,0,0,0
GRIPAP1,0,0,0,0,0,0,0,0,0,0,0,0,0,0,0,0,0,0,2.476571387,1.05142317,2.583445471,1.234105921,0,0,0,0,0,0,0,0,0,0,0,0,0,0,0,0
GRK2,0,0,0.864613417,0,0,0,0,0,0,2.268893588,1.455392216,0,0,0,0,0,0,0,0,1.05142317,0,0,0,0,0,0,0,0,0,0,0,0,0,0,0,0,0,0
GRN,0.996370196,0.961347078,0.864613417,3.63813725,3.84826838,4.094642998,4.184756539,4.225295774,4.392499739,2.750456577,3.403637312,3.618510617,4.032231982,4.369737013,4.32879677,4.361832367,4.321949729,4.591186809,3.340770694,2.894418153,2.583445471,1.889360771,3.989004793,4.312393749,4.536256295,4.523561956,0,0,0,0,0,2.069533795,3.309356743,3.241403097,3.581002772,4.272170993,4.408026318,3.475828426
GRPEL1,0,0,0,0,0,0,0,0,0,0,0,0,0,0,0,0,0,0,0,0,0,0,2.644143159,2.2550935,2.186666421,1,0,0,0,0,0,0,0,0,0,0,0,0
GRTP1,0.996370196,0,0,0,0,0,0,0,0,0,0,0,0,0,0,0,0,0,0,0,0,0,0,0,0,0,2.072868086,1.373875901,1.266997295,1.333072201,0,0,0,0,0,0,0,0
GRWD1,3.693731392,3.513288396,4.12242704,2.268089723,2.532736393,2.859016798,0.894759661,0.9499485,0.90279184,1.540903575,1.853383544,0,0,0,0,0,0,0,0,0,0,0,0,0,0,0,0,0,0,0,0,0,0,0,0,0,0,0
GSDMA,0,0,0,0,0,0,0,0,0,0,0,0,0,0,0,0,0,0,0,0,0,0,0,0,0,0,0,0,0,0,0,0,0,0,0,0,0,0
GSK3A,1.994551864,1.941625202,2.351701379,0,0.968891745,2.193583806,0,0,0,2.268893588,2.164986415,1.526262086,0,0,0,0,0,0,1.098576504,1.05142317,0,1.889360771,0,0,0,0,0,0,0,1.333072201,0,0,0,0,0,0,0,0
GSK3B,2.578907744,2.519953374,2.754024153,0,0,0,0,0,0,0,0,0,0,0,0,0,0,0,0,0,0,0,0,0,0,0,0,0,0,0,0,0,0,0,0,0,0,0
GSN,0,0,0,0,0,0,0,0,0,0,0,0,0,0,0,0,0,0,0,0,0,0,0,0,0,0,0,0,0,0,0,0,0,0,0,0,0,0
GSPT1,3.315387858,2.931662233,3.439652425,3.63813725,3.749037927,3.43690954,3.605364131,3.079707418,3.980443085,3.524028291,3.722048161,3.618510617,3.117818628,3.044091598,3.176352815,2.620025286,2.523580768,2.868099561,2.972434909,3.413209566,2.583445471,2.680193992,0,0,0,0,0,0,0,1.333072201,0,0,0,0,0,0,0,0
GSR,0,0,0.864613417,3.936702387,4.028337769,4.429804965,4.695977305,4.487453229,4.613612767,3.937650566,4.060116522,4.438575266,5.466110981,5.508589918,5.364605392,5.595682612,5.599935145,5.654150532,3.494786352,3.413209566,3.880945927,3.719314538,5.741802225,5.561547355,5.476330201,5.930737338,1.380514028,1.373875901,1.266997295,0,2.867824406,2.069533795,3.309356743,3.241403097,4.125209993,4.272170993,3.474430172,3.475828426
GSS,0,0,0,3.523102099,3.84826838,3.848399125,4.597000907,4.426243371,4.267782425,0,3.62351829,3.824024523,4.33641615,4.507465521,4.591891283,5.532907712,5.599935145,5.461300104,0,0,0,0,5.765206932,5.532436287,5.639440455,5.930737338,1.380514028,0,2.383995806,1.333072201,2.053047961,0,2.795384697,3.241403097,0,2.829306972,0,0
GSTK1,0.996370196,0.961347078,2.098758683,0,0,0,0.894759661,0.9499485,2.163087258,0,0,0,0,0,0,0,0,0,0,0,0,0,0,0,0,0,0,0,0,0,0,0,0,0,0,0,0,0
GSTM3,0.996370196,0.961347078,2.56684197,0,0,1.47881758,0,0,1.453839514,1.540903575,2.421096055,1.526262086,0.970922069,0,0,1.021139762,1.53606782,1.632427638,0,1.05142317,1.168913826,0,2.644143159,2.926737964,2.661928568,0,1.380514028,1.373875901,1.266997295,1.333072201,0,0,0,0,0,0,0,0
GSTO1,1.58012073,1.533191662,1.791837015,1.540237874,1.543333959,3.026589061,3.605364131,3.367096615,3.401423861,0.96708259,1.853383544,2.511206051,2.536168495,2.626984775,2.813553664,3.036793753,3.392338026,3.232871055,0,0,0,1.234105921,4.340174758,4.168436296,4.229789149,3.807354922,0,1.373875901,0,0,0,0,0,0,0,0,0,0
GSTP1,2.578907744,2.740444656,3.202968816,2.749592966,2.532736393,2.859016798,4.544844102,4.759715303,4.507288193,3.1108756,3.144111598,3.378779227,2.275117866,2.037874702,2.327714414,4.499524191,4.572911484,4.389102439,1.714955817,3.260114038,2.246490367,2.680193992,5.335723518,5.166164454,5.081545906,4.523561956,3.611795418,3.601888181,3.615041015,4.017375043,2.867824406,0,0,0,0,0,0,0
GTF2A2,0,0,0,0,0,0,0,0,0,0,0,0,0,0,0,0,0,1.03574445,0,0,0,0,1.459649025,1.529484238,1.473143559,1.584962501,0,0,0,0,0,0,0,0,0,0,0,0
GTF2I,0,0,1.401468483,0,0,0,0,0,0,0,0,0,0,0,0,0,0,0,0,0,0,0,0,0,0,0,0,0,0,0,0,0,0,0,0,0,0,0
GTF3C2,0,0,1.791837015,0,0,0,0,0,0,0,0,0,0,0,0,0,0,0,0,0,0,0,0,0,0,0,0,0,0,0,0,0,0,0,0,0,0,0
GTF3C3,0,0,0,0,0,0,0,0,0,0,0,0,0,0,0,0,0,0,0,0,0,0,0,0,0,0,0,0,0,0,0,0,0,0,0,0,0,0
GTF3C4,0.996370196,1.941625202,2.351701379,0.966587184,0,0,0.894759661,0,0.90279184,0,0,0,0,0,0,0,0,0,0,0,0,0,0,0,0,0,0,0,0,0,0,0,0,0,0,0,0,0
GTPBP1,0,0,2.351701379,0,0,0,0,0,0,0,1.455392216,0,0,0,0,0,0,0,0,0,0,0,0,0,0,0,0,0,0,0,0,0,0,0,0,0,0,0
GUSB,0,0,2.098758683,4.520226243,4.583523545,5.333368082,1.839113208,0.9499485,3.141943704,5.426763619,4.615957622,5.001188226,7.131481219,6.857195463,6.721406119,5.170074778,5.285424407,5.156058903,3.168326031,2.894418153,2.856411626,3.18810514,6.763550846,6.440463756,6.558477935,7.022367813,2.89033867,1.373875901,0,0,5.022286887,5.411684905,5.509892249,5.693286396,7.271832076,7.476644698,6.993639659,7.256312382
GXYLT1,0,0,0,0,0,0,1.442864021,0,0.90279184,0,0,0,0,0,0,1.021139762,0,0,0,0,0,0,0,0,0.916958742,0,0,0,0,0,0,0,0,0,0,0,0,0
GYG1,0,0,0,0,0,0.921132385,0,0,1.453839514,2.529675346,2.421096055,3.091114753,1.956160331,1.618677671,1.003619168,0,0,0,2.145448836,1.05142317,2.856411626,2.338300494,0.90705003,1.529484238,1.473143559,0,0,0,0,0,0,0,0,0,0,0,0,0
GYG2,0,0,0,0,0,0,0,0,0,1.950337883,2.164986415,2.511206051,0,0,0,0,0,0,0,0,0,1.234105921,0,0,0,0,0,0,0,0,0,0,0,0,0,0,0,0
GYS1,3.578300868,3.628251645,3.902505716,1.540237874,0.968891745,0,0,0,0,4.107103517,4.060116522,4.003879849,0.970922069,1.618677671,2.590989414,0,0,0,2.972434909,3.413209566,3.283768429,3.988767131,0,0,0,0,0,0,0,0,0,0,0,0,0,0,0,0
H1.0,0.996370196,0,2.098758683,0,0,0.921132385,0,0,0,1.540903575,1.455392216,1.526262086,0,0,0,0,0,0,0,0,0,0,0,0,0,0,0,0,0,0,0,0,0,0,0,3.724066632,3.474430172,0
H1.10,0,0.961347078,1.791837015,0,0,2.193583806,0,0,0,0,0,0,0,0,0,0,0,0,0,0,0,0,0,0,0,0,0,0,0,0,0,0,0,1.933211842,0,0,0,0
H1.4,2.801126798,3.388364695,4.12242704,3.109978656,3.265441068,4.238176971,0,0,0.90279184,3.844824317,3.403637312,3.618510617,1.956160331,2.037874702,2.005425354,0,0,0,0,2.403347751,1.806054709,0,0,0,0,0,0,0,0,0,0,0,0,0,3.581002772,0,2.598717113,0
H1.5,2.993641837,2.519953374,3.544865169,2.749592966,2.753608502,3.312666648,0,0,0.90279184,2.268893588,2.638521785,2.511206051,0,0,0,0,0,0,0,1.05142317,1.168913826,0,0,0,0,0,0,0,0,0,0,0,0,0,2.69678497,3.724066632,2.598717113,0
H2AC11,3.800606572,4.096022377,4.188866565,4.106148,4.332473679,4.651179586,3.605364131,3.367096615,3.401423861,3.937650566,3.982732963,3.824024523,4.114498637,4.21745889,4.32879677,3.207295283,3.255521121,3.232871055,4.503808314,5.098022574,5.311108158,4.877717713,2.833183695,2.735625828,2.85138244,3,0,0,1.266997295,1.333072201,7.545653705,6.550405003,6.9403346,7.503180688,3.581002772,4.668420179,4.716298833,4.016906216
H2AC6,1.994551864,0.961347078,1.401468483,1.540237874,1.953082406,2.193583806,0.894759661,0,0,1.540903575,0,0.956200116,1.546060213,1.618677671,1.589786044,0,0,0,2.745703037,2.076463354,2.856411626,1.234105921,0,0.958592587,0,1,0,0,0,0,3.385355532,4.896155132,4.234691467,3.241403097,0,0,0,0
H2AFV,0,0,0,0,0,0,0,0,0,0,0,0,0,0,0,0,0,0,0,0,0,0,0,0,0,0,0,0,0,0,0,0,0,0,0,0,0,0
H2AFX,0,0,0,0,0,0,0,0,0,0,0,0,0,0,0,0,0,0,0,0,0,0,0,0,0,0,0,0,0,0,0,0,0,0,0,0,0,0
H2AFY,0,0,0,0,0,0,0,0,0,0,0,0,0,0,0,0,0,0,0,0,0,0,0,0,0,0,0,0,0,0,0,0,0,0,0,0,0,0
H2AX,2.578907744,2.259576362,2.351701379,3.63813725,3.749037927,3.756000002,1.442864021,0.9499485,0.90279184,3.1108756,2.164986415,2.511206051,2.948722432,3.367259864,3.006327599,1.61308057,0.963485218,1.03574445,2.972434909,3.260114038,2.583445471,2.9563868,0,0.958592587,0.916958742,1.584962501,0,0,0,0,0,0,0,0,0,0,0,0
H2AZ2,0.996370196,0.961347078,2.56684197,1.540237874,1.953082406,2.669391044,0,0,1.453839514,2.268893588,1.455392216,1.933791208,1.956160331,0,1.003619168,0,0.963485218,0,2.145448836,2.076463354,2.583445471,2.338300494,0,0,0,1,0,0,0,0,0,0,0,0,0,0,0,0
H2BC12,0,0,0,0,0,0.921132385,0,0,0,0,0,0,0,0,0,0,0,0,2.145448836,1.653127323,2.856411626,2.338300494,0,0,0,0,0,0,0,0,2.053047961,5.043305171,3.309356743,3.241403097,0,0,0,0
H2BC21,1.994551864,1.941625202,2.919685889,2.268089723,2.532736393,2.669391044,1.442864021,0.9499485,1.453839514,2.268893588,1.455392216,1.933791208,2.275117866,2.362292771,2.327714414,0,0,1.632427638,3.168326031,2.669676924,3.613037926,3.18810514,0.90705003,0.958592587,0.916958742,2,1.380514028,2.064647663,1.931003366,2.013916734,4.526614972,7.079969234,4.446094835,4.373878798,2.69678497,2.829306972,0,2.600000002
H2BC4,5.419165449,5.537982518,6.210540831,6.518065584,6.679165639,7.16968616,5.072680554,4.602593015,4.392499739,6.54880178,6.089137413,6.269699472,6.368207862,6.791286904,6.416535377,4.361832367,4.835440815,4.711721257,6.492362276,6.90755941,7.306529897,7.339228878,3.285708808,4.008505655,3.304702086,4.64385619,4.090524219,3.77960348,3.771823672,3.875236924,9.640071148,9.573661202,9.606262714,9.259114084,7.050994723,6.711832828,6.810758015,6.265718066
H3.2,0,0.961347078,1.401468483,0.966587184,0,1.880020556,0,0,0,0.96708259,0.903929473,0.956200116,1.546060213,1.025359956,0,0,0,0,1.098576504,1.05142317,1.806054709,1.234105921,0,0,0,0,0,0,0,0,2.053047961,0,1.989531496,1.933211842,2.69678497,0,0,2.600000002
H3.3A,2.993641837,2.931662233,3.734739458,2.941009732,3.114149002,4.094642998,2.405039482,1.51783371,1.851615862,3.262125066,3.403637312,2.731434726,4.33641615,3.044091598,3.176352815,2.031594606,2.263052434,1.632427638,3.340770694,3.08882233,3.457776598,3.563016736,1.858228386,2.2550935,1.873574051,2.584962501,2.538745146,2.064647663,1.931003366,2.013916734,5.022286887,4.086405932,4.63044284,4.557799622,2.69678497,0,0,3.475828426
H3C15,3.578300868,4.096022377,5.764350396,4.106148,4.188405325,5.455914002,3.605364131,2.720458447,3.719788928,4.258728859,4.133559819,3.724923947,5.697243559,3.367259864,3.591590723,2.355604609,3.255521121,2.378701702,4.642129225,4.488737827,5.168154978,5.176372055,3.285708808,3.095469549,3.304702086,4.169925001,2.89033867,2.529815193,2.383995806,2.013916734,6.528957465,7.749756664,6.343748294,6.159389413,2.69678497,2.829306972,3.474430172,3.475828426
H3F3A,0,0,0,0,0,0,0,0,0,0,0,0,0,0,0,0,0,0,0,0,0,0,0,0,0,0,0,0,0,0,0,0,0,0,0,0,0,0
H4C1,5.60758979,5.678008154,6.194460379,5.977824783,6.107915595,6.63366532,4.315030162,3.812010579,3.980443085,5.888691868,5.360123829,5.843269743,6.091837462,6.093927023,6.115649223,4.432320331,4.629378472,4.314920033,6.397881752,6.743956022,7.18801641,8.461939204,4.066410421,4.008505655,4.008829657,4.906890596,4.900383898,5.105377993,3.913226003,4.661645673,10.78021024,11.24739808,10.8663813,10.10014774,6.990067128,7.746557495,7.25478602,7.704439847
H6PD,0,0,0,3.261216432,3.64247482,2.669391044,3.126593151,2.911236342,2.163087258,0,0,0,3.269158334,3.044091598,3.176352815,2.031594606,2.263052434,3.061983348,0,0,0,0,3.000298925,3.383238525,3.840157301,4.247927513,0,0,0,0,0,0,0,0,0,0,0,0
HADH,3.800606572,3.833879792,3.979598316,3.398093484,2.945112293,3.935234957,4.184756539,4.073877018,4.392499739,3.262125066,3.517762757,3.724923947,3.117818628,3.044091598,3.176352815,4.740821936,4.452880697,4.711721257,0,2.403347751,0,1.889360771,4.516026529,4.008505655,4.479950965,4.392317423,0,0,0,0,0,0,0,0,0,0,0,0
HARS,0,0,0,0,0,0,0,0,0,0,0,0,0,0,0,0,0,0,0,0,0,0,0,0,0,0,0,0,0,0,0,0,0,0,0,0,0,0
HARS1,0,0,0,3.261216432,3.265441068,3.43690954,3.882525857,3.904682107,3.980443085,0,0.903929473,2.731434726,3.40611886,3.746915315,3.707114185,4.287722758,4.25174067,4.459656255,3.87746897,4.001444414,4.106809436,3.18810514,3.150050254,3.246517199,3.428871228,3.700439718,0,0,0,0,0,0,0,0,0,0,0,0
HAS3,0,0,0,0,0,0,0,0,0,0,0,0,0,0,0,0,0,0,0,0,0,0,0,0,0,0,0,1.373875901,1.931003366,0,0,0,0,0,0,0,0,0
HAT1,0.996370196,1.533191662,0.864613417,2.528836668,2.271827737,1.880020556,2.149649735,2.720458447,1.851615862,0,0,0,0,0,0,0,0,0,0,0,0,0,0,0,0,0,0,0,0,0,0,0,0,0,0,0,0,0
HBA,0,0,0,0,0,0,0,0,0,0,0,0,0,0,0,0,0,0,0,0,0,0,0,0,0,0,0,0,0,0,0,0,0,0,0,0,0,0
HBA1,0,0.961347078,1.401468483,0,0,0,0,0,0,0,0,0,0,0,0,0,0,0,0,0,0,0,0,0,0,0,0,0,0,0,0,0,0,0,0,0,0,0
HBS1L,0,0,0,0,0,0,0,0,0,0,0,0,0,0,0,0,0,0,0,0,0,0,0,0,0,0,0,0,0,0,0,0,0,0,0,0,0,0
HCFC1,1.994551864,2.519953374,3.326158875,2.749592966,2.532736393,3.026589061,3.261982234,3.230546315,3.898681406,1.540903575,1.455392216,0.956200116,0.970922069,0,1.003619168,1.021139762,0.963485218,1.03574445,0,1.05142317,0,0,0,0,0.916958742,0,0,0,0,0,0,0,0,0,0,0,0,0
HDAC1,2.801126798,2.259576362,3.202968816,2.528836668,2.271827737,1.880020556,0,0.9499485,0,1.540903575,1.853383544,1.933791208,0,0,1.003619168,0,0,0,0,1.05142317,0,0,0.90705003,0,0,0,0,0,0,0,0,0,0,0,0,0,0,0
HDAC2,4.16306102,4.013822575,4.252380623,3.63813725,3.527408274,3.935234957,2.621946525,2.720458447,3.141943704,2.268893588,2.164986415,1.933791208,2.275117866,2.850560031,2.327714414,0,0,0,1.714955817,2.076463354,2.246490367,2.338300494,0,0.958592587,0.916958742,0,0,0,0,0,0,0,0,0,0,0,0,0
HDAC6,0,0,1.401468483,0,0,0,0,0,0,1.540903575,1.853383544,1.526262086,0,0,0,0,0,0,0,0,0,0,0,0,0,0,0,0,0,0,0,0,0,0,0,0,0,0
HDDC3,0,0,0,0,0,0,0,0,1.453839514,0,0,0,0,0,0,0,0,0,0,0,0,0,0.90705003,0.958592587,0.916958742,0,0,0,0,0,0,0,0,0,0,0,0,0
HDGF,0,0,0.864613417,2.268089723,2.271827737,3.176707196,3.605364131,3.606636986,3.812006199,2.750456577,2.9944429,3.378779227,2.948722432,3.044091598,3.006327599,4.361832367,4.100158116,3.765752776,2.145448836,2.894418153,3.457776598,1.889360771,4.570182849,4.726403645,4.693077846,4.392317423,0,0,0,0,0,0,0,0,0,2.829306972,2.598717113,0
HDHD2,0,0,0,0,0.968891745,0.921132385,2.149649735,1.924256156,2.163087258,0,0.903929473,1.526262086,1.546060213,2.362292771,2.327714414,2.843407086,2.744180469,3.232871055,0,0,0,0,1.459649025,2.735625828,2.443780137,1,0,0,0,0,0,0,0,0,0,0,0,0
HDHD3,0,0,0,0,0,0,0,0,1.851615862,0,0,0,0,0,0,0,0,0,0,0,0,0,2.170190716,1.529484238,1.873574051,2.584962501,0,0,0,0,0,0,0,0,0,0,0,0
HDLBP,0,0.961347078,0.864613417,0.966587184,0.968891745,0,1.839113208,1.51783371,1.851615862,2.529675346,2.164986415,1.933791208,1.546060213,0,0,0,0,0,0,0,0,0,0,0,0,0,0,0,0,0,0,0,0,0,0,0,0,0
HEATR1,2.316116017,1.533191662,3.439652425,0,0,0,0,0,0,0,0,0,0,0,0,0,0,0,0,0,0,0,0,0,0,0,0,0,0,0,0,0,0,0,0,0,0,0
HEATR2,0,0,0,0,0,0,0,0,0,0,0,0,0,0,0,0,0,0,0,0,0,0,0,0,0,0,0,0,0,0,0,0,0,0,0,0,0,0
HEATR3,0,0,0,0,0,0,0,0,0,0,0,0,0,0,0,0,0,0,0,0,0,0,0,0,0,0,0,0,0,0,0,0,0,0,0,0,0,0
HEATR5A,0,0,0,1.540237874,1.543333959,0.921132385,0,0,0,0.96708259,0.903929473,0,0,0,0,0,0,0,0,0,0,0,0,0,0,0,0,0,0,0,0,0,0,0,0,0,0,0
HEATR5B,1.58012073,1.941625202,2.56684197,0,1.543333959,0,0.894759661,0.9499485,0.90279184,1.950337883,1.853383544,0.956200116,0,0,0,0,0,0,0,0,0,0,0,0,0,0,0,0,0,0,0,0,0,0,0,0,0,0
HEATR7A,0,0,0,0,0,0,0,0,0,0,0,0,0,0,0,0,0,0,0,0,0,0,0,0,0,0,0,0,0,0,0,0,0,0,0,0,0,0
HEATR7B1,0,0,0,0,0,0,0,0,0,0,0,0,0,0,0,0,0,0,0,0,0,0,0,0,0,0,0,0,0,0,0,0,0,0,0,0,0,0
HEBP1,0,0,0,0,0,0,2.405039482,2.240990417,2.419108186,1.540903575,0.903929473,0.956200116,0,0,0,0,0,0,0,0,0,0,1.459649025,1.529484238,0.916958742,0,2.072868086,2.064647663,1.931003366,2.013916734,0,0,0,0,0,0,0,0
HEBP2,0,0,0,0,0,0,2.621946525,2.720458447,2.992305255,0,0,0,0,0,0,2.355604609,1.944875303,2.053289965,0,0,0,0,2.426542826,2.926737964,2.85138244,2.807354922,0,1.373875901,1.266997295,0,0,0,0,0,0,0,0,0
HECTD3,0,0,0,0,0,0,0,0,0,0,0,0,0,0,0,0,0,0,0,0,0,0,0,0,0,0,0,0,0,0,0,0,0,0,0,0,0,0
HEPH,3.900107558,3.926654829,2.754024153,4.520226243,4.583523545,3.756000002,3.964223206,3.904682107,2.825330619,2.941892081,3.279702347,3.824024523,5.072241325,5.136290526,4.761849677,5.040680855,4.786618309,5.156058903,2.476571387,2.403347751,3.283768429,1.889360771,4.516026529,4.726403645,5.081545906,5.247927513,1.380514028,2.529815193,1.266997295,2.823248847,0,0,0,0,0,0,0,0
HEXA,0.996370196,1.533191662,1.401468483,4.934543882,4.846130027,4.701594989,5.37110945,5.186205003,5.161372746,2.529675346,3.62351829,3.916753108,5.61484667,5.40662806,5.364605392,5.796095428,5.708761378,5.824235229,0,1.653127323,1.806054709,1.889360771,6.301833488,5.871552867,5.960720853,5.930737338,2.072868086,2.064647663,1.266997295,0,4.314617226,2.886554086,4.234691467,4.867424445,4.519429818,5.451253497,4.015464754,4.409490401
HEXB,2.316116017,2.259576362,3.734739458,4.689831351,4.846130027,4.797429663,4.832768709,4.855696291,5.052162952,3.524028291,3.982732963,4.438575266,5.61484667,5.441422199,5.433326323,5.899241783,6.155852625,5.902304976,0,1.05142317,1.168913826,2.9563868,6.751882512,6.126583791,6.488853729,6.820178962,2.072868086,1.373875901,1.931003366,0,5.022286887,4.896155132,4.94067428,5.526842447,5.653976914,6.625229915,5.539695345,5.54119875
HGD,0,0,0,0,0,0,0,0,0,1.540903575,0,0,3.531197087,3.854102726,3.176352815,1.021139762,0,1.03574445,0,0,0,0,1.459649025,1.937434512,2.443780137,2.584962501,0,0,0,0,0,0,0,0,0,0,0,0
HGS,0.996370196,0.961347078,0.864613417,0,0,0,0.894759661,0.9499485,1.453839514,0,0,0,0,0,0,0,0,0,0,0,0,0,1.459649025,2.2550935,1.873574051,0,3.611795418,3.937808665,3.238727139,3.338612139,0,0,0,0,0,0,0,0
HIBADH,0,0.961347078,0,0,0.968891745,2.451014583,1.442864021,1.51783371,1.851615862,1.950337883,1.455392216,1.526262086,1.546060213,1.618677671,2.005425354,1.021139762,0.963485218,1.03574445,0,0,0,0,1.858228386,1.937434512,1.873574051,0,1.380514028,0,0,0,0,0,0,0,0,0,0,0
HIBCH,0,0,0,0,0,1.47881758,1.442864021,2.240990417,2.992305255,1.950337883,2.164986415,2.251195448,0,0,1.003619168,2.355604609,2.263052434,2.053289965,0,1.05142317,1.168913826,1.889360771,2.426542826,2.2550935,2.186666421,0,0,0,0,0,0,0,0,0,0,0,0,0
HINT1,0.996370196,1.533191662,1.791837015,0.966587184,0.968891745,1.47881758,1.839113208,1.924256156,2.636470024,0.96708259,2.638521785,1.933791208,0,1.025359956,0,1.021139762,0.963485218,1.03574445,0,1.653127323,1.168913826,1.234105921,0,0.958592587,0.916958742,0,2.072868086,2.064647663,1.931003366,0,0,0,0,0,0,0,0,0
HINT2,0,0,0,0,0,0,0,0,1.453839514,0,0,0,0,0,0,0,0,0,0,0,0,0,0,0,0,0,0,0,0,0,0,0,0,0,0,0,0,0
HIP1R,0,0,0,0,0.968891745,0,1.839113208,0,0,0,0,0,0,1.025359956,0,0,0.963485218,0,0,1.05142317,0,0,0.90705003,0,0,0,0,0,0,0,0,0,0,0,0,0,0,0
HIST1H1B,0,0,0,0,0,0,0,0,0,0,0,0,0,0,0,0,0,0,0,0,0,0,0,0,0,0,0,0,0,0,0,0,0,0,0,0,0,0
HIST1H1C,0,0,0,0,0,0,0,0,0,0,0,0,0,0,0,0,0,0,0,0,0,0,0,0,0,0,0,0,0,0,0,0,0,0,0,0,0,0
HIST1H1E,0,0,0,0,0,0,0,0,0,0,0,0,0,0,0,0,0,0,0,0,0,0,0,0,0,0,0,0,0,0,0,0,0,0,0,0,0,0
HIST1H2AG,0,0,0,0,0,0,0,0,0,0,0,0,0,0,0,0,0,0,0,0,0,0,0,0,0,0,0,0,0,0,0,0,0,0,0,0,0,0
HIST1H2BC,0,0,0,0,0,0,0,0,0,0,0,0,0,0,0,0,0,0,0,0,0,0,0,0,0,0,0,0,0,0,0,0,0,0,0,0,0,0
HIST1H2BD,0,0,0,0,0,0,0,0,0,0,0,0,0,0,0,0,0,0,0,0,0,0,0,0,0,0,0,0,0,0,0,0,0,0,0,0,0,0
HIST1H2BO,0,0,0,0,0,0,0,0,0,0,0,0,0,0,0,0,0,0,0,0,0,0,0,0,0,0,0,0,0,0,0,0,0,0,0,0,0,0
HIST1H4A,0,0,0,0,0,0,0,0,0,0,0,0,0,0,0,0,0,0,0,0,0,0,0,0,0,0,0,0,0,0,0,0,0,0,0,0,0,0
HIST2H2AA3,0,0,0,0,0,0,0,0,0,0,0,0,0,0,0,0,0,0,0,0,0,0,0,0,0,0,0,0,0,0,0,0,0,0,0,0,0,0
HIST2H2AB,0,0,0,0,0,0,0,0,0,0,0,0,0,0,0,0,0,0,0,0,0,0,0,0,0,0,0,0,0,0,0,0,0,0,0,0,0,0
HIST2H2BE,0,0,0,0,0,0,0,0,0,0,0,0,0,0,0,0,0,0,0,0,0,0,0,0,0,0,0,0,0,0,0,0,0,0,0,0,0,0
HIST2H3A,0,0,0,0,0,0,0,0,0,0,0,0,0,0,0,0,0,0,0,0,0,0,0,0,0,0,0,0,0,0,0,0,0,0,0,0,0,0
HK1,0.996370196,0.961347078,0,3.936702387,3.402362581,3.551296021,3.703787505,4.151572014,4.131254579,2.750456577,3.144111598,2.731434726,3.646291178,3.746915315,3.91363905,3.207295283,2.744180469,3.523776826,1.714955817,1.653127323,1.806054709,2.338300494,2.170190716,2.926737964,3.018820504,1,0,0,0,0,0,0,0,0,0,0,0,0
HK2,3.452825167,3.628251645,3.326158875,4.257767468,3.64247482,3.756000002,3.126593151,3.367096615,2.419108186,3.844824317,4.060116522,3.091114753,2.275117866,2.850560031,2.005425354,0,0.963485218,1.632427638,0,2.076463354,1.168913826,2.338300494,0.90705003,0.958592587,0.916958742,0,0,0,0,0,0,0,0,0,0,0,0,0
HLA-A,0,0,0,0,0,0,0,0,0,0,0,0,0,0,0,0,0,0,0,0,0,0,0,0,0,0,0,0,0,0,0,0,0,0,0,0,0,0
HLA-B,0,0,0,0,0,0,0,0,0,0,0,0,0,0,0,0,0,0,0,0,0,0,0,0,0,0,0,0,0,0,0,0,0,0,0,0,0,0
HLA-C,0,0,0,0,0,0,0,0,0,0,0,0,0,0,0,0,0,0,0,0,0,0,0,0,0,0,0,0,0,0,0,0,0,0,0,0,0,0
HLA.A,3.578300868,3.734726159,2.754024153,2.528836668,2.753608502,2.669391044,2.405039482,2.500551849,2.163087258,2.268893588,2.164986415,2.731434726,0.970922069,1.025359956,1.003619168,1.61308057,1.944875303,2.053289965,2.145448836,1.05142317,1.168913826,1.889360771,2.170190716,2.5152748,1.873574051,2,3.611795418,4.08036687,3.913226003,3.717549031,2.867824406,0,2.795384697,2.7307681,0,0,0,0
HLA.B,1.58012073,1.533191662,0,0,0.968891745,0,0.894759661,1.51783371,0,0,0,0,0,0,0,0,0,0,0,0,0,0,0.90705003,0,0.916958742,0,2.072868086,2.064647663,1.931003366,2.474606879,0,0,0,0,0,0,0,0
HLA.C,1.994551864,2.259576362,1.401468483,1.949586033,2.271827737,1.47881758,2.621946525,2.240990417,1.851615862,1.540903575,1.455392216,1.526262086,0,0,0,2.031594606,1.53606782,1.632427638,2.145448836,1.653127323,2.246490367,1.889360771,1.459649025,1.529484238,1.473143559,1.584962501,2.072868086,2.529815193,2.383995806,2.013916734,2.867824406,0,2.795384697,2.7307681,0,0,0,0
HMBS,0,0,0,0,0,0,2.149649735,3.079707418,2.163087258,0,0.903929473,0.956200116,0,0,0,1.61308057,0.963485218,2.053289965,0,0,0,0,0,1.529484238,1.873574051,0,0,0,0,0,0,0,0,0,0,0,0,0
HMGA1,1.58012073,1.941625202,2.56684197,2.941009732,2.945112293,3.756000002,1.839113208,1.51783371,1.851615862,0.96708259,1.455392216,0.956200116,0,0,1.003619168,2.031594606,2.263052434,2.053289965,0,0,0,0,0,2.2550935,1.473143559,0,0,0,0,0,0,0,0,0,0,0,0,0
HMGB1,1.58012073,1.941625202,2.098758683,2.941009732,3.114149002,4.168194276,5.592801044,5.292927173,5.503148697,3.524028291,3.814276912,3.916753108,4.850134093,4.80333795,4.761849677,4.795328715,4.683718341,4.975215962,3.760834352,4.094962341,4.76643055,3.86032243,4.768513413,4.962975508,4.834511809,4.321928095,0,0,0,0,0,0,0,0,0,0,0,0
HMGB2,0,0,0,0,0,0.921132385,2.405039482,3.079707418,2.825330619,0.96708259,0,1.526262086,1.956160331,2.362292771,2.005425354,1.021139762,1.53606782,1.632427638,0,0,0,0,2.644143159,2.2550935,2.186666421,1.584962501,0,0,0,0,0,0,0,0,0,0,0,0
HMGB3,0,0,0,0,0,0,0.894759661,0,1.851615862,0,0,0,1.546060213,1.025359956,1.589786044,1.61308057,1.53606782,1.632427638,0,0,0,0,2.170190716,2.5152748,2.443780137,1,0,0,0,0,0,0,0,0,0,0,0,0
HMGCL,0,0,1.401468483,0,0,0,0,0,0,0,0,0,0,0,0,0,0,0,0,0,0,0,0,0,0,0,0,0,0,0,0,0,0,0,0,0,0,0
HMGCS1,2.316116017,2.931662233,0.864613417,3.261216432,3.402362581,2.859016798,3.605364131,3.712975173,2.992305255,2.268893588,2.9944429,2.731434726,3.531197087,3.854102726,3.91363905,3.623485148,3.632289151,3.972912998,1.098576504,2.076463354,1.168913826,1.234105921,3.728236298,3.828609566,4.15982985,3.459431619,0,0,1.266997295,0,0,0,0,0,0,0,0,0
HMGCS2,2.316116017,0.961347078,3.202968816,0,0,0,0,0,0,1.950337883,2.638521785,0.956200116,0,0,0,0,0,0,0,1.05142317,0,0,0,0,0,0,0,0,0,0,0,0,0,0,0,0,0,0
HMGN1,0,0,2.351701379,1.949586033,1.953082406,3.65727565,0,0,0,0,0,0,0,0,0,0,0,0,0,0,0,0,0,0,0,0,0,0,0,0,0,0,0,0,0,0,0,0
HMGN2,0,0,1.401468483,0.966587184,0.968891745,1.880020556,0,0,0,0,0,0,0,0,0,0,0,0,0,0,0,0,0,0,0,0,0,0,0,0,0,0,0,0,0,0,0,0
HMOX2,0,0,0,0,0,0,0,0,2.419108186,0,0,0,0,0,0,0,0,0,0,0,0,0,0,0,0.916958742,0,0,0,0,0,0,0,0,0,0,0,0,0
HNMT,0,0,0,0,0,0,0,0,0,0,0,0,0,0,0,0,0,0,0,0,0,0,1.459649025,0.958592587,0,0,0,0,0,0,0,0,0,0,0,0,0,0
HNRNPA1,1.994551864,1.941625202,1.401468483,0.966587184,1.543333959,3.176707196,3.605364131,3.230546315,4.20113292,1.540903575,2.638521785,1.526262086,0,0,0,3.359759433,3.392338026,3.232871055,0,0,0,0,3.989004793,3.623042415,3.747798963,3,0,0,0,0,0,0,0,0,0,0,0,0
HNRNPA2B1,0,1.533191662,1.401468483,0,0,3.026589061,3.882525857,3.606636986,4.20113292,4.258728859,4.060116522,4.003879849,0,0,0,1.021139762,1.53606782,2.053289965,0,1.653127323,1.168913826,0,3.150050254,4.09068599,3.747798963,2.321928095,0,0,0,0,0,0,0,0,2.69678497,2.829306972,2.598717113,2.600000002
HNRNPA3,1.58012073,0.961347078,2.351701379,0.966587184,0.968891745,1.47881758,0,1.51783371,2.419108186,1.950337883,1.853383544,1.526262086,0,0,0,0,0,0,0,0,0,0,0,1.529484238,0,0,0,0,0,0,0,0,0,0,0,0,0,0
HNRNPAB,0,0,0.864613417,2.268089723,1.543333959,2.859016798,2.977170172,2.911236342,3.401423861,1.950337883,1.455392216,1.526262086,0.970922069,0,1.003619168,1.021139762,0.963485218,0,1.098576504,1.653127323,0,0,0,1.529484238,0.916958742,0,0,0,0,0,0,0,0,0,0,0,0,0
HNRNPC,1.58012073,2.519953374,3.326158875,3.936702387,4.399449,4.544734225,4.875627918,4.988662966,4.507288193,4.024863517,4.133559819,4.438575266,4.643990279,4.748819682,4.864961592,4.361832367,4.514144036,4.65271247,4.642129225,4.955687295,4.831133308,3.719314538,2.426542826,3.383238525,2.661928568,2.321928095,0,0,0,0,0,0,0,0,4.125209993,5.234346454,5.688593684,4.971644604
HNRNPD,3.452825167,3.388364695,3.979598316,4.106148,3.749037927,4.168194276,4.597000907,4.426243371,4.451035312,3.399011692,3.279702347,2.922454862,3.40611886,3.044091598,3.006327599,3.036793753,2.744180469,3.061983348,2.476571387,3.551606284,3.613037926,2.680193992,2.170190716,3.095469549,2.85138244,1.584962501,0,0,0,0,0,0,0,0,0,0,0,0
HNRNPDL,0.996370196,0.961347078,2.351701379,1.949586033,1.543333959,2.451014583,1.839113208,2.500551849,2.825330619,0,2.164986415,0.956200116,0,0,0,0,0,0,0,0,0,0,0,0,0,0,0,0,0,0,0,0,0,0,0,0,0,0
HNRNPF,3.315387858,3.100475979,3.544865169,3.261216432,3.114149002,3.312666648,3.964223206,3.812010579,3.980443085,2.268893588,2.164986415,1.933791208,0,0,0,2.031594606,2.523580768,1.632427638,0,0,0,2.338300494,3.000298925,3.383238525,3.168830955,1.584962501,0,0,0,0,0,0,0,0,0,0,0,0
HNRNPH1,0,0,0.864613417,0,0,0,0,0,1.453839514,0,0,0,0,0,0,0,0,0,0,0,0,0,0.90705003,1.529484238,0.916958742,0,0,0,0,0,0,0,0,0,0,0,0,0
HNRNPH2,2.316116017,2.259576362,2.098758683,0.966587184,0.968891745,0.921132385,0.894759661,0.9499485,1.851615862,1.950337883,1.853383544,1.526262086,0,0,0,0,0,0,0,0,0,0,0,0,0,0,0,0,0,0,0,0,0,0,0,0,0,0
HNRNPK,4.241042231,3.833879792,4.052779486,3.744673432,3.84826838,3.65727565,3.882525857,3.991758476,3.515531724,4.024863517,3.90096226,3.724923947,1.956160331,2.037874702,2.327714414,2.843407086,2.523580768,2.868099561,2.476571387,2.669676924,1.806054709,2.680193992,0,2.2550935,1.473143559,0,0,0,0,0,0,0,0,0,0,0,0,0
HNRNPL,4.080622667,3.926654829,4.724999573,3.523102099,3.402362581,3.848399125,4.041541069,3.606636986,4.20113292,3.639070203,3.279702347,3.091114753,0.970922069,0,0,0,0,0,0,1.05142317,0,1.889360771,2.426542826,1.937434512,1.873574051,1.584962501,0,0,0,0,0,0,0,0,0,0,0,0
HNRNPM,0.996370196,0.961347078,1.791837015,0,0,0,0,0.9499485,0.90279184,0.96708259,0,0.956200116,0,0,0,0,0,0,0,0,0,0,0,0.958592587,0,0,0,0,0,0,0,0,0,0,0,0,0,0
HNRNPR,1.994551864,1.941625202,2.351701379,2.268089723,2.271827737,2.859016798,3.385748712,3.367096615,4.331488349,2.941892081,2.9944429,2.251195448,0.970922069,1.025359956,1.003619168,1.021139762,0.963485218,0,0,0,0,1.889360771,0.90705003,0.958592587,0.916958742,0,0,0,0,0,0,0,0,0,2.69678497,0,4.015464754,0
HNRNPU,3.900107558,4.013822575,4.679511102,3.843880539,3.527408274,4.094642998,3.605364131,3.812010579,4.392499739,4.521196453,4.270100252,4.307709643,1.546060213,2.037874702,2.005425354,1.021139762,0,1.03574445,0,2.669676924,2.246490367,2.338300494,1.459649025,1.937434512,1.873574051,1.584962501,0,0,0,0,0,0,0,0,0,4.668420179,3.474430172,3.475828426
HNRNPUL1,2.578907744,3.388364695,4.371589565,2.268089723,1.543333959,1.47881758,0.894759661,0.9499485,1.453839514,0.96708259,0,0.956200116,0.970922069,1.025359956,1.003619168,1.61308057,2.263052434,2.053289965,0,0,0,0,1.459649025,1.937434512,1.473143559,1,0,0,0,0,0,0,1.989531496,0,0,3.724066632,3.474430172,0
HNRNPUL2,3.993186609,4.247579354,4.4276928,3.843880539,3.749037927,3.848399125,3.795922944,4.151572014,3.980443085,4.258728859,4.133559819,4.163778281,1.956160331,2.037874702,2.327714414,1.021139762,0.963485218,2.053289965,2.145448836,3.08882233,3.085856525,2.680193992,1.858228386,1.529484238,1.473143559,1.584962501,0,0,0,0,0,0,0,0,0,2.829306972,2.598717113,3.475828426
HNRPDL,0,0,0,0,0,0,0,0,0,0,0,0,0,0,0,0,0,0,0,0,0,0,0,0,0,0,0,0,0,0,0,0,0,0,0,0,0,0
HOOK1,0,0,0,0,0,0,0,0,0,0,0,0,0,0,0,0,0,0,0,0,0,0,0,0,0,0,0,0,0,0,0,0,0,0,0,0,0,0
HP1BP3,1.994551864,1.533191662,2.351701379,0,0,0.921132385,0,0,0,1.950337883,1.853383544,0.956200116,0,0,0,0,0,0,0,0,0,0,0,0,0,0,0,0,0,0,0,0,0,0,0,0,2.598717113,0
HPCAL1,1.994551864,0.961347078,0,0,0,0,0,0,0,1.540903575,1.455392216,0,0,0,1.003619168,0,0,0,0,0,0,0,0,0,0,0,3.947899965,4.2100965,3.771823672,3.540486385,0,0,3.309356743,3.617789703,0,0,2.598717113,0
HPDL,0,0,0,0,0,0,0,0,0,0,0,0,0,0,0,0,0,0,0,0,0,0,0,0,0,0,0,0,0,0,0,0,0,0,0,0,0,0
HPRT1,2.578907744,2.740444656,2.754024153,3.261216432,2.753608502,3.026589061,3.261982234,3.367096615,3.277509632,3.745612183,3.403637312,3.242104959,3.852128841,3.631120459,3.591590723,4.127001517,4.017943275,4.066310474,3.340770694,3.551606284,3.085856525,3.18810514,4.276448399,4.09068599,4.15982985,4.169925001,2.072868086,1.373875901,1.266997295,1.333072201,2.053047961,0,1.989531496,2.7307681,0,0,0,0
HRNR,0,0,0,0,0,0,0,0,0,0,0,0,0.970922069,0,0,0,0,0,1.714955817,0,0,1.889360771,0,0,0,0,3.172816473,0,0,0,4.314617226,4.732273583,3.309356743,0,0,4.978956706,4.970157178,6.44408272
HS3ST1,2.578907744,2.740444656,2.098758683,1.540237874,0.968891745,0,0,0,0,0,0,0,0,0,0,0,0,0,0,0,0,0,0,0,0,0,0,0,0,0,0,0,0,0,0,0,0,0
HS6ST2,3.452825167,3.251589451,3.068269276,3.398093484,3.114149002,2.451014583,2.810463839,3.230546315,1.453839514,0,0,0,0,0,0,0,0,0,2.145448836,2.403347751,3.283768429,0,0,0,0,0,0,0,0,0,0,0,0,0,0,0,0,0
HSD17B10,1.58012073,0.961347078,1.791837015,0.966587184,1.543333959,0.921132385,0.894759661,0.9499485,0.90279184,0,0,0,0.970922069,0,0,0,0,0,0,0,0,0,0,0.958592587,0,0,0,0,0,0,0,0,0,0,0,0,0,0
HSD17B4,1.994551864,1.533191662,2.754024153,2.749592966,1.953082406,1.47881758,1.839113208,2.240990417,2.419108186,0,0,0,0,0,0,0,0,0,0,0,0,0,0,0,0,0,0,0,0,0,0,0,0,0,0,0,0,0
HSDL2,0,0,0,0,0,0,0,0,0,0,0,0,0,0,0,0,0,0,0,0,0,0,0,0,0,0,0,0,0,0,0,0,0,0,0,0,0,0
HSH2D,0,0,0,0,0,0,0,0,0,0,0,0,0,0,0,0,0,0,0,0,0,0,0,0,0,0,0,0,0,0,0,0,0,0,0,0,0,0
HSP90AA1,6.484665299,6.492333108,6.58824684,7.102787811,7.087297724,7.248103774,7.589643104,7.498554962,7.860062953,6.675500444,6.635762717,6.626148003,7.018505714,6.932506032,7.018400634,7.107754661,7.183906075,7.178649582,7.369521834,7.367228856,7.675907912,8.091823555,6.333492737,6.376376144,6.460035169,7.54689446,5.836085514,5.86541714,5.76688289,6.051667915,4.06601068,3.404975348,3.986902457,5.612463424,6.175648524,6.944232161,6.442563959,6.265718066
HSP90AB1,6.202283073,6.189462089,6.058925466,6.392600224,6.492370567,6.42445348,6.564739602,6.571558098,6.501074486,5.978823094,5.848625666,5.7952264,5.872966052,5.882304632,5.937848397,5.822581576,5.90450649,5.850730668,6.275677705,6.249447909,6.403342332,6.360036087,5.238737314,5.377358485,5.387294247,5.523561956,4.975841682,4.965392779,4.86453437,5.105447314,2.867824406,0,2.795384697,3.916020257,4.125209993,5.955900122,5.373641915,4.717776833
HSP90B1,3.163465689,2.519953374,3.068269276,4.635482004,4.399449,4.843060841,5.807231451,5.757898274,5.756236514,6.021861461,5.735233264,5.93480773,6.281836131,6.239429293,6.177054123,5.972033221,6.076838032,5.902304976,6.631733409,6.623576844,6.58316085,6.360036087,4.570182849,4.504525117,4.741779459,4.459431619,1.380514028,1.373875901,1.266997295,1.333072201,0,2.069533795,1.989531496,1.933211842,2.69678497,0,0,0
HSPA13,0,0,0,1.540237874,0.968891745,1.47881758,2.405039482,2.240990417,3.141943704,0,0,0,0,0,0,0,0,0,0,0,0,0,0.90705003,0.958592587,0.916958742,0,0,0,0,0,0,0,0,0,0,0,0,0
HSPA14,0,0,0,0,0,0,0,0,0.90279184,0.96708259,1.455392216,0.956200116,0,0,0,0,0,0,0,0,0,0,0,0,0,0,0,0,0,0,0,0,0,0,0,0,0,0
HSPA1A,4.636878881,4.509944325,4.724999573,5.10422885,4.939105679,5.484990403,5.566882306,5.359927291,6.086728721,5.257027753,5.091865239,4.913893759,5.152319168,5.258399008,5.254967013,5.923915932,5.708761378,5.797244078,4.76834091,5.052120269,4.30205236,4.80977991,6.07715216,5.441403428,5.44725784,5.129283017,5.989612189,6.050023156,5.908747223,6.208098351,5.927103234,2.886554086,5.195857898,4.72090243,2.69678497,0,0,0
HSPA1L,0,0,0,0,0,0,0,0,0,0,0,0,0,0,0,0,0,0,0,0,0,0,0,0,0,0,0,0,0,0,0,0,0,0,0,0,0,0
HSPA4,3.315387858,3.251589451,3.734739458,4.689831351,4.524736818,4.701594989,4.832768709,4.901393789,5.12588017,4.459919147,4.762065226,4.772170812,5.112835772,5.296908334,5.292446585,5.796095428,5.708761378,5.902304976,4.76834091,5.185665227,3.457776598,1.889360771,4.67275357,4.962975508,5.081545906,4.247927513,0,0,1.266997295,0,0,0,0,0,0,0,0,0
HSPA5,3.693731392,3.513288396,3.642923751,5.063641734,5.026450493,5.163918905,5.954436158,5.987112717,5.388016891,5.257027753,5.297589201,5.556719194,6.151509488,6.259067252,6.073210837,6.533367593,6.511775177,6.545583457,6.41727934,6.385226508,6.360145296,5.886337328,6.616886986,6.202472723,6.598694676,6.672425342,3.789613418,3.77960348,3.913226003,4.661645673,4.526614972,4.335216011,5.308304169,4.163037251,0,0,2.598717113,2.600000002
HSPA6,0,0,0,0,0,0,0,0,0,0,0,0,0,0,0,0,0,0,0,0,0,0,0,0,0,0,0,0,0,0,0,0,0,0,0,0,0,0
HSPA8,5.665299456,5.805637433,5.828273982,6.142770713,6.04655385,6.232063685,6.771777515,6.680417236,7.200715636,4.889790045,4.851847799,5.042931425,5.466110981,5.572769122,5.561664694,6.326845974,6.369837921,6.317644995,5.646209231,5.491067669,5.311108158,4.738484069,6.907229373,6.749610403,6.979870424,6.857980995,6.025570328,6.050023156,5.908747223,6.208098351,5.850417365,5.411684905,5.686734793,5.234485315,0,0,3.474430172,2.600000002
HSPA9,1.58012073,1.941625202,1.791837015,2.268089723,2.532736393,2.193583806,2.810463839,3.079707418,3.141943704,0,1.455392216,0.956200116,0,0,0,2.031594606,1.53606782,1.632427638,0,0,0,0,0.90705003,1.937434512,2.443780137,1,1.380514028,1.373875901,1.266997295,1.333072201,2.053047961,2.069533795,1.989531496,1.933211842,0,0,0,0
HSPB1,0,0,0,0,0,0,0,0,0,0,0,0,0,0,0,0,0,0,0,0,0,0,0,0,0,0,0,0,0,0,0,0,0,0,0,0,0,0
HSPBP1,0.996370196,0.961347078,0.864613417,2.749592966,2.532736393,3.176707196,2.621946525,3.367096615,3.621272161,2.750456577,2.421096055,3.242104959,2.275117866,2.362292771,2.813553664,2.843407086,1.944875303,2.378701702,1.098576504,0,0,2.338300494,1.459649025,2.2550935,1.873574051,0,0,0,0,0,0,0,0,0,0,0,0,0
HSPD1,3.578300868,3.388364695,4.052779486,4.520226243,4.583523545,4.168194276,5.035364569,5.292927173,5.161372746,7.042414864,7.177326455,6.794449299,4.801293323,5.093177717,5.136306249,5.085114184,4.88266505,4.65271247,4.350805562,5.268287202,4.30205236,4.500654413,0,1.529484238,0.916958742,0,0,0,0,0,0,0,0,0,0,0,0,0
HSPE1,0,0,0,1.949586033,1.543333959,3.551296021,3.605364131,3.712975173,4.131254579,0,3.517762757,3.824024523,3.40611886,3.854102726,3.707114185,4.994835424,5.451233364,5.156058903,0,0,1.168913826,0,5.366655557,5.441403428,5.504828267,3.906890596,0,0,0,0,0,0,1.989531496,2.7307681,2.69678497,0,2.598717113,0
HSPG2,7.101308498,7.092114166,6.004626781,7.759235565,7.738286087,6.4093654,5.400756696,5.544064347,2.163087258,6.473288124,6.212901256,6.435587864,7.918763855,7.932715466,7.937937064,7.118483355,6.992677743,7.157580619,8.57401509,8.265643089,8.681178389,8.889730033,4.67275357,4.168436296,4.479950965,5.614709844,0,1.373875901,0,0,6.669511076,7.178793846,7.916819935,8.22794679,7.709945877,8.396189278,8.250055072,8.41029039
HSPH1,4.947162596,5.171675355,5.393779452,5.606164249,5.771115434,5.698642385,5.784920279,5.782529511,5.801931499,5.519778446,5.662657402,5.819448049,6.351342243,6.407231069,6.49900225,6.611394305,6.511775177,6.624480092,5.741626498,5.742978861,5.217396799,4.877717713,5.271795808,6.145933536,6.060083759,4.584962501,4.220308535,4.08036687,4.269468584,4.477120642,2.867824406,0,1.989531496,0,0,0,0,0
HTATIP2,3.163465689,2.931662233,2.919685889,2.268089723,0.968891745,0.921132385,0,0.9499485,0,0.96708259,1.853383544,1.526262086,0.970922069,1.025359956,1.003619168,0,0,0,0,1.05142317,0,0,0,0,0,0,2.072868086,2.88100595,2.383995806,2.823248847,0,0,0,0,0,0,0,0
HTATSF1,0,0,0,0,0,0,0,0,0,0,0,0,0,0,0,0,0,0,0,0,0,0,0,1.529484238,0.916958742,0,0,0,0,0,0,0,0,0,0,0,0,0
HTRA1,0,0,0,0,0,0,0,0,1.453839514,0,0.903929473,0,0,0,0,0,0,0,0,0,0,0,0,0,0,0,0,0,0,0,0,0,0,0,0,0,0,0
HTRA2,0,0,0,0.966587184,0,0.921132385,2.149649735,0.9499485,0,1.950337883,1.455392216,1.526262086,1.546060213,1.025359956,1.003619168,1.021139762,1.53606782,1.03574445,0,1.05142317,0,0,2.644143159,3.095469549,2.85138244,3,0,0,0,0,0,0,1.989531496,1.933211842,0,0,0,0
HTT,3.163465689,3.251589451,3.439652425,3.109978656,3.527408274,1.880020556,0,0,0,1.950337883,2.164986415,1.933791208,0,1.025359956,0,0,0,0,0,0,0,0,0,0,0,0,0,0,0,0,0,0,0,0,0,0,0,0
HUWE1,3.452825167,3.734726159,4.533749939,4.74220736,4.939105679,4.429804965,0,1.51783371,1.453839514,5.394376531,5.532943002,5.042931425,6.334277124,6.475971859,6.530712852,0,0,0,5.434061681,5.525069138,5.35577581,5.229341445,0,0,0,1.584962501,0,0,0,0,0,0,0,0,0,0,0,2.600000002
HYAL2,0,0.961347078,0,0,0,0,0,0,0,0,0,0,0,0,0,0,0,0,0,0,0,0,0,0,0,0,1.380514028,2.064647663,2.383995806,3.103821595,0,0,0,0,0,0,0,0
HYI,0,0,0,0,0,0,0,0,0,0,0,0,0,0,0,0,0,0,0,0,0,0,1.459649025,0,0.916958742,0,0,0,0,0,0,0,0,0,0,0,0,0
HYOU1,4.241042231,3.926654829,3.202968816,3.261216432,3.265441068,1.880020556,0,0.9499485,0,3.524028291,3.279702347,3.091114753,0,2.037874702,1.589786044,3.207295283,2.744180469,2.868099561,1.714955817,2.076463354,2.246490367,2.9563868,3.629670641,3.246517199,3.428871228,3.906890596,0,0,0,0,0,0,1.989531496,0,0,0,0,0
IAH1,0,0,0,0,1.543333959,2.193583806,2.977170172,2.911236342,2.825330619,0.96708259,2.164986415,2.511206051,2.536168495,2.626984775,2.813553664,3.359759433,3.738788903,3.765752776,0,0,1.168913826,1.234105921,4.209776525,3.828609566,3.926957113,4.321928095,0,0,0,0,0,0,0,0,0,0,0,0
IARS,0,0,0,0,0,0,0,0,0,0,0,0,0,0,0,0,0,0,0,0,0,0,0,0,0,0,0,0,0,0,0,0,0,0,0,0,0,0
IARS1,5.693311085,5.900187717,6.022954354,5.661608186,5.523399232,5.484990403,4.490730752,4.151572014,4.20113292,5.741968181,5.612162378,5.467568858,3.531197087,3.854102726,4.399203272,0,0,0,4.267755043,4.488737827,3.998293229,5.064215694,0,0,0,0,0,0,0,0,0,0,0,0,0,0,0,0
IARS2,2.801126798,1.941625202,3.068269276,2.749592966,2.753608502,3.43690954,2.149649735,1.51783371,3.277509632,2.529675346,2.638521785,0.956200116,0.970922069,0,0,0,0,0,0,0,0,0,0,0,0,0,0,0,0,0,0,0,0,0,0,0,0,0
ICAM1,1.58012073,1.941625202,0,0,0,0,0,0,0,0,0,0,0,0,0,0,0,0,0,0,0,0,0,0,0,0,0,0,0,0,0,0,0,0,0,0,0,0
ICOSLG,0,0,0,0,0,0,0.894759661,0.9499485,1.453839514,0,0,0,0,0,0,1.021139762,0.963485218,1.03574445,0,0,0,0,1.858228386,1.937434512,2.186666421,2.321928095,0,0,0,0,0,0,0,0,0,0,0,0
IDE,2.801126798,2.740444656,3.202968816,4.689831351,4.797294216,4.488413743,4.597000907,4.70921893,4.20113292,1.540903575,2.164986415,2.731434726,4.032231982,4.21745889,4.00677851,3.497640075,3.517296477,3.972912998,0,0,0,1.234105921,3.989004793,4.312393749,4.15982985,4.247927513,0,0,0,0,0,0,0,3.241403097,0,0,0,0
IDH1,3.900107558,3.628251645,4.533749939,4.689831351,4.640008333,5.012391479,5.692056292,5.258222963,5.660261071,5.257027753,5.477605322,5.527610258,6.401358886,6.259067252,6.177054123,6.596122915,6.746872743,6.52927284,3.985375492,5.142509327,4.552845745,5.711205723,6.728258856,6.749610403,6.830263144,5.129283017,4.736484697,4.636617942,4.269468584,4.477120642,3.385355532,0,0,0,2.69678497,2.829306972,2.598717113,2.600000002
IDH2,2.801126798,3.388364695,3.544865169,2.268089723,1.953082406,2.669391044,0.894759661,0,2.419108186,3.937650566,4.060116522,4.003879849,2.757142261,3.044091598,2.590989414,0,0,0,3.633934435,4.182785547,3.283768429,3.719314538,0,0,0.916958742,0,0,0,0,0,0,0,0,0,0,0,0,0
IDH3A,0,0,1.401468483,0,0,0,0,0,0,0,0,0,0,0,0,0,0,0,0,0,0,0,0,0,0,0,0,0,0,0,0,0,0,0,0,0,0,0
IDH3B,0,0,0,0,0,0,0,0,0,0,0,0,0,0,0,0,0,0,0,0,0,0,0,0,0,0,0,0,0,0,0,0,0,0,0,0,0,0
IDI1,1.58012073,2.259576362,2.098758683,1.540237874,1.953082406,0,0,0,0.90279184,2.268893588,2.164986415,2.511206051,0,0,1.003619168,1.61308057,1.944875303,1.632427638,0,1.653127323,1.168913826,1.234105921,1.858228386,2.2550935,2.186666421,2,0,0,1.266997295,0,0,0,0,0,0,0,0,0
IDUA,0,0,0,0,1.543333959,2.193583806,2.149649735,1.924256156,2.163087258,0,0,0,1.546060213,1.618677671,1.589786044,1.61308057,0.963485218,2.053289965,1.098576504,1.05142317,1.168913826,1.234105921,0.90705003,0,0,0,0,0,0,0,0,0,0,0,0,0,0,0
IFI30,0,0,0,0.966587184,1.543333959,1.880020556,2.810463839,2.911236342,2.825330619,0,1.455392216,0.956200116,1.546060213,1.025359956,1.003619168,2.843407086,2.523580768,3.061983348,0,0,0,0,3.40970041,3.508117252,3.543195199,3.459431619,0,0,0,0,0,0,0,0,0,0,0,0
IFI35,0,0,0.864613417,0.966587184,0,0,1.839113208,1.51783371,0.90279184,0,0,0,0.970922069,0,0,0,0.963485218,0,0,0,0,0,0.90705003,0.958592587,0.916958742,1,0,0,0,0,0,0,0,0,0,0,0,0
IGF1R,1.994551864,2.740444656,0.864613417,0,0,0,0,0,0,0,0,0,0,0,0,0,0,0,0,0,0,0,0,0,0,0,4.975841682,5.170585996,5.119291302,5.040327289,2.867824406,2.886554086,2.795384697,3.241403097,0,0,0,0
IGF2BP2,0,0,0,0,0,0,0,0,0,0,0,0,0,0,0,0,0,0,0,0,0,0,0,0,0,0,0,0,0,0,0,0,0,0,0,0,0,0
IGF2R,0,0,0,1.949586033,2.532736393,0.921132385,0,0,0,0,0,0,0.970922069,1.025359956,1.003619168,0,0,0,0,0,0,0,0,0,0,0,0,0,0,0,0,0,2.795384697,2.7307681,0,0,0,0
IGFBP3,0,0,0,1.540237874,0.968891745,0,2.149649735,1.924256156,0.90279184,0,0,0,0,0,0,0,0,0,0,0,0,0,0,0,0,0,0,0,0,0,0,0,0,0,0,0,0,0
IGFBP4,0,0,0,1.949586033,2.271827737,0,3.126593151,3.606636986,2.825330619,0,0,0,0,0,0,0,0,0,0,0,0,0,0,0.958592587,0,0,0,0,0,0,0,0,0,0,0,0,0,0
IGHA1,0,0,0,0,0,0,0,0,0,0,0,0,0,0,0,0,0,0,0,0,0,0,0,0,0,0,0,0,0,0,0,0,0,0,0,3.724066632,0,0
IGHMBP2,0,0,0,0,0,0,0,0,0,0,0,0,0,0,0,0,0,0,0,0,0,0,0,0,0,0,0,0,0,0,0,0,0,0,0,0,0,0
IGLC2,0,0,0,0,0,0,0,0,0,0,0,0,0,0,0,0,0,0,0,0,0,0,1.858228386,0,0,0,0,0,0,0,0,0,0,0,0,2.829306972,0,0
IGSF3,0.996370196,0.961347078,0,0,0,0,0,0,0,0,0,0,0,0,0,0,0,0,0,0,0,0,0,0,0,0,3.172816473,3.163224167,3.615041015,3.875236924,0,0,0,0,0,0,0,0
IGSF8,5.720789177,5.755932248,4.811887427,2.749592966,3.114149002,1.880020556,1.442864021,1.51783371,0,4.636455606,3.62351829,4.374625784,1.956160331,1.618677671,2.005425354,0,0,0,3.760834352,3.260114038,3.613037926,4.106705299,1.459649025,0.958592587,0.916958742,0,2.89033867,4.54121905,5.059694252,5.493845692,0,0,1.989531496,5.000427909,0,0,0,0
IGSF9,0,0,0,0,0,0,0,0,0,0,0,0,0,0,0,2.031594606,1.53606782,2.053289965,1.714955817,1.653127323,2.246490367,0,0,0,0,1,0,0,0,0,0,0,0,0,0,0,0,0
IHH,0,1.533191662,0.864613417,0,0,0,0,0,0,0,0,0,0,0,0,0,0,0,0,0,0,0,0,0,0,0,2.89033867,2.88100595,2.728226634,2.474606879,2.053047961,0,1.989531496,1.933211842,0,0,0,0
IKBKAP,0,0,0,0,0,0,0,0,0,0,0,0,0,0,0,0,0,0,0,0,0,0,0,0,0,0,0,0,0,0,0,0,0,0,0,0,0,0
IL10RB,0,0,0,0,0,0,0,0,0,0,0,0,0,0,0,0,0,0,0,0,0,0,0,0,0,0,0,0,0,0,0,0,0,0,0,0,0,0
IL13RA1,0,0,0,0,0,0,0,0,0,0,0,0,0,0,0,1.61308057,0.963485218,1.03574445,0,0,0,0,1.459649025,0.958592587,1.473143559,0,0,0,0,0,0,0,0,0,0,0,0,0
IL17D,0,0,0,0,0,0,0,0,0,0,0,0,0,0,0,0,0,0,0,0,0,0,0,0,0,0,0,0,0,0,0,0,0,0,0,0,0,0
IL1R2,0,0,0,0,0,0,0.894759661,2.240990417,0,0,0,0,0,0,0,1.021139762,0.963485218,1.03574445,0,0,0,0,1.459649025,1.529484238,1.473143559,2.321928095,0,0,0,0,0,0,0,0,0,0,0,0
ILDR1,1.58012073,1.533191662,0,0,0,0,0,0,0,0,0,0,0,0,0,0,0,0,0,0,0,0,0,0,0,0,1.380514028,0,1.266997295,0,0,0,0,0,0,0,0,0
ILF2,3.163465689,2.740444656,3.821059837,4.520226243,4.583523545,4.797429663,5.540489393,5.292927173,5.583842559,4.184907225,4.666322275,4.499810006,5.402039844,5.258399008,5.292446585,4.898527986,5.09805419,5.278214014,4.503808314,4.852343856,4.30205236,4.66348089,5.06102732,4.918663183,5.190821597,5.426264755,0,0,0,0,0,0,0,0,0,2.829306972,4.716298833,0
ILF3,0.996370196,0.961347078,2.098758683,4.106148,4.399449,4.887292885,5.278326981,5.423953463,5.388016891,4.328956263,4.509625417,4.374625784,5.586301015,5.63421446,5.650941239,5.128219809,5.175945885,5.238633838,2.972434909,3.551606284,2.856411626,2.680193992,4.340174758,4.67405044,5.081545906,4.584962501,0,0,0,0,2.053047961,0,0,0,0,0,0,0
ILK,0.996370196,0,0,0,0,0,0,0,0,0,0,0,0,0,0,0,0,0,0,0,0,0,0,0,0,0,2.072868086,3.163224167,2.383995806,2.823248847,0,0,0,0,0,0,0,0
ILKAP,0.996370196,0,0.864613417,1.949586033,0,0,0,0,0,0,0,0,0,0,0,0,0,0,0,0,0,0,0,0,0,0,0,0,0,0,0,0,0,0,0,0,0,0
IMMT,0,0,0.864613417,0,0,0,0.894759661,0.9499485,0.90279184,0,0,0,0,0,0,0,0.963485218,1.03574445,0,0,0,0,1.858228386,2.5152748,2.661928568,0,0,0,0,0,0,0,0,0,0,0,0,0
IMPA1,0,0,0,0,0,1.47881758,0.894759661,0.9499485,1.851615862,1.540903575,2.164986415,2.251195448,0.970922069,1.618677671,1.589786044,1.61308057,1.53606782,1.03574445,1.098576504,1.05142317,0,1.234105921,0.90705003,1.529484238,0.916958742,0,0,0,0,0,0,0,0,0,0,0,0,0
IMPA2,0,0,0,0,0,0,0.894759661,0,1.453839514,2.268893588,2.421096055,1.526262086,0,1.618677671,1.003619168,0,0,0,1.098576504,1.05142317,1.168913826,2.338300494,0,0,0,0,0,0,0,0,0,0,0,0,0,0,0,0
IMPAD1,0,0,0,0,0,0,0,0,0,0,0,0,0,0,0,0,0,0,0,0,0,0,0,0,0,0,0,0,0,0,0,0,0,0,0,0,0,0
IMPDH1,0,0,2.351701379,0,1.543333959,1.880020556,0,0,0,1.540903575,1.455392216,0.956200116,0,0,0,0,0,0,0,0,0,0,0,0,0,0,0,0,0,0,0,0,0,0,0,0,0,0
IMPDH2,3.993186609,4.247579354,4.853444675,3.936702387,3.527408274,4.368714044,2.405039482,2.720458447,2.825330619,4.579976752,4.270100252,3.724923947,1.546060213,1.025359956,1.589786044,0,0,0,1.098576504,1.05142317,2.246490367,2.338300494,0,0,0,0,0,0,0,0,0,0,1.989531496,0,2.69678497,0,4.015464754,4.016906216
INF2,3.163465689,2.740444656,2.351701379,1.949586033,1.953082406,0,0,0,0.90279184,1.950337883,2.164986415,1.933791208,0.970922069,1.618677671,1.589786044,0,0,0,0,1.05142317,0,0,0,0,0,0,0,0,0,0,0,0,0,0,0,0,0,0
INPP1,0,0,0,0,0.968891745,0,0.894759661,0,2.163087258,0,1.455392216,0,0,0,0,0,0,0,0,0,0,0,0,0,0,0,0,0,0,0,0,0,0,0,0,0,0,0
INPP4B,0.996370196,0.961347078,1.791837015,1.540237874,1.543333959,1.47881758,0,0,0.90279184,0.96708259,0.903929473,0,0,0,1.003619168,0,0,0,0,0,0,1.234105921,0,0,0,0,0,0,0,0,0,0,0,0,0,0,0,0
INPP5D,0,0,0,0,0,0,0,0,0,0,0,0,0,0,0,0,0,0,0,0,0,0,0,0,0,0,0,0,0,0,0,0,0,0,0,0,0,0
INPPL1,0.996370196,1.533191662,1.401468483,0.966587184,1.543333959,1.47881758,0.894759661,0.9499485,1.453839514,1.950337883,1.455392216,0.956200116,0,1.025359956,1.003619168,0,0,0,0,0,0,0,0,0,0,0,0,0,0,0,0,0,0,0,0,0,0,0
INSR,0,0.961347078,0,0,0,0,0,0,0,0,0,0,0,0,0,0,0,0,0,0,0,0,0,0,0,0,3.172816473,4.08036687,4.041997863,4.146756747,2.053047961,0,0,0,0,0,0,0
INTS1,0,0,0,0,0,0,0,0,0,0,0,0,0,0,0,0,0,0,0,0,0,0,0,0,0,0,0,0,0,0,0,0,0,0,0,0,0,0
INTS13,0.996370196,0.961347078,1.401468483,0.966587184,0.968891745,0.921132385,0.894759661,0.9499485,0.90279184,0,0.903929473,0,0,1.025359956,1.003619168,0,0,0,0,0,0,0,0,0,0,0,0,0,0,0,0,0,0,0,0,0,0,0
INTS2,0,0,0,0,0,0,0,0,0,0,0,0,0,0,0,0,0,0,0,0,0,0,0,0,0,0,0,0,0,0,0,0,0,0,0,0,0,0
INTS3,2.578907744,2.259576362,2.098758683,1.540237874,1.543333959,0.921132385,0,0.9499485,0,0,0.903929473,0,0,0,0,0,0,0,0,0,0,0,0,0,0,0,0,0,0,0,0,0,0,0,0,0,0,0
INTS5,1.994551864,1.533191662,2.098758683,0,0,0,0,0,0,0,0,0,0,0,0,0,0,0,0,0,0,0,0,0,0,0,0,0,0,0,0,0,0,0,0,0,0,0
IPO11,1.58012073,0.961347078,2.754024153,1.540237874,0,1.47881758,0,0,0,0.96708259,1.455392216,1.526262086,0.970922069,0,1.003619168,0,0,0,0,0,0,0,0,0,0,0,0,0,0,0,0,0,0,0,0,0,0,0
IPO4,2.578907744,2.519953374,3.326158875,2.268089723,2.271827737,2.193583806,1.442864021,1.51783371,0,3.524028291,3.814276912,3.618510617,1.956160331,2.626984775,2.813553664,1.61308057,1.53606782,1.632427638,1.714955817,2.403347751,0,2.338300494,0,0,0,0,0,0,0,1.333072201,0,0,0,0,0,0,0,0
IPO5,4.800346389,5.053212244,4.371589565,6.425004229,6.364110064,5.969437639,5.913887698,5.853996283,5.417672603,5.519778446,5.758635954,5.467568858,5.072241325,5.258399008,5.328977084,3.846371158,3.392338026,3.873048029,5.139264357,4.852343856,3.457776598,4.738484069,3.000298925,3.095469549,2.85138244,1,0,1.373875901,1.931003366,0,0,0,0,0,0,0,0,0
IPO7,4.850963489,5.09379041,5.449042565,5.791556223,5.982465839,5.948714583,5.34084015,4.945688145,5.388016891,4.889790045,5.091865239,4.61499383,4.850134093,4.633183863,4.814326637,3.623485148,3.517296477,3.765752776,4.429334296,4.488737827,4.106809436,4.500654413,2.426542826,2.2550935,2.443780137,1.584962501,1.380514028,2.064647663,1.931003366,2.013916734,0,0,0,0,0,0,0,0
IPO8,0,0,0,0,0,0,0,0,0,0,0,0,0,0,0,0,0,0,0,0,0,0,0,0,0,0,0,0,0,0,0,0,0,0,0,0,0,0
IPO9,2.316116017,3.100475979,1.791837015,4.39495704,4.463452526,4.017139547,4.544844102,4.426243371,3.621272161,2.941892081,3.279702347,2.511206051,4.032231982,3.631120459,4.254777207,3.207295283,2.935479543,2.644053871,1.098576504,2.403347751,0,2.680193992,3.000298925,2.735625828,3.428871228,2.807354922,0,0,0,0,0,0,0,0,0,0,0,0
IQGAP1,5.60758979,5.349766493,5.044971775,6.142770713,6.277741436,6.497613987,7.011626653,6.954174064,6.866259173,5.394376531,5.5598357,5.640679694,6.317007729,6.442010841,6.416535377,6.381313409,6.450408991,6.609042164,5.995005322,5.957373294,5.928946575,5.377493611,6.058328219,6.00469636,6.188610566,6.700439718,5.243480877,5.698582098,5.803678067,5.676372903,3.76545739,0,3.309356743,2.7307681,2.69678497,2.829306972,0,0
IQGAP3,3.452825167,2.931662233,0,0,0,0,0,0,0,0,0,0,0,0,0,0,0,0,0,0,0,0,0,0,0,0,0,0,0,0,0,0,0,0,0,0,0,0
IREB2,0,0,0,0,0,0,0,0,0,0,0,0,0,0,0,0,0,0,0,0,0,0,0,0,0,0,0,0,0,0,0,0,0,0,0,0,0,0
IRF3,0,0,0,0,0,0,0,0,0.90279184,0,0.903929473,0,0,0,0,0,0,0,0,0,0,0,1.459649025,0,0.916958742,0,0,0,0,0,0,0,0,0,0,0,0,0
IRGQ,0,0,0,0,0,0,2.149649735,2.911236342,3.277509632,0,0,0.956200116,0,0,0,2.031594606,2.523580768,2.053289965,0,0,0,0,1.858228386,2.5152748,2.186666421,2,0,0,0,0,0,0,0,0,0,0,0,0
ISG15,0,0,0,0,0,0,0,0,0,0,0,0,0,0,0,0,0,1.03574445,0,0,0,0,1.858228386,0.958592587,0,0,0,0,0,0,0,0,0,0,0,0,0,0
ISM2,0,0,0,0,0,0,0,0,0,0,0,0.956200116,0,0,0,2.620025286,2.523580768,2.644053871,0,0,0,0,2.426542826,2.5152748,2.661928568,2,0,0,0,0,0,0,0,0,0,0,0,0
ISOC1,0,0,0,2.528836668,2.532736393,2.859016798,2.977170172,3.367096615,2.636470024,2.941892081,3.144111598,3.242104959,2.948722432,3.214705715,2.813553664,3.359759433,2.263052434,3.232871055,0,1.653127323,1.168913826,2.680193992,2.170190716,2.735625828,2.85138244,1.584962501,0,0,0,0,0,0,0,0,0,0,0,0
ISOC2,0,0,2.098758683,0,0,0.921132385,0.894759661,0,1.851615862,0,1.853383544,1.526262086,1.956160331,3.044091598,2.327714414,3.207295283,4.017943275,3.385643851,0,0,0,0,3.820496403,4.008505655,3.649121172,3.906890596,0,0,0,0,0,0,0,0,0,0,0,0
IST1,4.080622667,4.096022377,3.439652425,0,0,0,0,0.9499485,0.90279184,3.262125066,1.455392216,2.251195448,0,0,0,0,0,1.03574445,0,1.05142317,0,1.234105921,1.459649025,1.529484238,1.473143559,0,5.66425377,5.653674256,5.385135725,5.632860104,4.711414598,4.086405932,4.234691467,4.373878798,0,0,0,0
ITCH,2.993641837,2.740444656,2.56684197,0,0,0.921132385,0,0,0,0.96708259,0,0,0,0,0,0,0,0,0,0,0,0,0,0,0,0,2.538745146,2.88100595,3.238727139,2.823248847,0,0,0,0,0,0,0,0
ITFG1,0,0,0,0,0,0,0,0,0,0,0,0,0,0,0,0,0,0,0,0,0,0,0,0,0,0,2.072868086,0,1.931003366,1.333072201,0,0,0,0,0,0,0,0
ITFG3,0,0,0,0,0,0,0,0,0,0,0,0,0,0,0,0,0,0,0,0,0,0,0,0,0,0,0,0,0,0,0,0,0,0,0,0,0,0
ITGA2,5.240850503,5.245570117,4.583991197,0,0,0,0,0,0,3.937650566,0.903929473,3.378779227,0,0,0,0,0,0,0,0,1.168913826,2.338300494,0,0,0,0,6.603131847,6.68462486,6.615526741,6.549708419,7.125072234,6.156744912,6.754338198,6.511111139,0,0,0,0
ITGA3,4.16306102,4.38471777,1.401468483,0,0,0,0,0,0,1.540903575,0,1.526262086,0,0,0,0,0,0,0,0,0,0,0,0,0,0,4.820760544,4.54121905,4.638782042,4.661645673,4.06601068,3.404975348,3.986902457,3.617789703,0,0,0,0
ITGA5,0,0,0,0,0,0,0,0,0,0,0,0,0,0,0,0,0,0,0,0,0,0,0,0,0,0,4.449359691,4.8103507,4.371030583,4.661645673,3.76545739,2.886554086,3.309356743,1.933211842,0,0,0,0
ITGA6,7.314704875,7.13162742,6.161751572,4.106148,4.332473679,2.193583806,2.149649735,1.924256156,0,5.888691868,5.016210978,5.497901882,3.852128841,3.746915315,3.466005187,1.021139762,1.944875303,1.632427638,5.091765641,4.418115308,5.009463116,5.553977168,0,0.958592587,1.473143559,2.807354922,7.847473348,8.475490076,8.409352624,8.434213838,7.157264025,6.898545444,7.224522781,7.692024494,6.061833523,2.829306972,4.716298833,0
ITGA9,0,0,0,0,0,0,0,0,0,0,0,0,0,0,0,0,0,0,0,0,0,0,0,0,0,0,0,1.373875901,1.931003366,1.333072201,0,0,0,0,0,0,0,0
ITGAV,5.314841498,5.349766493,4.4276928,0,0,0,0,0,0,4.107103517,1.853383544,3.618510617,0,0,0,0,0,0,0,0,2.246490367,3.563016736,0,0,0,0,6.959747703,6.872719276,6.930355711,6.863855949,6.837860476,4.335216011,6.115508661,5.842498588,0,0,0,0
ITGB1,5.970126824,6.170616814,5.306700778,2.941009732,3.114149002,0.921132385,0,0,0,5.064625813,3.814276912,4.868182395,0.970922069,1.025359956,1.003619168,0,0,0,4.179630012,3.260114038,3.613037926,4.317084986,0,0,0,0,6.978214784,7.003745231,6.979425618,7.089851469,6.837860476,6.734951175,6.540763282,6.555025864,5.083269848,0,0,0
ITGB4,7.314704875,7.38151913,6.303432093,2.749592966,3.402362581,1.47881758,2.621946525,2.500551849,1.851615862,6.409895668,5.390403191,5.999840529,3.117818628,3.214705715,3.176352815,1.61308057,0.963485218,1.632427638,4.939097567,4.343856945,5.168154978,6.012584192,2.170190716,2.735625828,2.85138244,2.807354922,8.879148486,8.892738236,8.852889334,9.01566943,8.332177142,8.039992809,7.9518655,8.008613926,6.471461801,2.829306972,4.015464754,0
ITGB5,4.385395623,4.38471777,3.544865169,0,0,0,0,0,0,2.941892081,0,2.511206051,0,0,0,0,0,0,0,0,0,0,0,0,0,0,5.795007925,5.698582098,5.908747223,5.876189561,5.155749018,0,4.63044284,4.72090243,0,0,0,0
ITGB6,2.993641837,2.931662233,0,0,0,0,0,0,0,0,0,0,0,0,0,0,0,0,0,0,0,0,0,0,0,0,4.820760544,4.889953476,4.718023325,4.265484343,3.385355532,2.069533795,2.795384697,2.7307681,0,0,0,0
ITGB8,0,0,0,0,0,0,0,0,0,0,0,0,0,0,0,0,0,0,0,0,0,0,0,0,0,0,0,0,2.383995806,1.333072201,0,0,0,0,0,0,0,0
ITM2B,2.316116017,1.941625202,1.791837015,1.949586033,2.271827737,1.880020556,2.810463839,2.720458447,2.636470024,0.96708259,0.903929473,0,0,0,0,0,0,0,0,0,0,0,0,0,0,0,0,0,1.266997295,0,2.867824406,0,0,0,0,0,0,0
ITM2C,0,0,0,0,0,0,0,0,0,0,0,0,0,0,0,0,0,0,0,0,0,0,0,0,0,0,0,0,0,0,0,0,0,0,0,0,0,0
ITPA,2.316116017,1.533191662,2.351701379,1.540237874,1.953082406,1.47881758,0.894759661,0.9499485,0.90279184,1.540903575,2.164986415,1.526262086,0,1.025359956,1.003619168,0,0,0,0,0,0,0,0,0,0,0,0,0,0,0,0,0,0,0,0,0,0,0
ITPK1,1.58012073,1.941625202,1.401468483,0,0,0,0,0,0,1.950337883,2.164986415,0,0,0,0,0,0,0,0,0,0,1.234105921,0,0,0,0,0,0,0,0,0,0,0,0,0,0,0,0
JAG1,3.315387858,3.734726159,2.56684197,4.635482004,4.694364685,4.544734225,5.278326981,5.326816141,5.08949235,1.540903575,2.9944429,3.824024523,4.403400798,4.633183863,4.650796994,5.210749622,4.972714701,5.156058903,5.57890101,5.34643269,5.705573371,3.719314538,3.285708808,3.508117252,2.85138244,4.087462841,3.172816473,2.529815193,3.238727139,2.474606879,2.867824406,2.069533795,3.986902457,3.916020257,2.69678497,2.829306972,2.598717113,2.600000002
JAK1,1.58012073,0.961347078,0,0,0,0,0,0,0,0.96708259,0,0,0,0,0,0,0,0,0,0,0,0,0,0,0,0,4.975841682,4.965392779,4.86453437,4.900544903,0,0,0,0,0,0,0,0
JMJD1C,0,0,0,1.540237874,0,0,0,0.9499485,0,0,0,0,0,0,0,0,0,0,0,0,0,0,0,0,0,0,0,0,0,0,0,0,0,0,0,0,0,0
JMJD7,0.996370196,0.961347078,0.864613417,0.966587184,0.968891745,1.880020556,0.894759661,0.9499485,1.453839514,0.96708259,0.903929473,0.956200116,0.970922069,2.037874702,2.327714414,2.843407086,1.944875303,3.061983348,0,0,0,0,2.833183695,2.926737964,2.186666421,3.459431619,0,0,0,0,0,0,0,0,0,0,0,0
JUP,4.516609989,4.509944325,4.481695725,4.106148,3.527408274,3.551296021,3.385748712,3.491832663,3.898681406,4.793726137,4.807654825,4.669311198,3.117818628,3.631120459,3.814069025,2.843407086,2.935479543,3.061983348,3.494786352,3.677881073,2.856411626,3.988767131,0,2.5152748,1.873574051,0,5.243480877,5.232973694,5.119291302,5.167754477,5.592375272,3.404975348,1.989531496,2.7307681,0,0,0,2.600000002
K1C10,0,0,0,0,0,0,0,0,0,0,0,0,0,0,0,0,0,0,0,0,0,0,0,0,0,0,0,0,0,0,0,0,0,0,0,0,0,0
K1H1,0,0,0,0,0,0,0,0,0,0,0,0,0,0,0,0,0,0,0,0,0,0,0,0,0,0,0,0,0,0,0,0,0,0,0,0,0,0
KARS,0,0,0,0,0,0,0,0,0,0,0,0,0,0,0,0,0,0,0,0,0,0,0,0,0,0,0,0,0,0,0,0,0,0,0,0,0,0
KARS1,3.452825167,3.388364695,4.052779486,4.257767468,4.524736818,4.750307937,5.072680554,5.070952959,5.161372746,4.024863517,4.060116522,3.916753108,3.852128841,4.134834924,3.91363905,2.355604609,2.263052434,2.644053871,2.745703037,3.793987451,3.085856525,3.563016736,2.170190716,1.937434512,2.186666421,1.584962501,0,0,0,0,0,0,0,1.933211842,3.581002772,3.724066632,4.015464754,3.475828426
KBTBD4,0,0,0,0,0,0,0,0,0,0,0,0,0,0,0,0,0,0,0,0,0,0,0,0,0,0,0,0,0,0,0,0,0,0,0,0,0,0
KCMF1,0.996370196,0.961347078,0.864613417,0,0,0,0,0,0,2.529675346,2.421096055,2.251195448,0,0,0,0,0,0,0,1.05142317,0,0,0,0,0,0,0,0,0,0,0,0,0,0,0,0,0,0
KCNAB2,0,0,0.864613417,2.749592966,2.753608502,3.176707196,0.894759661,0.9499485,0,1.540903575,1.455392216,1.526262086,0.970922069,1.025359956,1.003619168,0,0,0,0,1.05142317,1.168913826,1.234105921,0,0,0,0,0,0,1.266997295,1.333072201,0,0,0,0,2.69678497,2.829306972,4.408026318,4.016906216
KCNN4,0.996370196,0.961347078,0.864613417,0,0,0,0,0,0,0.96708259,0.903929473,0.956200116,0,0,0,0,0,0,0,0,0,1.234105921,0,0,0,0,3.408938331,3.601888181,3.615041015,3.103821595,4.06601068,0,3.309356743,3.617789703,0,0,0,0
KDELR1,0.996370196,0.961347078,2.098758683,0,0,0,0,0,0,1.540903575,1.455392216,1.526262086,0,0,0,0,0,0,0,0,0,0,0,0,0,0,1.380514028,2.064647663,1.931003366,2.013916734,2.053047961,2.069533795,3.687544579,2.7307681,4.519429818,0,2.598717113,0
KDELR2,0.996370196,1.533191662,2.098758683,0,0,0,0,0,0,0.96708259,0,0,0,0,0,0,0,0,0,0,0,0,0,0,0,0,0,1.373875901,1.931003366,0,2.053047961,2.069533795,3.309356743,3.916020257,4.125209993,0,2.598717113,0
KDF1,0,0,0,0,0,0,0,0,0,0,0,0,0,0,0,0,0,0,0,0,0,0,0,0,0,0,2.072868086,2.064647663,1.931003366,1.333072201,0,0,0,0,0,0,0,0
KDM1A,2.993641837,3.100475979,3.544865169,2.528836668,1.953082406,2.193583806,3.499731284,3.712975173,3.277509632,0,0.903929473,0,0,1.025359956,0,0,0.963485218,0,0,0,0,0,0,0,0,0,0,0,0,0,0,0,0,0,0,0,0,0
KHDRBS1,2.801126798,2.519953374,2.754024153,2.268089723,3.265441068,2.451014583,2.621946525,2.911236342,2.636470024,0.96708259,1.455392216,1.933791208,0.970922069,1.025359956,1.003619168,3.036793753,2.523580768,2.644053871,0,0,0,0,2.170190716,3.095469549,2.661928568,3,0,0,0,0,0,0,0,0,0,0,0,0
KHK,0,0,0,0,0,0.921132385,2.405039482,2.500551849,2.636470024,1.540903575,1.853383544,1.526262086,0.970922069,1.618677671,1.003619168,2.031594606,2.744180469,2.053289965,1.098576504,0,0,1.234105921,2.426542826,2.5152748,2.661928568,2.321928095,0,0,0,0,0,0,0,0,0,0,0,0
KHSRP,0,0,0,1.540237874,0.968891745,1.880020556,1.839113208,1.51783371,2.636470024,0,0,0,0,0,0,0,0,0,0,0,0,0,0,0,0,0,0,0,0,0,0,0,0,0,0,0,0,0
KIAA0040,0.996370196,1.941625202,0.864613417,0,0,0,0,0,0,0.96708259,0,0,0,0,0,0,0,0,0,0,0,0,0,0,0,0,1.380514028,1.373875901,1.266997295,1.333072201,2.053047961,0,0,0,0,0,0,0
KIAA0196,0,0,0,0,0,0,0,0,0,0,0,0,0,0,0,0,0,0,0,0,0,0,0,0,0,0,0,0,0,0,0,0,0,0,0,0,0,0
KIAA0319L,0,0,0,0,0,0,0.894759661,0.9499485,0.90279184,0.96708259,0,0,0,0,0,0,0,0,0,0,0,0,0,0,0,0,3.408938331,3.399164795,3.005940259,3.103821595,4.711414598,2.069533795,4.234691467,4.163037251,0,0,0,0
KIAA0664,0,0,0,0,0,0,0,0,0,0,0,0,0,0,0,0,0,0,0,0,0,0,0,0,0,0,0,0,0,0,0,0,0,0,0,0,0,0
KIAA1033,0,0,0,0,0,0,0,0,0,0,0,0,0,0,0,0,0,0,0,0,0,0,0,0,0,0,0,0,0,0,0,0,0,0,0,0,0,0
KIAA1161,0,0,0,0,0,0,0,0,0,0,0,0,0,0,0,0,0,0,0,0,0,0,0,0,0,0,0,0,0,0,0,0,0,0,0,0,0,0
KIAA1199,0,0,0,0,0,0,0,0,0,0,0,0,0,0,0,0,0,0,0,0,0,0,0,0,0,0,0,0,0,0,0,0,0,0,0,0,0,0
KIAA1429,0,0,0,0,0,0,0,0,0,0,0,0,0,0,0,0,0,0,0,0,0,0,0,0,0,0,0,0,0,0,0,0,0,0,0,0,0,0
KIAA1609,0,0,0,0,0,0,0,0,0,0,0,0,0,0,0,0,0,0,0,0,0,0,0,0,0,0,0,0,0,0,0,0,0,0,0,0,0,0
KIAA1797,0,0,0,0,0,0,0,0,0,0,0,0,0,0,0,0,0,0,0,0,0,0,0,0,0,0,0,0,0,0,0,0,0,0,0,0,0,0
KIAA1967,0,0,0,0,0,0,0,0,0,0,0,0,0,0,0,0,0,0,0,0,0,0,0,0,0,0,0,0,0,0,0,0,0,0,0,0,0,0
KIF11,0,0,0,0,0,0,0,0,0,0,0,0,0,0,0,0,0,0,0,0,0,0,0,0,0,0,0,0,0,0,0,0,0,0,0,0,0,0
KIF23,1.58012073,1.941625202,0.864613417,0.966587184,0.968891745,1.47881758,1.442864021,1.924256156,0.90279184,0,0,0,0,0,0,0,0,0,0,1.05142317,0,0,0,0,0,0,0,0,0,0,0,0,0,0,0,0,0,0
KIF5B,4.636878881,4.924144594,4.533749939,5.256039888,5.260632442,5.163918905,4.434508325,4.602593015,4.561429755,5.327336026,5.265275131,4.958201143,4.467412843,4.440244194,4.707391618,4.127001517,4.177939306,4.236715467,6.142156282,5.932252751,6.465805508,5.81881384,2.170190716,2.2550935,1.473143559,3.321928095,2.538745146,3.163224167,3.238727139,2.823248847,0,0,0,0,2.69678497,0,2.598717113,0
KIFC1,0,0,0,0,0,0,0,0,0,0,0,0,0,0,0,0,0,0,0,0,0,0,0,0,0,0,0,0,0,0,0,0,0,0,0,0,0,0
KIRREL,0,0,0,0,0,0,0,0,0,0,0,0,0,0,0,0,0,0,0,0,0,0,0,0,0,0,0,0,0,0,0,0,0,0,0,0,0,0
KIRREL1,2.993641837,3.100475979,0,0,0,0,0,0,0,0,0,0,0,0,0,0,0,0,0,0,0,0,0,0,0,1,2.538745146,1.373875901,2.728226634,2.474606879,0,0,0,0,0,0,0,0
KIT,0,0,0,0,0,0,0,0,0,0,0,0,0,0,0,0,0,0,0,0,0,0,0,0,0,0,0,0,0,0,0,0,0,0,0,0,0,0
KL,4.899864715,4.878421948,3.202968816,4.458950855,4.332473679,3.026589061,4.315030162,4.225295774,2.636470024,0,0,0,0,0,0,0,0,0,0,0,0,0,0,0,0,0,0,0,0,0,0,0,0,0,0,0,0,0
KLC1,2.801126798,2.931662233,2.754024153,3.523102099,3.749037927,3.551296021,1.442864021,1.924256156,1.453839514,3.399011692,3.144111598,2.731434726,1.956160331,2.037874702,2.327714414,0,0,0,1.714955817,2.403347751,3.085856525,2.9563868,0,0,0,0,0,1.373875901,1.266997295,0,0,0,0,0,0,0,0,0
KLC2,0,0,0,0,0,0.921132385,0,0,0,0.96708259,1.455392216,0,0,0,0,0,0,0,0,0,0,0,0,0,0,0,0,0,0,0,0,0,0,0,0,0,0,0
KLC4,1.58012073,1.941625202,2.098758683,1.949586033,1.543333959,1.47881758,0,0,0,3.524028291,3.279702347,2.731434726,0.970922069,1.025359956,1.003619168,0,0,0,0,1.05142317,0,0,0,0,0,0,0,0,0,0,0,0,0,0,0,0,0,0
KLK1,0,0,0,0,0,0,1.442864021,2.240990417,2.163087258,0,0,0,0,0,0,2.355604609,2.263052434,2.378701702,0,0,0,0,2.833183695,2.926737964,2.85138244,3.321928095,0,0,0,0,0,0,0,0,0,0,0,0
KLK10,1.994551864,1.941625202,0.864613417,2.749592966,3.114149002,3.176707196,4.376005728,4.546171463,4.331488349,1.540903575,0,0,0,0,0,0,0,0,0,0,0,0,0,0,0,0,2.89033867,2.529815193,2.728226634,3.103821595,2.053047961,0,2.795384697,1.933211842,2.69678497,0,3.474430172,0
KLK11,0,0,0,0,0,0,1.442864021,0.9499485,0,0,0,0,0,0,0,0,0,0,0,0,0,0,0,0,0,0,0,0,0,0,0,0,0,0,0,0,0,0
KLK6,0,0,0,1.540237874,0.968891745,1.47881758,3.605364131,3.812010579,3.719788928,0,0,0,0,0,0,2.355604609,2.263052434,2.378701702,0,0,0,0,3.150050254,2.735625828,3.168830955,3.321928095,0,0,0,0,0,0,0,0,0,0,0,0
KNTC1,2.801126798,2.931662233,3.068269276,0,0,0.921132385,0,0,0,0,0,0,0,0,0,0,0,0,0,0,0,0,0.90705003,0,0.916958742,0,0,0,0,0,0,0,0,0,0,0,0,0
KPNA1,3.315387858,3.251589451,3.202968816,2.941009732,3.114149002,2.859016798,3.126593151,3.079707418,3.141943704,2.268893588,2.827430592,2.511206051,0.970922069,1.618677671,1.589786044,1.021139762,0.963485218,1.03574445,0,1.05142317,0,1.234105921,0,0,0,0,0,0,0,0,0,0,0,0,0,0,0,0
KPNA2,1.58012073,0.961347078,2.754024153,1.540237874,2.271827737,2.451014583,2.810463839,0.9499485,2.636470024,0.96708259,1.853383544,0.956200116,0.970922069,0,0,0,0,0,0,0,0,0,0,0,0,0,0,0,0,0,0,0,0,0,0,0,0,0
KPNA3,3.163465689,3.251589451,3.202968816,3.843880539,3.941110664,3.756000002,3.795922944,4.151572014,4.057818562,1.950337883,2.827430592,3.091114753,3.269158334,3.631120459,3.591590723,3.739228165,3.930758617,3.649832041,2.745703037,2.894418153,1.168913826,0,3.40970041,3.508117252,3.747798963,4.087462841,0,0,0,0,0,0,0,0,0,0,0,0
KPNA4,2.316116017,2.519953374,1.791837015,2.941009732,2.945112293,3.43690954,3.126593151,3.491832663,3.621272161,1.950337883,2.9944429,3.242104959,2.948722432,3.505214095,3.006327599,3.623485148,3.738788903,3.649832041,2.745703037,2.403347751,2.583445471,1.234105921,2.833183695,3.246517199,3.168830955,3.321928095,0,0,0,0,0,0,0,0,0,0,0,0
KPNA6,0.996370196,0,1.401468483,0.966587184,0.968891745,0,0.894759661,0.9499485,0,0.96708259,1.455392216,0.956200116,0,0,0,0,0,0,0,0,0,0,0,0,0,0,0,0,0,0,0,0,0,0,0,0,0,0
KPNB1,4.899864715,5.315863697,4.893838295,5.99950421,6.04655385,5.906353501,5.34084015,5.110402212,5.417672603,5.292610147,5.449119602,5.198782161,5.190750712,5.048736753,5.254967013,4.209599094,4.514144036,4.459656255,4.350805562,4.741022553,3.283768429,3.988767131,1.459649025,3.383238525,2.443780137,1,0,1.373875901,1.266997295,1.333072201,0,0,0,0,0,0,0,0
KPRP,0,0,0,0,0,0,0,0,0,0,0,0,0,0,0,0,0,0,0,0,0,0,0,0,0,0,0,0,0,0,0,0,0,0,0,0,0,0
KRAS,2.993641837,3.100475979,2.351701379,0,0,0,0,0,0,0,0,0,0,0,0,0,0,0,0,0,0,0,0,0,0,0,4.220308535,3.77960348,3.771823672,4.477120642,3.385355532,2.069533795,0,0,0,0,0,0
KREMEN1,0,0,0,0,0,0,0,0,0,0,0,0,0.970922069,0,0,1.021139762,0,1.03574445,0,0,0,0,1.459649025,0.958592587,0.916958742,0,0,0,0,0,0,0,0,0,0,0,0,0
KRHB6,0,0,0,0,0,0,0,0,0,0,0,0,0,0,0,0,0,0,0,0,0,0,0,0,0,0,0,0,0,0,0,0,0,0,0,0,0,0
KRT1,3.800606572,5.011459638,3.544865169,0.966587184,2.271827737,3.756000002,4.315030162,3.079707418,2.419108186,4.690806462,5.091865239,4.374625784,5.300259856,4.440244194,4.176753604,4.625211972,1.53606782,3.649832041,5.395459969,4.681965718,5.95821057,5.783828754,3.000298925,1.529484238,2.186666421,2.807354922,6.739285649,5.405418357,5.231572187,5.838379101,7.496171577,8.538814272,7.041413062,5.526842447,7.165634804,8.497182264,7.987968098,9.097477955
KRT10,3.163465689,4.924144594,2.098758683,0,0,3.176707196,3.261982234,0,0,4.459919147,5.091865239,4.237538143,4.467412843,4.369737013,2.590989414,4.499524191,0,0,5.185248962,4.852343856,6.222205419,5.468432342,0.90705003,0,0,0,6.823402709,5.509900127,5.284597102,5.632860104,7.18875315,7.892486638,6.630021657,4.72090243,7.165634804,8.107633953,6.935217595,9.015170708
KRT14,0,0.961347078,0,0,0,0,0,0,0,0.96708259,1.455392216,0,0,0,0,0,0,0,1.098576504,0,3.283768429,1.234105921,0,0,0,0,2.538745146,1.373875901,1.266997295,1.333072201,3.76545739,5.043305171,1.989531496,0,2.69678497,3.724066632,5.185959353,6.16752107
KRT16,0,0,0,0,0,0,0,0,0,0,0,0,0,0,0,0,0,0,0,0,0,0,0,0,0,0,0,0,0,0,0,4.335216011,0,0,0,0,0,4.016906216
KRT17,0,0,0,0,0,0,0,0,0,0,0,0,0,0,0,0,0,0,0,0,0,0,0,0,0,0,0,0,0,0,0,0,0,0,0,0,0,0
KRT18,3.900107558,3.734726159,3.734739458,4.257767468,4.694364685,4.887292885,6.838291458,6.781635537,6.430096217,3.262125066,5.198391069,5.640679694,5.152319168,5.334416413,5.254967013,6.861787045,7.211910913,6.78421361,8.649769795,7.765931297,8.126180206,7.859551803,5.204903504,5.005967243,4.878734507,5.129283017,3.172816473,2.529815193,2.383995806,2.013916734,0,0,2.795384697,3.241403097,0,0,0,2.600000002
KRT19,3.693731392,3.388364695,3.326158875,4.327992353,4.463452526,4.304921401,5.850844613,5.782529511,5.530551215,4.328956263,5.163749123,5.770591135,5.466110981,5.334416413,5.399374998,6.972372435,6.869153697,6.78421361,8.603949717,8.054878971,7.603668245,5.950841266,4.570182849,5.127751754,5.003808168,4.906890596,2.072868086,2.064647663,1.931003366,1.333072201,2.053047961,2.069533795,1.989531496,0,0,2.829306972,2.598717113,4.016906216
KRT2,0.996370196,4.38471777,0,0,0.968891745,1.47881758,2.149649735,0,0,3.262125066,4.615957622,2.922454862,3.852128841,2.850560031,2.005425354,3.036793753,0.963485218,1.03574445,4.267755043,3.793987451,6.069668825,5.229341445,0,0,0,1,6.224312673,5.292774969,4.269468584,5.227481751,6.877047943,6.898545444,6.234137322,3.916020257,6.716819956,7.014063511,7.206202121,8.227419128
KRT20,0,0.961347078,0,0,0,0.921132385,3.703787505,3.491832663,3.277509632,0.96708259,2.638521785,3.378779227,2.948722432,3.505214095,3.176352815,5.288812662,5.3201458,5.197937078,6.232529173,6.076805948,5.11717287,3.563016736,0.90705003,1.529484238,1.473143559,1.584962501,1.380514028,0,1.266997295,1.333072201,0,2.886554086,0,0,0,0,2.598717113,3.475828426
KRT23,0.996370196,0.961347078,0,0.966587184,0.968891745,0,2.405039482,1.924256156,0.90279184,0,0,0,0,0,0,0,0,0,0,1.05142317,1.168913826,0,0,0,0,0,0,0,0,0,0,0,0,0,0,0,0,0
KRT4,0,0,0,0,0,0,0,0,0,0,0,0,0,0,0,0,0,0,0,0,0,0,0,0,0,0,0,0,0,0,0,0,0,0,0,0,0,0
KRT5,0,2.519953374,0,0,0,0,0,0,0,0.96708259,2.164986415,0,0,0,0,0,0,0,1.714955817,0,3.613037926,2.338300494,0,0,0,0,3.408938331,1.373875901,1.931003366,2.013916734,4.314617226,4.547361642,3.687544579,0,0,4.272170993,4.716298833,5.948469918
KRT6A,0,0,0,0,0,0,0,0,0,0,0,0,0,0,0,0,0,0,0,0,0,0,0,0,0,0,0,0,0,0,0,0,0,0,0,0,0,0
KRT6B,0,0,0,0,0,0,0,0,0,0.96708259,0.903929473,0,0,0,0,0,0,1.03574445,2.476571387,2.669676924,2.856411626,0,0,0,0,0,2.89033867,2.064647663,1.266997295,1.333072201,2.867824406,4.896155132,3.309356743,0,0,2.829306972,4.408026318,5.948469918
KRT6C,0,0,0,0,0,0,0,0,0,0,0,0,0,0,0,0,0,0,0,0,0,0,0,0,0,0,0,0,0,0,0,0,0,0,0,0,0,0
KRT77,0,0,0,0,0,0,0,0,0,0,0,0,0,0,0,0,0,0,1.714955817,2.076463354,1.168913826,0,0,0,0,0,2.072868086,0,0,0,0,0,0,0,0,0,0,2.600000002
KRT78,0,0,0,0,0,0,0.894759661,0,0,0,0,0,0,0,0,1.021139762,1.53606782,0,2.476571387,1.653127323,1.168913826,0,0,0,0,0,0,0,0,0,0,0,0,0,0,0,0,0
KRT8,4.577997335,4.096022377,4.313216014,5.256039888,5.224147734,5.56886065,7.095601872,7.048588458,6.788943491,4.636455606,5.804332347,6.403901156,5.942182664,6.115633274,6.094586071,7.978443305,7.821158857,7.735621011,9.965429091,9.139809725,7.998186489,6.805977605,5.022698926,5.47239035,5.356351177,4.857980995,3.408938331,3.399164795,3.615041015,3.103821595,3.385355532,2.886554086,1.989531496,1.933211842,2.69678497,2.829306972,2.598717113,4.717776833
KRT9,3.315387858,4.317777446,3.068269276,0,0,2.451014583,3.703787505,2.240990417,0,4.107103517,4.133559819,3.724923947,4.192326201,3.367259864,3.91363905,3.846371158,0,3.232871055,4.429334296,4.001444414,4.76643055,5.121383491,1.459649025,0,0.916958742,1,6.025570328,4.965392779,4.997528796,5.39312178,6.797578781,7.517732963,6.445616233,4.867424445,5.938264613,7.080670267,8.071710663,8.972186477
KRTCAP3,0.996370196,1.941625202,1.791837015,0,0,0,0,0,0,0.96708259,0,1.526262086,0,0,0,0,0,0,0,0,0,1.234105921,0,0,0,0,2.072868086,2.529815193,2.383995806,2.474606879,2.053047961,2.886554086,1.989531496,2.7307681,0,0,0,0
KTN1,0,0,0,0,0,2.193583806,4.376005728,4.487453229,4.613612767,3.1108756,3.62351829,3.916753108,2.536168495,2.850560031,3.466005187,5.62607461,5.451233364,5.426494614,6.832913575,6.542897357,6.525676127,3.719314538,0,0,0,0,0,0,0,0,0,0,0,0,0,0,0,0
KYAT1,0,0,0,0,0,0,0,0,0,0,0,0,1.546060213,1.025359956,1.003619168,2.031594606,2.263052434,2.644053871,0,0,0,0,2.833183695,3.095469549,2.85138244,2.807354922,0,0,0,0,0,0,0,0,0,0,0,0
KYAT3,0,0,0,0,0,0.921132385,2.621946525,2.911236342,3.141943704,0,0,0,0,1.618677671,1.589786044,2.355604609,1.53606782,1.632427638,0,0,0,0,1.858228386,2.2550935,2.186666421,2.584962501,0,0,0,0,0,0,0,0,0,0,0,0
L1CAM,0,0,0,0,0,0.921132385,0,0,0,0,0,2.922454862,3.944989053,3.95387427,4.254777207,4.563736391,4.388900024,4.591186809,4.939097567,4.418115308,4.952434449,0,2.644143159,2.2550935,2.661928568,3.700439718,1.380514028,1.373875901,1.266997295,1.333072201,2.053047961,0,1.989531496,0,0,0,0,0
L1RE1,0,0,0,1.949586033,2.532736393,3.176707196,1.839113208,2.720458447,2.636470024,0.96708259,0.903929473,0,0,1.025359956,0,0,0,0,0,0,1.168913826,0,0,0,0,0,0,0,0,0,0,0,0,0,3.581002772,2.829306972,4.015464754,3.475828426
LACRT,0,0,0,0,0,0,0,0,0,0,0,0,0,0,0,0,0,0,0,0,0,0,0,0,0,0,0,0,0,0,0,0,0,0,0,4.272170993,0,0
LACTB2,0,0,0,0,0,0,0.894759661,0,2.419108186,0,0,0,0,0,0,0,0,0,0,0,0,0,1.459649025,0.958592587,1.873574051,0,0,0,0,0,0,0,0,0,0,0,0,0
LAGE3,0,0,0,0,0,0,0,0,0,0,0,0,0,0,0,0,0,0,0,0,0,0,0,0,0,0,0,0,0,0,0,0,0,0,0,0,0,0
LAMA2,0,0,0,3.398093484,3.64247482,4.544734225,0,0,0,0,0,0,1.546060213,0,0,0,0,0,1.098576504,0,0,1.234105921,0,0,0,0,0,0,0,0,0,0,0,0,0,0,0,0
LAMA3,2.801126798,2.519953374,1.791837015,4.888809872,5.186716361,3.43690954,2.405039482,2.720458447,0,3.1108756,3.279702347,3.824024523,5.749671348,5.907410569,5.735013668,5.288812662,5.137525649,5.354258517,6.546216445,6.421783699,6.656408893,7.075566483,3.40970041,3.095469549,3.018820504,3.459431619,0,0,0,0,2.867824406,4.335216011,5.195857898,5.122197989,5.487628999,5.806477144,6.060635542,5.375141293
LAMA4,0,0,0.864613417,0,0,0,0,0,0,0,0,0,0.970922069,2.362292771,2.327714414,0,0,0,2.145448836,1.653127323,2.246490367,3.387705307,0,0,0,0,0,0,0,0,0,0,0,0,0,0,0,0
LAMA5,5.48474626,5.678008154,4.188866565,7.180765029,7.137207554,6.232063685,4.434508325,4.656890805,2.825330619,4.024863517,2.9944429,3.503618698,6.89592582,6.83119223,6.840056037,5.128219809,4.928392348,5.6237463,7.022167187,6.772544327,7.436981726,7.781894347,2.833183695,2.2550935,3.168830955,3.584962501,0,1.373875901,1.266997295,0,6.198608227,6.394638679,7.135871055,7.568913762,6.379435865,6.793530178,7.347304904,6.745777728
LAMB1,4.16306102,4.679497284,3.439652425,6.123154713,6.277741436,5.723254343,5.144536081,4.945688145,4.267782425,2.750456577,2.638521785,3.824024523,6.091837462,6.239429293,6.073210837,5.362867718,5.249846723,5.278214014,6.944077462,6.78662881,7.150477022,7.47701776,0,0,0,0,0,0,1.266997295,1.333072201,6.317330165,6.973874051,6.9403346,6.998387516,5.653976914,6.944232161,7.049787704,6.602802167
LAMB2,0,0,0,0.966587184,0.968891745,0,0,0,0,0,0,0,0,1.025359956,1.003619168,0,0,0,1.098576504,1.05142317,1.168913826,2.338300494,0.90705003,0,0,0,0,0,0,0,0,0,0,0,0,0,0,0
LAMB3,2.993641837,2.931662233,2.56684197,3.523102099,3.941110664,2.451014583,1.839113208,1.924256156,0.90279184,3.262125066,3.144111598,3.503618698,4.587498857,4.955524285,4.530477672,4.563736391,4.321949729,4.389102439,5.942419406,5.799637579,6.122326803,6.517398514,0,0,0,1.584962501,0,0,0,0,0,0,3.309356743,3.241403097,4.828721577,2.829306972,5.185959353,4.016906216
LAMC1,4.850963489,4.878421948,3.979598316,6.181220257,6.397259946,5.817706721,3.795922944,3.904682107,2.825330619,3.262125066,2.9944429,3.724923947,6.227416806,6.353436918,6.329067233,4.947485184,4.736085546,5.278214014,6.917079148,6.591844387,7.200315569,7.47701776,0,0,0,1,0,0,0,0,6.669511076,7.466488906,7.280735237,7.232750674,7.165634804,7.476644698,7.475828324,7.05131253
LAMC2,2.578907744,2.259576362,0.864613417,3.744673432,3.941110664,2.859016798,2.977170172,2.240990417,0.90279184,2.941892081,2.827430592,2.922454862,4.467412843,4.571693667,4.530477672,3.739228165,3.517296477,3.972912998,5.395459969,5.227567595,5.560460353,5.783828754,0,0.958592587,0.916958742,1.584962501,0,0,0,0,0,0,1.989531496,0,4.828721577,4.668420179,4.970157178,4.717776833
LAMP1,3.163465689,3.513288396,2.754024153,2.749592966,2.271827737,2.451014583,2.149649735,2.720458447,1.453839514,3.1108756,2.9944429,3.242104959,3.117818628,3.044091598,3.176352815,3.94610422,3.632289151,3.649832041,3.168326031,2.894418153,3.085856525,3.18810514,3.150050254,3.095469549,3.168830955,3.906890596,4.339375044,4.2100965,4.269468584,4.477120642,5.494973884,5.94843012,5.195857898,5.338660701,5.083269848,4.272170993,4.015464754,4.016906216
LAMP2,1.994551864,1.533191662,1.401468483,0,0,0.921132385,0.894759661,1.51783371,1.453839514,2.529675346,1.853383544,2.511206051,1.956160331,2.037874702,2.005425354,2.355604609,2.263052434,2.868099561,2.145448836,1.653127323,2.246490367,1.889360771,2.833183695,2.735625828,3.018820504,3.169925001,3.789613418,3.937808665,3.913226003,3.717549031,4.875207947,4.086405932,4.63044284,4.72090243,4.519429818,0,3.474430172,2.600000002
LAMTOR1,0,0,0.864613417,0,0,0,0,0,0,0,0.903929473,0,0,0,0,0,0,0,0,0,0,0,0,0,0,0,2.072868086,1.373875901,1.931003366,0,2.053047961,0,2.795384697,0,0,0,0,0
LAMTOR2,0,0,0,0,0,0,0,0,0.90279184,0.96708259,0.903929473,1.526262086,0,0,0,0,0,0,0,0,0,0,0,0,0,0,0,0,0,0,0,0,0,0,0,0,0,0
LAMTOR3,0,0,0,0,0,1.47881758,1.442864021,1.51783371,1.851615862,1.540903575,1.455392216,1.526262086,0,0,0,0,0,0,0,1.05142317,0,1.234105921,0,1.529484238,0.916958742,0,1.380514028,1.373875901,1.266997295,1.333072201,2.867824406,0,2.795384697,2.7307681,0,0,0,0
LANCL1,1.58012073,0.961347078,3.202968816,0.966587184,0,0.921132385,0,0.9499485,0,0,1.455392216,0,0,0,0,0,0,0,0,0,0,0,0,0,0,0,0,0,0,0,0,0,0,0,0,0,0,0
LANCL2,6.547397609,6.398268049,6.907173034,6.020862677,6.025505929,5.989867237,5.458283757,5.600566771,5.779264913,6.20106807,6.29522419,6.102109893,5.849135684,5.830742787,5.788457875,4.898527986,4.736085546,4.875515913,5.54403147,5.771586346,5.705573371,6.156284771,4.983324397,5.005967243,4.693077846,4.169925001,6.224312673,6.303621687,6.292102284,6.208098351,5.277903404,4.547361642,5.308304169,5.122197989,5.487628999,5.63977081,6.442563959,5.825061276
LAP3,4.16306102,4.013822575,4.313216014,4.327992353,4.110590354,4.238176971,3.703787505,4.073877018,4.131254579,4.579976752,4.666322275,4.438575266,5.300259856,5.296908334,5.216487736,4.625211972,4.514144036,4.526919969,3.168326031,3.551606284,3.085856525,3.988767131,4.516026529,4.82573371,5.043200573,4.906890596,0,0,0,0,0,0,0,5.234485315,5.299570037,3.724066632,3.474430172,0
LARGE2,2.801126798,2.259576362,0.864613417,2.528836668,1.953082406,1.47881758,2.149649735,2.240990417,1.453839514,0,0,0,0,0,0,0,0,0,0,0,0,0,0,0,0,0,0,0,0,0,0,0,0,0,0,0,0,0
LARP1,0,0,0,0,0,0,0,0,0.90279184,0,0,0.956200116,0,0,0,0,0,0,0,0,0,0,0,0,0,0,0,0,0,0,0,0,0,0,0,0,4.408026318,2.600000002
LARS,0,0,0,0,0,0,0,0,0,0,0,0,0,0,0,0,0,0,0,0,0,0,0,0,0,0,0,0,0,0,0,0,0,0,0,0,0,0
LARS1,4.577997335,4.173790108,5.33631485,2.528836668,2.532736393,3.43690954,0,0,0,4.459919147,4.807654825,4.237538143,0,0,2.005425354,0,0,0,2.145448836,3.260114038,2.246490367,3.563016736,0,0,0,0,0,0,0,0,0,0,0,0,0,0,0,0
LAS1L,0,0,0,0,0,0,0,0,0,0,0,0,0,0,0,0,0,0,0,0,0,0,0,0,0,0,0,0,0,0,0,0,0,0,0,0,4.408026318,2.600000002
LASP1,0,0,0,0,0,0,0,0,0,0,0,0,0,0,0,0,0,0,0,0,0,0,0,0,0,0,0,0,0,0,0,0,0,0,0,0,0,0
LCK,1.994551864,2.259576362,0,0,0,0,0,0,0,0,0,0,0,0,0,0,0,0,0,0,0,0,0,0,0,0,2.89033867,2.529815193,3.238727139,2.474606879,0,0,0,0,0,0,0,0
LCMT1,0,0,0.864613417,0,0,0,0,0,0,0,1.455392216,0,0,0,0,0,0,0,0,0,0,0,0,0,0,0,0,0,0,0,0,0,0,0,0,0,0,0
LCN1,0,0,0,0,0,0,0,0,0,0,0,0,0,0,0,0,0,0,0,0,0,0,0,0,0,0,0,0,0,0,0,0,0,0,0,4.668420179,0,0
LCN2,0,0,0,0,0,0,2.810463839,2.500551849,1.453839514,0,0,0,0,0,0,0,0,0,0,0,0,0,0,0,0,0,0,0,0,0,0,2.069533795,0,0,0,0,0,0
LCP1,4.241042231,4.509944325,3.544865169,5.326346899,5.296217192,5.364994173,6.524906994,6.499098918,6.340039071,4.024863517,4.851847799,5.527610258,5.557179125,5.508589918,5.498922119,6.500935665,6.386316135,6.577661696,2.145448836,3.08882233,2.856411626,3.18810514,6.831645868,6.644698101,6.688390854,6.882643049,2.89033867,3.163224167,3.005940259,3.540486385,0,0,0,2.7307681,0,0,0,0
LDHA,3.993186609,4.247579354,4.052779486,6.123154713,6.204719184,6.125305556,6.737334081,6.499098918,6.487155447,7.113775659,7.349037255,6.999166208,7.805689477,7.517608159,7.643817663,7.868340462,8.086158914,7.871215451,5.995005322,6.385226508,5.772999707,6.236101011,8.876857843,8.56722845,8.62691397,8.682994584,5.415957758,5.232973694,5.231572187,5.284834316,5.022286887,4.086405932,3.309356743,4.373878798,2.69678497,2.829306972,2.598717113,2.600000002
LDHB,4.080622667,4.096022377,4.052779486,6.162123572,6.364110064,6.4093654,6.932643706,6.680417236,6.876973643,5.841422772,6.475517945,6.355026692,7.384534079,7.168867341,7.206852569,7.345493123,7.449996628,7.436529093,4.350805562,4.797756661,4.473994679,4.80977991,8.238745232,7.858827744,7.94843874,8.17990909,5.243480877,4.329116984,4.269468584,4.265484343,2.867824406,2.886554086,3.687544579,3.916020257,0,2.829306972,3.474430172,2.600000002
LDLR,0.996370196,0.961347078,1.401468483,2.528836668,2.271827737,2.669391044,3.499731284,3.812010579,2.636470024,0,0,0,0.970922069,0,0,2.355604609,1.944875303,1.632427638,1.714955817,0,1.168913826,0,0.90705003,0,0,2,0,0,0,0,0,0,0,0,0,0,0,0
LFNG,3.993186609,4.013822575,3.068269276,4.106148,4.110590354,3.176707196,3.605364131,3.904682107,3.401423861,0,0,0,0,0,0,0,0,0,0,0,0,0,0,0,0,0,0,0,0,0,0,0,0,0,0,0,0,0
LGALS1,0,0,0,0,0,0,0,0,0,0.96708259,0,0,0.970922069,0,0,0,0,0,0,0,0,0,0,1.937434512,0,0,0,0,0,0,0,0,0,0,0,0,0,0
LGALS3,3.800606572,3.926654829,4.188866565,3.109978656,3.114149002,3.65727565,3.703787505,3.904682107,4.057818562,3.639070203,3.144111598,3.503618698,3.269158334,3.631120459,3.707114185,4.287722758,4.321949729,4.236715467,4.429334296,4.488737827,4.76643055,4.80977991,4.066410421,3.828609566,3.747798963,4.321928095,5.415957758,5.037082573,4.86453437,4.972128369,5.3905174,5.94843012,5.412616341,5.842498588,5.653976914,4.978956706,5.185959353,5.187453585
LGALS3BP,6.531968402,6.522372872,6.128283952,5.864253912,6.025505929,5.513492349,3.385748712,3.606636986,2.825330619,6.104267968,5.612162378,5.889764618,7.290341989,6.541585749,6.364693341,4.209599094,4.25174067,4.066310474,8.13263376,7.376570812,8.170613196,9.604746392,3.728236298,3.828609566,3.543195199,4,4.900383898,4.54121905,4.16021177,3.875236924,9.015610473,10.24038448,9.777203784,10.06640814,9.840390226,8.422108016,6.874329511,7.668988848
LGALS4,4.315023641,3.926654829,4.724999573,3.744673432,3.84826838,3.848399125,4.376005728,3.991758476,4.613612767,3.639070203,3.722048161,3.503618698,2.536168495,2.362292771,2.590989414,4.209599094,4.177939306,4.236715467,2.476571387,2.894418153,2.856411626,2.9563868,4.768513413,4.563274934,4.741779459,4.247927513,5.70916816,5.86541714,5.839558095,6.266211261,4.314617226,2.069533795,4.234691467,4.72090243,0,0,0,0
LGALS7,0,0,0,0,0,0,0,0,0,0,0,0,0,0,0,0,0,0,0,0,0,0,0,0,0,0,0,0,0,0,0,0,0,0,0,0,0,0
LGMN,1.58012073,1.533191662,1.401468483,4.689831351,4.797294216,4.797429663,6.159116693,5.922089275,5.910211733,2.750456577,3.982732963,4.499810006,4.698352774,4.633183863,4.650796994,5.769113918,5.90450649,5.824235229,1.714955817,2.076463354,2.583445471,1.234105921,6.000336286,5.983341686,5.918976892,5.044394119,1.380514028,0,0,0,4.06601068,0,1.989531496,0,0,0,0,0
LGR4,0,0,0,0,0,0,0,0,0,0,0,0,0,0,0,0,0,0,0,0,0,0,0,0,0,0,0,0,0,0,0,0,0,0,0,0,0,0
LGR5,0,0.961347078,0.864613417,0,0,0,0,0,0,0.96708259,0.903929473,0.956200116,0,0,0,0,0,0,0,0,0,0,0,0,0,0,1.380514028,1.373875901,3.005940259,2.474606879,3.385355532,0,0,1.933211842,0,0,0,0
LHPP,0,0,0,0,0,0,0,0,0,0,0,0,0,0,0,2.843407086,2.263052434,2.644053871,0,0,0,0,2.833183695,3.095469549,2.85138244,3.321928095,0,1.373875901,0,0,0,0,0,0,0,0,0,0
LIG1,1.58012073,1.941625202,2.098758683,1.540237874,1.543333959,2.193583806,0,0,0,1.540903575,1.455392216,0.956200116,0,0,0,0,0,0,0,0,0,0,0,0,0,0,0,0,0,0,0,0,0,0,0,0,0,0
LIN7C,2.801126798,2.519953374,2.098758683,0.966587184,0.968891745,0.921132385,0.894759661,1.51783371,0.90279184,1.540903575,1.455392216,1.526262086,0.970922069,0,0,0,0,0,1.098576504,1.05142317,0,1.234105921,0,1.529484238,0,0,5.047548164,4.8103507,4.718023325,4.972128369,3.76545739,0,0,0,0,0,0,0
LIPA,0.996370196,0.961347078,0.864613417,1.540237874,1.953082406,1.47881758,2.977170172,2.500551849,2.825330619,0.96708259,1.455392216,0.956200116,0.970922069,0,1.003619168,1.021139762,0,1.03574445,0,1.05142317,1.168913826,1.234105921,0.90705003,1.529484238,0.916958742,0,0,0,0,0,0,0,0,0,0,0,0,0
LIPG,3.452825167,3.388364695,3.202968816,2.528836668,2.945112293,1.880020556,1.442864021,0,0,0,0,0,0,0,0,0,0,0,0,0,0,0,0,0,0,0,0,0,0,0,0,0,0,0,0,0,0,0
LIPH,1.994551864,1.941625202,0,0.966587184,0,0,0,0,0,0,0,0,0,0,0,0,0,0,0,0,0,0,0,0,0,0,0,2.064647663,1.266997295,0,0,0,0,0,0,0,0,0
LLGL1,0,0,0,0,0,0,0,0,0,0,0,0,0,0,0,0,0,0,0,0,0,0,0,0,0,0,2.072868086,2.064647663,1.266997295,2.013916734,0,0,0,0,0,0,0,0
LLGL2,2.993641837,2.740444656,3.068269276,0,0,0,0,0,0,2.268893588,2.164986415,1.526262086,0,0,0,0,0,0,0,0,0,0,0,0,0,0,5.795007925,5.784409903,5.609531956,5.799550965,2.053047961,0,1.989531496,1.933211842,0,0,0,0
LMAN1,0,0,0,0,0,0,1.442864021,1.924256156,1.453839514,0,0,0,0,0,0,0,0,0,0,0,0,0,0,0.958592587,0,1,2.538745146,2.064647663,1.931003366,2.823248847,0,0,0,0,0,0,0,0
LMAN2,0,0,0.864613417,0.966587184,0,2.451014583,3.964223206,4.362321027,4.267782425,0,0,2.251195448,0,0,0,3.623485148,3.104356784,3.061983348,0,0,0,0,3.728236298,3.729484261,3.840157301,4,3.789613418,3.77960348,3.439119207,3.717549031,0,0,3.309356743,3.241403097,0,0,0,0
LMBRD1,0.996370196,0.961347078,0,0,0,0,0,0,0,0.96708259,0.903929473,0.956200116,0,0,0,0,0,0,0,0,0,1.234105921,0,0,0,0,2.538745146,2.064647663,1.931003366,2.474606879,3.76545739,4.335216011,3.309356743,3.241403097,0,0,0,0
LMNA,3.163465689,2.740444656,2.351701379,4.458950855,4.463452526,4.488413743,6.051085121,5.853996283,5.660261071,3.937650566,4.615957622,4.913893759,4.192326201,4.692160027,4.46633308,6.433799076,6.613259494,6.37353269,7.047285233,6.881548345,7.163098995,4.738484069,5.69382198,5.724860867,5.897643054,5.857980995,0,0,0,0,0,0,0,0,0,0,0,0
LMNB1,0,0,0.864613417,0,0.968891745,0.921132385,4.114925189,4.602593015,4.331488349,0.96708259,0.903929473,2.511206051,1.546060213,0,1.003619168,4.740821936,4.629378472,4.459656255,5.395459969,5.004709356,4.473994679,0,3.150050254,3.508117252,4.008829657,2.807354922,0,0,0,0,0,0,0,0,0,0,0,0
LMNB2,0,0,0,0,0,0,3.385748712,3.606636986,3.515531724,0,0.903929473,1.933791208,0,0,0,4.127001517,4.452880697,3.873048029,5.434061681,4.955687295,5.560460353,0,3.40970041,4.008505655,3.543195199,2.584962501,0,0,0,0,0,0,0,0,0,0,0,0
LMO7,0.996370196,0,0.864613417,0,0,0,0,0,0,0.96708259,0.903929473,0,0,0,0,0,0,0,0,0,0,0,1.459649025,1.529484238,1.473143559,1,0,1.373875901,0,0,0,0,0,0,0,0,0,0
LNPEP,1.58012073,1.533191662,0.864613417,3.398093484,3.114149002,2.859016798,1.442864021,1.51783371,0,0.96708259,0.903929473,1.526262086,4.643990279,4.134834924,4.094267871,1.61308057,1.944875303,2.378701702,0,0,0,0,2.833183695,2.735625828,2.85138244,4.584962501,4.551550277,4.329116984,4.371030583,4.265484343,5.683614583,3.785554776,5.308304169,5.234485315,4.125209993,2.829306972,0,0
LNX2,1.58012073,1.533191662,0.864613417,0,0,0,0,0.9499485,0,0,0,0,0,0,0,0,0,0,0,0,0,0,0,0,0,0,2.89033867,3.399164795,3.005940259,2.823248847,2.053047961,0,0,0,0,0,0,0
LONP1,0,0,0,0,0,0,0,0,0,0,0,0,0,0,0,0,0,0,0,0,0,0,0,0,0,0,0,0,0,0,0,0,0,0,0,0,0,0
LPAR2,2.316116017,2.259576362,1.401468483,0,0,0,0,0,0,0.96708259,0,0,0,0,0,0,0,0,0,0,0,0,0,0,0,0,2.538745146,2.88100595,3.005940259,2.474606879,2.867824406,0,1.989531496,3.241403097,0,0,0,0
LPP,0.996370196,0.961347078,0,0,0.968891745,0.921132385,1.442864021,1.51783371,1.851615862,0.96708259,1.853383544,1.526262086,0,0,0,0,0,0,0,1.05142317,0,0,0,0.958592587,0,0,2.072868086,1.373875901,0,2.013916734,0,0,0,0,0,0,0,0
LRBA,2.316116017,2.259576362,3.734739458,1.540237874,1.953082406,2.193583806,0,0,0.90279184,1.540903575,2.827430592,1.526262086,0.970922069,1.618677671,1.003619168,0,0,1.03574445,1.098576504,2.403347751,2.246490367,2.338300494,0,0,0,0,0,0,0,0,0,0,0,0,0,0,0,0
LRCH1,0,1.533191662,1.791837015,0,0,0,0,0,0,0,0,0,0,0,0,0,0,0,0,0,0,0,0,0,0,0,0,0,0,0,0,0,0,0,0,0,0,0
LRIG1,0,0,0,0,0,0,0,0,0,0,0,0,0,0,0,0,0,0,0,0,0,0,0,0,0,0,0,0,0,0,0,0,0,0,0,0,0,0
LRP1,1.58012073,0.961347078,0,4.520226243,4.89336671,3.176707196,0,0,0,1.950337883,0.903929473,1.526262086,5.557179125,5.334416413,5.254967013,1.61308057,0,0,4.706614804,4.741022553,5.35577581,5.280434713,1.459649025,0,0.916958742,1.584962501,2.538745146,1.373875901,1.266997295,1.333072201,5.155749018,4.335216011,5.686734793,5.977714624,4.125209993,0,0,0
LRP4,0,0,0,0.966587184,0,0,0,0,0,1.540903575,1.455392216,0.956200116,4.403400798,4.748819682,4.591891283,0,1.53606782,1.632427638,3.87746897,3.901441717,2.583445471,1.889360771,0,0,0,1,0,0,0,0,0,0,1.989531496,1.933211842,0,2.829306972,0,0
LRP5,4.315023641,4.173790108,2.919685889,1.949586033,1.543333959,0,0,0,0,0,0,0,0,0,0,0,0,0,0,0,0,0,0,0,0,0,1.380514028,1.373875901,1.931003366,0,0,0,0,0,0,0,0,0
LRP6,0.996370196,0.961347078,1.401468483,4.023911454,3.265441068,2.669391044,1.442864021,1.924256156,0.90279184,0,0,0,0.970922069,0,0,0,0,0,0,0,0,0,0,0,0,0,1.380514028,1.373875901,1.266997295,1.333072201,2.053047961,0,0,0,0,0,0,0
LRP8,0,0,0,0,0,0,1.442864021,0.9499485,0,0,0,0,0,0,0,0,0,0,0,0,0,0,0,0,0,0,0,0,0,0,0,0,0,0,0,0,0,0
LRPPRC,2.316116017,2.519953374,0.864613417,1.949586033,2.271827737,0.921132385,0,0,0,0,0,0,0,0,0,0,0,0,0,0,0,0,0,0,0,0,0,0,0,0,0,0,0,0,0,0,0,0
LRRC1,1.58012073,2.259576362,1.401468483,0,0,0,0,0,0,0,0,0,0,0,0,0,0,0,0,0,0,0,0,0,0,0,4.339375044,3.77960348,4.16021177,3.540486385,2.053047961,0,0,0,0,0,0,0
LRRC16A,0,0,0,0,0,0,0,0,0,0,0,0,0,0,0,0,0,0,0,0,0,0,0,0,0,0,0,0,0,0,0,0,0,0,0,0,0,0
LRRC47,0.996370196,0.961347078,1.401468483,0,0,0,0,0,0,2.268893588,2.164986415,2.251195448,0.970922069,1.025359956,1.589786044,0,0,0,1.098576504,1.05142317,0,0,0,0,0,0,0,0,0,0,0,0,0,0,0,0,0,0
LRRC57,0,0,0,0,0,0,0,0,0,0,0,0,0,0,0,0,0,0,0,0,0,0,0,0,0,0,3.408938331,3.399164795,3.771823672,3.540486385,0,0,0,0,0,0,0,0
LRRC59,0,0,0,0,0,0,2.405039482,2.240990417,2.419108186,0,0,0,0,0,0,0,0,0,0,0,0,0,0,0,0,0,0,0,0,0,0,0,0,0,0,0,0,0
LRRFIP1,0,0,0,0,0,0,0,0,0,0,0,0,0,0,0,0,0,0,0,0,0,0,0,0,0,0,0,0,0,0,0,0,0,0,0,0,0,0
LRRN1,0,0,0,0,0,0,0,0,0,0,0,1.526262086,0.970922069,1.025359956,1.003619168,3.036793753,1.944875303,2.644053871,0,0,0,0,2.833183695,2.735625828,2.85138244,3,0,0,1.266997295,0,0,0,0,0,0,0,0,0
LRWD1,0,0,0,0,0,0,0,0,0,0,0,0,0,0,0,0,0,0,0,0,0,0,0,0,0,0,0,0,0,0,0,0,0,0,0,0,0,0
LSAMP,0.996370196,0.961347078,0.864613417,0,0,0.921132385,1.442864021,1.51783371,1.453839514,0,0,0.956200116,0,0,0,1.021139762,0.963485218,1.03574445,0,0,0,0,1.858228386,0.958592587,0.916958742,1.584962501,0,0,1.266997295,0,0,0,0,0,0,0,0,0
LSM12,0,0,0,0,0,0,0,0,0,0,0,0,0,0,0,0,0,0,0,0,0,0,0,0,0,0,0,0,0,0,0,0,0,0,0,0,0,0
LSM2,1.58012073,0.961347078,1.791837015,0.966587184,0.968891745,0.921132385,0.894759661,1.924256156,2.163087258,0.96708259,0.903929473,0.956200116,0,0,0,1.021139762,1.53606782,1.03574445,0,0,0,0,1.459649025,2.2550935,1.473143559,0,0,0,0,0,0,0,0,0,0,0,0,0
LSM3,0,0,0,0,0,0,0,0,1.453839514,0,0,0,0,0,0,0,0,0,0,0,0,0,0.90705003,1.529484238,1.473143559,0,0,0,0,0,0,0,0,0,0,0,0,0
LSM4,0,0.961347078,1.791837015,0,0,0.921132385,1.442864021,0.9499485,1.851615862,1.540903575,1.455392216,1.526262086,0,0,0,1.021139762,0,0,0,1.05142317,1.168913826,1.234105921,0,0,0,0,0,0,0,0,0,0,0,0,0,0,0,0
LSM6,1.58012073,0.961347078,1.791837015,1.540237874,0.968891745,1.47881758,1.839113208,0.9499485,2.163087258,0.96708259,0,0.956200116,1.546060213,0,0,1.021139762,1.53606782,0,0,0,0,0,1.459649025,1.529484238,2.186666421,1,0,0,0,0,0,0,0,0,0,0,0,0
LSM7,0,0,0,0,0,0,0,0,0,0,0,0,0,0,0,0,0,0,0,0,0,0,0,0,0,0,0,0,0,0,0,0,0,0,0,0,0,0
LSR,4.080622667,3.833879792,3.642923751,0.966587184,1.543333959,2.193583806,2.149649735,2.240990417,2.163087258,3.262125066,2.827430592,2.922454862,0,0,0,1.021139762,1.53606782,1.03574445,2.145448836,1.653127323,2.583445471,2.9563868,0.90705003,0.958592587,0.916958742,1,5.914890112,5.825482015,5.908747223,5.759648852,5.3905174,4.896155132,4.63044284,4.557799622,2.69678497,0,0,0
LSS,1.994551864,2.740444656,3.439652425,0,0,0,0,0,0,0,0,0,0,0,0,0,0,0,0,0,0,0,0,0,0,0,0,0,0,0,0,2.069533795,2.795384697,2.7307681,0,0,0,0
LTA4H,0,0,0,3.109978656,3.527408274,4.168194276,5.035364569,4.70921893,4.934004092,3.745612183,4.270100252,4.237538143,4.403400798,4.369737013,4.32879677,5.500465327,5.512565229,5.461300104,0,2.076463354,0,1.889360771,6.000336286,5.750368878,5.689954877,5.727920455,0,0,1.266997295,0,0,0,0,0,0,0,0,0
LTBP1,0.996370196,1.533191662,0,3.744673432,4.188405325,3.176707196,4.376005728,4.546171463,3.621272161,0,0,0,0,0,0,3.359759433,3.104356784,3.649832041,3.760834352,3.260114038,4.20773121,3.387705307,0,0,0,1,0,0,0,0,0,0,0,0,0,0,0,0
LTBP4,0,0,0,2.528836668,1.953082406,0,3.703787505,4.225295774,1.851615862,0,0,1.933791208,0.970922069,0,1.003619168,3.623485148,3.517296477,4.314920033,3.985375492,3.677881073,4.106809436,1.234105921,3.000298925,3.095469549,3.428871228,3.700439718,0,0,0,0,0,0,0,0,0,0,0,0
LTBR,0,0,0,0,0,0,0,0,0,0,0,0,0,0,0,0,0,0,0,0,0,0,0,0,0,0,0,0,0,0,0,0,0,0,0,0,0,0
LTF,0,0,0,0.966587184,1.543333959,0.921132385,1.839113208,0.9499485,0.90279184,0,0,0,0,0,0,0,0,0,0,0,0,0,0,0,0,0,0,0,0,0,0,0,0,0,0,3.724066632,0,0
LUC7L2,2.578907744,0,1.791837015,1.540237874,1.953082406,1.880020556,1.442864021,1.924256156,2.636470024,1.950337883,1.853383544,0,0,0,0,0,0,0,0,0,0,0,0,0,0,0,0,0,0,0,0,0,0,0,0,0,2.598717113,0
LY75,4.800346389,4.731858388,2.098758683,6.162123572,6.223324164,5.127502812,5.618262345,5.806747268,3.898681406,2.529675346,2.421096055,3.916753108,5.919477451,6.049509493,6.007116601,5.210749622,5.175945885,5.495285643,5.139264357,4.955687295,4.473994679,2.9563868,4.570182849,4.87294656,4.590446441,5.64385619,2.072868086,2.529815193,3.615041015,4.146756747,0,2.069533795,1.989531496,2.7307681,0,0,0,0
LYN,3.693731392,3.734726159,2.919685889,0,0,0,0,0,0,1.540903575,1.455392216,0.956200116,0,0,0,0,0,0,0,0,0,0,0,0,0,0,5.415957758,5.509900127,5.432894157,5.339993805,2.867824406,2.069533795,1.989531496,1.933211842,0,0,0,0
LYPD3,0,0,0,0,0,0,0,0,0,0,0,0,0,0,0,1.021139762,0,0,0,0,0,0,0.90705003,0.958592587,1.473143559,1.584962501,0,0,0,0,0,0,0,0,0,0,0,0
LYPD8,0,0,0,0,0,0,0,0,0,0,0,0,0,1.025359956,0,1.021139762,0.963485218,1.03574445,1.098576504,0,1.168913826,1.234105921,1.459649025,0.958592587,0,1.584962501,3.789613418,3.77960348,4.269468584,3.540486385,2.867824406,2.069533795,3.309356743,1.933211842,0,0,0,0
LYPLA1,2.578907744,2.519953374,3.439652425,2.528836668,2.753608502,2.451014583,2.149649735,2.500551849,2.636470024,2.750456577,2.638521785,2.511206051,0.970922069,1.025359956,1.003619168,1.021139762,1.944875303,2.053289965,1.098576504,2.076463354,1.168913826,1.234105921,0,0.958592587,0,0,1.380514028,1.373875901,1.931003366,0,0,0,0,0,0,0,0,0
LYPLA2,0.996370196,2.519953374,2.56684197,0.966587184,1.953082406,2.193583806,0.894759661,1.51783371,1.453839514,0.96708259,2.638521785,2.251195448,0,0,0,0,0.963485218,1.03574445,0,0,0,0,0,0.958592587,0,0,1.380514028,1.373875901,1.266997295,1.333072201,0,0,0,0,0,0,0,0
LYPLAL1,0,0,0.864613417,0,0,0,0,0,0.90279184,1.540903575,1.455392216,0.956200116,0,0,0,0,0,0,0,0,0,0,0,0,0,0,0,0,0,0,0,0,0,0,0,0,0,0
LYSC,0,0,0,0,0,0,1.839113208,2.240990417,0,0,0,0,0,0,0,0,0,0,0,0,0,0,0,0,0,0,0,0,0,0,0,0,0,0,0,4.668420179,0,0
LYSC_CHICK,0,0,0,0,0,0,0,0,0,0,0,0,0,0,0,0,0,0,0,0,0,0,0,0,0,0,0,0,0,0,0,0,0,0,0,0,0,0
M6PR,2.801126798,2.931662233,2.754024153,0,0,0,0,0,0,1.540903575,0.903929473,1.526262086,0,0,0,0,0,0,0,0,0,1.234105921,0,0,0,0,3.789613418,3.77960348,3.238727139,3.338612139,4.06601068,5.871724939,4.793881411,4.72090243,5.299570037,0,3.474430172,3.475828426
MACC1,3.800606572,3.628251645,3.326158875,0,0,0,0,0,0,3.399011692,3.279702347,3.378779227,1.546060213,2.362292771,3.006327599,0,0,0,0,1.653127323,1.806054709,2.338300494,0,0,0,0,5.617896038,5.653674256,5.690351592,5.759648852,5.155749018,2.069533795,3.687544579,3.241403097,0,0,0,0
MACF1,0.996370196,0.961347078,0,0.966587184,0.968891745,2.193583806,2.810463839,2.240990417,2.163087258,1.540903575,0.903929473,0.956200116,0.970922069,0,0,1.021139762,0.963485218,1.03574445,1.714955817,1.05142317,1.806054709,1.889360771,0.90705003,1.529484238,0.916958742,1,0,0,0,0,0,0,0,1.933211842,0,0,2.598717113,0
MACROD1,0.996370196,0,1.401468483,0,0,0,0,0,0,1.540903575,0.903929473,0.956200116,0,0,0,0,0,0,0,1.05142317,0,0,0,0,0,0,0,0,0,0,0,0,0,0,0,0,0,0
MACROH2A1,3.163465689,3.513288396,4.052779486,4.023911454,4.110590354,4.488413743,1.839113208,1.51783371,2.163087258,4.39592324,4.203444751,4.438575266,3.944989053,4.21745889,3.91363905,0,0,0,2.476571387,3.793987451,2.856411626,4.215726552,0,1.529484238,0.916958742,1,0,1.373875901,0,0,7.157264025,5.043305171,6.586082652,6.040849269,3.581002772,0,0,0
MACROH2A2,0,0,0,0,0,1.47881758,0,0,0.90279184,0.96708259,0,0,0,0,0,0,0,0,0,0,0,1.234105921,0,0,0,0,0,0,0,0,2.867824406,3.785554776,2.795384697,1.933211842,0,0,0,0
MAGOH,0,0.961347078,1.401468483,0,0.968891745,0,2.621946525,2.500551849,2.992305255,0,0,0,0,0,0,0,0,0,0,0,0,0,1.459649025,1.529484238,1.473143559,1,0,0,0,0,0,0,0,0,0,2.829306972,4.015464754,2.600000002
MAN1A2,0,0,0,0,0,0,1.442864021,0.9499485,0,0,0,0,0,0,0,0,0,0,0,0,0,0,0,0,0,0,0,0,0,0,0,0,0,0,0,0,0,0
MAN1B1,1.58012073,0.961347078,0.864613417,1.540237874,1.543333959,1.47881758,1.442864021,2.500551849,1.851615862,0.96708259,1.455392216,1.526262086,1.546060213,1.618677671,1.589786044,2.355604609,2.263052434,2.644053871,0,0,0,0,1.858228386,2.5152748,2.85138244,1,0,0,0,0,0,0,0,0,0,0,0,0
MAN2A1,0,0,0,2.268089723,1.543333959,2.451014583,2.810463839,2.240990417,0.90279184,0,0,0,4.192326201,4.134834924,3.814069025,3.497640075,3.632289151,3.873048029,0,0,0,0,4.459757716,4.379321162,4.360285502,5.044394119,0,0,0,0,0,0,2.795384697,3.241403097,0,0,0,0
MAN2B1,0,0,0,3.744673432,4.110590354,4.797429663,2.405039482,1.51783371,3.401423861,2.750456577,2.827430592,2.922454862,5.368904645,5.178152269,5.007003913,4.432320331,4.452880697,4.314920033,0,1.653127323,0,2.9563868,5.022698926,4.726403645,4.963309897,5.321928095,0,0,0,0,0,0,0,3.241403097,0,0,0,0
MAN2B2,0,0,0,0.966587184,0,0.921132385,0,0,0,0,0,0,2.275117866,1.618677671,1.589786044,1.021139762,0.963485218,1.632427638,0,0,0,0,1.459649025,0.958592587,2.186666421,3,0,0,0,0,0,0,0,0,0,0,0,0
MAN2C1,0,0,0,1.949586033,3.265441068,3.026589061,0,0,0,3.399011692,2.638521785,2.511206051,3.852128841,3.505214095,4.00677851,0,0,0,0,1.05142317,1.168913826,0,0,0,0,0,0,0,0,0,0,0,0,0,0,0,0,0
MANBA,0,0,0,2.941009732,1.543333959,3.026589061,2.810463839,3.079707418,2.419108186,0,0,1.933791208,3.752877906,4.134834924,4.00677851,4.039386317,3.837964422,3.873048029,0,0,0,0,3.728236298,4.008505655,4.229789149,2.807354922,0,0,0,0,0,0,0,0,0,0,0,0
MANF,0,0,0,0,0,0,0,0,0,0,0,0,0,0,0,0,0,0,0,0,0,0,0.90705003,1.529484238,1.473143559,1.584962501,0,0,0,0,0,0,0,0,0,0,0,0
MANSC1,0,0,0,0,0,0,2.149649735,2.500551849,1.453839514,0,0,0.956200116,0,0,0,2.355604609,2.523580768,2.868099561,2.745703037,2.669676924,2.856411626,0,2.426542826,2.735625828,2.661928568,0,0,0,0,0,0,0,0,0,0,0,0,0
MAP1S,0,0,0,0,0,0,0,0,0,0,0,0,0,0,0,0,0,0,0,0,0,0,0,0,0,0,0,0,0,0,0,0,0,0,0,0,0,0
MAP2K1,0.996370196,0.961347078,0.864613417,0.966587184,0,0.921132385,0,0,0,1.540903575,2.164986415,0.956200116,0,1.025359956,1.003619168,0,0,0,1.714955817,1.653127323,1.806054709,1.889360771,0,0,0,0,0,0,1.266997295,0,0,0,0,0,0,0,0,0
MAP2K3,0,0.961347078,1.401468483,0,0,0,0,0,0,1.950337883,1.455392216,0.956200116,0,0,0,0,0,0,0,0,0,0,0,0,0,0,0,0,0,0,0,0,0,0,0,0,0,0
MAP4K3,0,0,0,0,0,0,0,0,0,0,0,0,0,0,0,0,0,0,0,0,0,0,0,0,0,0,0,0,0,0,0,0,0,0,0,0,0,0
MAPK1,1.994551864,1.533191662,1.791837015,1.540237874,1.953082406,2.193583806,2.810463839,3.230546315,3.401423861,0.96708259,0.903929473,0,0.970922069,0,0,0,0,0,0,0,0,0,1.858228386,1.937434512,1.873574051,1.584962501,0,0,0,0,0,0,0,0,0,0,0,0
MAPK13,2.316116017,2.931662233,2.919685889,0,0,0.921132385,0,0,2.419108186,0,0,0,0,0,0,0,0,0,0,0,0,0,0.90705003,0,0,0,1.380514028,0,1.266997295,1.333072201,0,0,0,0,0,0,0,0
MAPK14,1.58012073,0.961347078,0,0,0,0.921132385,0.894759661,1.51783371,1.851615862,0,0,0.956200116,0.970922069,0,0,1.021139762,0.963485218,1.632427638,0,0,0,0,1.858228386,1.529484238,1.473143559,2,2.538745146,2.88100595,2.728226634,2.474606879,0,0,0,0,0,0,0,0
MAPK3,3.315387858,2.740444656,3.821059837,0.966587184,0.968891745,1.47881758,1.442864021,1.924256156,2.163087258,3.262125066,2.827430592,2.731434726,1.956160331,1.025359956,1.589786044,0,0,0,2.476571387,2.669676924,2.246490367,2.680193992,1.459649025,1.529484238,1.473143559,0,0,1.373875901,1.266997295,0,0,0,0,0,0,0,0,0
MAPKAPK3,0,0.961347078,0,0,0.968891745,0.921132385,0,0.9499485,0,0,0,0,0,0,0,0,0,0,0,0,0,0,0,0,0,0,2.072868086,1.373875901,1.931003366,2.823248847,0,0,0,0,0,0,0,0
MAPRE1,0,0,0,0,0,0,2.405039482,2.911236342,2.636470024,0,0,0,0,0,0,1.61308057,2.523580768,2.378701702,0,0,0,0,2.426542826,2.735625828,2.661928568,2.807354922,0,0,0,0,0,0,0,0,0,0,0,0
MARCKS,0,0,0,0,0,0,0,0,0,0,0,0,0,0,0,0,0,0,0,0,0,0,0,0,0,0,2.538745146,2.529815193,3.005940259,2.474606879,0,0,0,0,0,0,0,0
MARCKSL1,1.994551864,1.941625202,1.401468483,0,0,0,0,0,0,1.540903575,0.903929473,0.956200116,0,0,0,0,0,0,0,0,0,0,0,0,0,0,3.172816473,2.529815193,2.383995806,3.103821595,2.053047961,0,0,0,0,0,0,0
MARK2,0.996370196,0,0,0,0,0,0,0,0,0,0,0,0,0,0,0,0,0,0,0,0,0,0,0,0,0,2.538745146,3.163224167,3.439119207,3.103821595,0,0,0,0,0,0,0,0
MARS,0,0,0,0,0,0,0,0,0,0,0,0,0,0,0,0,0,0,0,0,0,0,0,0,0,0,0,0,0,0,0,0,0,0,0,0,0,0
MARS1,3.993186609,4.247579354,5.214026639,3.843880539,3.749037927,3.848399125,0,0,0.90279184,4.258728859,4.453368265,4.374625784,1.956160331,2.037874702,2.590989414,0,0,0,1.714955817,3.413209566,2.246490367,3.563016736,0,0,0,1,0,0,0,0,0,0,0,0,0,0,0,0
MARS2,0,0,0,0,0,0,0,0,0,0,0,0,0,0,0,0,0,0,0,0,0,0,0,0,0,0,0,0,0,0,0,0,0,0,0,0,0,0
MARVELD3,0.996370196,0,0,0,0,0,0,0,0,0,0,0,0,0,0,0,0,0,0,0,0,0,0,0,0,0,1.380514028,2.064647663,1.266997295,1.333072201,0,0,0,0,0,0,0,0
MAT2A,2.993641837,2.740444656,3.202968816,3.523102099,3.527408274,3.551296021,2.810463839,3.079707418,3.401423861,3.262125066,3.144111598,3.091114753,3.117818628,3.505214095,3.176352815,2.843407086,2.744180469,2.868099561,2.145448836,2.669676924,1.806054709,2.680193992,2.426542826,2.926737964,2.443780137,1.584962501,0,0,0,0,0,0,0,0,0,0,0,0
MAT2B,0.996370196,0.961347078,2.919685889,3.109978656,2.753608502,3.312666648,2.621946525,3.079707418,3.141943704,2.941892081,3.279702347,2.731434726,3.40611886,3.044091598,2.813553664,2.355604609,1.944875303,2.378701702,0,1.05142317,0,1.234105921,0.90705003,1.937434512,1.873574051,1,0,0,0,0,0,0,0,0,0,0,0,0
MATR3,1.994551864,1.941625202,2.098758683,0.966587184,0.968891745,0.921132385,1.442864021,1.924256156,1.851615862,3.937650566,3.722048161,3.824024523,0,1.025359956,1.003619168,0,0,0,2.145448836,2.076463354,1.806054709,1.889360771,0.90705003,0.958592587,0,0,0,0,0,0,0,0,0,0,3.581002772,0,2.598717113,3.475828426
MAVS,0,0,1.401468483,0.966587184,0.968891745,0,0,1.51783371,1.851615862,0,0.903929473,0.956200116,0,0,0,0,0,0,0,0,0,0,0,0.958592587,0,0,0,0,0,0,0,0,0,0,0,0,0,0
MBD3,0,0,0,0,0,0,0,0,0,0,0,0,0,0,0,0,0,0,0,0,0,0,0,0,0,0,0,0,0,0,0,0,0,0,0,0,0,0
MBTPS1,2.801126798,2.740444656,2.098758683,2.749592966,3.114149002,2.451014583,2.405039482,2.240990417,1.851615862,0,0,0,0,0,0,0,0,0,0,0,0,0,0,0,0,0,0,0,0,0,0,0,0,0,0,0,0,0
MCAT,0,0,0,0,0,0,0,0,0,0,0,0,0,0,0,0,0,0,0,0,0,0,0,0,0,0,0,0,0,0,0,0,0,0,0,0,0,0
MCM2,4.899864715,4.968462577,4.724999573,4.520226243,4.332473679,4.094642998,0.894759661,0.9499485,1.453839514,2.941892081,3.403637312,1.526262086,0,0,0,0,0,0,0,1.05142317,0,1.234105921,0,0,0,0,0,0,0,0,0,0,0,0,0,0,0,0
MCM3,4.452494049,4.509944325,4.4276928,3.843880539,3.402362581,2.669391044,1.442864021,0.9499485,0.90279184,2.268893588,1.853383544,1.526262086,0,0,0,0,0,0,1.098576504,1.653127323,1.168913826,1.234105921,0,0,0,0,0,0,0,0,0,0,0,0,0,0,0,0
MCM4,4.947162596,4.968462577,5.008646625,3.843880539,3.941110664,3.43690954,2.405039482,2.500551849,1.453839514,2.941892081,2.9944429,2.731434726,0,0,0,0,0,0,0,1.05142317,0,0,0,0,0,0,0,0,0,0,0,0,0,0,0,0,0,0
MCM5,4.800346389,4.679497284,4.632541544,3.523102099,3.402362581,2.451014583,0.894759661,0,0,0,0.903929473,0,0,0,0,0,0,0,0,0,0,0,0,0,0,0,0,0,0,0,0,0,0,0,0,0,2.598717113,0
MCM6,4.452494049,4.173790108,3.821059837,4.39495704,4.524736818,3.65727565,3.499731284,3.491832663,3.719788928,1.950337883,2.421096055,1.526262086,0,0,0,0,0,0,0,0,0,0,0,0,0,0,0,0,0,0,0,0,0,0,0,0,0,0
MCM7,4.947162596,4.878421948,4.632541544,2.528836668,1.543333959,0,0,0,0,2.750456577,3.144111598,1.526262086,0,0,1.003619168,0,0,0,0,0,0,0,0,0,0,0,0,0,0,0,0,0,0,0,0,0,0,0
MCMBP,0,0,0.864613417,1.540237874,1.543333959,0.921132385,0,0,0,0,0.903929473,0,0,0,0,0,0,0,0,0,0,0,0,0,0,0,0,0,0,0,0,0,0,0,0,0,0,0
MCTS1,0,0,0,0,0,0,0,0.9499485,1.453839514,1.950337883,2.421096055,1.933791208,1.546060213,1.025359956,1.003619168,0,0,0,0,0,0,0,0,0,0,0,0,0,0,0,0,0,0,0,0,0,0,0
MDH1,0,0.961347078,0,3.261216432,3.402362581,3.756000002,4.544844102,4.487453229,4.759710761,2.941892081,3.517762757,4.374625784,4.467412843,4.440244194,4.650796994,5.685002794,5.734731965,5.316737246,0,0,0,1.889360771,6.482137233,5.894614347,6.001290853,6.108524457,3.172816473,2.529815193,3.005940259,2.474606879,0,0,4.234691467,4.163037251,3.581002772,2.829306972,2.598717113,0
MDH2,2.316116017,2.259576362,2.351701379,3.744673432,3.84826838,4.238176971,4.788597165,4.656890805,5.357738767,3.1108756,4.133559819,4.721657506,4.750740993,4.955524285,5.094480012,6.231231973,6.284499598,6.157073559,1.098576504,1.653127323,1.168913826,1.889360771,6.510112879,6.376376144,6.206071334,6.491853096,0,0,0,0,2.053047961,0,0,3.617789703,4.828721577,5.451253497,5.373641915,4.717776833
MDK,1.58012073,1.941625202,1.401468483,3.109978656,3.402362581,3.312666648,3.703787505,3.367096615,3.277509632,1.950337883,1.455392216,2.251195448,2.275117866,2.037874702,2.327714414,2.355604609,1.944875303,2.378701702,1.714955817,1.05142317,1.806054709,1.234105921,1.858228386,1.937434512,1.473143559,1.584962501,0,0,0,0,0,0,2.795384697,2.7307681,4.519429818,4.978956706,5.185959353,5.187453585
ME1,2.316116017,2.259576362,1.791837015,5.182130284,5.39799,5.673603256,4.95770589,4.808503839,4.892364797,4.39592324,4.509625417,5.001188226,6.84863622,6.557533329,6.482881685,6.58068814,6.418718456,6.317644995,3.340770694,3.413209566,2.583445471,1.889360771,6.253002576,6.274568431,6.558477935,6.658211483,3.611795418,3.163224167,3.005940259,2.823248847,0,0,0,0,0,0,0,0
ME2,1.58012073,0.961347078,1.401468483,0.966587184,0.968891745,2.193583806,0.894759661,1.51783371,1.851615862,1.540903575,1.853383544,1.933791208,0.970922069,2.037874702,2.327714414,0,0.963485218,1.03574445,0,1.05142317,0,1.234105921,0.90705003,0.958592587,0.916958742,0,0,0,0,0,0,0,0,0,0,0,0,0
ME3,0,0,0,0,0,0.921132385,0,0,0,0,0,0.956200116,0.970922069,2.037874702,2.327714414,1.021139762,0.963485218,0,0,0,0,0,0,0,0.916958742,0,0,0,0,0,0,0,0,0,0,0,0,0
MEAK7,0.996370196,0.961347078,0.864613417,0.966587184,0.968891745,0.921132385,0.894759661,0.9499485,0.90279184,0.96708259,0.903929473,0.956200116,0,0,0,0,0,0,0,0,0,0,0,0,0.916958742,0,2.072868086,2.88100595,1.931003366,2.474606879,0,0,0,0,0,0,0,0
MED14,0.996370196,1.941625202,1.401468483,0.966587184,0.968891745,0,0,0,0,0.96708259,0,0,0,0,0,0,0,0,0,0,0,0,0,0,0,0,0,0,0,0,0,0,0,0,0,0,0,0
MED17,0,0,0,0,0,0,0,0,0,0,0,0,0,0,0,0,0,0,0,0,0,0,0,0,0,0,0,0,0,0,0,0,0,0,0,0,0,0
MED23,1.58012073,2.519953374,2.754024153,1.540237874,0.968891745,0,0,0,0,0,0.903929473,0,0,0,0,0,0,0,0,0,0,0,0,0,0,0,0,0,0,0,0,0,0,0,0,0,0,0
MED24,0.996370196,0.961347078,1.401468483,0.966587184,0.968891745,0.921132385,0,0,0,0,0.903929473,0,0,0,0,0,0,0,0,0,0,0,0,0,0,0,0,0,0,0,0,0,0,0,0,0,0,0
MED4,0,0,0,0,0,0,0,0,0,0,0,0,0,0,0,0,0,0,0,0,0,0,0,0,0,0,0,0,0,0,0,0,0,0,0,0,0,0
MELTF,5.60758979,5.595633632,4.313216014,3.63813725,3.527408274,0.921132385,4.315030162,4.362321027,3.141943704,3.524028291,1.455392216,3.091114753,2.536168495,1.025359956,2.327714414,4.361832367,3.837964422,4.236715467,1.714955817,1.05142317,1.806054709,2.338300494,4.459757716,4.242209854,4.229789149,4.64385619,6.060653988,6.084270055,5.97476946,6.051667915,5.494973884,0,5.195857898,5.000427909,0,0,0,0
MEMO1,3.452825167,3.251589451,3.326158875,2.268089723,0.968891745,0.921132385,1.839113208,2.240990417,2.163087258,3.639070203,3.279702347,3.091114753,0.970922069,1.618677671,2.005425354,0,0,0,2.145448836,2.076463354,2.246490367,2.9563868,0,0,0,0,2.538745146,2.529815193,2.383995806,2.474606879,0,0,0,0,0,0,0,0
MEP1A,0,0,0,0,0,0,0,0,0,4.024863517,3.62351829,3.824024523,4.114498637,4.047190029,3.814069025,0,0,0,4.085769758,3.793987451,4.20773121,4.317084986,0,0,0,0,0,0,0,0,5.022286887,5.94843012,7.195573292,7.029851057,6.471461801,0,0,0
MEST,0,0,0,0,0,0,0,0,0,0,0,0,0,0,0,0,0,0,0,0,0,0,0,0,0,0,0,0,0,0,0,0,0,0,0,0,0,0
MET,4.899864715,4.878421948,3.326158875,5.393386257,5.582239392,5.541442102,6.193401362,6.274408964,5.971482009,2.529675346,3.982732963,3.916753108,4.987456139,4.906557819,4.761849677,5.655839553,5.571395729,5.6237463,3.633934435,3.413209566,3.753201815,3.988767131,5.022698926,5.20358086,5.356351177,5.977279923,3.947899965,4.439062363,4.638782042,4.017375043,3.76545739,0,0,0,0,0,0,0
METAP1,0.996370196,0,0,0,0,0,0,0,0,0,0,0,0,0,0,1.021139762,0,1.03574445,0,0,0,0,1.459649025,0.958592587,1.473143559,1.584962501,0,0,0,0,0,0,0,0,0,0,0,0
METAP2,0.996370196,2.259576362,1.791837015,2.528836668,1.953082406,1.880020556,2.621946525,3.079707418,3.277509632,1.540903575,1.455392216,0,1.546060213,1.618677671,1.589786044,0,1.53606782,2.053289965,0,0,0,0,0,0,0,0,0,0,0,0,0,0,0,0,0,0,0,0
METTL1,0.996370196,0.961347078,1.791837015,0,0,0,0,0,0,0,0,0,0.970922069,1.025359956,0,0,0,0,0,0,0,0,0,0,0,1,0,0,0,0,0,0,0,0,0,0,0,0
METTL3,0,0,0,0,0,0,0,0,0,0,0,0,0,0,0,0,0,0,0,0,0,0,0,0,0,0,0,0,0,0,0,0,0,0,0,0,0,0
MFAP2,1.994551864,1.941625202,1.401468483,2.528836668,2.271827737,0.921132385,1.442864021,2.240990417,0.90279184,0,0,0,0,0,0,0,0,0,0,1.05142317,0,0,0,0,0,0,0,0,0,0,0,0,0,0,0,0,0,0
MFGE8,3.800606572,3.628251645,2.098758683,0,0,0,0,0,0,3.937650566,2.827430592,3.824024523,0,1.025359956,1.003619168,0,0,0,2.145448836,1.653127323,1.168913826,2.338300494,0,0,0,0,5.752726377,5.742134157,5.650507639,5.493845692,5.927103234,5.411684905,5.844248139,5.338660701,2.69678497,0,2.598717113,0
MFI2,0,0,0,0,0,0,0,0,0,0,0,0,0,0,0,0,0,0,0,0,0,0,0,0,0,0,0,0,0,0,0,0,0,0,0,0,0,0
MFSD8,0,0,0,0,0,0,0,0,0,0,0,0,0,0,0,0,0,0,0,0,0,0,0,0,0,0,0,0,1.266997295,0,2.867824406,2.069533795,2.795384697,2.7307681,0,0,0,0
MGAM2,0,0.961347078,1.401468483,0,0,0,0,0,0,0,0,0,0,0,0,0,0,0,0,0,0,0,0,0,0,0,2.072868086,2.064647663,2.383995806,2.013916734,2.053047961,0,0,0,0,0,0,0
MGAT2,0,0,0,0,0,0,0.894759661,0.9499485,0.90279184,0,0,0,0,0,0,0,0,0,0,0,0,0,1.858228386,0,0.916958742,1,0,0,0,0,0,0,0,0,0,0,0,0
MGAT3,0,0,0,0,0,0,1.839113208,0.9499485,0,0,0,0,0,0,0,0,0,0,0,0,0,0,0,0,0,0,0,0,0,0,0,0,0,0,0,0,0,0
MGAT4B,1.58012073,1.533191662,0.864613417,1.949586033,1.543333959,0,1.442864021,1.51783371,0,0,0,0,0,0,0,0,0,0,0,0,0,0,0,0,0,0,0,0,0,0,0,0,0,0,0,0,0,0
MGAT5,1.58012073,1.533191662,0.864613417,4.183948616,4.188405325,3.312666648,4.743030372,4.426243371,3.621272161,0,1.853383544,1.526262086,2.757142261,2.850560031,3.006327599,3.497640075,3.104356784,3.765752776,0,1.05142317,0,1.234105921,2.833183695,3.095469549,2.661928568,3.700439718,0,0,0,0,0,0,0,0,0,0,0,0
MGRN1,0,0,0,0,0,0,0,0,0,0,0,0,0,0,0,0,0,0,0,0,0,0,0,0,0,0,2.89033867,3.163224167,3.238727139,3.338612139,2.053047961,2.069533795,0,0,0,0,0,0
MIB1,2.316116017,2.740444656,0.864613417,0,0,0,0,0,0,0,0,0,0,0,0,0,0,0,0,0,0,0,0,0,0,0,2.538745146,1.373875901,2.383995806,1.333072201,2.053047961,2.069533795,1.989531496,1.933211842,2.69678497,0,2.598717113,2.600000002
MID1,0,0,0,0,0,0,0,0,0,0,0,0,0,0,0,0,0,0,0,0,0,0,0,0,0,0,0,0,0,0,0,0,0,0,0,0,0,0
MIF,0.996370196,0.961347078,0.864613417,0.966587184,0.968891745,0.921132385,0.894759661,0.9499485,0.90279184,0.96708259,0.903929473,0.956200116,0.970922069,1.025359956,1.003619168,1.61308057,0.963485218,1.632427638,1.098576504,1.05142317,1.168913826,1.889360771,1.459649025,1.529484238,1.473143559,1.584962501,1.380514028,1.373875901,1.266997295,1.333072201,0,0,0,0,0,0,0,0
MINA,0,0,0,0,0,0,0,0,0,0,0,0,0,0,0,0,0,0,0,0,0,0,0,0,0,0,0,0,0,0,0,0,0,0,0,0,0,0
MINK1,3.993186609,4.096022377,1.791837015,0,0,0,0,0,0,1.950337883,0,1.526262086,0,0,0,0,0,0,0,0,0,0,0,0,0,0,5.181080541,4.8103507,5.119291302,5.040327289,2.053047961,2.886554086,2.795384697,1.933211842,2.69678497,3.724066632,2.598717113,3.475828426
MINPP1,0,0,0,1.540237874,0.968891745,1.47881758,3.964223206,3.904682107,3.980443085,0.96708259,0.903929473,1.526262086,2.536168495,2.626984775,2.005425354,2.843407086,3.632289151,3.061983348,0,0,1.168913826,0,3.629670641,3.383238525,3.747798963,3.807354922,0,0,0,0,0,0,0,0,0,0,0,0
MIPEP,0,0,0,0,0,0,0,0,0,0,0,0,0,0,0,0,0,0,0,0,0,0,0,0,0,0,0,0,0,0,0,0,0,0,0,0,0,0
MITD1,2.801126798,2.259576362,1.791837015,0,0,0,0,0,0,0,0,0,0,0,0,0,0,0,0,0,0,0,0,0,0,0,3.947899965,3.601888181,3.615041015,3.875236924,2.053047961,0,0,0,0,0,0,0
MIX23,0,0,0,0,0,0,0,0,0,0,0,0,0,0,0,0,0,0,0,0,0,0,1.459649025,0.958592587,0.916958742,0,0,0,0,0,0,0,0,0,0,0,0,0
MLEC,0,0,0,0,0,0,1.442864021,1.924256156,0,0,0,0,0,0,0,0,0,0,0,0,0,0,0,0,0,0,0,0,0,0,0,0,0,2.7307681,0,0,0,0
MLH1,0,0,0,0,0,0,0,0,0,0,0,0,0,0,0,0,0,0,0,0,0,0,0,0,0,0,0,0,0,0,0,0,0,0,0,0,0,0
MLKL,0,0,0,0,0,0,0,0,0,0,0,0,0,0,0,0,0,0,0,0,0,0,0,0,0,0,0,0,0,0,0,0,0,0,0,0,0,0
MLLT4,0,0,0,0,0,0,0,0,0,0,0,0,0,0,0,0,0,0,0,0,0,0,0,0,0,0,0,0,0,0,0,0,0,0,0,0,0,0
MME,5.577845544,5.446941697,5.674459324,0.966587184,0.968891745,2.451014583,0.894759661,0.9499485,2.419108186,5.426763619,4.563770935,5.37254457,3.40611886,3.044091598,3.006327599,3.94610422,3.837964422,3.972912998,3.87746897,3.08882233,4.30205236,4.80977991,4.139873595,3.921359802,4.15982985,3.700439718,8.307935781,8.422933835,8.360795118,8.287592982,8.18380025,7.749756664,7.880901811,7.672221831,7.109453162,2.829306972,5.185959353,0
MMP11,2.801126798,2.931662233,2.351701379,1.540237874,0,0,0,0,0,0,0,0,0,0,0,0,0,0,0,0,0,0,0,0,0,0,0,0,0,0,0,0,0,0,0,0,0,0
MMP14,2.316116017,1.533191662,0,0,0,0,0.894759661,0,0,0,0,0,0,0,0,0,0,0,0,0,0,0,0,0,0,0,3.172816473,2.529815193,1.931003366,2.474606879,2.053047961,2.069533795,0,0,0,0,0,0
MMP15,2.316116017,2.740444656,1.791837015,3.109978656,2.945112293,1.880020556,2.977170172,3.079707418,2.636470024,0,0,0,0,0,0,1.021139762,0.963485218,1.03574445,0,0,0,0,0.90705003,0.958592587,1.473143559,1,0,1.373875901,1.266997295,0,0,0,0,0,0,0,0,0
MMS19,2.578907744,2.931662233,3.068269276,1.949586033,1.953082406,0.921132385,0,0,0,3.262125066,2.827430592,2.731434726,0,1.618677671,1.003619168,0,0,0,0,2.403347751,1.168913826,1.889360771,0,0,0,0,0,0,0,0,0,0,0,0,0,0,0,0
MOB1A,1.58012073,1.533191662,0.864613417,0,0,0,0.894759661,0.9499485,2.163087258,0,0,0,0.970922069,0,0,0,0,0,0,0,0,1.234105921,1.858228386,0.958592587,0.916958742,0,2.89033867,2.529815193,1.931003366,2.823248847,0,0,0,0,0,0,0,0
MOB4,1.58012073,2.259576362,2.098758683,1.540237874,1.543333959,1.880020556,0,0.9499485,1.851615862,1.540903575,2.164986415,1.933791208,0,1.025359956,1.003619168,0,0,0,0,0,1.168913826,2.338300494,0.90705003,0,0.916958742,0,0,0,0,0,0,0,0,0,0,0,0,0
MOCOS,0,0,0,0,0,0,0,0,0,0,0,0,0,0,0,0,0,0,0,0,0,0,0,0,0,0,0,0,0,0,0,0,0,0,0,0,0,0
MOCS3,0,0,0,0,0,0,0,0,0,0,0,0,0,0,0,0,0,0,0,0,0,0,0,0,0,0,0,0,0,0,0,0,0,0,0,0,0,0
MOGS,1.58012073,0.961347078,2.098758683,0,0,0.921132385,0,0,0,0,0,0,0,0,0,0,0,0,0,0,0,0,0,0,0,0,0,0,0,0,0,0,0,0,0,0,0,0
MORF4L2,0,0,0,0,0,0,0.894759661,0.9499485,0.90279184,0,0,0,0,0,0,0,0,0,0,0,0,0,0,0,0,1.584962501,0,0,0,0,0,0,0,0,0,0,0,0
MOV10,0,0,0,0,0,0,0,0,0,0,0,0,0,0,0,0,0,0,0,0,0,0,0,0,0,0,0,0,0,0,0,0,0,0,0,0,0,0
MPI,0,0,0,0,0,0,0,0,0,0,0,0,0,0,0,0,0,0,0,0,0,0,0,0,0,0,0,0,0,0,0,0,0,0,0,0,0,0
MPP5,0,0,0,0,0,0,0,0,0,0,0,0,0,0,0,0,0,0,0,0,0,0,0,0,0,0,0,2.064647663,1.266997295,2.013916734,0,0,0,0,0,0,0,0
MPP7,0.996370196,0.961347078,0,0,0,0,0,0,0,0,0,0,0,0,0,0,0,0,0,0,0,0,0,0,0,0,3.789613418,3.77960348,3.913226003,3.717549031,0,0,0,0,0,0,0,0
MPRIP,0,0,0,0,0,0,0.894759661,0.9499485,0.90279184,0,0,0,0,0,0,1.61308057,0.963485218,1.03574445,1.714955817,1.05142317,0,0,0,0,0,0,0,0,0,0,0,0,0,0,0,0,0,0
MPST,3.163465689,2.931662233,3.068269276,1.949586033,1.543333959,0,0,0,0,2.750456577,2.638521785,2.511206051,0,1.025359956,0,1.61308057,0,1.03574445,2.145448836,2.403347751,2.246490367,2.9563868,0.90705003,0.958592587,0.916958742,0,0,0,0,0,0,0,0,0,0,0,0,0
MPZL1,2.316116017,2.519953374,2.351701379,0,0,0,0,0,0,1.950337883,0,0,0,0,0,0,0,0,0,0,0,1.234105921,0,0,0,0,3.611795418,3.399164795,3.913226003,3.540486385,4.06601068,2.886554086,2.795384697,3.241403097,0,0,0,0
MPZL2,0,0,0,0,0,0,0,0,0,0,0,0,0,0,0,0,0,0,0,0,0,0,0,0,0,0,2.072868086,2.064647663,1.931003366,2.013916734,2.867824406,0,2.795384697,1.933211842,0,0,0,0
MRE11,1.58012073,1.533191662,2.351701379,1.540237874,0.968891745,0.921132385,0,0,0,0,0,0,0,0,0,0,0,0,0,0,0,0,0,0,0,0,0,0,0,0,0,0,0,0,0,0,0,0
MRE11A,0,0,0,0,0,0,0,0,0,0,0,0,0,0,0,0,0,0,0,0,0,0,0,0,0,0,0,0,0,0,0,0,0,0,0,0,0,0
MRI1,1.994551864,0.961347078,2.919685889,1.540237874,1.953082406,1.47881758,0.894759661,0.9499485,2.163087258,2.268893588,2.827430592,1.526262086,0,0,0,0,0,0,1.098576504,1.05142317,0,1.234105921,0,0,0,0,0,0,0,0,0,0,0,0,0,0,0,0
MROH1,1.58012073,1.533191662,1.791837015,0,0,0,0,0,0,0.96708259,0.903929473,0,0,0,0,0,0,0,0,0,0,0,0,0,0,0,0,0,0,0,0,0,0,0,0,0,0,0
MROH7,0,0,0,0,0,0,0,0,0,0,0,0,0,0,0,0,1.53606782,0,0,0,0,0,0,0,0,0,1.380514028,1.373875901,0,0,2.053047961,0,0,0,0,0,0,0
MRTO4,0,0,0,0.966587184,0.968891745,0.921132385,0,0,1.453839514,0,0,0,0,0,0,0,0,0,0,0,0,0,0,0,0,0,0,0,0,0,0,0,0,0,0,0,0,0
MSH2,3.578300868,3.251589451,4.188866565,2.268089723,1.953082406,1.47881758,0,0,0,2.529675346,2.638521785,2.251195448,0.970922069,1.025359956,1.003619168,0,0,0,1.098576504,0,0,0,0,0,0,0,0,0,0,0,0,0,0,0,0,0,0,0
MSH6,0.996370196,0.961347078,0.864613417,0.966587184,0.968891745,0.921132385,0,0,0,0.96708259,1.455392216,1.526262086,0,1.025359956,1.003619168,0,0,0,0,1.05142317,0,1.234105921,0,0,0,0,0,0,0,0,0,0,0,0,0,0,0,0
MSLN,0,0,0,0,0,0,2.149649735,3.079707418,0,0,0,0,0,0,0,1.61308057,2.263052434,0,0,0,0,0,2.426542826,3.383238525,2.85138244,0,0,0,0,0,0,0,0,0,0,0,0,0
MST1,0,0,0,0,0,0,0,0,0,0,0,0,0,0,0,0,0.963485218,1.03574445,0,0,0,0,0.90705003,0,0,1.584962501,0,0,0,0,0,0,0,0,0,0,0,0
MST1R,1.58012073,2.519953374,0.864613417,0,0,0,0,0,0,0,0,0,0,0,0,0,0,0,0,0,0,0,0,0,0,1,4.339375044,4.08036687,4.554934114,4.265484343,0,0,0,0,0,0,0,0
MTA1,0.996370196,0.961347078,1.401468483,1.540237874,0.968891745,0.921132385,0,0,0,0,0,0,0,0,0,0,0,0,0,1.05142317,0,0,0,0,0,0,0,0,0,0,0,0,0,0,0,0,0,0
MTA2,3.693731392,3.734726159,4.4276928,2.528836668,2.753608502,3.176707196,0.894759661,0.9499485,2.163087258,0.96708259,1.853383544,1.526262086,1.956160331,2.037874702,2.005425354,0,0,0,0,0,0,0,0,0,0.916958742,1.584962501,0,0,0,0,0,0,0,0,0,0,0,0
MTAP,2.316116017,1.533191662,2.754024153,2.749592966,2.753608502,3.176707196,3.703787505,3.904682107,3.719788928,4.39592324,4.203444751,4.237538143,1.956160331,3.214705715,3.006327599,2.355604609,1.944875303,2.378701702,3.168326031,3.551606284,3.283768429,4.500654413,2.644143159,2.926737964,2.443780137,1,0,1.373875901,1.266997295,0,0,0,0,0,0,0,0,0
MTHFD1,5.825749089,5.704453276,6.022954354,4.934543882,4.89336671,4.797429663,3.385748712,3.606636986,3.719788928,5.607157832,5.612162378,5.270817342,2.757142261,3.367259864,3.707114185,1.021139762,1.53606782,1.03574445,2.145448836,4.418115308,0,3.18810514,0,0,0,0,0,1.373875901,1.266997295,0,0,0,0,0,0,0,0,0
MTM1,0,0,0,0,0,0,0,0,0,0,0,0,0,0,0,0,0,0,0,0,0,0,0,0,0,0,0,0,0,0,0,0,0,0,0,0,0,0
MTMR12,0,0,0,0.966587184,0.968891745,0.921132385,0,0.9499485,0,0.96708259,1.455392216,1.526262086,0,0,0,0,0,0,0,0,0,0,0,0,0,0,0,0,0,0,0,0,0,0,0,0,0,0
MTOR,0.996370196,0.961347078,1.791837015,0,0,0,0,0,0,2.529675346,1.853383544,2.251195448,0,0,0,0,0,0,0,0,0,0,0,0,0,0,0,1.373875901,1.266997295,0,0,0,0,0,0,0,0,0
MTREX,3.315387858,3.628251645,3.821059837,4.106148,3.749037927,4.094642998,2.810463839,2.720458447,2.825330619,1.950337883,2.827430592,1.933791208,1.546060213,1.025359956,0,0,0,0,0,0,0,0,0,0,0,0,0,0,0,0,0,0,0,0,0,0,0,0
MUC1,0,0,0,0,0,0,0,0,0,0,0,0,0,0,0,0,0,0,0,0,0,0,0,0,0,0,2.538745146,3.163224167,2.383995806,1.333072201,2.053047961,0,1.989531496,0,0,0,0,0
MUC12,0,0,0,0,0,0,0,0,0,0,0,0,0,0,0,0,0,0,0,0,0,0,0,0,0,0,2.89033867,2.88100595,2.728226634,2.474606879,0,0,0,0,0,0,0,0
MUC13,4.850963489,4.782385471,4.583991197,1.540237874,2.271827737,2.193583806,1.442864021,1.924256156,0,4.889790045,3.982732963,4.772170812,1.956160331,2.362292771,2.590989414,2.031594606,1.53606782,2.053289965,4.267755043,4.094962341,4.552845745,4.94259963,0,0,0,1,8.263455788,8.076764136,8.176688365,8.068305058,7.890181133,7.833036913,7.280735237,7.029851057,6.379435865,3.724066632,4.716298833,4.016906216
MUC2,0,0,0,0,0,0.921132385,0,0,0,0,0,0,0,0,0,0,0.963485218,0,0,0,0,0,0,0,0,1,2.89033867,4.726097906,4.371030583,4.375179769,0,0,0,0,0,0,0,0
MUC4,0,0,0,0.966587184,0,0,0,0,0,0,0,0,0,0,0,0,0,0,0,0,0,0,0,0,0,0,2.538745146,2.88100595,1.931003366,2.474606879,0,0,0,0,0,0,0,0
MUT,0,0,0,0,0,0,0,0,0,0,0,0,0,0,0,0,0,0,0,0,0,0,0,0,0,0,0,0,0,0,0,0,0,0,0,0,0,0
MVB12A,2.993641837,2.931662233,1.791837015,0,0,0,0,0,0,0,0,0,0,0,0,0,0,0,0,0,0,0,0,0,0,0,3.789613418,3.77960348,3.913226003,3.875236924,2.053047961,0,0,0,0,0,0,0
MVB12B,4.16306102,3.734726159,2.919685889,0,0,0,0,0,0,0,0,0,0,0,0,0,0,0,0,0,0,0,0,0,0,0,4.820760544,4.8103507,4.793137891,4.825223333,3.385355532,2.069533795,2.795384697,2.7307681,0,0,0,0
MVD,0,0,0,0,0,0,0,0,0,0,0,0,0,0,0,0,0,0,0,0,0,0,0,0,0,0,0,0,0,0,0,0,0,0,0,0,0,0
MVK,0,0,0,0,0,0,0,0,0,0,0,0,0,0,0,0,0,0,0,0,0,0,0,0,0,0,0,0,0,0,0,0,0,0,0,0,0,0
MVP,7.341504096,7.356723672,6.446081298,2.268089723,2.271827737,1.47881758,0,0,0.90279184,7.56309739,6.813882583,7.435089362,4.698352774,4.80333795,4.530477672,0,0,0,7.131906536,7.338834456,6.902076432,7.302622506,0.90705003,0,0.916958742,0,0,0,0,0,0,0,7.707190786,8.382179957,0,3.724066632,6.060635542,6.995164025
MYADM,0,0,0,0,0,0,0,0,0,0,0,0,0,0,0,0,0,0,0,0,0,0,0,0,0,0,2.538745146,2.88100595,2.728226634,2.474606879,2.053047961,2.069533795,1.989531496,1.933211842,0,0,0,0
MYBBP1A,0.996370196,0.961347078,2.098758683,0,0,0,0,0,0,0,0,0,0,0,0,0,0,0,0,0,0,0,0,0,0,0,0,0,0,0,0,0,0,0,0,0,0,0
MYCBP2,0,0,0,0,0,0,0,0,0,0,0,0,0,0,0,0,0,0,0,0,0,0,0,0,0,0,0,1.373875901,0,0,0,0,0,0,3.581002772,0,0,3.475828426
MYDGF,0,0,0,0,0,0,1.442864021,0.9499485,1.453839514,0,0,0,0,0,0,1.61308057,1.53606782,1.632427638,0,0,0,0,1.858228386,1.937434512,1.873574051,2,0,0,0,0,0,0,0,0,0,0,0,0
MYG1,0,0,0,0,0,0.921132385,2.149649735,0.9499485,2.636470024,0,0,0,0,0,0,2.620025286,1.944875303,2.644053871,0,0,0,0,2.170190716,3.095469549,2.661928568,0,0,0,0,0,0,0,0,0,0,0,0,0
MYH1,0,0,0,0,0,0,0,0,0,0,0,0,0,0,0,0,0,0,0,0,0,0,0,0,0,0,0,0,0,0,0,0,0,0,0,0,0,0
MYH14,6.800151221,6.650310028,6.82599776,5.99950421,5.796186983,6.049475559,5.429806942,5.359927291,5.357738767,7.228451398,7.159854689,6.877547005,4.33641615,4.369737013,4.591891283,6.308223406,6.284499598,5.976366067,7.759760561,7.501378037,7.918539749,6.429588812,3.150050254,3.828609566,3.543195199,1.584962501,1.380514028,2.88100595,2.383995806,2.474606879,0,0,0,0,0,0,0,0
MYH3,0,0,0,0,0,0,0,0,0,0,0,0,0,0,0,0,0,0,0,0,0,0,0,0,0,0,0,0,0,0,0,0,0,0,0,0,0,0
MYH4,0,0,0,0,0,0,0,0,0,0,0,0,0,0,0,0,0,0,0,0,0,0,0,0,0,0,0,0,0,0,0,0,0,0,0,0,0,0
MYH7,0,0,0,0,0,0,0,0,0,0,0,0,0,0,0,0,0,0,0,0,0,0,0,0,0,0,0,0,0,0,0,0,0,0,0,0,0,0
MYH9,7.026209864,6.966634108,7.100781958,7.316500912,7.166345154,7.20506565,7.440614431,7.382503488,7.139741426,7.91665952,7.767639735,7.69280553,6.556567608,6.693643768,6.693659794,7.150198878,7.211910913,6.877364059,8.59119657,8.413652282,8.803121118,8.461939204,4.814110669,4.82573371,4.741779459,5.285402219,4.220308535,4.889953476,4.269468584,4.477120642,0,2.069533795,4.94067428,2.7307681,2.69678497,3.724066632,4.408026318,2.600000002
MYL12A,2.993641837,3.251589451,3.326158875,3.523102099,3.527408274,3.312666648,2.149649735,3.367096615,3.401423861,4.258728859,3.982732963,3.724923947,2.757142261,2.850560031,3.176352815,1.021139762,0.963485218,1.03574445,2.745703037,3.677881073,3.613037926,3.86032243,0,1.529484238,1.473143559,0,1.380514028,3.399164795,3.238727139,2.013916734,0,0,3.986902457,4.373878798,4.828721577,6.793530178,5.688593684,5.54119875
MYL12B,0,0,0,0,0,0,0,0,0,0,0,0,0,0,0,0,0,0,0,0,0,0,0,0,0,0,0,0,0,0,0,0,0,0,0,0,0,0
MYL6,3.452825167,3.513288396,3.202968816,3.523102099,3.527408274,3.65727565,3.126593151,3.606636986,3.515531724,3.639070203,4.060116522,3.916753108,3.117818628,3.367259864,3.707114185,3.359759433,3.517296477,3.523776826,3.340770694,4.001444414,3.998293229,4.584363563,2.426542826,3.508117252,3.543195199,3.584962501,3.172816473,2.88100595,2.383995806,0,0,0,4.63044284,5.000427909,5.803111939,6.215055683,6.264201628,5.54119875
MYL6B,0,0,0,0,0,0,0.894759661,1.51783371,0.90279184,0,0,0,0,0,0,0,0,0,0,0,0,0,0,0,0,0,0,0,0,0,0,0,0,0,0,0,0,0
MYL9,0,0,0,0,0,0,0,0,0,1.540903575,0.903929473,0.956200116,0,0,0,0,0,0,0,0,0,0,0,0,0,0,0,0,0,0,0,0,0,0,0,0,0,0
MYO10,0,0,0,0,0,0,0,0,0,0,0,0,0,0,0,0,0,0,0,0,0,0,0,0,0,0,0,1.373875901,1.931003366,1.333072201,0,0,0,0,0,0,0,0
MYO15B,0.996370196,0.961347078,0.864613417,0,0,0,0,0,0,0.96708259,0.903929473,0.956200116,0,0,0,0,0,0,0,0,0,0,0,0,0,0,5.469153458,5.653674256,5.567358369,5.632860104,0,0,0,0,0,0,0,0
MYO18A,0.996370196,2.259576362,3.202968816,2.749592966,2.532736393,2.859016798,0.894759661,0.9499485,0.90279184,2.750456577,2.638521785,1.933791208,0,0,0,0,0,0,1.714955817,1.05142317,2.583445471,0,0,0,0,0,0,0,0,0,0,0,0,0,0,0,0,0
MYO1B,4.241042231,4.448689336,4.188866565,0.966587184,0.968891745,0,0,0,0,3.745612183,3.517762757,3.091114753,0.970922069,1.025359956,1.003619168,0,0,0,1.098576504,1.05142317,0,2.680193992,0,0,0,0,5.469153458,5.653674256,5.479122139,5.339993805,3.385355532,2.069533795,0,0,0,0,0,0
MYO1C,4.080622667,3.833879792,3.068269276,0,0,0,0,0,0,3.1108756,2.164986415,1.933791208,0,0,0,0,0,0,0,0,0,0,0,0,0,0,5.617896038,5.784409903,5.650507639,5.676372903,3.385355532,0,1.989531496,1.933211842,0,0,0,0
MYO1D,3.993186609,3.833879792,3.202968816,0.966587184,0,0,0,0,0,2.268893588,0.903929473,0.956200116,0,0,0,0,0,0,0,0,0,0,0,0,0,0,5.520457254,5.784409903,5.523914723,5.676372903,2.867824406,0,2.795384697,2.7307681,0,0,0,0
MYO1E,2.316116017,1.533191662,0.864613417,0,0,0,0,0,0,0.96708259,0.903929473,0,0,0,0,0,0,0,0,0,0,0,0,0,0,0,0,0,0,0,0,0,0,0,0,0,0,0
MYO5B,2.316116017,1.941625202,1.791837015,1.949586033,1.543333959,0.921132385,0,0,0,1.540903575,2.164986415,0.956200116,0,0,0,0,0,0,0,0,0,1.234105921,0,0,0,0,0,0,0,0,0,0,0,0,0,0,0,0
MYO6,4.800346389,4.782385471,5.080404724,4.458950855,4.188405325,4.304921401,1.839113208,1.924256156,0.90279184,4.184907225,4.203444751,3.503618698,0,0,0,0,0,0,1.098576504,1.653127323,1.168913826,2.338300494,0,0,0,0,4.090524219,4.54121905,4.718023325,4.477120642,2.053047961,0,1.989531496,0,0,0,0,0
MYOF,0,0,0,0,0,0,0,0,0,0,0,0,0,0,0,0,0,0,0,0,0,0,0,0,0,0,0,0,0,0,0,0,0,0,0,0,0,0
MYORG,1.994551864,2.519953374,0.864613417,0,0,0,0,0,0,0,0,0,0,0,0,0,0,0,0,0,0,0,0,0,0,0,0,0,1.266997295,2.013916734,2.053047961,0,1.989531496,1.933211842,0,0,0,0
NAA10,2.993641837,2.259576362,3.439652425,2.749592966,2.753608502,2.669391044,2.405039482,1.51783371,1.453839514,1.950337883,2.164986415,2.251195448,2.757142261,2.362292771,3.006327599,0,0,0,0,0,0,0,0,0,0,0,0,0,0,0,0,0,0,0,0,0,0,0
NAA15,4.452494049,3.926654829,4.724999573,3.398093484,3.402362581,3.176707196,1.839113208,0.9499485,2.636470024,3.1108756,3.144111598,1.526262086,3.852128841,3.746915315,3.176352815,0,0,0,2.145448836,2.894418153,2.246490367,2.338300494,0.90705003,0,0,0,0,0,0,0,0,0,0,0,0,0,0,0
NAA16,1.58012073,1.533191662,1.401468483,0,0,0,0,0,0,0,0.903929473,0,0,0,0,0,0,0,0,0,0,0,0,0,0,0,0,0,0,0,0,0,0,0,0,0,0,0
NAA20,0,0,0,0.966587184,1.543333959,1.880020556,0.894759661,1.924256156,2.419108186,0,0,0,0,0,0,0,0,0,0,0,0,0,0,0,0,0,0,0,0,0,0,0,0,0,0,0,0,0
NAA25,0,0,0,4.023911454,4.110590354,4.017139547,4.315030162,4.426243371,3.898681406,0.96708259,1.455392216,1.933791208,2.757142261,2.362292771,2.813553664,2.031594606,1.53606782,2.053289965,1.098576504,1.653127323,1.168913826,0,0.90705003,0.958592587,1.873574051,1.584962501,0,0,0,0,0,0,0,0,0,0,0,0
NAA35,1.58012073,0.961347078,2.919685889,0,0,0,0,0,0,0.96708259,0,0,0,0,0,1.021139762,0,0,0,0,0,0,0,0,0,0,0,0,0,0,0,0,0,0,0,0,0,0
NAA50,0.996370196,0,1.791837015,0,0,0,0,0,0,0.96708259,1.455392216,0.956200116,0,0,0,0,0,0,0,0,0,0,0,0,0,0,0,0,0,0,0,0,0,0,0,0,0,0
NAAA,0,0,0.864613417,0,0,1.47881758,0,0,1.453839514,0,0,0,0,0,0,0,0,0,0,0,0,0,0,0,0,0,0,0,0,0,0,0,0,0,0,0,0,0
NAALADL1,0,0,0,0,0,0,0,0,0,0,0,0,0,0,0,0,0,0,0,0,0,0,0,0,0,0,2.072868086,2.88100595,3.238727139,3.103821595,0,0,0,0,0,0,0,0
NACA,0.996370196,0.961347078,1.401468483,1.540237874,1.543333959,1.880020556,2.621946525,3.079707418,2.636470024,1.540903575,1.853383544,1.526262086,3.269158334,3.214705715,3.006327599,2.620025286,1.944875303,3.232871055,1.714955817,1.653127323,1.168913826,0,1.858228386,1.937434512,2.443780137,1.584962501,0,0,0,0,0,0,0,0,2.69678497,0,0,0
NADKD1,0,0,0,0,0,0,0,0,0,0,0,0,0,0,0,0,0,0,0,0,0,0,0,0,0,0,0,0,0,0,0,0,0,0,0,0,0,0
NADSYN1,0.996370196,2.259576362,0,4.023911454,3.64247482,3.65727565,2.810463839,2.720458447,2.825330619,3.399011692,3.517762757,3.378779227,1.956160331,2.362292771,2.327714414,0,0,0,2.145448836,1.653127323,2.583445471,2.9563868,0,0,0,0,0,0,0,0,0,0,0,0,0,0,0,0
NAE1,1.994551864,2.259576362,2.56684197,3.398093484,3.64247482,3.43690954,3.703787505,3.491832663,3.719788928,2.529675346,2.9944429,3.091114753,3.40611886,3.367259864,3.328436075,3.497640075,3.255521121,3.649832041,0,1.05142317,0,0,2.833183695,3.246517199,2.661928568,2.584962501,0,0,0,0,0,0,0,0,0,0,0,0
NAGA,0,0,0,0,0,0.921132385,2.149649735,1.924256156,2.163087258,0,0,0,0,0,0,2.031594606,1.53606782,1.632427638,0,0,0,0,2.170190716,1.529484238,1.873574051,2.584962501,0,0,0,0,0,0,0,0,0,0,0,0
NAGK,1.58012073,1.941625202,1.791837015,1.949586033,1.953082406,1.880020556,0.894759661,1.51783371,1.453839514,1.540903575,1.853383544,1.526262086,1.546060213,2.626984775,2.005425354,2.031594606,0.963485218,1.632427638,0,1.05142317,1.168913826,1.889360771,1.459649025,2.5152748,2.443780137,0,0,0,0,0,0,0,0,0,0,0,0,0
NAGLU,1.58012073,1.533191662,0,4.888809872,5.108807732,4.797429663,3.795922944,4.151572014,3.812006199,3.844824317,2.827430592,3.724923947,5.368904645,5.296908334,5.292446585,4.361832367,4.25174067,4.768411021,2.145448836,2.076463354,1.806054709,0,4.67275357,4.87294656,4.921641873,5.523561956,0,0,0,0,3.385355532,2.069533795,2.795384697,4.867424445,5.083269848,3.724066632,4.015464754,4.016906216
NAMPT,4.16306102,4.096022377,3.902505716,4.841578479,4.89336671,4.93020905,4.875627918,4.808503839,5.12588017,4.521196453,4.394828067,4.438575266,5.030471481,5.178152269,5.094480012,4.847850914,4.88266505,5.112928664,2.476571387,3.260114038,3.753201815,3.18810514,4.516026529,5.047714827,4.878734507,3.700439718,0,0,0,0,0,0,0,0,0,0,0,0
NANS,3.578300868,3.388364695,3.902505716,2.528836668,2.271827737,1.880020556,2.405039482,2.500551849,2.419108186,1.540903575,2.164986415,0.956200116,0.970922069,1.025359956,1.003619168,3.497640075,3.392338026,3.061983348,0,0,0,0,3.40970041,3.623042415,3.428871228,2.807354922,0,0,0,0,0,0,0,0,0,0,0,0
NAP1L1,0.996370196,0.961347078,0.864613417,2.941009732,2.945112293,3.026589061,2.405039482,2.720458447,2.163087258,0.96708259,0.903929473,0.956200116,1.546060213,1.025359956,0,1.021139762,0.963485218,1.03574445,1.098576504,1.05142317,0,1.234105921,0,0,0,0,0,0,0,0,0,0,0,0,0,0,0,0
NAP1L4,2.316116017,2.259576362,1.791837015,3.523102099,3.84826838,3.43690954,3.882525857,3.812010579,3.812006199,2.529675346,2.827430592,2.731434726,2.275117866,2.037874702,2.327714414,1.61308057,1.944875303,1.03574445,0,2.076463354,0,0,0,0.958592587,0,0,0,0,0,0,0,0,0,0,0,0,0,0
NAPA,2.801126798,2.740444656,2.098758683,1.949586033,2.271827737,2.193583806,2.149649735,2.911236342,3.277509632,2.941892081,3.144111598,2.511206051,0,1.025359956,1.003619168,0,0,0,0,1.05142317,0,2.9563868,0,0,0,0,3.408938331,3.601888181,3.615041015,3.540486385,3.385355532,0,0,0,0,0,0,0
NAPRT,3.693731392,4.096022377,4.769097515,4.934543882,4.89336671,5.051791299,4.695977305,4.546171463,4.805297555,5.22054552,5.128254847,4.820975154,3.646291178,3.505214095,3.328436075,2.620025286,2.744180469,2.378701702,3.168326031,3.901441717,2.583445471,3.563016736,1.459649025,1.529484238,1.473143559,0,0,0,0,0,2.053047961,0,0,0,0,0,0,0
NAPRT1,0,0,0,0,0,0,0,0,0,0,0,0,0,0,0,0,0,0,0,0,0,0,0,0,0,0,0,0,0,0,0,0,0,0,0,0,0,0
NARS,0,0,0,0,0,0,0,0,0,0,0,0,0,0,0,0,0,0,0,0,0,0,0,0,0,0,0,0,0,0,0,0,0,0,0,0,0,0
NARS1,4.385395623,4.247579354,4.583991197,4.841578479,4.583523545,4.598938406,4.647337727,4.487453229,4.712636366,4.579976752,4.563770935,4.307709643,4.114498637,3.746915315,4.00677851,2.031594606,2.523580768,2.378701702,3.168326031,3.901441717,3.613037926,3.563016736,1.459649025,1.937434512,1.473143559,0,0,0,0,0,0,0,0,0,0,0,0,0
NASP,0,0,0,0.966587184,0.968891745,0.921132385,1.839113208,2.911236342,2.163087258,0.96708259,1.853383544,2.731434726,0,1.025359956,0,2.355604609,2.523580768,2.053289965,0,0,0,0,0,1.937434512,2.186666421,0,0,0,0,0,0,0,0,0,0,0,0,0
NAT10,3.315387858,3.388364695,3.902505716,0.966587184,0.968891745,0.921132385,0,0,0,3.1108756,2.421096055,2.251195448,0,0,0,0,0,0,0,0,0,0,0,0,0,0,0,0,0,0,0,0,0,0,0,0,0,0
NAXD,2.316116017,2.259576362,2.351701379,2.528836668,2.753608502,2.193583806,0.894759661,1.51783371,1.453839514,3.399011692,2.638521785,2.731434726,0,0,0,0,0,0,0,0,0,0,0,0,0,0,0,0,0,0,0,0,0,0,0,0,0,0
NAXE,0,0,0,0.966587184,0.968891745,1.880020556,2.977170172,3.079707418,3.401423861,0,0.903929473,1.933791208,0.970922069,1.025359956,1.589786044,3.623485148,3.517296477,3.765752776,0,0,0,0,4.459757716,4.242209854,3.747798963,4.321928095,0,0,0,0,0,0,0,0,0,0,0,0
NBEAL1,0,0,1.401468483,0,0,0,0,0,0,0,0,0,0,0,0,0,0,0,0,0,0,0,0,0,0,0,0,0,0,0,0,0,0,0,0,0,0,0
NBEAL2,3.993186609,3.513288396,3.439652425,0.966587184,0.968891745,0.921132385,0,0,0,3.745612183,3.403637312,3.091114753,0.970922069,1.025359956,1.589786044,0,0,0,1.098576504,2.076463354,0,0,0,0,0,0,0,0,0,0,0,0,0,0,0,0,0,0
NCAPD2,1.994551864,1.533191662,1.401468483,1.540237874,0.968891745,0,0,0,0,1.540903575,1.455392216,0.956200116,0.970922069,1.618677671,1.003619168,0,0,0,0,0,0,0,0,0,0,0,0,0,0,0,0,0,0,0,0,0,0,0
NCAPG,0,0,0,0,0,0,0,0,0,0,0,0,0,0,0,0,0,0,0,0,0,0,0,0,0,0,0,0,0,0,0,0,0,0,0,0,0,0
NCBP1,4.693451201,4.782385471,4.971383181,4.579004779,4.640008333,4.168194276,3.703787505,3.606636986,3.621272161,3.639070203,3.279702347,3.242104959,3.40611886,3.746915315,3.91363905,0,0,0,1.098576504,1.05142317,1.806054709,1.234105921,0.90705003,0.958592587,0.916958742,1,0,0,0,0,0,0,0,0,0,0,0,0
NCBP2,0,0,2.351701379,0.966587184,0,0,0,0,0,0,0,0,0,0,0,0,0,0,0,0,0,0,0,0,0,0,0,0,0,0,0,0,0,0,0,0,0,0
NCK2,2.316116017,1.941625202,0,0,0,0,0,0,0,0,0,0,0,0,0,0,0,0,0,0,0,0,0,0,0,0,3.611795418,3.601888181,3.439119207,3.338612139,0,0,0,0,0,0,0,0
NCKAP1,4.947162596,5.011459638,4.93313168,4.689831351,4.524736818,4.094642998,1.839113208,0.9499485,0.90279184,4.521196453,4.394828067,4.086043188,0.970922069,1.025359956,1.003619168,0,0,0,2.145448836,1.05142317,2.583445471,3.387705307,0.90705003,0,0,0,4.900383898,4.965392779,5.284597102,5.284834316,0,0,0,0,0,0,0,0
NCL,0.996370196,1.941625202,1.401468483,4.74220736,4.694364685,4.843060841,5.974290873,5.732839191,5.262894117,4.258728859,4.394828067,4.721657506,4.698352774,4.748819682,4.814326637,6.085741404,6.212397253,5.927416823,3.168326031,4.488737827,3.283768429,1.234105921,4.983324397,5.848116752,5.939999849,4.169925001,0,0,0,0,0,0,0,0,0,0,0,0
NCOA5,0,0,0,0,0,0,1.442864021,1.51783371,0.90279184,0,0,0,0,0,0,0,0,0,0,0,0,0,0,0,0,0,0,0,0,0,0,0,0,0,0,0,0,0
NCR3LG1,0.996370196,0.961347078,0,0.966587184,0.968891745,1.880020556,3.126593151,3.079707418,2.636470024,0,0.903929473,0.956200116,0,0,0,2.620025286,2.263052434,2.378701702,0,0,0,0,2.833183695,2.926737964,2.85138244,2.321928095,0,0,0,0,0,0,0,0,0,0,0,0
NCS1,0,0,0,0,0,0,0,0,0,0,0,0,0,0,0,0,0,0,0,0,0,0,0,0,0,0,0,0,0,0,0,0,0,0,0,0,0,0
NCSTN,2.578907744,2.931662233,2.351701379,0,0,0.921132385,2.149649735,0.9499485,1.851615862,1.540903575,0.903929473,0.956200116,1.546060213,1.025359956,1.589786044,2.620025286,2.263052434,2.053289965,0,0,0,0,3.150050254,3.095469549,2.186666421,3.459431619,4.449359691,4.439062363,4.269468584,4.265484343,5.022286887,5.043305171,4.793881411,4.72090243,4.125209993,0,0,0
NDRG1,0.996370196,0.961347078,2.098758683,0.966587184,0.968891745,1.47881758,0.894759661,1.51783371,2.163087258,4.521196453,4.453368265,4.61499383,3.117818628,3.746915315,3.466005187,3.207295283,3.104356784,3.649832041,2.972434909,3.260114038,2.856411626,2.9563868,0.90705003,2.5152748,2.661928568,0,5.360725261,5.350195761,5.284597102,5.227481751,5.850417365,4.086405932,3.986902457,3.241403097,0,0,0,0
NDRG3,0,0.961347078,1.401468483,0,0,0,1.839113208,1.51783371,2.163087258,0.96708259,0,0,0,0,0,0,0,0,0,0,0,0,0,0,0,0,2.538745146,1.373875901,1.266997295,2.013916734,0,0,0,0,0,0,0,0
NDUFV1,0,0,0,0,0,0,0,0,0,0,0,0,0,0,0,0,0,0,0,0,0,0,0,0,0,0,0,0,0,0,0,0,0,0,0,0,0,0
NECTIN1,0,0,0,0,0,0,2.149649735,1.924256156,0,0,0,1.526262086,0,0,0,3.497640075,3.930758617,3.385643851,0,0,0,0,3.820496403,3.383238525,3.428871228,3.807354922,0,0,0,0,0,0,0,0,0,0,0,0
NECTIN2,1.58012073,1.941625202,1.401468483,0,0,0.921132385,2.810463839,2.240990417,2.419108186,1.540903575,1.455392216,1.933791208,0,0,0,3.359759433,3.255521121,3.061983348,0,0,0,0,3.629670641,3.383238525,3.428871228,3.169925001,1.380514028,1.373875901,1.266997295,1.333072201,0,0,0,0,0,0,0,0
NECTIN3,2.316116017,2.259576362,0.864613417,0,0,0,2.621946525,2.240990417,1.851615862,0,0,0,0,0,0,2.355604609,2.263052434,2.378701702,0,0,0,0,1.459649025,1.529484238,1.873574051,2,0,0,0,0,0,0,0,0,0,0,0,0
NECTIN4,0,0,0,0,0,0,2.149649735,2.500551849,0,0,0,0,0,0,0,2.355604609,1.53606782,1.632427638,0,0,0,0,2.833183695,2.735625828,2.85138244,3.169925001,0,0,0,0,0,0,0,0,0,0,0,0
NEDD1,0,0,0,0,0,0,0,0,0,0,0,0,0,0,0,0,0,0,0,0,0,0,0,0,0,0,0,0,0,0,0,0,0,0,0,0,0,0
NEDD4L,2.578907744,3.251589451,2.351701379,0,0,0,0,0,0,0,0,0,0,0,0,0,0,0,0,0,0,0,0,0,0,0,4.090524219,3.77960348,4.041997863,3.103821595,0,0,0,0,0,0,0,0
NEDD8,1.58012073,0.961347078,0.864613417,0.966587184,0.968891745,0.921132385,0.894759661,0.9499485,0.90279184,0.96708259,0.903929473,0.956200116,0.970922069,1.025359956,1.003619168,0,0.963485218,1.03574445,0,0,0,0,0.90705003,1.529484238,1.473143559,1,0,0,1.931003366,0,0,0,0,0,0,0,0,0
NELFB,1.58012073,1.533191662,2.351701379,1.949586033,1.543333959,1.880020556,2.405039482,1.924256156,2.419108186,0.96708259,0.903929473,0.956200116,0,0,0,0,0,0,0,0,0,0,0,0,0,0,0,0,0,0,0,0,0,0,0,0,0,0
NELFCD,0.996370196,0.961347078,1.791837015,0.966587184,1.543333959,1.47881758,0.894759661,0.9499485,0.90279184,0,0.903929473,0,0,0,0,0,0,0,0,0,0,0,0,0,0,0,0,0,0,0,0,0,0,0,0,0,0,0
NEU1,3.163465689,2.519953374,2.754024153,3.63813725,3.527408274,3.312666648,3.499731284,2.720458447,2.992305255,0,0.903929473,0,0.970922069,1.025359956,0,1.021139762,0,0,0,0,0,1.234105921,0.90705003,0,0,0,0,0,0,0,0,0,0,0,0,0,0,0
NEU3,0.996370196,0.961347078,0,0,0,0,0,0,0,0,0,0,0,0,0,0,0,0,0,0,0,0,0,0,0,0,3.611795418,3.163224167,3.238727139,3.103821595,2.053047961,0,0,0,0,0,0,0
NFKB1,0,0,0,0,0,0,0,0,0,0,0,0,0,0,0,0,0,0,0,0,0,0,0,0,0,0,0,0,0,0,0,0,0,0,0,0,0,0
NHEJ1,0,0,0,0,0,0.921132385,0.894759661,0,0.90279184,0,0.903929473,0,0,0,0,0,1.944875303,1.03574445,0,0,0,0,0.90705003,1.529484238,0.916958742,1,0,0,0,0,0,0,0,0,0,0,0,0
NHLRC2,0,0,0.864613417,0.966587184,0.968891745,1.47881758,0,0,0.90279184,1.540903575,0.903929473,1.526262086,0,0,1.003619168,1.021139762,0,1.03574445,0,0,0,0,0,0.958592587,0,0,0,0,0,0,0,0,0,0,0,0,0,0
NHLRC3,0,0.961347078,0.864613417,2.749592966,2.945112293,2.193583806,3.703787505,4.073877018,3.515531724,0,0,0,0,0,1.003619168,0,2.263052434,2.378701702,0,0,0,0,2.170190716,2.735625828,2.661928568,3.169925001,0,0,0,0,2.053047961,0,1.989531496,1.933211842,0,0,0,0
NHP2,0,0,0,0,0,0,0,0,0,0,0,0,0,0,0,0,0,0,0,0,0,0,0,0,0,0,0,0,0,0,0,0,0,0,0,2.829306972,4.408026318,2.600000002
NIBAN2,4.315023641,4.247579354,3.642923751,3.523102099,3.527408274,3.848399125,4.695977305,4.70921893,4.805297555,3.745612183,3.982732963,3.824024523,3.40611886,3.505214095,3.176352815,3.739228165,3.837964422,3.649832041,2.745703037,3.08882233,2.583445471,3.18810514,3.150050254,3.508117252,3.747798963,3.459431619,4.820760544,4.889953476,4.554934114,4.900544903,2.867824406,0,0,0,0,0,0,0
NID1,0.996370196,0.961347078,0.864613417,2.749592966,2.753608502,2.669391044,0,0,0,0,0,0,2.948722432,3.367259864,3.006327599,0,0,0,2.145448836,1.05142317,3.085856525,4.106705299,0,0,0,0,0,0,0,0,0,0,1.989531496,1.933211842,0,2.829306972,2.598717113,2.600000002
NIF3L1,0,0,0,3.843880539,3.84826838,4.017139547,1.839113208,2.240990417,1.851615862,1.950337883,1.853383544,2.731434726,4.750740993,5.048736753,4.864961592,2.843407086,3.632289151,3.873048029,0,1.653127323,1.806054709,1.889360771,3.820496403,4.379321162,4.421358596,4.247927513,0,0,0,0,0,0,0,3.617789703,2.69678497,0,0,0
NIP7,0.996370196,1.533191662,1.401468483,0,0,0.921132385,0,0,0,0,0,0,0,0,0,0,0,0,0,0,0,0,0,0,0,0,0,0,0,0,0,0,0,0,0,0,0,0
NIPBL,0,0,0,0,0,0,0,0,0,0,0,0,0.970922069,0,0,1.61308057,1.53606782,0,0,0,0,0,0,0,0,0,0,0,0,0,0,0,0,0,0,0,0,0
NIPSNAP1,0,0.961347078,2.098758683,0,0,0,0,0,0.90279184,0,0,0,0,0,0,0,0,0,0,0,0,0,0,0,0,0,0,0,0,0,0,0,0,0,0,0,0,0
NIPSNAP2,0,0,2.56684197,0,0,0,0,0,0,0,0,0,0,0,0,0,0,0,0,0,0,0,0,0,0,0,0,0,0,0,0,0,0,0,0,0,0,0
NIPSNAP3A,0,0,0,2.941009732,2.753608502,3.176707196,1.839113208,1.924256156,2.419108186,3.262125066,2.827430592,2.922454862,4.33641615,4.571693667,4.399203272,3.497640075,3.255521121,3.523776826,2.745703037,2.669676924,3.085856525,2.338300494,3.820496403,3.921359802,3.747798963,4.523561956,0,0,0,0,2.053047961,0,3.986902457,4.163037251,5.083269848,0,4.970157178,4.016906216
NISCH,0,0,0,0,0,0,0,0.9499485,0.90279184,0,0,0,0,0,0,1.021139762,0.963485218,1.03574445,0,0,0,0,0.90705003,0.958592587,1.473143559,1.584962501,0,0,0,0,0,0,0,0,0,0,0,0
NIT1,0,1.533191662,2.351701379,1.540237874,0.968891745,1.880020556,1.442864021,1.51783371,2.419108186,2.268893588,3.144111598,2.731434726,0,0,0,0,0.963485218,0,0,1.05142317,0,1.234105921,0,0,0,0,0,0,0,0,0,0,0,0,0,0,0,0
NIT2,2.578907744,2.259576362,2.754024153,2.528836668,2.532736393,2.859016798,2.621946525,2.720458447,4.057818562,3.399011692,3.722048161,3.378779227,1.956160331,2.037874702,2.005425354,2.355604609,2.263052434,2.644053871,2.145448836,2.403347751,0,2.680193992,2.833183695,2.926737964,2.186666421,2.321928095,0,0,0,1.333072201,0,0,0,0,0,0,0,0
NKD1,0.996370196,0.961347078,0,0,0,0,0,0,0,0,0,0,0,0,0,0,0,0,0,0,0,0,0,0,0,0,2.072868086,2.064647663,2.383995806,0,0,0,0,0,0,0,0,0
NKD2,0.996370196,0.961347078,0,0,0,0,0,0,0,0,0,0,0,0,0,0,0,0,0,0,0,0,0,0,0,0,2.072868086,2.064647663,1.931003366,2.013916734,0,0,0,0,0,0,0,0
NLN,0,0,0,0,0,0,1.442864021,1.924256156,2.163087258,0,0,0.956200116,1.546060213,1.618677671,1.589786044,3.623485148,2.935479543,3.649832041,0,0,0,0,4.139873595,4.008505655,3.840157301,4.169925001,0,0,0,0,0,0,0,0,0,0,0,0
NMD3,1.994551864,0.961347078,1.791837015,0,0,0,0,0,0,0.96708259,0.903929473,0,0,0,0,0,0,0,0,0,0,0,0,0,0,0,0,0,0,0,0,0,0,0,0,0,0,0
NME1,1.58012073,0.961347078,0.864613417,3.744673432,4.028337769,4.238176971,4.544844102,4.426243371,4.451035312,2.941892081,3.279702347,3.618510617,4.698352774,4.571693667,4.32879677,4.847850914,4.928392348,4.975215962,0,1.05142317,1.168913826,0,5.335723518,5.618064397,5.259328812,5.584962501,1.380514028,1.373875901,1.931003366,1.333072201,0,0,0,0,2.69678497,2.829306972,3.474430172,2.600000002
NME2,2.316116017,2.740444656,2.56684197,5.457448261,5.330945313,5.595767811,5.89317793,5.830565195,5.660261071,4.842557512,4.851847799,5.270817342,6.151509488,6.115633274,6.051514135,6.467757865,6.301975879,6.545583457,2.972434909,3.260114038,4.20773121,3.563016736,6.809302752,6.671650039,6.700761203,7.022367813,3.408938331,3.77960348,3.439119207,4.017375043,4.314617226,2.069533795,4.234691467,4.72090243,5.938264613,6.711832828,6.935217595,6.676060389
NMNAT1,0,0,0,0,0,0,0,0,0,0,0,0,0,0,0,0,0,0,0,0,0,0,0,0,0,0,0,0,0,0,0,0,0,0,0,0,3.474430172,0
NMT1,3.693731392,3.734726159,4.371589565,1.949586033,1.543333959,1.47881758,2.149649735,2.240990417,1.851615862,0.96708259,1.455392216,0.956200116,0.970922069,2.037874702,1.589786044,1.021139762,1.53606782,1.03574445,0,0,0,0,0,0,0,0,0,0,0,0,0,0,0,0,0,0,0,0
NOC4L,0,0,1.401468483,0,0,0,0,0,0,0,0,0,0,0,0,0,0,0,0,0,0,0,0,0,0,0,0,0,0,0,0,0,0,0,0,0,0,0
NOL11,0.996370196,0.961347078,2.351701379,0.966587184,1.543333959,1.880020556,0,0.9499485,0,0,0.903929473,0,0,0,0,0,0,0,0,0,0,0,0,0,0,0,0,0,0,0,0,0,0,0,0,0,0,0
NOL6,1.994551864,1.941625202,2.351701379,0,0,0,0,0,0,0,0,0,0,0,0,0,0,0,0,0,0,0,0,0,0,0,0,0,0,0,0,0,0,0,0,0,0,0
NOL9,0,0,0,0,0,0,0,0,0,0,0,0,0,0,0,0,0,0,0,0,0,0,0,0,0,0,0,0,0,0,0,0,0,0,2.69678497,0,4.015464754,3.475828426
NOLC1,0,0,0,0,0,0,2.810463839,3.230546315,3.277509632,2.268893588,1.455392216,1.526262086,0,0,0,0,0,0,0,0,0,0,0,0,0,0,0,0,0,0,0,0,0,0,0,0,0,0
NOMO3,0,0,0,0.966587184,0.968891745,0,2.621946525,3.230546315,0,0,0,0,0,0,0,1.021139762,0.963485218,1.03574445,1.098576504,0,0,0,0,0,0,0,0,0,0,0,0,0,0,0,0,0,0,0
NONO,3.315387858,3.628251645,4.12242704,2.749592966,2.532736393,2.451014583,2.621946525,2.240990417,2.825330619,0.96708259,1.455392216,0.956200116,1.956160331,1.025359956,1.003619168,0,0.963485218,1.03574445,1.098576504,1.653127323,1.168913826,1.234105921,0,0,0,0,0,0,0,1.333072201,0,0,0,0,0,0,0,0
NOP10,0,0,0.864613417,0,0,0,0,0,0,0,0.903929473,0,0,0,0,0,0,0,0,0,0,0,0,0,0,0,0,0,0,0,0,0,0,0,2.69678497,0,4.408026318,3.475828426
NOP2,3.163465689,2.931662233,3.326158875,0,0,0,0,0,0,0,0,0,0,0,0,0,0,0,0,0,0,0,0,0,0,0,0,0,0,0,0,0,0,0,0,0,0,0
NOP56,4.315023641,4.013822575,4.188866565,3.109978656,2.945112293,3.176707196,0,0,0,1.540903575,2.164986415,1.526262086,0,0,0,0,0,0,0,0,0,0,0,0,0,0,0,0,0,0,0,0,0,0,0,0,0,0
NOP58,3.315387858,3.388364695,3.902505716,2.749592966,2.945112293,2.669391044,0,0,0.90279184,2.529675346,2.164986415,1.526262086,0,0,0,0,0,0,0,0,0,0,0,0,0,0,0,0,0,0,0,0,0,0,0,0,0,0
NOSTRIN,0,0,0,0,0,0,0,0,0,0,0,0,0,0,0,0,0,0,0,0,0,0,0,0,0,0,0,0,0,0,0,0,0,0,0,0,0,0
NOTCH1,5.314841498,5.245570117,3.979598316,3.398093484,3.527408274,2.193583806,3.126593151,3.491832663,1.851615862,4.184907225,2.827430592,3.724923947,3.646291178,3.367259864,3.328436075,3.207295283,3.104356784,3.232871055,3.985375492,3.901441717,4.390583544,4.877717713,0,0,0,0,6.161059165,6.182387491,6.265970965,6.051667915,5.3905174,5.043305171,4.63044284,5.234485315,0,0,0,0
NOTCH2,0.996370196,0.961347078,0,0.966587184,0,0,0,0,0,0,0,0,0,0,0,0,0,0,0,0,2.246490367,3.18810514,0,0,0,0,2.538745146,2.529815193,1.931003366,2.474606879,0,0,0,0,0,0,0,0
NOTCH3,0,0,0,0,0,0,0,0,0,0,0,0,0,0,0,1.021139762,0,0,1.098576504,0,2.583445471,0,0,0,0,0,1.380514028,1.373875901,1.266997295,1.333072201,0,2.069533795,0,0,0,0,0,0
NPC1,0,0,0,0,0,0,0,0,0,0.96708259,0,0,0,0,0,0,0,0,0,0,0,0,0,0,0,0,3.947899965,4.329116984,3.913226003,3.717549031,5.494973884,4.335216011,5.60102145,5.122197989,3.581002772,0,0,0
NPC2,0,0,0,0,0,0,2.977170172,3.079707418,3.515531724,0,0,0,0,0,0,2.355604609,1.53606782,2.053289965,0,0,0,0,3.150050254,3.246517199,2.85138244,3.321928095,0,0,0,0,0,0,0,0,0,0,0,0
NPEPL1,0.996370196,0,0,2.749592966,2.945112293,2.859016798,3.126593151,3.230546315,3.515531724,3.399011692,3.403637312,3.378779227,4.032231982,4.047190029,4.094267871,3.739228165,3.392338026,3.873048029,2.972434909,2.669676924,2.856411626,3.18810514,2.833183695,3.095469549,3.543195199,3.584962501,0,0,0,0,0,0,1.989531496,4.373878798,2.69678497,3.724066632,4.716298833,4.409490401
NPEPPS,4.241042231,4.247579354,4.533749939,4.74220736,4.746747198,4.750307937,4.997057701,5.258222963,5.01384195,4.328956263,4.71498784,4.721657506,5.466110981,5.541036372,5.498922119,6.107445834,5.993243882,6.023708866,3.633934435,4.182785547,3.613037926,4.215726552,6.132193713,5.983341686,6.079160754,5.977279923,1.380514028,1.373875901,1.931003366,0,0,0,0,1.933211842,0,0,0,0
NPLOC4,2.316116017,2.259576362,3.068269276,3.398093484,2.945112293,3.026589061,3.261982234,3.367096615,3.621272161,3.639070203,3.403637312,3.242104959,1.956160331,2.362292771,3.006327599,1.61308057,0.963485218,1.632427638,1.098576504,2.076463354,2.246490367,1.889360771,0.90705003,1.937434512,0.916958742,1,0,0,0,0,0,0,0,0,0,0,0,0
NPM1,2.578907744,2.931662233,3.068269276,4.841578479,5.330945313,5.622182311,5.486209341,5.732839191,5.475215601,4.258728859,4.394828067,4.558551138,4.33641615,5.002883195,5.094480012,5.362867718,5.249846723,5.354258517,4.574625855,5.098022574,4.831133308,4.106705299,4.340174758,4.918663183,4.693077846,5.426264755,0,0,0,0,0,2.069533795,0,0,2.69678497,3.724066632,5.373641915,0
NPM3,0,0,0,0.966587184,0.968891745,2.193583806,1.839113208,2.240990417,2.419108186,0,0,0,0,0,0,0,0,0,0,0,0,0,0,0,0,0,0,0,0,0,0,0,0,0,0,0,0,0
NPNT,4.947162596,5.011459638,4.679511102,4.458950855,4.583523545,4.017139547,4.544844102,4.70921893,4.131254579,0.96708259,1.455392216,1.526262086,1.546060213,2.037874702,1.003619168,2.620025286,2.935479543,2.378701702,1.098576504,1.653127323,1.168913826,0,0.90705003,1.937434512,1.873574051,0,0,0,0,0,0,0,3.309356743,1.933211842,5.938264613,5.806477144,6.524104321,6.062148952
NPTN,1.58012073,1.533191662,0.864613417,0,0,0,0,0,0,0,0,0,0,0,0,0,0,0,0,0,0,0,0,0,0,0,3.789613418,3.77960348,3.615041015,3.875236924,3.385355532,0,1.989531496,2.7307681,0,0,0,0
NQO1,3.800606572,4.013822575,4.533749939,2.941009732,2.945112293,2.859016798,2.405039482,1.51783371,2.992305255,1.540903575,1.853383544,1.933791208,1.956160331,1.618677671,1.589786044,2.620025286,3.104356784,3.523776826,0,0,0,0,3.989004793,3.623042415,3.840157301,1,2.538745146,3.163224167,3.238727139,2.823248847,0,0,0,0,0,0,0,0
NRAS,1.994551864,1.533191662,1.401468483,0,0,0,0,0,0,0,0,0,0,0,0,0,0,0,0,0,0,0,0,0,0,0,2.89033867,2.88100595,3.238727139,3.103821595,2.053047961,0,0,0,0,0,0,0
NRBP1,0.996370196,0.961347078,0,1.949586033,1.953082406,1.880020556,0.894759661,1.51783371,0.90279184,1.540903575,1.455392216,1.526262086,0.970922069,1.618677671,1.003619168,0,0.963485218,1.03574445,0,0,0,1.234105921,0,0,0,0,0,0,0,0,0,0,0,0,0,0,0,2.600000002
NRCAM,0,0,0,1.949586033,1.543333959,0.921132385,3.882525857,3.991758476,1.851615862,0,0,0,0,0,0,0,0,0,0,0,0,0,0,0,0,0,0,0,0,0,0,0,0,0,0,0,0,0
NRD1,0,0,0,0,0,0,0,0,0,0,0,0,0,0,0,0,0,0,0,0,0,0,0,0,0,0,0,0,0,0,0,0,0,0,0,0,0,0
NRDC,0,0,0,4.257767468,4.463452526,4.094642998,4.041541069,4.225295774,3.141943704,0,0,1.526262086,3.752877906,3.854102726,3.591590723,2.620025286,2.263052434,3.061983348,0,0,0,0,3.000298925,2.735625828,3.428871228,4,0,0,0,0,0,0,0,0,0,0,0,0
NRP1,0,0,0,0,0,0,0,0,0,0,0,0.956200116,2.948722432,3.367259864,3.176352815,3.739228165,2.744180469,4.066310474,3.168326031,3.260114038,3.457776598,2.338300494,2.426542826,2.2550935,3.018820504,3.906890596,1.380514028,0,0,0,2.867824406,0,2.795384697,1.933211842,2.69678497,2.829306972,3.474430172,3.475828426
NRP2,0.996370196,1.533191662,0.864613417,4.023911454,3.84826838,3.756000002,5.035364569,4.901393789,4.20113292,0,0,0,0.970922069,1.618677671,1.003619168,1.61308057,1.944875303,2.053289965,0,0,0,0,1.459649025,0.958592587,0.916958742,3.169925001,0,0,0,0,0,0,0,0,0,0,0,0
NRXN3,0,0,0,0,0,0,0,0.9499485,0,0,0,0,0,0,0,1.021139762,1.53606782,1.03574445,2.145448836,2.076463354,2.583445471,2.680193992,0,0,0,0,0,0,0,0,0,0,0,0,0,0,0,0
NSDHL,0,0,0,0,0,0,0,0,0,0.96708259,0,0,0,0,0,0,0,0,0,0,0,0,0,0,0,0,1.380514028,2.529815193,1.931003366,2.474606879,0,0,0,2.7307681,0,0,0,0
NSF,2.578907744,2.259576362,2.754024153,0,0.968891745,0.921132385,0,0,0,2.750456577,2.827430592,2.731434726,0.970922069,0,0,0,0,0,0,0,0,0,0,0,0,0,0,0,0,0,0,0,0,0,0,0,0,0
NSFL1C,0,0,0.864613417,3.63813725,3.402362581,4.168194276,2.621946525,3.367096615,2.163087258,0,0,0.956200116,0,1.025359956,1.003619168,0,0.963485218,0,0,0,0,0,1.459649025,2.735625828,1.873574051,1,0,0,0,0,0,0,0,0,0,0,0,0
NSUN2,2.801126798,2.519953374,2.754024153,0,0,0,0,0,0,2.529675346,2.638521785,1.933791208,0,1.025359956,1.003619168,0,0,0,0,1.05142317,0,1.234105921,0,0,0,0,0,0,0,0,0,0,0,0,0,0,0,0
NT5C,2.578907744,2.740444656,2.351701379,0,0,1.47881758,2.810463839,2.911236342,3.141943704,2.529675346,2.421096055,2.251195448,0,0,0,1.61308057,2.263052434,2.053289965,0,1.653127323,0,1.234105921,0,0,0,0,0,0,0,0,0,0,0,0,0,0,0,0
NT5C2,0.996370196,0.961347078,0.864613417,3.744673432,3.402362581,3.935234957,2.977170172,3.079707418,2.992305255,0.96708259,0.903929473,0.956200116,3.646291178,3.505214095,3.466005187,1.021139762,0.963485218,1.03574445,1.098576504,2.076463354,1.168913826,1.234105921,0,0.958592587,0.916958742,1,0,0,0,0,0,0,0,0,0,0,2.598717113,0
NT5DC1,0,0,0,0,0,0,2.810463839,2.500551849,3.401423861,0,0,0,0,0,0,2.620025286,1.944875303,2.868099561,0,0,0,0,2.833183695,2.735625828,2.661928568,2.321928095,0,0,0,0,0,0,0,0,0,0,0,0
NT5E,5.419165449,5.281144986,4.371589565,1.540237874,1.543333959,0.921132385,0,0,0,4.107103517,1.853383544,3.503618698,0,0,0,0,0,0,2.145448836,2.076463354,1.806054709,2.9563868,0.90705003,0,0,0,6.554733879,6.544055986,6.48568277,6.375853477,6.528957465,4.086405932,5.686734793,5.435817649,0,0,0,0
NTN4,0,0.961347078,0,1.540237874,1.543333959,0,0,0.9499485,0,0,0,0,0,0,0,0,0,0,0,0,0,0,0,0,0,0,0,0,0,0,0,0,1.989531496,0,2.69678497,3.724066632,4.015464754,2.600000002
NTRK2,0,0.961347078,0,0,0,0,0,0,1.453839514,0,0,0,0,0,0,0,0.963485218,0,0,0,0,0,2.170190716,2.2550935,1.873574051,2.584962501,0,0,0,0,0,0,0,0,0,0,0,0
NUCB1,2.316116017,1.941625202,1.401468483,3.63813725,3.527408274,3.848399125,5.850844613,5.782529511,5.609767767,0,3.403637312,3.824024523,1.956160331,1.618677671,1.003619168,2.031594606,2.523580768,2.644053871,0,1.05142317,0,0,2.170190716,3.729484261,3.304702086,0,2.538745146,2.064647663,2.383995806,2.823248847,0,0,0,0,0,0,0,0
NUCB2,0,0,0,0,0,0,2.405039482,3.079707418,2.419108186,0,0,0,0,0,0,0,0,0,0,0,0,0,0,0.958592587,0,0,1.380514028,1.373875901,1.266997295,1.333072201,0,0,0,0,0,0,0,0
NUCKS1,0,0,0,0,0,0,0,0.9499485,0.90279184,0,0,0.956200116,0.970922069,1.025359956,1.589786044,1.021139762,1.53606782,1.632427638,0,0,0,0,0,1.529484238,0.916958742,0,0,0,0,0,0,0,0,0,0,0,0,0
NUDC,0.996370196,0.961347078,0.864613417,0.966587184,1.953082406,2.451014583,3.126593151,3.367096615,3.141943704,0.96708259,1.853383544,2.511206051,2.275117866,2.037874702,2.327714414,4.039386317,3.930758617,3.873048029,1.098576504,1.653127323,1.806054709,1.234105921,2.833183695,3.508117252,3.428871228,3.700439718,0,0,0,0,0,0,0,0,0,0,0,0
NUDCD1,2.316116017,2.259576362,3.068269276,2.749592966,2.945112293,3.312666648,2.621946525,2.720458447,3.141943704,0.96708259,1.853383544,1.933791208,1.546060213,2.037874702,2.005425354,1.021139762,1.944875303,2.053289965,0,0,0,0,0.90705003,1.937434512,1.473143559,1.584962501,0,0,0,0,0,0,0,0,0,0,0,0
NUDT14,0,0,0,0,0,0,1.442864021,0.9499485,1.851615862,0,0,0,0,0,0,2.031594606,1.944875303,1.632427638,0,0,0,0,0.90705003,1.937434512,1.473143559,0,0,0,0,0,0,0,0,0,0,0,0,0
NUDT16,0,0,0,0,0,0,0,0,0,0,0,0,0,0,0,0,0,0,0,0,0,0,0,0,0,0,0,0,0,0,0,0,0,0,0,0,0,0
NUDT16L1,0,0,1.401468483,0,0,0,0,0,0,0,0,0,0,0,0,0,0,0,0,0,0,0,0,0,0,0,0,0,0,0,0,0,0,0,0,0,0,0
NUDT19,0,0,0,0,0,0,0,0.9499485,1.851615862,0,0,0,0,0,0,0,0,0,0,0,0,0,0,0,0,0,0,0,0,0,0,0,0,0,0,0,0,0
NUDT2,0.996370196,0.961347078,1.401468483,0.966587184,0.968891745,0.921132385,0.894759661,0.9499485,0.90279184,0.96708259,0.903929473,0.956200116,0,0,0,0,0,0,0,0,0,0,0,0,0,0,0,0,0,0,0,0,0,0,0,0,0,0
NUDT21,0.996370196,0.961347078,1.401468483,3.261216432,3.114149002,3.43690954,4.041541069,3.606636986,3.812006199,1.540903575,1.455392216,1.933791208,1.956160331,1.025359956,1.589786044,2.355604609,2.263052434,1.632427638,0,1.05142317,0,0,1.858228386,2.2550935,2.186666421,1,0,0,0,0,0,0,0,0,0,0,0,0
NUDT4,0,0,0,0,0,0,0,0,0,1.540903575,1.455392216,1.526262086,0,1.025359956,1.589786044,0,0,0,0,0,0,0,0,0,0,0,0,0,0,0,0,0,0,0,0,0,0,0
NUDT5,0,0,0,0.966587184,0.968891745,1.880020556,3.703787505,3.491832663,4.131254579,3.1108756,3.144111598,2.511206051,1.546060213,1.618677671,2.005425354,2.843407086,2.935479543,3.061983348,1.098576504,1.653127323,1.806054709,2.680193992,3.000298925,4.008505655,3.168830955,3.321928095,0,0,0,0,0,0,0,0,0,0,0,0
NUMA1,0,0.961347078,0,3.523102099,3.84826838,4.488413743,5.692056292,5.922089275,5.660261071,1.950337883,3.279702347,4.61499383,3.646291178,4.047190029,3.591590723,6.363385115,6.116886202,5.976366067,7.408814389,7.208893245,7.498035325,6.678447184,0.90705003,1.529484238,0,1,0,0,0,0,0,0,0,0,0,0,0,0
NUMB,0,0,0,0,0,0,0,0,0,0,0,0,0,0,0,0,0,0,0,0,0,0,0,0,0,0,1.380514028,1.373875901,1.931003366,1.333072201,0,0,0,0,0,0,0,0
NUP107,1.58012073,0.961347078,3.734739458,0.966587184,0.968891745,2.451014583,0,0,0,0,0,0,0,0,0,0,0,0,0,0,0,0,0,0,0,0,0,0,0,0,0,0,0,0,0,0,0,0
NUP133,2.801126798,2.519953374,4.188866565,2.268089723,2.271827737,2.669391044,0,0.9499485,1.453839514,0,0,0,0,0,0,0,0,0,0,0,0,0,0,0,0,0,0,0,0,0,0,0,0,0,0,0,0,0
NUP155,2.316116017,2.259576362,3.544865169,1.949586033,0.968891745,2.451014583,0.894759661,0.9499485,2.163087258,0.96708259,0,0,0,0,0,0,0,0,0,0,0,0,0,0,0,0,0,0,0,0,0,0,0,0,0,0,0,0
NUP160,3.800606572,3.100475979,4.533749939,1.540237874,0,0.921132385,0,0,0,0,0,0,0,0,0,0,0.963485218,0,0,0,0,0,0,0,0,0,0,0,0,0,0,0,0,0,0,0,0,0
NUP188,0.996370196,1.941625202,3.734739458,1.949586033,1.543333959,1.880020556,0,0,0,0,0,0,0,0,0,0,0,0,0,0,0,0,0,0,0,0,0,0,0,0,0,0,0,0,0,0,0,0
NUP205,3.993186609,3.513288396,5.148762131,2.749592966,1.953082406,2.193583806,0,0,0,0.96708259,0,0,0,0,0,0,0,0,0,0,0,0,0,0,0,0,0,0,0,0,0,0,0,0,0,0,0,0
NUP210,0.996370196,0.961347078,0,1.540237874,0.968891745,0.921132385,0.894759661,0.9499485,0,0,0,0,0,1.025359956,1.589786044,1.021139762,0.963485218,0,1.098576504,1.05142317,1.806054709,0,0,0,0,0,0,0,0,0,0,0,0,0,0,0,0,0
NUP214,0,0,0,0,0,0,1.442864021,1.51783371,2.163087258,0.96708259,0,0,0,0,0,1.021139762,0,0,0,0,0,0,0.90705003,0,0,0,0,0,0,0,0,0,0,0,0,0,0,0
NUP37,1.994551864,2.259576362,2.754024153,1.540237874,0.968891745,1.47881758,0.894759661,0.9499485,2.163087258,0,0.903929473,0,0,0,0,0,0,0,0,0,0,0,0,0,0,0,0,0,0,0,0,0,0,0,0,0,0,0
NUP43,0,0.961347078,1.791837015,0,0,0,0,0,0,0,0,0,0,0,0,0,0,0,0,0,0,0,0,0,0,0,0,0,0,0,0,0,0,0,0,0,0,0
NUP54,1.58012073,1.533191662,2.098758683,1.540237874,1.543333959,2.193583806,1.442864021,1.924256156,2.636470024,0,0.903929473,0,0,0,0,0,0,0,0,0,0,0,0,0,0,0,0,0,0,0,0,0,0,0,0,0,0,0
NUP58,0,0,0,0,0,0.921132385,1.442864021,1.51783371,1.851615862,0,0,0,0,0,0,0,0,0,0,0,0,0,0,0,0,0,0,0,0,0,0,0,0,0,0,0,0,0
NUP62,0,0,0,0.966587184,0.968891745,1.47881758,0,1.51783371,1.851615862,0,0,0,0,0,0,0,0,0,0,0,0,0,0,0,0,0,0,0,0,0,0,0,0,0,0,0,0,0
NUP85,3.163465689,3.100475979,3.642923751,2.268089723,1.953082406,1.880020556,0,0,0,0,1.455392216,0,0,0,0,0,0,0,0,0,0,0,0,0,0,0,0,0,0,0,0,0,0,0,0,0,0,0
NUP88,0.996370196,1.533191662,2.351701379,1.540237874,1.543333959,1.880020556,2.149649735,0.9499485,2.163087258,0,0,0,0,0,0,0,0,0,0,0,0,0,0,0,0,0,0,0,0,0,0,0,0,0,0,0,0,0
NUP93,0,0,2.919685889,0,0,1.47881758,0,0,0,0,0,0,0,0,0,0,0,0,0,0,0,0,0,0,0,0,0,0,0,0,0,0,0,0,0,0,0,0
NUP98,2.801126798,2.519953374,3.902505716,1.949586033,0.968891745,0.921132385,0,0,0,0,0,0,0,0,0,0,0,0,0,0,0,0,0,0,0,0,0,0,0,0,0,0,0,0,0,0,0,0
NUPL1,0,0,0,0,0,0,0,0,0,0,0,0,0,0,0,0,0,0,0,0,0,0,0,0,0,0,0,0,0,0,0,0,0,0,0,0,0,0
NUTF2,0.996370196,0,2.098758683,0,0.968891745,0.921132385,1.442864021,1.924256156,2.419108186,0,0,0,0,0,0,2.031594606,2.523580768,1.632427638,0,0,0,0,2.170190716,2.926737964,2.661928568,3,0,0,0,0,0,0,0,0,0,0,0,0
NXF1,0.996370196,0.961347078,2.098758683,0.966587184,0.968891745,0.921132385,0.894759661,0.9499485,0.90279184,0.96708259,0.903929473,0.956200116,0,0,0,0,0,0,0,1.05142317,1.168913826,1.234105921,0,0,0,0,0,0,0,0,0,0,0,0,0,0,0,0
OAF,0,0,0,0,0,0,1.442864021,2.240990417,0.90279184,0,0,0,0,0,0,0,0,0,0,0,0,0,0,0,0,0,0,0,0,0,0,0,0,0,0,0,0,0
OARD1,0,0,1.401468483,0,0,0,0,0,0,0,0,0,0,0,0,0,0,0,0,0,0,0,0,0,0,0,0,0,0,0,0,0,0,0,0,0,0,0
OAS3,1.994551864,2.931662233,0.864613417,0.966587184,0,0,0,0,0,0.96708259,0,0,0,0,0,0,0,0,0,0,0,0,0,0,0,0,0,0,0,0,0,0,0,0,0,0,0,0
OCLN,0,0,0,0,0,0,0,0,0,0,0,0,0,0,0,0,0,0,0,0,0,0,0,0,0,0,2.89033867,3.163224167,3.238727139,2.474606879,2.867824406,0,1.989531496,0,0,0,0,0
OGA,0,0,0,0.966587184,0,0,0,0,0,0.96708259,2.164986415,0.956200116,0.970922069,0,0,0,0,0,0,1.653127323,0,0,0,0,0,0,0,0,0,0,0,0,0,0,0,0,0,0
OGDH,0,0,0,0,0,0,0,0,0,0,0,0,1.956160331,2.362292771,2.590989414,0,0,0,0,0,0,0,0,0,0,0,0,0,0,0,0,0,0,0,0,0,0,0
OGFOD1,0,0,0,0.966587184,0,0,1.839113208,1.51783371,1.453839514,0.96708259,1.455392216,0.956200116,0,0,0,0,0,0,0,0,0,0,0,0,0,0,0,0,0,0,0,0,0,0,0,0,0,0
OGT,0,1.533191662,2.351701379,0,0,0,0,0,0,0,0,0,0,0,0,0,0,0,0,0,0,0,0,0,0,0,0,0,0,0,0,0,0,0,0,0,0,0
OLA1,3.163465689,3.100475979,3.326158875,3.109978656,3.265441068,3.551296021,4.788597165,4.759715303,4.663973997,1.540903575,1.853383544,2.251195448,2.757142261,2.362292771,2.590989414,4.209599094,3.930758617,4.236715467,0,1.05142317,1.168913826,1.234105921,4.139873595,4.168436296,4.479950965,3.321928095,1.380514028,2.064647663,1.266997295,1.333072201,2.053047961,0,0,0,0,0,0,0
OLFM4,3.693731392,3.734726159,3.734739458,4.257767468,4.188405325,4.701594989,1.839113208,1.924256156,2.419108186,4.690806462,3.90096226,4.438575266,5.190750712,5.178152269,5.051404862,2.355604609,1.944875303,2.868099561,4.350805562,4.094962341,4.20773121,4.80977991,1.459649025,1.937434512,1.873574051,3.169925001,1.380514028,1.373875901,0,0,6.624164497,8.367823321,7.36114907,6.998387516,6.061833523,3.724066632,4.015464754,3.475828426
OPA1,2.578907744,1.941625202,3.439652425,2.941009732,3.114149002,3.176707196,2.405039482,2.720458447,3.515531724,1.950337883,1.853383544,0.956200116,0,0,0,0,0,0,0,0,0,0,0,0,0,0,0,0,0,0,0,0,0,0,0,0,0,0
OPLAH,0.996370196,1.533191662,2.754024153,4.327992353,4.262237099,4.429804965,2.149649735,1.51783371,1.851615862,4.328956263,4.615957622,4.307709643,2.275117866,2.362292771,2.590989414,0,0,0,2.476571387,3.901441717,2.246490367,3.988767131,0,0,0,0,0,0,0,0,0,0,0,0,0,0,0,0
ORC2,0,0,0,0,0,0,0,0,0,0,0,0,0,0,0,0,0,0,0,0,0,0,0,0,0,0,0,0,0,0,0,0,0,0,0,0,0,0
OSBP,0,0,0.864613417,0,0,2.193583806,2.149649735,2.911236342,3.515531724,0,0,0,2.948722432,2.626984775,2.813553664,0,0,1.03574445,0,0,0,0,0,0,0,1,0,0,0,0,0,0,0,0,0,0,0,0
OSGEP,0.996370196,1.533191662,2.919685889,0.966587184,0,1.47881758,1.839113208,0.9499485,2.163087258,0.96708259,1.853383544,1.526262086,1.546060213,1.025359956,0,0,0,0,0,0,0,0,0.90705003,0,0,0,0,0,0,0,0,0,0,0,0,0,0,0
OSTF1,0,0,0,0,0,0,0,0,0,0,0,0,0,0,0,0,0,0,0,0,0,0,0,0,0,0,0,0,0,0,0,0,0,0,0,0,0,0
OTUB1,2.801126798,2.931662233,3.068269276,2.941009732,2.753608502,2.669391044,3.385748712,3.491832663,4.057818562,2.941892081,3.144111598,2.731434726,2.757142261,2.626984775,2.327714414,2.843407086,2.935479543,2.868099561,2.476571387,2.403347751,3.283768429,3.387705307,2.644143159,3.508117252,3.304702086,1,2.89033867,2.529815193,2.728226634,2.013916734,0,0,0,0,0,0,0,0
OTULIN,0,0.961347078,0.864613417,0,0,0,0,0,0,0.96708259,1.455392216,0,0,0,0,0,0,0,0,0,0,0,0,0,0,0,0,0,0,0,0,0,0,0,0,0,0,0
OVAL_CHICK,0,0,0,0,0,0,0,0,0,0,0,0,0,0,0,0,0,0,0,0,0,0,0,0,0,0,0,0,0,0,0,0,0,0,0,0,0,0
OXSM,0,0,0,0,0,0,0,0,0.90279184,3.399011692,3.517762757,2.511206051,0.970922069,1.618677671,1.589786044,1.021139762,0.963485218,1.03574445,1.098576504,1.653127323,1.168913826,0,0,0,0,0,0,0,0,0,0,0,0,0,0,0,0,0
OXSR1,0.996370196,0.961347078,1.791837015,1.540237874,1.543333959,1.47881758,0,0,0.90279184,1.950337883,2.164986415,1.526262086,0.970922069,1.618677671,1.589786044,0,0,0,1.098576504,1.05142317,2.246490367,1.889360771,1.459649025,0.958592587,0,0,2.072868086,3.163224167,2.383995806,2.474606879,0,0,0,0,0,0,0,0
P2RX4,0,0,0,0,0,0,0,0,0,0.96708259,0,0.956200116,0,0,0,0,0,0,0,0,0,0,0,0,0,0,2.538745146,3.399164795,3.005940259,3.103821595,4.06601068,4.335216011,4.63044284,3.916020257,4.519429818,0,0,0
P2RY2,0,0,0,0,0,0,0,0,0,0,0,0,0,0,0,0,0,0,0,0,0,0,0,0,0,0,1.380514028,1.373875901,2.383995806,1.333072201,0,0,0,0,0,0,0,0
P4HA1,0,0,0,0,0,0,0,0,0,3.262125066,3.144111598,3.242104959,3.531197087,3.631120459,3.328436075,4.432320331,4.100158116,4.526919969,3.985375492,4.001444414,3.613037926,2.338300494,2.426542826,3.383238525,3.428871228,3.169925001,0,0,0,0,0,0,0,0,0,0,0,0
P4HB,3.163465689,2.931662233,2.754024153,4.579004779,4.694364685,4.843060841,6.243347482,5.830565195,5.583842559,5.865250905,6.125595027,6.287173425,6.496472643,6.335050365,6.255061907,7.170961721,7.385885037,6.988918166,6.397881752,6.607797859,6.122326803,5.711205723,6.751882512,6.799337721,6.885492259,6.339850003,3.408938331,3.77960348,3.771823672,4.017375043,4.711414598,2.069533795,4.446094835,3.916020257,2.69678497,2.829306972,3.474430172,0
PA2G4,3.900107558,4.013822575,4.188866565,4.39495704,4.262237099,4.843060841,5.37110945,5.110402212,5.503148697,4.690806462,5.016210978,4.669311198,4.114498637,4.507465521,4.46633308,3.739228165,3.837964422,4.066310474,3.87746897,4.182785547,3.085856525,3.563016736,1.858228386,2.735625828,2.661928568,1,0,0,0,0,0,0,0,0,0,0,0,0
PABPC1,1.994551864,2.519953374,2.919685889,4.520226243,4.262237099,4.843060841,4.695977305,4.70921893,4.561429755,2.529675346,2.638521785,3.724923947,4.528704944,4.906557819,4.913879483,4.684174691,4.629378472,4.711721257,5.229813011,5.004709356,5.265013232,2.338300494,4.40120489,4.312393749,4.642674584,3.321928095,0,1.373875901,0,0,0,0,0,0,0,0,0,0
PABPC4,0,0,0,1.540237874,2.532736393,2.669391044,1.839113208,1.51783371,0,0,0,0,2.757142261,2.626984775,2.590989414,1.61308057,1.53606782,2.378701702,1.714955817,1.05142317,2.246490367,0,0.90705003,0,1.473143559,0,0,0,0,0,0,0,0,0,0,0,0,0
PACC1,0,0,0,0,0,0,0,0,0,0,0,0,0,0,0,0,0,0,0,0,0,0,0,0,0,0,1.380514028,0,1.931003366,0,0,0,0,0,0,0,0,0
PACSIN2,1.994551864,1.533191662,1.791837015,1.540237874,1.543333959,2.193583806,2.810463839,2.500551849,2.825330619,2.750456577,0.903929473,1.933791208,1.956160331,2.037874702,2.005425354,0,0.963485218,1.632427638,1.098576504,1.653127323,1.806054709,1.234105921,0,0,0,0,3.172816473,3.163224167,3.005940259,3.103821595,0,0,0,0,0,0,2.598717113,0
PACSIN3,0.996370196,0.961347078,0,0,0,0,0.894759661,0.9499485,0.90279184,0,0,0,0,0,0,0,0,0,0,0,0,0,0,0,0,0,2.072868086,2.529815193,2.383995806,2.823248847,0,0,0,0,0,0,0,0
PAFAH1B1,1.994551864,2.519953374,2.351701379,2.941009732,2.753608502,3.312666648,2.977170172,3.079707418,3.141943704,2.750456577,2.9944429,2.251195448,1.956160331,2.626984775,2.005425354,1.021139762,0,1.632427638,1.714955817,2.076463354,2.246490367,2.338300494,0,0,0.916958742,0,0,0,0,0,0,0,0,0,0,0,0,0
PAFAH1B2,0.996370196,0.961347078,2.098758683,2.528836668,1.543333959,1.880020556,2.149649735,2.500551849,3.401423861,0.96708259,2.421096055,2.511206051,0,0,0,1.021139762,1.53606782,1.03574445,0,0,0,1.889360771,1.858228386,2.735625828,2.443780137,0,0,1.373875901,1.266997295,0,0,0,0,0,0,0,0,0
PAFAH1B3,1.994551864,1.533191662,2.098758683,1.540237874,1.953082406,2.669391044,3.261982234,3.491832663,3.621272161,1.950337883,1.853383544,1.933791208,1.546060213,1.025359956,1.003619168,2.355604609,3.255521121,3.232871055,1.098576504,1.05142317,1.168913826,1.234105921,2.426542826,3.246517199,3.018820504,0,2.072868086,1.373875901,1.931003366,1.333072201,0,0,0,0,0,0,0,0
PAICS,3.993186609,4.013822575,4.052779486,5.518786163,5.523399232,5.267956809,4.434508325,4.602593015,4.613612767,4.521196453,4.333811653,4.438575266,5.670297447,5.663982828,5.561664694,4.499524191,4.321949729,4.711721257,5.355796942,5.34643269,5.598129777,4.94259963,3.629670641,3.828609566,3.747798963,4.857980995,3.789613418,3.601888181,3.771823672,3.717549031,0,0,3.687544579,2.7307681,0,2.829306972,2.598717113,2.600000002
PAIP1,0,0,0,1.540237874,1.953082406,1.880020556,2.977170172,2.911236342,2.419108186,1.950337883,1.853383544,2.251195448,2.275117866,1.618677671,1.589786044,3.036793753,3.255521121,3.385643851,0,1.653127323,0,1.889360771,3.000298925,3.095469549,3.168830955,1,0,0,0,0,0,0,0,0,0,0,0,0
PAK1,0,0,0,0,0.968891745,0.921132385,1.442864021,1.51783371,1.453839514,1.540903575,1.455392216,0.956200116,1.546060213,1.025359956,1.003619168,1.61308057,2.263052434,1.632427638,0,1.05142317,0,0,0,1.529484238,1.473143559,0,0,0,0,0,0,0,0,0,0,0,0,0
PAK1IP1,0.996370196,0.961347078,2.098758683,0,0,0,0,0,0,0,0,0,0,0,0,0,0,0,0,0,0,0,0,0,0,0,0,0,0,0,0,0,0,0,0,0,0,0
PAK2,0,0,0.864613417,0.966587184,0.968891745,0,0.894759661,0.9499485,0,1.540903575,2.421096055,1.933791208,1.956160331,1.618677671,1.589786044,2.355604609,1.944875303,2.053289965,0,0,0,0,0,0,0,0,0,1.373875901,1.266997295,1.333072201,0,0,0,0,0,0,0,0
PAK4,0,0.961347078,0,0,0,0,0,0,0,0,0,0,0,0,0,0,0,0,0,0,0,0,0,0,0,0,3.172816473,3.77960348,3.439119207,2.823248847,0,0,0,0,0,0,0,0
PALD,0,0,0,0,0,0,0,0,0,0,0,0,0,0,0,0,0,0,0,0,0,0,0,0,0,0,0,0,0,0,0,0,0,0,0,0,0,0
PALD1,0.996370196,0.961347078,1.401468483,1.540237874,1.543333959,2.193583806,0.894759661,0.9499485,0.90279184,3.1108756,2.827430592,3.378779227,2.275117866,2.850560031,2.813553664,1.61308057,0,0,1.714955817,1.653127323,1.168913826,1.889360771,0.90705003,0,0,0,0,0,0,1.333072201,0,0,0,0,0,0,0,0
PAM,0,0,0,0,1.543333959,0,3.882525857,3.991758476,2.163087258,0,0,2.251195448,2.275117866,2.362292771,2.327714414,4.361832367,4.388900024,4.236715467,0,0,0,0,4.85831084,4.619725645,4.536256295,5,0,0,0,0,0,0,0,1.933211842,0,0,0,0
PAPOLA,0,0,0,0,0,0,1.442864021,1.51783371,2.163087258,0,0,0,0,0,0,0,0,0,0,0,0,0,0,0,0,0,0,0,0,0,0,0,0,0,0,0,0,0
PAPSS1,3.315387858,2.931662233,3.544865169,2.941009732,3.114149002,2.451014583,2.621946525,2.240990417,2.163087258,2.750456577,2.638521785,2.511206051,1.546060213,1.618677671,1.589786044,0,0,0,0,2.076463354,0,0,0,0,0,0,0,0,0,0,0,0,0,0,0,0,0,0
PAPSS2,2.993641837,2.740444656,4.12242704,0.966587184,1.953082406,1.880020556,0.894759661,0.9499485,1.453839514,1.950337883,1.853383544,0,0,0,0,0,0,0,0,0,0,1.234105921,0.90705003,0,0,0,0,0,0,0,0,0,0,0,0,0,0,0
PARD3,0,0,0,0,0,0,0,0,0.90279184,0,0,0,0,0,0,0,0,0,0,0,0,0,0,0,0,0,2.89033867,2.064647663,2.728226634,2.474606879,0,0,0,0,0,0,0,0
PARF,0,0,0,0,0,0,0,0,0,0,0,0,0,0,0,0,0,0,0,0,0,0,0,0,0,0,0,0,0,0,0,0,0,0,0,0,0,0
PARK7,0,0.961347078,0.864613417,1.540237874,1.543333959,3.312666648,4.490730752,4.225295774,4.267782425,0.96708259,2.827430592,2.922454862,1.546060213,0,0,4.499524191,4.514144036,4.389102439,0,0,0,0,4.459757716,4.379321162,4.229789149,4.247927513,2.538745146,2.88100595,2.383995806,2.013916734,0,0,0,0,0,0,0,0
PARP1,0.996370196,0.961347078,2.56684197,1.540237874,2.532736393,3.756000002,3.385748712,3.491832663,3.980443085,0.96708259,1.455392216,0.956200116,1.956160331,2.037874702,1.589786044,0,0,0,0,0,0,0,0.90705003,0.958592587,1.473143559,1.584962501,0,0,0,0,0,0,0,0,0,0,0,0
PARP4,5.314841498,5.446941697,3.326158875,0,0,0,0,0,0,5.662602554,4.936368817,5.613232216,0,0,0,0,0,0,4.706614804,5.307888988,4.552845745,5.229341445,0,0,0,0,0,0,0,0,0,2.886554086,6.905004335,6.998387516,3.581002772,0,4.716298833,4.717776833
PARP9,0.996370196,1.533191662,0,0,0,0,0,0,0,0,0,0,0,0,0,0,0,0,0,0,0,0,0,0,0,0,0,0,0,0,0,0,0,0,0,0,0,0
PARVA,0,0,0,0,0,0,0,0,0,0,0,0,0,0,0,0,0,0,0,0,0,0,0,0,0,0,0,0,0,0,0,0,0,0,0,0,0,0
PATJ,0,0,0,0,0,0,0,0,0,0,0,0,0,0,0,0,0,0,0,0,0,0,0,0,0,0,0,0,1.931003366,1.333072201,0,0,0,0,0,0,0,0
PAXX,0,0,0,0,0,0,0,1.51783371,0.90279184,0,0,0,0,0,0,0,0,0,0,0,0,0,0.90705003,0.958592587,0.916958742,0,0,0,0,0,0,0,0,0,0,0,0,0
PBDC1,1.994551864,0.961347078,0.864613417,0.966587184,0,1.47881758,0.894759661,2.500551849,2.419108186,0,0.903929473,0.956200116,0,0,0,1.021139762,1.53606782,1.03574445,0,0,0,0,2.170190716,2.5152748,1.473143559,0,0,0,0,0,0,0,0,0,0,0,0,0
PCBD1,0,0,0,0.966587184,0.968891745,0.921132385,2.149649735,2.720458447,2.419108186,0,0,0.956200116,0.970922069,1.025359956,1.003619168,2.031594606,2.523580768,2.053289965,0,0,0,0,2.833183695,2.2550935,2.443780137,3,0,0,0,0,0,0,0,0,0,0,0,0
PCBP1,3.315387858,3.251589451,3.202968816,3.744673432,3.64247482,3.43690954,3.795922944,4.362321027,4.20113292,4.184907225,4.060116522,3.916753108,2.757142261,3.044091598,3.006327599,2.620025286,2.744180469,3.385643851,2.745703037,3.260114038,2.856411626,2.9563868,3.000298925,3.508117252,3.428871228,1,3.172816473,3.601888181,3.238727139,3.338612139,0,0,0,0,0,0,0,0
PCBP2,2.578907744,2.519953374,2.351701379,2.749592966,2.753608502,2.669391044,2.405039482,2.500551849,2.825330619,2.750456577,3.144111598,2.731434726,1.546060213,2.037874702,2.327714414,2.031594606,0.963485218,2.378701702,1.098576504,2.669676924,0,1.889360771,0,1.529484238,0.916958742,0,1.380514028,1.373875901,1.266997295,1.333072201,0,0,0,0,0,0,0,0
PCCA,0,0,0,1.540237874,0.968891745,0.921132385,0,0,0,3.524028291,2.827430592,3.091114753,3.752877906,3.746915315,4.094267871,0,0,0,3.87746897,3.413209566,2.856411626,1.234105921,0,0,0,0,0,0,0,0,0,0,0,0,0,0,0,0
PCCB,0,0,0,0.966587184,1.543333959,1.47881758,0,0,0,4.024863517,2.827430592,3.618510617,4.467412843,4.507465521,4.46633308,0,0,0,4.350805562,3.677881073,3.998293229,0,0,0,0,0,0,0,0,0,0,0,0,0,0,0,0,0
PCDH1,1.58012073,1.533191662,0,0,0,0,1.442864021,2.500551849,0.90279184,0,0.903929473,1.526262086,0,0,0,1.021139762,0.963485218,1.03574445,1.098576504,1.05142317,0,0,0,1.529484238,1.473143559,0,2.538745146,2.064647663,2.728226634,2.474606879,3.385355532,0,0,0,0,0,0,0
PCDH19,1.994551864,2.259576362,0,3.398093484,3.402362581,0.921132385,4.434508325,4.073877018,2.163087258,0,0,0,0,0,0,0,0,0,0,0,0,0,0,0,0,0,0,0,0,0,0,0,0,0,0,0,0,0
PCID2,3.163465689,3.100475979,3.202968816,2.528836668,2.532736393,0.921132385,1.442864021,1.51783371,2.636470024,1.950337883,2.827430592,2.251195448,0,0,0,0,0,0,0,0,0,1.234105921,0,0,0,0,0,0,0,0,0,0,0,0,0,0,0,0
PCK1,0,0,0,0,0,0,0,0,0,0.96708259,2.164986415,0.956200116,0,0,0,0,0,0,0,0,0,0,0,0,0,0,0,0,0,0,0,0,0,0,0,0,0,0
PCK2,0.996370196,1.941625202,4.052779486,0,0,0.921132385,0,0,0,3.639070203,3.814276912,3.091114753,0.970922069,1.025359956,1.003619168,0,0,0,1.098576504,2.403347751,1.806054709,3.563016736,0,0,0,0,0,0,0,0,0,0,0,0,0,0,0,0
PCMT1,0,0,0,0.966587184,0.968891745,0,1.839113208,1.51783371,1.851615862,0,0,0,0,0,0,0,0,0,0,0,0,0,0.90705003,1.529484238,1.473143559,0,0,0,0,0,0,0,0,0,0,0,0,0
PCNA,3.578300868,3.734726159,3.642923751,4.023911454,4.028337769,3.848399125,3.795922944,3.904682107,4.20113292,3.639070203,3.517762757,3.618510617,2.757142261,2.850560031,3.328436075,2.031594606,1.944875303,2.053289965,0,3.08882233,1.168913826,1.889360771,0,1.937434512,0.916958742,0,0,0,0,0,0,0,0,0,0,0,0,0
PCOLCE2,2.578907744,2.931662233,0.864613417,2.749592966,2.945112293,0,2.810463839,3.079707418,0.90279184,0,0,0,0,0,0,0,0,0,0,0,0,0,0,0,0,0,0,0,0,0,0,0,0,0,0,0,0,0
PCSK5,2.316116017,2.740444656,1.401468483,2.941009732,2.753608502,1.880020556,2.149649735,1.924256156,0.90279184,0,0,0,0,0,0,0,0,0,0,0,0,0,0,0,0,1,0,0,0,0,0,0,0,0,0,0,0,0
PCSK6,2.316116017,2.259576362,1.791837015,1.540237874,1.543333959,1.47881758,1.442864021,0.9499485,0,0,0,0,0,0,0,0,0,0,0,0,0,0,0,0,0,0,0,0,0,0,0,0,0,0,0,0,0,0
PCSK9,5.240850503,5.09379041,4.188866565,6.218671621,6.127802927,5.747453461,6.665877555,6.627014175,6.324467442,5.361245656,5.5598357,5.585252402,5.697243559,5.721737902,5.788457875,6.250868441,6.097001076,6.219400694,4.82753405,5.098022574,5.009463116,5.121383491,6.364472132,6.202472723,6.257220395,5,0,0,0,0,0,0,0,0,0,0,0,2.600000002
PCYOX1,0,0,0.864613417,0,0,0,0,0,0,0.96708259,0.903929473,0.956200116,0,0,0,0,0,0,0,0,0,0,0,0,0,0,2.072868086,2.064647663,2.383995806,2.823248847,2.867824406,2.069533795,3.309356743,2.7307681,2.69678497,0,2.598717113,0
PCYT2,3.452825167,3.388364695,3.979598316,2.528836668,2.271827737,1.880020556,1.839113208,1.924256156,0.90279184,3.1108756,3.144111598,2.251195448,1.546060213,1.618677671,1.589786044,1.61308057,1.53606782,2.053289965,1.098576504,2.076463354,2.246490367,1.889360771,0,0.958592587,0.916958742,0,0,0,0,0,0,0,0,0,0,0,0,0
PDCD10,1.58012073,0.961347078,0.864613417,0,0,0,1.839113208,1.924256156,2.163087258,0.96708259,0,0.956200116,0,0,0,1.021139762,0.963485218,1.03574445,0,0,0,0,1.459649025,1.529484238,0.916958742,1,3.172816473,3.601888181,3.005940259,3.338612139,2.053047961,0,0,0,0,0,0,0
PDCD4,0,0,1.401468483,0,0,0,0,0,0.90279184,2.268893588,1.853383544,0.956200116,0,0,0,0,0,0,0,0,0,0,0,0,0,0,0,0,0,0,0,0,0,0,0,0,0,0
PDCD6,3.452825167,3.100475979,3.068269276,1.540237874,1.953082406,2.193583806,2.621946525,2.720458447,2.419108186,2.750456577,2.421096055,2.511206051,0,1.025359956,1.003619168,2.355604609,2.263052434,2.053289965,1.098576504,1.05142317,2.246490367,2.680193992,1.858228386,1.529484238,1.473143559,1,3.947899965,4.08036687,4.16021177,4.146756747,4.314617226,2.069533795,4.446094835,4.373878798,2.69678497,0,2.598717113,2.600000002
PDCD6IP,6.296604224,6.262473936,5.98606338,4.792748321,4.524736818,4.887292885,4.875627918,4.70921893,4.507288193,5.257027753,5.198391069,5.305529548,3.852128841,4.440244194,4.176753604,3.94610422,3.738788903,3.873048029,5.091765641,5.38397338,5.064322944,4.411787418,3.285708808,3.095469549,3.304702086,1,7.245452434,6.930336204,6.772259386,7.198308108,6.478889245,4.335216011,5.412616341,5.435817649,0,0,0,0
PDE12,1.58012073,0,1.791837015,0,0,0.921132385,0.894759661,0,0.90279184,0.96708259,0.903929473,0.956200116,0.970922069,0,0,0,0,0,0,0,0,0,0,0,0,0,0,0,0,0,0,0,0,0,0,0,0,0
PDIA3,2.316116017,2.931662233,2.351701379,4.635482004,4.797294216,5.163918905,6.051085121,6.128323791,6.193446321,5.144691026,5.016210978,5.305529548,5.072241325,5.048736753,5.051404862,6.211324542,6.212397253,6.219400694,4.267755043,4.265567955,4.473994679,3.988767131,6.349065587,6.326370144,6.322714958,6.321928095,4.449359691,4.2100965,4.269468584,4.661645673,2.867824406,2.886554086,4.793881411,4.867424445,4.828721577,3.724066632,4.970157178,2.600000002
PDIA4,0,0,0,4.458950855,4.694364685,4.750307937,5.87216654,5.732839191,5.756236514,3.844824317,4.71498784,5.305529548,5.557179125,5.777269602,5.839992777,7.107754661,7.135988353,7.0125787,4.350805562,4.182785547,4.30205236,3.988767131,7.066428265,6.905327414,7.039524834,7.348728154,4.090524219,4.329116984,3.615041015,4.265484343,4.314617226,2.069533795,4.793881411,3.617789703,3.581002772,4.668420179,4.970157178,4.016906216
PDIA5,0,0,0,0,0,0,0.894759661,0.9499485,0,0.96708259,1.455392216,1.526262086,0,1.025359956,0,1.021139762,0.963485218,1.03574445,0,0,0,1.234105921,0,0.958592587,0.916958742,0,0,0,0,0,0,0,0,0,0,0,0,0
PDIA6,2.578907744,2.259576362,2.351701379,3.936702387,3.749037927,4.304921401,4.875627918,4.656890805,4.805297555,4.328956263,4.270100252,4.558551138,4.33641615,4.571693667,4.650796994,5.128219809,5.21336944,5.278214014,4.350805562,4.418115308,4.473994679,4.500654413,5.335723518,5.561547355,5.44725784,5.129283017,2.072868086,2.529815193,2.728226634,3.717549031,2.053047961,0,4.446094835,2.7307681,0,0,0,0
PDLIM5,0.996370196,1.533191662,1.791837015,0,0,0,0,0,1.453839514,1.540903575,1.853383544,0.956200116,0,0,0,0,0,0,0,1.05142317,1.168913826,1.889360771,1.459649025,2.2550935,0.916958742,1,0,0,0,0,0,0,0,0,0,0,0,0
PDS5A,0,0,1.401468483,0,0,0,0,0,0,0,0,0,0,0,0,0,0,0,0,0,0,0,0,0,0,0,0,0,0,0,0,0,0,0,0,0,0,0
PDS5B,4.636878881,4.509944325,5.421675602,2.528836668,2.271827737,2.193583806,0,0,0,2.529675346,2.9944429,1.933791208,0,0,0,0,0,0,0,0,0,1.234105921,0,0,0,0,0,0,0,0,0,0,0,0,0,0,0,0
PDXDC1,0,0,0.864613417,0,0,0,0,0,0,0,1.455392216,0,0,0,0,0,0,0,0,0,0,0,0,0,0,0,0,0,0,0,0,0,0,0,0,0,0,0
PDXK,4.080622667,3.926654829,4.4276928,3.398093484,3.527408274,3.43690954,3.385748712,3.904682107,4.057818562,3.262125066,3.814276912,3.091114753,3.117818628,2.626984775,2.590989414,3.497640075,3.837964422,2.644053871,1.714955817,1.653127323,1.168913826,1.889360771,4.40120489,4.504525117,4.296512299,4.523561956,1.380514028,2.064647663,1.931003366,1.333072201,0,0,0,0,0,0,0,0
PEBP1,1.994551864,2.259576362,1.401468483,0.966587184,0,1.47881758,4.114925189,4.362321027,4.267782425,0.96708259,1.853383544,2.251195448,0,0,0,4.039386317,4.100158116,4.066310474,0,1.05142317,0,0,4.94284502,4.726403645,4.788890577,4.857980995,3.947899965,3.937808665,4.16021177,4.477120642,3.385355532,0,0,0,0,0,0,0
PEF1,0.996370196,1.533191662,1.791837015,0,0,0,0,0.9499485,0,0,0,0,0,0,0,0,0,0,0,0,0,0,0,0,0,0,1.380514028,1.373875901,1.266997295,1.333072201,0,0,0,0,0,0,0,0
PELI1,0,0,0,0,0,0,0,0,0,0,0,0,0,0,0,0,0,0,0,0,0,0,0,0,0,0,0,0,0,0,0,0,0,0,0,0,0,0
PELP1,0,0,0.864613417,0.966587184,0,0,0,0,0,1.950337883,1.853383544,0.956200116,0,0,0,1.021139762,0,0,0,0,0,0,0,0,0,0,0,0,0,0,0,0,0,0,0,0,0,0
PEPD,0,0,0,3.843880539,3.749037927,4.598938406,4.544844102,4.362321027,4.805297555,2.268893588,3.722048161,3.916753108,5.072241325,4.906557819,4.814326637,5.040680855,5.285424407,5.068469179,1.714955817,0,0,1.234105921,6.058328219,5.310337811,5.504828267,5.832890014,2.072868086,2.064647663,1.931003366,2.013916734,2.867824406,2.069533795,4.234691467,4.373878798,4.519429818,4.668420179,4.408026318,4.409490401
PERP,0.996370196,1.533191662,0.864613417,0,0,0,0,0,0,0.96708259,0.903929473,0.956200116,0,0,0,0,0,0,0,0,1.168913826,1.234105921,0,0,0,0,2.072868086,2.529815193,2.383995806,2.474606879,3.76545739,3.785554776,3.309356743,3.241403097,2.69678497,0,2.598717113,0
PES1,1.58012073,0,1.791837015,0,0,0,0,0,0,0,0,0,0,0,0,0,0,0,0,0,0,0,0,0,0,0,0,0,0,0,0,0,0,0,0,0,0,0
PFAS,2.316116017,2.259576362,3.439652425,4.74220736,4.463452526,4.017139547,3.703787505,3.491832663,2.992305255,3.262125066,3.814276912,3.378779227,5.264672474,5.002883195,5.254967013,4.847850914,4.736085546,4.768411021,0,1.653127323,0,1.234105921,4.066410421,4.504525117,4.360285502,1,0,0,0,0,0,0,0,0,0,0,0,0
PFDN1,0,0,0,1.540237874,1.543333959,0.921132385,0,0.9499485,0,0,0,0,1.546060213,1.025359956,1.003619168,1.021139762,0.963485218,1.03574445,0,0,0,0,0.90705003,0.958592587,0.916958742,0,0,0,0,0,0,0,0,0,0,0,0,0
PFDN2,0,0,0,1.949586033,2.271827737,2.669391044,2.810463839,2.911236342,2.992305255,1.950337883,1.455392216,2.251195448,3.117818628,3.367259864,3.466005187,1.61308057,2.744180469,2.644053871,1.098576504,1.05142317,0,0,2.426542826,2.735625828,2.85138244,0,0,0,0,0,0,0,0,0,0,0,0,0
PFDN4,0,0,0,0,0,0,0,0,0,0,0,0,0,0,0,0,0,0,0,0,0,0,0,0,0,0,0,0,0,0,0,0,0,0,0,0,0,0
PFDN5,0,0,0,0.966587184,0.968891745,0.921132385,0.894759661,0.9499485,0,0.96708259,0.903929473,0.956200116,1.546060213,1.025359956,1.003619168,1.021139762,0.963485218,1.03574445,0,0,0,0,0.90705003,1.529484238,0.916958742,1.584962501,0,0,0,0,0,0,0,0,0,0,0,0
PFDN6,0,0,0,1.949586033,1.953082406,1.880020556,3.126593151,2.240990417,2.419108186,0.96708259,0.903929473,1.933791208,3.531197087,3.631120459,3.006327599,3.497640075,2.935479543,2.053289965,1.098576504,0,0,0,3.150050254,2.5152748,3.168830955,1,0,0,0,0,0,0,0,0,0,0,0,0
PFKL,4.747888606,4.625163985,5.044971775,3.744673432,3.527408274,3.756000002,0,0,0.90279184,5.144691026,5.163749123,5.001188226,3.852128841,3.95387427,4.32879677,1.61308057,0.963485218,0,4.429334296,4.620387821,4.390583544,4.80977991,0,0,0,0,0,0,1.266997295,0,0,0,0,0,0,0,0,0
PFKM,2.801126798,2.740444656,3.439652425,1.540237874,0,1.47881758,0,0,0,3.399011692,3.62351829,2.731434726,0,0,0,0,0,0,0,0,0,1.889360771,0,0,0,0,0,0,0,0,0,0,0,0,0,0,0,0
PFKP,2.316116017,2.740444656,3.202968816,0,0,0.921132385,0,0,0,4.39592324,4.509625417,4.086043188,3.269158334,3.505214095,3.707114185,0,0,0,3.168326031,3.677881073,3.085856525,3.988767131,0,0.958592587,0,0,0,0,0,0,0,0,0,0,0,0,0,0
PFN1,4.080622667,3.628251645,3.326158875,3.109978656,2.532736393,2.451014583,4.251363295,3.991758476,4.331488349,3.1108756,3.62351829,3.618510617,1.546060213,2.037874702,1.003619168,3.623485148,3.837964422,4.066310474,3.494786352,3.793987451,3.085856525,4.66348089,4.901196998,4.563274934,4.536256295,4.087462841,4.646978729,4.329116984,4.041997863,4.661645673,3.385355532,2.069533795,3.986902457,2.7307681,0,0,0,0
PFN2,0,0,0,0,0,0,0,0,0,1.950337883,2.421096055,1.526262086,0.970922069,1.618677671,1.003619168,2.031594606,1.53606782,1.03574445,1.098576504,1.653127323,2.583445471,2.680193992,2.644143159,2.5152748,1.873574051,2.321928095,1.380514028,2.064647663,1.931003366,1.333072201,0,2.069533795,1.989531496,0,0,0,0,0
PGAM1,2.316116017,2.931662233,2.754024153,2.528836668,2.945112293,4.094642998,5.144536081,5.148801409,5.503148697,3.745612183,4.666322275,4.721657506,4.643990279,4.571693667,4.591891283,6.191138564,6.708071806,6.046810139,0,1.653127323,1.168913826,1.889360771,7.802856459,7.33431999,7.422242434,7.417852515,4.220308535,3.937808665,3.439119207,3.717549031,0,0,0,0,0,0,0,0
PGAM5,0.996370196,1.533191662,2.098758683,0,0,0,0,0,0,0,0,0,0,0,0,0,0,0,0,0,0,0,0,0,0,0,0,0,0,0,0,0,0,0,0,0,0,0
PGAP6,0,0.961347078,0,0,0,0,0,0,0,0,0,0,0,0,0,0,0,0,0,0,0,0,0,0,0,0,2.072868086,2.529815193,2.728226634,2.013916734,0,0,0,0,0,0,0,0
PGD,3.452825167,3.513288396,3.544865169,5.291621636,5.186716361,5.455914002,5.540489393,5.423953463,5.889196092,4.793726137,4.851847799,4.669311198,5.072241325,4.855870816,4.864961592,4.684174691,4.786618309,4.65271247,4.429334296,4.620387821,4.473994679,4.411787418,3.629670641,4.008505655,3.840157301,3.169925001,3.947899965,3.77960348,3.439119207,3.717549031,0,0,0,0,0,0,0,0
PGK1,4.693451201,4.625163985,5.393779452,5.577622219,5.523399232,5.794667002,6.226890156,6.089368192,6.123185439,6.256176447,6.246396207,6.403901156,6.050639266,6.297558981,6.255061907,6.822957809,6.992677743,6.864419457,5.139264357,6.053697316,4.390583544,5.852970592,6.820517563,6.882437909,6.784505206,5.727920455,5.415957758,5.458604873,5.385135725,5.718611656,3.385355532,2.886554086,3.309356743,3.241403097,0,0,0,0
PGLS,0,0,0,0,0,0,1.442864021,2.720458447,2.825330619,0,0,0,0,0,0,0,1.53606782,0,0,0,0,0,3.285708808,3.508117252,3.543195199,3.807354922,0,0,0,0,0,0,0,0,0,0,0,0
PGM2,0,0,0,1.540237874,2.271827737,3.026589061,4.041541069,4.362321027,4.20113292,0.96708259,1.853383544,2.922454862,2.948722432,3.044091598,2.005425354,4.898527986,4.572911484,4.975215962,0,1.05142317,0,0,5.06102732,4.504525117,4.479950965,4.857980995,0,0,0,0,0,0,0,0,0,0,0,0
PGM2L1,3.900107558,3.388364695,3.902505716,4.106148,3.749037927,3.756000002,3.795922944,4.073877018,3.719788928,2.750456577,2.827430592,3.091114753,1.956160331,2.626984775,2.813553664,2.620025286,1.944875303,3.061983348,0,1.653127323,1.806054709,2.338300494,3.000298925,3.508117252,3.543195199,3.169925001,0,0,0,0,0,0,0,0,0,0,0,0
PGM3,1.994551864,2.259576362,2.754024153,3.109978656,2.753608502,3.026589061,3.126593151,3.367096615,3.277509632,4.184907225,4.060116522,4.003879849,2.948722432,3.214705715,3.466005187,2.355604609,2.263052434,2.644053871,2.476571387,3.551606284,2.583445471,3.719314538,1.459649025,1.529484238,1.473143559,1,0,0,0,0,0,0,0,0,0,0,0,0
PGP,0,0,0.864613417,1.540237874,1.953082406,2.193583806,2.405039482,2.240990417,2.636470024,2.268893588,3.279702347,2.511206051,1.956160331,2.037874702,2.590989414,2.355604609,2.263052434,2.644053871,0,1.653127323,1.168913826,2.680193992,0,0.958592587,0,0,0,0,0,0,0,0,0,0,0,0,0,0
PGRMC1,0,0,0,0,0,0,0,0,0,0.96708259,0,0,0,0,0,0,0,0,0,0,0,0,0.90705003,0,0,0,0,2.529815193,1.931003366,2.013916734,0,0,3.309356743,3.617789703,2.69678497,0,2.598717113,0
PHF5A,0.996370196,0.961347078,1.401468483,1.540237874,1.953082406,0.921132385,0,0.9499485,0,0.96708259,0.903929473,0.956200116,0,0,0,0,0,0,0,0,1.168913826,0,0,0,0,0,0,0,0,0,0,0,0,0,0,0,0,0
PHKA1,0.996370196,0.961347078,2.351701379,0,0,0,0,0,0,0.96708259,0.903929473,0,0,0,0,0,0,0,0,0,0,0,0,0,0,0,0,0,0,0,0,0,0,0,0,0,0,0
PHKB,0.996370196,1.941625202,2.098758683,0,0,0,0,0,0,0.96708259,2.164986415,1.933791208,0,0,0,0,0,0,0,0,0,0,0,0,0,0,0,0,0,0,0,0,0,0,0,0,0,0
PHLDA1,0,1.533191662,0.864613417,0,0,0,0,0,0,0.96708259,0,0.956200116,0,0,0,0,0,0,0,0,0,0,0,0,0,0,3.408938331,3.399164795,3.238727139,2.823248847,0,0,0,0,0,0,0,0
PHLDA2,0.996370196,1.533191662,1.401468483,0,0,0,0,0,0,0.96708259,0,0,0,0,0,0,0,0,0,0,0,0,0,0,0,0,3.172816473,3.399164795,1.931003366,3.338612139,2.053047961,0,1.989531496,0,0,0,0,0
PHPT1,0.996370196,0.961347078,0.864613417,0,0,0,0,0.9499485,0.90279184,1.540903575,1.853383544,0.956200116,0,0,0,0,0,0,0,1.05142317,0,1.234105921,0,0,0,0,0,0,1.266997295,0,0,0,0,0,0,0,0,0
PI4K2A,0,0,0,0,0,0,0,0,0,0,0,0,0,0,0,0,0,0,0,0,0,0,0,0,0,0,1.380514028,0,1.266997295,0,0,0,0,2.7307681,0,0,0,0
PICALM,0.996370196,0.961347078,0,0,0,0,0.894759661,0.9499485,0,0.96708259,0.903929473,0.956200116,1.546060213,1.618677671,1.003619168,1.61308057,1.53606782,1.632427638,0,0,0,0,1.459649025,0.958592587,0.916958742,2.584962501,0,1.373875901,1.266997295,0,0,0,0,0,0,0,2.598717113,0
PIK3C2A,0,0,0,0,0,0,0,0,0,0,0,0,0,0,0,0,0,0,0,0,0,0,0,0,0,0,0,0,0,0,0,0,0,0,0,0,0,0
PIK3C2B,1.58012073,1.941625202,1.401468483,0,0,0,0,0,0,0,0,0,0,0,0,0,0,0,0,0,0,0,0,0,0,0,2.072868086,0,2.728226634,1.333072201,0,0,0,0,0,0,0,0
PIK3R1,0.996370196,1.533191662,0.864613417,0.966587184,0.968891745,0.921132385,0.894759661,0.9499485,0.90279184,0.96708259,0.903929473,0.956200116,0,0,0,0,0,0,0,0,0,0,0,0,0,0,1.380514028,1.373875901,1.266997295,1.333072201,0,0,0,0,0,0,0,0
PIK3R2,0,0,0,0,0,0,0,0,0,0,0,0,0,0,0,0,0,0,0,0,0,0,0,0,0,0,2.072868086,1.373875901,1.931003366,1.333072201,0,0,0,0,0,0,0,0
PIK3R4,0,0,0,0,0,0,0,0,0,0,0,0,0,0,0,0,0,0,0,0,0,0,0,0,0,0,0,0,0,0,0,0,0,0,0,0,0,0
PIN4,0,0,0,0,0,0,0,0,0,0,0,0,0,0,0,0,0,0,0,0,0,0,1.459649025,1.937434512,1.473143559,0,1.380514028,1.373875901,1.931003366,1.333072201,0,0,0,0,3.581002772,2.829306972,4.408026318,4.016906216
PIN4.1,0,0,0,0,0,1.47881758,0,0,0,0,0,0,0,0,0,0,0,0,0,0,0,0,0,0,0,0,0,0,0,0,0,0,0,0,0,0,0,0
PIP,0,0,0,0,0,0,0,0,0,0,0,0,0,0,0,0,0,0,0,0,0,0,0,0,0,0,0,0,0,0,0,0,0,0,0,0,0,0
PIP4P1,0,0,0,0,0,0,0,0,0,0,0,0,0,0,0,0,0,0,0,0,0,0,0,0,0,0,2.538745146,2.529815193,2.728226634,2.013916734,3.76545739,2.886554086,3.687544579,3.241403097,0,0,0,0
PIP5K1A,0,0,0,0,0,0,0,0,0,0,0,0,0,0,0,0,0,0,0,0,0,0,0,0,0,0,0,0,0,0,0,0,0,0,0,0,0,0
PIR,0,0.961347078,0.864613417,0,0,0,0.894759661,1.51783371,0.90279184,0.96708259,0,0.956200116,0.970922069,0,1.003619168,2.031594606,0.963485218,1.632427638,0,1.05142317,0,0,3.150050254,2.735625828,2.661928568,1,2.072868086,2.064647663,1.931003366,1.333072201,2.053047961,0,0,0,0,0,0,0
PITHD1,0,0,0,0,0,0,1.442864021,1.924256156,1.851615862,0,0,0,0,0,0,0,0,0,0,0,0,0,1.858228386,1.529484238,1.473143559,1.584962501,0,0,0,0,0,0,0,0,0,0,0,0
PITPNA,0,0,0,0,0,0,0,0,0.90279184,0,0,0,0,0,0,0,0,0,0,0,0,0,1.459649025,0.958592587,0,0,0,0,0,0,0,0,0,0,0,0,0,0
PITPNB,0,0,0,0,0,0,2.621946525,3.079707418,2.992305255,0,0,0,0,0,0,2.031594606,1.53606782,1.03574445,0,0,0,0,3.150050254,2.735625828,2.443780137,1.584962501,0,0,0,0,0,0,0,0,0,0,0,0
PITRM1,0,0,0,0,0,0,0,0,0,0,0,0,0,0,0,0,0,0,0,0,0,0,0,0,0,0,0,0,0,0,0,0,0,0,0,0,0,0
PKDCC,0.996370196,0,0,0.966587184,1.543333959,0,1.839113208,0.9499485,0,0,0,0,0,0,0,0,0,0,0,0,0,0,0,0,0,0,0,0,0,0,0,0,0,0,0,0,0,0
PKM,7.402165037,7.413930442,7.504520064,7.17124527,7.14698562,6.757984925,6.827416581,6.805868179,6.833629889,7.153022474,7.228506978,6.945152112,6.008229927,6.178858726,6.310918745,5.94817517,5.971565963,5.824235229,6.165285752,6.639185116,5.837414982,6.538540549,3.907209447,4.82573371,4.15982985,1,5.66425377,6.014943491,5.803678067,5.913034332,4.06601068,0,3.309356743,2.7307681,0,0,0,0
PKM2,0,0,0,0,0,0,0,0,0,0,0,0,0,0,0,0,0,0,0,0,0,0,0,0,0,0,0,0,0,0,0,0,0,0,0,0,0,0
PKP2,4.636878881,4.509944325,2.56684197,0,0,0,0,0,0.90279184,0,0,0.956200116,0,0,0,0,0,0,0,0,0,0,0,0,0,0,5.243480877,5.037082573,5.231572187,5.040327289,3.76545739,0,0,0,0,0,0,0
PKP3,3.800606572,3.926654829,2.754024153,0.966587184,0.968891745,1.47881758,0,0,1.851615862,1.540903575,1.455392216,1.526262086,0,0,0,0,0,0,0,0,0,0,0,0,0.916958742,0,5.66425377,5.458604873,5.650507639,5.632860104,2.867824406,0,0,0,0,0,0,0
PKP4,2.578907744,2.740444656,0,0,0,0,0,0,0,0.96708259,0,0,0,0,0,0,0,0,0,0,0,0,0,0,0,0,4.646978729,5.232973694,4.718023325,4.972128369,2.867824406,0,0,0,0,0,0,0
PLA2G15,0,0,0,0,0,0,2.405039482,2.240990417,2.636470024,0,0,0,0,0,0,2.031594606,2.263052434,2.644053871,0,0,0,0,2.833183695,3.095469549,3.018820504,3.584962501,0,0,0,0,0,0,0,0,0,0,0,0
PLA2G2A,0,0,0.864613417,0,0,1.47881758,0,0,1.453839514,1.950337883,2.421096055,1.933791208,0,0,0,0,0,0,0,0,0,0,0,0,0,0,2.89033867,2.88100595,2.383995806,3.103821595,2.867824406,4.547361642,3.986902457,3.241403097,5.487628999,7.826364673,6.442563959,6.062148952
PLA2R1,0,0,0,1.949586033,2.532736393,0,1.442864021,1.924256156,0,0,0,0,0,0,0,0,0,0,0,0,0,0,0,0,0,0,0,0,0,0,0,0,0,0,0,0,0,0
PLAA,3.163465689,2.740444656,3.439652425,2.941009732,1.953082406,3.176707196,1.442864021,2.500551849,2.419108186,3.937650566,4.203444751,3.916753108,0,0,0,0,0,0,1.714955817,2.076463354,2.583445471,2.338300494,0,0,0,0,0,0,0,0,0,0,0,0,0,0,0,0
PLAU,2.993641837,2.519953374,0.864613417,2.941009732,2.532736393,0.921132385,3.499731284,3.367096615,1.851615862,0,0,0,0,0,0,0,0,0,0,0,0,0,0.90705003,0,0,0,0,0,0,0,0,0,0,0,0,0,0,0
PLAUR,3.900107558,3.833879792,3.068269276,2.528836668,2.945112293,2.193583806,2.977170172,3.079707418,2.636470024,0.96708259,0.903929473,2.251195448,0,0,0,2.031594606,2.263052434,2.644053871,0,0,0,0,3.000298925,3.246517199,3.018820504,3.169925001,2.89033867,3.399164795,3.238727139,3.103821595,0,0,1.989531496,2.7307681,0,0,0,0
PLBD1,2.578907744,2.259576362,3.068269276,3.523102099,3.114149002,3.756000002,2.149649735,2.500551849,3.401423861,2.750456577,2.421096055,2.511206051,4.114498637,3.95387427,4.00677851,3.739228165,3.255521121,3.972912998,1.098576504,1.05142317,1.806054709,1.234105921,4.066410421,4.168436296,4.008829657,4.64385619,0,0,0,0,4.06601068,4.086405932,4.446094835,4.163037251,4.519429818,4.272170993,4.408026318,4.016906216
PLBD2,0,0,0,0,0.968891745,2.193583806,3.261982234,3.606636986,3.401423861,0,1.455392216,1.933791208,3.117818628,3.214705715,3.328436075,4.209599094,3.738788903,4.236715467,0,0,0,0,4.570182849,4.379321162,4.479950965,4.523561956,0,0,0,0,0,0,1.989531496,1.933211842,0,0,0,0
PLCB3,0.996370196,0.961347078,0,2.941009732,2.945112293,3.551296021,4.315030162,4.656890805,4.057818562,1.950337883,1.853383544,2.731434726,4.33641615,4.295606161,4.32879677,4.563736391,4.629378472,4.459656255,0,1.05142317,1.168913826,0,4.85831084,4.563274934,4.741779459,5.129283017,4.449359691,4.636617942,4.554934114,4.745751636,0,0,0,0,0,0,2.598717113,0
PLCB4,0,0,0,0,0,0,0,0,0,0,0,0,0,1.025359956,0,0,0,0,0,0,0,0,0,0,0,0,2.89033867,2.064647663,2.383995806,2.823248847,0,0,0,1.933211842,2.69678497,0,2.598717113,0
PLCD1,0.996370196,0.961347078,0,0,0,0,0,0,0,0,0,0,0,0,0,0,0,0,0,0,0,0,0,0,0,0,4.736484697,4.636617942,4.46591069,4.265484343,2.053047961,0,0,0,0,0,0,0
PLCD3,0.996370196,1.533191662,0,0,0,0,0,0,0,0,0,0,0,0,0,0,0,0,0,0,0,0,0,0,0,0,4.551550277,4.08036687,4.554934114,4.265484343,2.867824406,0,0,0,0,0,0,0
PLCG1,2.578907744,2.740444656,2.351701379,0.966587184,1.953082406,0.921132385,0,0,0,1.540903575,0.903929473,0.956200116,0,0,1.003619168,0,0,0,0,0,0,0,0,0,0,0,4.090524219,3.77960348,4.269468584,3.875236924,0,0,0,0,0,0,0,0
PLD3,0,0,0,0,0,0,0,0,0,0.96708259,0,0,0,0,0,0,0,0,0,0,0,0,1.459649025,0,0,0,0,1.373875901,1.266997295,0,4.314617226,0,3.986902457,3.916020257,0,0,0,0
PLEC,5.419165449,5.446941697,5.306700778,5.740972741,5.820830263,5.817706721,6.982512412,6.943291759,6.7428286,4.636455606,5.420060089,5.467568858,4.192326201,4.369737013,4.913879483,6.484442137,6.353169319,6.4096235,7.52065224,7.367228856,5.399101928,2.338300494,4.139873595,4.312393749,4.229789149,4.087462841,0,0,1.266997295,0,0,0,0,0,0,0,0,0
PLEK2,2.801126798,2.740444656,1.791837015,0,0,0,0,0,0,1.950337883,1.853383544,2.251195448,0,0,0,0,0,0,1.098576504,1.05142317,0,0,0,0,0,0,4.090524219,4.2100965,4.371030583,4.477120642,3.385355532,2.069533795,3.309356743,3.241403097,0,0,0,0
PLEKHA4,1.58012073,1.533191662,0,0,0,0,0,0,0,0,0,0,0,0,0,0,0,0,0,0,0,0,0,0,0,0,0,1.373875901,1.266997295,1.333072201,0,0,0,0,0,0,0,0
PLEKHB2,2.316116017,1.941625202,1.401468483,0,0,0,0,0,0,0,0,0,0,0,0,0,0,0,0,0,0,0,0,0,0,0,2.538745146,2.064647663,2.728226634,1.333072201,0,0,0,0,0,0,0,0
PLEKHF2,0,0,0,0,0,0,0,0,0,0,0,0,0,0,0,0,0,0,0,0,0,0,0,0,0,0,1.380514028,0,1.931003366,1.333072201,0,0,0,0,0,0,0,0
PLEKHN1,0,0,0,0,0,0,0,0,0,0,0,0,0,0,0,0,0,0,0,0,0,0,0,0,0,0,1.380514028,2.064647663,1.266997295,1.333072201,0,0,0,0,0,0,0,0
PLG,1.58012073,0.961347078,1.791837015,0.966587184,1.953082406,1.47881758,2.621946525,2.240990417,2.419108186,0,0,0,0,0,0,0,0,0,0,0,0,0,0,0,0,0,0,0,0,0,0,0,0,0,0,0,0,0
PLIN3,0,0,0,0,0,0,0,0,0,0,0,0,0,0,0,1.021139762,0.963485218,0,0,0,0,0,2.644143159,3.095469549,2.85138244,0,0,0,0,0,0,0,0,0,0,0,0,0
PLK1,0,0,0,0,0,0,0,0,0,0,0,0,0,0,0,0,0,0,0,0,0,0,0,0,0,0,0,0,0,0,0,0,0,0,0,0,0,0
PLOD1,5.162858643,4.968462577,4.724999573,5.933463418,5.745600468,5.541442102,5.246024371,5.030394601,4.805297555,3.937650566,3.403637312,3.378779227,4.33641615,4.369737013,4.00677851,0,0.963485218,1.632427638,3.87746897,3.901441717,4.552845745,3.988767131,0,0,0,2.807354922,0,0,0,0,0,0,0,0,0,0,0,0
PLOD2,0,0,0,0,0,0,0,0,0,1.950337883,0.903929473,1.933791208,3.852128841,3.746915315,3.466005187,1.61308057,1.53606782,1.632427638,2.972434909,3.260114038,3.613037926,2.338300494,0.90705003,0,0,2.807354922,0,0,0,0,0,0,0,0,0,0,0,0
PLOD3,4.385395623,4.625163985,3.821059837,6.162123572,6.241692265,6.068809983,5.829202831,5.853996283,5.635235312,5.662602554,5.420060089,5.37254457,6.334277124,6.278441484,6.235951819,5.362867718,5.285424407,5.495285643,5.801903135,6.143990648,6.381905483,5.950841266,5.271795808,5.377358485,5.387294247,6.14974712,0,0,0,0,0,0,0,3.617789703,2.69678497,4.272170993,4.716298833,5.375141293
PLP2,0,0,0,0,0,0,0,0,0,0,0,0,0,0,0,0,0,0,0,0,0,0,0,0,0,0,0,0,0,0,0,0,0,0,0,0,0,0
PLPBP,0,0,0,0,0,0,0.894759661,1.51783371,2.163087258,0,0,0,0,0,0,1.61308057,1.53606782,1.632427638,0,0,0,0,1.858228386,1.937434512,1.473143559,0,0,0,0,0,0,0,0,0,0,0,0,0
PLPP2,3.163465689,2.931662233,1.791837015,0,0,0,0,0,0,1.950337883,0.903929473,0.956200116,0,0,0,0,0,0,0,0,0,0,0,0,0,0,3.611795418,3.77960348,3.771823672,4.017375043,4.711414598,4.732273583,4.234691467,4.867424445,2.69678497,0,0,0
PLPP3,0,0,0,0,0,0,0,0,0,0,0,0,0,0,0,0,0,0,0,0,0,0,0,0,0,0,2.538745146,1.373875901,2.728226634,1.333072201,2.053047961,0,1.989531496,1.933211842,0,0,0,0
PLRG1,0.996370196,0,2.098758683,0,0,0,1.442864021,1.51783371,2.419108186,0,0,0,0,0,0,0,0,0,0,0,0,0,0,0,0,0,0,0,0,0,0,0,0,0,2.69678497,0,2.598717113,0
PLS1,2.316116017,2.931662233,1.791837015,3.398093484,4.028337769,4.368714044,4.95770589,4.988662966,5.196013074,4.024863517,4.333811653,4.163778281,4.114498637,4.134834924,4.254777207,4.684174691,5.015715876,5.197937078,2.145448836,3.413209566,1.806054709,3.18810514,4.570182849,4.82573371,4.693077846,3.459431619,1.380514028,2.529815193,2.728226634,1.333072201,0,0,0,0,0,0,0,0
PLS3,1.994551864,0.961347078,1.791837015,1.540237874,1.953082406,1.47881758,3.882525857,3.991758476,4.057818562,2.529675346,3.517762757,3.618510617,3.752877906,3.854102726,4.00677851,4.847850914,4.514144036,4.975215962,1.098576504,1.653127323,1.168913826,2.9563868,4.40120489,4.918663183,4.963309897,4.321928095,1.380514028,2.064647663,2.383995806,2.474606879,0,0,0,0,0,0,0,0
PLSCR1,2.578907744,2.740444656,1.401468483,0,0,0,0,0,0,0,0,0,0,0,0,0,0,0,0,0,0,1.234105921,0,0,0,0,2.538745146,3.399164795,3.238727139,3.103821595,3.385355532,3.404975348,3.986902457,3.916020257,0,0,0,0
PLSCR3,1.994551864,2.259576362,0.864613417,0,0,0,0,0,0,0.96708259,0,0,0,0,0,0,0,0,0,0,0,0,0,0,0,0,3.172816473,2.88100595,3.005940259,3.338612139,3.385355532,2.069533795,3.309356743,1.933211842,0,0,0,0
PLTP,0,0,0,2.941009732,3.265441068,3.848399125,4.647337727,4.656890805,4.392499739,2.268893588,3.722048161,4.307709643,4.801293323,4.855870816,4.707391618,5.326315303,5.285424407,5.354258517,1.714955817,2.894418153,2.856411626,2.338300494,5.512086791,5.618064397,5.689954877,6.044394119,1.380514028,0,0,0,0,0,1.989531496,1.933211842,0,0,0,0
PLXNA1,2.993641837,2.519953374,0,0.966587184,1.953082406,0.921132385,2.149649735,1.924256156,0.90279184,0,0,1.526262086,1.956160331,2.626984775,2.005425354,3.036793753,2.744180469,3.765752776,0,0,0,0,2.833183695,2.926737964,3.168830955,4,3.947899965,3.399164795,3.439119207,3.540486385,2.053047961,0,0,0,0,0,0,0
PLXNA2,1.994551864,3.100475979,1.401468483,0,0,0,0,0,0,1.540903575,0.903929473,0.956200116,1.956160331,1.025359956,1.003619168,2.355604609,2.523580768,3.232871055,0,0,0,0,2.833183695,2.2550935,2.661928568,4.087462841,4.820760544,4.726097906,4.718023325,4.661645673,3.385355532,0,1.989531496,1.933211842,0,0,0,0
PLXNA3,0,0,0,0,0,0.921132385,0,0,0,0,0,0,0.970922069,0,0,1.021139762,0.963485218,1.03574445,0,0,0,0,0.90705003,0,0.916958742,2.321928095,0,0,0,0,0,0,0,0,0,0,0,0
PLXNB1,1.994551864,2.259576362,0,0.966587184,0.968891745,0,2.149649735,1.924256156,0,0,0,0.956200116,0.970922069,1.025359956,0,3.623485148,3.632289151,3.523776826,4.085769758,3.551606284,4.552845745,3.719314538,0,0,0,1.584962501,5.115858731,5.105377993,5.479122139,5.339993805,3.76545739,0,2.795384697,2.7307681,0,0,0,0
PLXNB2,4.636878881,4.731858388,3.202968816,4.257767468,4.262237099,3.756000002,5.035364569,4.901393789,4.20113292,2.529675346,3.403637312,4.163778281,4.801293323,4.692160027,4.707391618,5.713588178,5.451233364,5.560945301,1.714955817,1.653127323,1.806054709,2.338300494,5.669219894,5.441403428,5.664918743,5.906890596,6.314278682,6.332402707,6.392136917,6.208098351,5.999917809,2.069533795,4.94067428,4.867424445,3.581002772,0,0,0
PM20D2,3.452825167,3.100475979,3.902505716,1.540237874,0.968891745,1.880020556,0.894759661,0.9499485,0,2.268893588,1.455392216,1.526262086,1.546060213,1.025359956,1.589786044,1.61308057,2.263052434,2.053289965,0,0,0,1.234105921,2.170190716,2.735625828,2.443780137,2,0,0,0,0,0,0,0,0,0,0,0,0
PMM2,0.996370196,0,1.791837015,0,0,0,0,0.9499485,0.90279184,2.529675346,2.421096055,1.526262086,0,0,0,0,0,0,0,0,1.806054709,1.889360771,0,0,0,0,0,0,0,0,0,0,0,0,0,0,0,0
PMPCA,1.994551864,0.961347078,2.351701379,0,0,0,0,0,0,0,0,0,0,0,0,0,0,0,0,0,0,0,0,0,0,0,0,0,0,0,0,0,0,0,0,0,0,0
PMPCB,0,0,0,0,0,0,0,0,0,0,0,0,0,0,0,0,0,0,0,0,0,0,0,0,0,0,0,0,0,0,0,0,0,0,0,0,0,0
PNKP,1.58012073,1.533191662,3.202968816,0,0,0,0,0,0,0,0,0,0,0,0,0,0,0,0,0,0,0,0,0,0,0,0,0,0,0,0,0,0,0,0,0,0,0
PNP,1.58012073,1.941625202,0,4.635482004,4.694364685,5.127502812,5.89317793,5.572592153,5.684860112,3.937650566,4.333811653,4.438575266,5.402039844,5.475396915,5.498922119,6.107445834,5.971565963,6.023708866,2.476571387,2.403347751,1.168913826,2.338300494,6.654974262,6.376376144,6.544819306,6.794415866,2.072868086,2.064647663,3.005940259,2.013916734,0,0,0,0,0,0,0,0
PNPO,0,0,0,0,0,2.193583806,2.621946525,2.911236342,3.621272161,0,0,0,0.970922069,0,0,2.843407086,3.255521121,3.061983348,0,0,0,0,3.728236298,3.383238525,3.543195199,2,0,0,0,0,0,0,0,0,0,0,0,0
PODXL2,0,0,0,0,0.968891745,0.921132385,2.149649735,3.079707418,2.419108186,0,0,1.526262086,0,0,0,2.031594606,2.744180469,1.632427638,2.145448836,2.403347751,3.085856525,2.338300494,0,0,1.873574051,0,1.380514028,1.373875901,1.266997295,1.333072201,0,0,0,0,0,0,0,0
POF1B,1.58012073,1.941625202,0,0,0,0,0.894759661,0,0,0,0,0,0,0,0,0,0,0,0,0,0,0,0,0,0,0,3.172816473,3.937808665,3.615041015,3.717549031,0,0,0,0,0,0,0,0
POFUT1,0,0,0,0,0,0.921132385,2.149649735,2.720458447,3.401423861,0,0,1.526262086,0,0,0,2.355604609,2.935479543,2.644053871,0,0,0,0,3.150050254,3.095469549,3.018820504,3,0,0,0,0,0,0,0,0,0,0,0,0
POLA1,0.996370196,1.533191662,0.864613417,1.540237874,1.543333959,0,0,0.9499485,0,0,0,0,0,0,0,0,0,0,0,0,0,0,0,0,0,0,0,0,0,0,0,0,0,0,0,0,0,0
POLA2,0,0,0,0.966587184,1.953082406,0.921132385,0,0,0,0.96708259,0,0,0,1.025359956,0,0,0,1.03574445,0,0,0,0,0,0,0,0,0,0,0,0,0,0,0,0,0,0,0,0
POLB,0,0,0.864613417,1.540237874,1.543333959,1.880020556,0,0,0,0,0,0,0,1.025359956,1.003619168,0,0,0,0,0,0,0,0,0,0,0,0,0,0,0,0,0,0,0,0,0,0,0
POLD1,2.993641837,2.740444656,3.326158875,2.268089723,2.271827737,1.880020556,0,0,0,1.540903575,1.455392216,0.956200116,0,1.025359956,1.589786044,0,0,0,0,0,0,0,0,0,0,0,0,0,0,0,0,0,0,0,0,0,0,0
POLD2,0,0,0,0,0,0,0,0,0,0,0,0,0,0,0,0,0,0,0,0,0,0,0,0,0,0,0,0,0,0,0,0,0,0,0,0,0,0
POLR1A,2.578907744,3.100475979,3.544865169,2.528836668,2.532736393,1.47881758,0,0,0,0,0,0,0,0,0,0,0,0,0,0,0,0,0,0,0,0,0,0,0,0,0,0,0,0,0,0,0,0
POLR1B,1.994551864,2.259576362,3.202968816,0.966587184,0.968891745,1.47881758,0,0,0,0,0,0,0,0,0,0,0,0,0,0,0,0,0,0,0.916958742,0,0,0,0,0,0,0,0,0,0,0,0,0
POLR1C,2.578907744,2.740444656,3.202968816,1.540237874,1.953082406,1.880020556,0,0,0,2.268893588,2.164986415,1.933791208,0,0,0,0,0,0,1.098576504,1.653127323,1.168913826,2.338300494,0,0,0,0,0,0,0,0,0,0,0,0,0,0,0,0
POLR1D,0.996370196,0.961347078,1.791837015,0.966587184,0.968891745,0.921132385,0,0,0,0,0.903929473,0.956200116,0,0,0,0,0,0,0,0,0,0,0,0,0,0,0,0,0,0,0,0,0,0,0,0,0,0
POLR2A,3.578300868,3.388364695,4.188866565,3.744673432,3.527408274,3.312666648,0,0,0,2.268893588,2.421096055,1.526262086,0,0,0,0,0,0,0,0,0,1.234105921,0,0,0,0,0,0,0,0,0,0,0,0,0,0,0,0
POLR2B,2.801126798,2.519953374,3.544865169,3.398093484,3.402362581,3.176707196,0,0,0,2.529675346,2.827430592,2.731434726,0,0,1.003619168,0,0,0,1.714955817,2.403347751,1.168913826,2.680193992,0,0,0,0,0,0,0,0,0,0,0,0,0,0,0,0
POLR2C,1.58012073,2.259576362,2.56684197,1.540237874,1.953082406,2.451014583,0,0,0,0.96708259,1.455392216,0.956200116,0,0,0,0,0,0,1.098576504,1.05142317,1.168913826,0,0,0,0,0,0,0,0,0,0,0,0,0,0,0,0,0
POLR2E,1.58012073,1.533191662,2.56684197,1.540237874,1.543333959,2.451014583,0,0,0.90279184,0,0,0,0,0,0,0,0,0,0,0,0,0,0,0,0,0,0,0,0,0,0,0,0,0,0,0,0,0
POLR2H,0.996370196,0.961347078,0.864613417,1.540237874,1.543333959,1.47881758,0,0.9499485,1.453839514,0.96708259,0.903929473,1.526262086,0,0,0,0,0,0,0,0,0,0,1.459649025,0.958592587,0.916958742,0,0,0,0,0,0,0,0,0,0,0,0,0
POLR3A,1.58012073,1.941625202,2.351701379,2.268089723,2.753608502,2.193583806,0,0,0,1.950337883,2.421096055,1.933791208,0,1.025359956,1.003619168,0,0,0,0,0,0,0,0,0,0,0,0,0,0,0,0,0,0,0,0,0,0,0
POLR3B,1.58012073,0.961347078,2.351701379,1.540237874,1.543333959,0,0,0,0,0.96708259,0,0,0,0,0,0,0,0,0,0,0,0,0,0,0,0,0,0,0,0,0,0,0,0,0,0,0,0
POLR3C,1.58012073,0.961347078,2.098758683,0,0.968891745,0,0,0,0,0,0,0,0,0,0,0,0,0,0,0,0,0,0,0,0,0,0,0,0,0,0,0,0,0,0,0,0,0
POLR3E,0,0,0,0,0,0,0,0,0,0,0,0,0,0,0,0,0,0,0,0,0,0,0,0,0,0,0,0,0,0,0,0,0,0,0,0,0,0
POP1,0,0,1.791837015,0,0,0,0,0,0,0,0,0,0,0,0,0,0,0,0,0,0,0,0,0,0,0,0,0,0,0,0,0,0,0,0,0,0,0
POP4,0,0.961347078,1.401468483,0,0,0,0,0,0,0,0,0,0,0,0,0,0,0,0,0,0,0,0,0,0,0,0,0,0,0,0,0,0,0,0,0,0,0
POR,1.994551864,1.941625202,2.351701379,1.540237874,1.543333959,2.193583806,3.261982234,3.079707418,3.401423861,1.950337883,1.455392216,0.956200116,0,0,0,0,0,0,0,0,0,0,0,0,0,0,0,0,1.266997295,1.333072201,0,0,0,0,0,0,0,0
POTEE,4.080622667,4.173790108,4.252380623,3.398093484,3.84826838,3.312666648,0,0.9499485,0.90279184,4.184907225,4.333811653,3.824024523,0.970922069,2.362292771,2.590989414,1.021139762,0.963485218,1.632427638,1.098576504,3.08882233,1.168913826,2.9563868,0,0.958592587,0.916958742,1,1.380514028,2.064647663,1.931003366,1.333072201,0,0,0,0,0,0,0,0
PPA1,3.900107558,4.096022377,4.313216014,4.023911454,4.110590354,4.238176971,4.832768709,4.945688145,4.849487895,4.258728859,4.333811653,4.163778281,2.948722432,3.044091598,3.006327599,3.623485148,3.837964422,3.972912998,1.714955817,2.894418153,2.246490367,2.9563868,2.170190716,3.623042415,3.168830955,0,2.89033867,3.163224167,2.728226634,2.823248847,0,0,0,0,0,0,0,0
PPA2,1.58012073,1.941625202,2.351701379,2.528836668,1.953082406,2.859016798,1.839113208,2.500551849,2.636470024,2.529675346,2.638521785,2.511206051,2.275117866,2.037874702,2.590989414,2.031594606,2.523580768,2.644053871,0,1.05142317,0,0,0.90705003,2.926737964,2.661928568,0,0,0,0,0,0,0,0,0,0,0,0,0
PPAP2C,0,0,0,0,0,0,0,0,0,0,0,0,0,0,0,0,0,0,0,0,0,0,0,0,0,0,0,0,0,0,0,0,0,0,0,0,0,0
PPAT,1.58012073,2.519953374,2.098758683,1.540237874,1.543333959,1.47881758,0.894759661,0,1.453839514,3.639070203,3.517762757,3.242104959,1.956160331,1.618677671,2.005425354,0,0,0,1.714955817,2.894418153,2.856411626,3.387705307,0,0,0,0,0,0,0,0,0,0,0,0,0,0,0,0
PPCS,0,0,0,0,0,0,0.894759661,0.9499485,1.453839514,0,0,0,0,0,0,0,0,0,0,0,0,0,0,0,0,0,0,0,0,0,0,0,0,0,0,0,0,0
PPIA,4.16306102,4.173790108,3.979598316,4.023911454,3.941110664,4.094642998,4.997057701,5.030394601,5.12588017,4.024863517,4.060116522,4.438575266,3.752877906,4.047190029,3.707114185,5.210749622,5.175945885,5.238633838,3.633934435,4.001444414,4.20773121,4.80977991,5.919199215,5.848116752,5.738760262,5.781359714,5.66425377,5.405418357,5.335742029,5.718611656,5.592375272,3.785554776,4.94067428,5.234485315,4.519429818,3.724066632,4.716298833,5.375141293
PPIB,0,0,1.401468483,1.949586033,1.953082406,2.859016798,3.882525857,3.606636986,3.621272161,2.529675346,2.164986415,2.511206051,3.269158334,3.367259864,3.328436075,2.843407086,2.744180469,2.868099561,2.145448836,2.403347751,2.583445471,2.680193992,3.150050254,3.508117252,3.428871228,3.459431619,2.538745146,2.529815193,1.931003366,2.474606879,2.867824406,2.069533795,1.989531496,2.7307681,4.519429818,5.234346454,5.185959353,4.971644604
PPID,0,0,0,0,0,0,0,1.51783371,1.851615862,1.540903575,1.853383544,1.526262086,0,0,0,0,0,1.03574445,0,1.05142317,0,0,1.858228386,0.958592587,0.916958742,1,0,0,0,0,0,0,0,0,0,0,0,0
PPIE,0,0,0,0,0,0,0,0,0,0,0,0,0,0,0,0,0,0,0,0,0,1.234105921,0.90705003,0,0,1.584962501,0,0,0,0,0,0,0,0,0,0,0,0
PPIH,0.996370196,0.961347078,1.401468483,0.966587184,0,0.921132385,0.894759661,0.9499485,2.163087258,0,0,0,0,0,0,0,0,0,0,0,0,0,0,0,0,0,0,0,0,0,0,0,0,0,0,0,0,0
PPIL1,0,0,0,0,0,0,0.894759661,1.51783371,0.90279184,0,0,0,0,0,0,1.021139762,0,0,0,0,0,0,1.858228386,0.958592587,0.916958742,1.584962501,0,1.373875901,1.266997295,1.333072201,0,0,0,0,0,0,0,0
PPL,0,0,0,0,0,0,1.442864021,0.9499485,0,0,0,0,0,0,0,0,0,0,0,0,0,0,0,0,0,0,0,0,0,0,0,0,0,0,0,0,0,0
PPM1A,0,0,0,0,0,0,0.894759661,0.9499485,2.419108186,0,0,0,0,0,0,0,0,0,0,0,0,0,0,0,0,0,0,0,0,0,0,0,0,0,0,0,0,0
PPM1B,0,0,0,0,0,0,0.894759661,1.924256156,2.636470024,0,0,0,0,0,0,1.021139762,0.963485218,1.03574445,0,1.05142317,0,0,0,1.529484238,0.916958742,0,0,0,0,0,0,0,0,0,0,0,0,0
PPM1F,0,0,0,0,0,0,0,0,0,0,0,0,0,0,0,0,0,0,0,0,0,0,0,0,0,0,0,0,0,0,0,0,0,0,0,0,0,0
PPM1G,0,0,0,1.540237874,0.968891745,1.47881758,3.261982234,3.606636986,3.277509632,0,0.903929473,1.933791208,0.970922069,1.618677671,1.003619168,2.031594606,2.744180469,2.644053871,0,0,0,0,0,1.529484238,1.473143559,0,0,0,0,0,0,0,0,0,0,0,0,0
PPM1H,0,0,0,0,0,0,0,0,0,0,0,0,0,0,0,0,0,0,0,0,0,0,0,0,0,0,0,0,0,0,0,0,0,0,0,0,0,0
PPME1,0.996370196,0.961347078,2.919685889,0.966587184,1.953082406,2.669391044,2.149649735,2.500551849,2.992305255,0.96708259,1.455392216,1.526262086,1.546060213,2.362292771,2.590989414,2.620025286,2.744180469,2.053289965,0,0,0,0,2.426542826,2.5152748,1.473143559,0,0,0,0,0,0,0,0,0,0,0,0,0
PPP1CA,4.800346389,4.878421948,4.93313168,4.106148,4.110590354,4.168194276,3.703787505,3.812010579,3.812006199,4.328956263,4.394828067,4.499810006,3.40611886,3.631120459,3.591590723,3.94610422,3.392338026,3.873048029,2.972434909,3.677881073,4.30205236,4.66348089,3.285708808,3.508117252,3.840157301,3.169925001,4.820760544,5.232973694,5.059694252,5.227481751,2.867824406,0,0,0,0,0,0,0
PPP1CB,2.316116017,2.259576362,2.754024153,0,0,0,0,0,0,0.96708259,2.164986415,1.933791208,0,0,0,0,0,0,0,1.05142317,1.168913826,1.234105921,0.90705003,0.958592587,0.916958742,0,2.538745146,2.88100595,2.728226634,3.103821595,0,0,0,0,0,0,0,0
PPP1CC,1.994551864,1.941625202,1.791837015,0,0.968891745,0.921132385,0,0,0,0,0.903929473,0,0,0,0,0,0,0,0,0,0,0,0,0,0,0,1.380514028,2.529815193,2.383995806,1.333072201,0,0,0,0,0,0,0,0
PPP1R12A,0,0.961347078,0.864613417,0.966587184,1.953082406,0,0.894759661,0,0.90279184,0.96708259,1.455392216,0,0,0,0,0,0,0,0,0,0,0,0,0,0,0,0,1.373875901,0,0,0,0,0,0,0,0,0,0
PPP1R14B,0,0,0,0,0,0,0,0,0,0,0,0,0,0,0,0,0,0,0,0,0,0,1.459649025,1.529484238,1.873574051,1,0,0,0,0,0,0,0,0,0,0,0,0
PPP1R3D,0,0,0,0,0,0,0,0,0,0,0,0,0,0,0,0,0,0,0,0,0,0,0,0,0,0,0,0,0,0,0,0,0,0,2.69678497,0,3.474430172,2.600000002
PPP1R7,3.163465689,3.251589451,3.439652425,2.941009732,2.271827737,2.451014583,3.126593151,3.367096615,2.992305255,1.540903575,1.455392216,2.251195448,2.757142261,2.362292771,2.590989414,3.739228165,3.632289151,3.649832041,0,0,0,0,4.066410421,4.168436296,3.926957113,3.584962501,0,0,0,0,0,0,0,0,0,0,0,0
PPP2CA,4.241042231,4.317777446,4.313216014,2.528836668,3.265441068,3.026589061,2.149649735,1.51783371,1.851615862,2.529675346,2.827430592,2.731434726,2.757142261,3.044091598,2.590989414,2.620025286,2.263052434,2.378701702,1.714955817,2.669676924,2.246490367,2.9563868,1.459649025,2.735625828,2.85138244,2.321928095,2.538745146,2.064647663,1.931003366,2.013916734,0,0,0,0,0,0,0,0
PPP2CB,0,0,0,0,0,0,0,0,0,0,0,0,0,0,0,0,0,0,0,0,0,0,0,0,0,0,0,0,0,0,0,0,0,0,0,0,0,0
PPP2R1A,4.747888606,4.731858388,4.769097515,4.888809872,5.06821671,4.97188537,4.597000907,4.656890805,4.613612767,4.690806462,4.71498784,4.669311198,4.192326201,4.571693667,4.591891283,3.623485148,3.255521121,4.154027448,2.745703037,3.793987451,2.583445471,3.988767131,0,2.926737964,3.018820504,0,3.611795418,3.77960348,4.041997863,3.875236924,0,0,0,0,0,0,0,0
PPP2R2A,3.452825167,3.388364695,3.544865169,3.261216432,2.945112293,2.669391044,1.442864021,0.9499485,2.163087258,2.750456577,2.638521785,2.251195448,2.275117866,2.037874702,2.327714414,1.61308057,1.53606782,2.053289965,2.145448836,1.653127323,2.246490367,2.338300494,0.90705003,1.529484238,1.473143559,1,1.380514028,1.373875901,1.266997295,1.333072201,0,0,0,0,0,0,0,0
PPP2R2B,0,0,0,0,0,0,0,0,0,0,0,0,0,0,0,0,0,0,0,0,0,0,0,0,0,0,0,0,0,0,0,0,0,0,0,0,0,0
PPP2R4,0,0,0,0,0,0,0,0,0,0,0,0,0,0,0,0,0,0,0,0,0,0,0,0,0,0,0,0,0,0,0,0,0,0,0,0,0,0
PPP2R5A,0.996370196,0.961347078,0.864613417,0,0,0,0,0,0,0.96708259,1.455392216,1.526262086,0.970922069,0,0,0,0,0,0,0,0,0,0,0,0,0,0,0,0,0,0,0,0,0,0,0,0,0
PPP2R5D,0,0,0,0,1.543333959,0.921132385,0.894759661,0.9499485,0.90279184,0,0,0,1.546060213,1.618677671,1.589786044,0,0,0,0,0,0,1.234105921,0.90705003,0,0.916958742,0,0,0,0,1.333072201,0,0,0,0,0,0,0,0
PPP2R5E,0,0.961347078,1.401468483,0,0,0,0,0,0,0.96708259,0.903929473,0,0.970922069,0,1.589786044,0,0,0,0,0,0,0,0,0,0,0,0,0,0,0,0,0,0,0,0,0,0,0
PPP3CA,1.58012073,1.941625202,1.401468483,2.268089723,2.753608502,2.451014583,2.149649735,2.240990417,2.419108186,2.268893588,2.827430592,2.251195448,3.117818628,3.044091598,2.813553664,3.036793753,2.935479543,3.232871055,0,0,1.168913826,1.889360771,2.644143159,2.735625828,2.85138244,3,2.072868086,2.064647663,0,2.013916734,0,0,0,0,0,0,0,0
PPP4C,1.994551864,1.941625202,2.919685889,0.966587184,1.543333959,0.921132385,0.894759661,0.9499485,1.851615862,0,0.903929473,0,0,0,0,0,0.963485218,1.03574445,0,0,0,0,0,0.958592587,0.916958742,1,0,0,0,0,0,0,0,0,0,0,0,0
PPP4R3A,0,0,0,0.966587184,0,0.921132385,0.894759661,0.9499485,2.163087258,0,0,0,0,0,0,0,0,0,0,0,0,0,0,0,0,0,0,0,0,0,0,0,0,0,0,0,0,0
PPP5C,2.316116017,1.941625202,2.351701379,3.398093484,3.265441068,3.551296021,3.499731284,3.812010579,3.812006199,2.941892081,2.827430592,2.731434726,2.757142261,2.850560031,2.813553664,2.620025286,2.523580768,2.868099561,1.098576504,1.653127323,1.806054709,2.9563868,3.150050254,2.735625828,2.85138244,3,0,0,0,0,0,0,0,0,0,0,0,2.600000002
PPP6C,2.316116017,3.100475979,3.202968816,1.949586033,1.953082406,2.193583806,1.442864021,0.9499485,2.636470024,2.529675346,2.421096055,2.731434726,2.275117866,1.025359956,1.003619168,1.021139762,0.963485218,0,1.714955817,1.653127323,1.168913826,1.889360771,0.90705003,0,0.916958742,0,0,0,0,0,0,0,0,0,0,0,0,0
PPP6R1,0,0,0,0,0,0,0,0,0,0,0,0,0,0,0,0,0,0,0,0,0,0,0,0,0,0,0,0,0,0,0,0,0,0,0,0,0,0
PPP6R3,1.994551864,1.941625202,2.351701379,2.941009732,2.945112293,3.026589061,2.149649735,2.500551849,2.636470024,2.941892081,2.827430592,2.731434726,2.275117866,2.037874702,2.590989414,1.021139762,0.963485218,1.632427638,1.098576504,1.653127323,0,0,0.90705003,1.529484238,1.473143559,1,0,0,0,0,0,0,0,0,0,0,0,0
PPT1,0,0.961347078,3.068269276,2.268089723,2.271827737,2.859016798,3.882525857,3.904682107,3.515531724,0,0,0,0,0,0,1.61308057,1.53606782,1.632427638,0,0,0,0,0.90705003,0.958592587,1.473143559,0,0,0,0,0,0,0,0,0,0,0,0,0
PPT2,0,0,0,0,0,0,0.894759661,0.9499485,1.453839514,0,0,0,0,0,0,0,0,0,0,0,0,0,0.90705003,0.958592587,0.916958742,0,0,0,0,0,0,0,0,0,0,0,0,0
PRCP,0.996370196,1.533191662,0.864613417,2.749592966,2.532736393,2.193583806,2.977170172,2.911236342,2.419108186,1.540903575,1.455392216,1.526262086,2.757142261,2.850560031,3.006327599,3.036793753,2.744180469,2.868099561,0,1.05142317,0,0,3.150050254,2.926737964,2.85138244,2,0,0,0,0,0,0,1.989531496,1.933211842,0,0,0,0
PRDX1,3.693731392,3.513288396,2.754024153,4.183948616,4.188405325,4.488413743,4.997057701,4.988662966,5.052162952,3.745612183,3.982732963,4.438575266,4.698352774,4.748819682,4.650796994,5.326315303,5.21336944,5.316737246,4.429334296,4.488737827,4.76643055,5.004688779,5.396938296,5.409736317,5.259328812,5.129283017,4.220308535,4.08036687,4.041997863,4.572331312,3.385355532,3.404975348,3.986902457,3.916020257,2.69678497,3.724066632,2.598717113,2.600000002
PRDX2,3.693731392,3.734726159,3.439652425,3.843880539,3.84826838,3.935234957,4.743030372,4.546171463,4.712636366,2.750456577,3.144111598,3.724923947,3.852128841,4.134834924,4.176753604,4.847850914,4.928392348,4.822957165,3.340770694,3.793987451,4.20773121,3.988767131,4.94284502,4.87294656,4.878734507,5.169925001,3.789613418,3.601888181,3.771823672,3.338612139,2.053047961,2.069533795,2.795384697,1.933211842,0,0,0,0
PRDX3,0,0,0,0.966587184,0.968891745,2.669391044,3.126593151,3.491832663,3.980443085,0,0,0.956200116,0,0,0,2.620025286,2.744180469,2.053289965,0,0,0,0,2.833183695,2.735625828,2.661928568,2.584962501,0,0,0,0,0,0,0,0,0,0,0,0
PRDX4,0.996370196,1.533191662,1.401468483,4.023911454,4.188405325,4.017139547,2.810463839,2.720458447,2.825330619,4.459919147,3.982732963,4.003879849,5.557179125,5.830742787,5.707530315,4.625211972,4.572911484,4.975215962,4.503808314,4.852343856,4.30205236,3.86032243,4.459757716,4.82573371,4.834511809,5.426264755,2.538745146,2.064647663,1.266997295,0,4.526614972,4.335216011,4.793881411,5.435817649,5.299570037,6.091289205,5.185959353,5.54119875
PRDX5,3.800606572,3.628251645,3.642923751,3.843880539,4.028337769,3.65727565,4.041541069,4.426243371,4.663973997,4.328956263,4.563770935,4.374625784,3.531197087,3.367259864,3.466005187,4.287722758,4.25174067,4.066310474,4.179630012,4.620387821,4.20773121,4.500654413,4.40120489,4.776923373,4.360285502,2.321928095,4.900383898,4.54121905,4.718023325,4.745751636,4.06601068,0,3.309356743,2.7307681,0,0,0,0
PRDX6,3.163465689,3.100475979,3.068269276,2.941009732,1.953082406,2.859016798,3.703787505,3.491832663,3.898681406,3.1108756,3.144111598,3.242104959,2.757142261,3.044091598,2.813553664,3.497640075,3.392338026,3.523776826,1.098576504,2.076463354,0,1.889360771,4.570182849,4.443280938,4.536256295,4.321928095,3.789613418,3.937808665,3.771823672,3.540486385,0,0,0,0,0,0,0,0
PREP,2.316116017,2.931662233,3.979598316,4.74220736,4.463452526,4.651179586,4.917250524,4.988662966,5.08949235,3.844824317,4.453368265,4.163778281,4.643990279,4.571693667,4.46633308,4.684174691,4.736085546,4.768411021,2.476571387,3.260114038,2.856411626,3.563016736,4.814110669,4.776923373,4.834511809,4.584962501,0,0,1.266997295,1.333072201,0,0,0,0,0,0,0,0
PREPL,0,0,0,0,0.968891745,0,1.442864021,0.9499485,0,0,0,0,0,0,0,0,0,0,0,0,0,0,1.459649025,0,1.473143559,1,0,0,0,0,0,0,0,0,0,0,0,0
PRIC285,0,0,0,0,0,0,0,0,0,0,0,0,0,0,0,0,0,0,0,0,0,0,0,0,0,0,0,0,0,0,0,0,0,0,0,0,0,0
PRIM1,0,0,0,0,0,0,0,0,0,0,0,0,0,0,0,0,0,0,0,0,0,0,0,0,0,0,0,0,0,0,0,0,0,0,0,0,0,0
PRIM2,0.996370196,1.533191662,1.401468483,1.540237874,0.968891745,0,0,0,0,0,0,0,0,0,0,0,0,0,0,0,0,0,0,0,0,0,0,0,0,0,0,0,0,0,0,0,0,0
PRKAA1,0,0,1.401468483,0,0,0,0,0,0,0.96708259,1.455392216,0,0,0,0,0,0,0,0,0,0,0,0,0,0,0,0,1.373875901,0,2.013916734,0,0,0,0,0,0,0,0
PRKACA,0,0,0,0,0,0,0.894759661,1.924256156,2.825330619,0,0,0,0,1.025359956,0,1.021139762,0.963485218,1.03574445,0,0,0,0,1.459649025,0.958592587,0.916958742,1,0,0,0,0,0,0,0,0,0,0,0,0
PRKAG1,1.994551864,1.941625202,2.56684197,1.949586033,1.953082406,1.47881758,0.894759661,0.9499485,0.90279184,1.540903575,1.853383544,2.251195448,0.970922069,1.025359956,0,0,0,0,0,0,0,1.234105921,0,0,0,0,2.072868086,1.373875901,2.728226634,2.013916734,0,0,0,0,0,0,0,0
PRKAR1A,0.996370196,1.533191662,1.401468483,0,0,0,0,0,0,0,0.903929473,0.956200116,0,0,0,0,0,0,0,0,0,0,0,0,0,0,1.380514028,1.373875901,1.931003366,2.013916734,0,0,0,0,0,0,0,0
PRKAR2A,3.315387858,3.100475979,3.642923751,2.941009732,2.945112293,3.43690954,3.261982234,3.230546315,3.401423861,3.524028291,3.403637312,2.922454862,2.275117866,2.626984775,2.813553664,2.843407086,1.944875303,2.644053871,2.145448836,2.894418153,1.806054709,3.18810514,1.459649025,1.529484238,1.473143559,1,0,0,0,0,0,0,0,1.933211842,0,0,0,0
PRKCD,0,0,0,0,0,0,0,0,0,0,0,0,0,0,0,0,0,0,0,0,0,0,0,0,0,0,2.072868086,3.163224167,1.931003366,2.474606879,0,0,0,0,0,0,0,0
PRKCI,1.58012073,1.533191662,2.098758683,0,0,0.921132385,0,0,0,1.540903575,1.853383544,1.526262086,0,0,0,0,0,0,0,1.05142317,0,0,0,0,0,0,0,0,1.266997295,1.333072201,0,0,0,0,0,0,0,0
PRKCSH,0,0,0,1.949586033,1.953082406,2.451014583,3.703787505,4.073877018,4.20113292,0,3.403637312,3.916753108,2.275117866,3.214705715,2.813553664,5.595682612,5.387177946,5.278214014,2.972434909,3.413209566,2.246490367,0,4.209776525,5.088288249,5.118898392,4.700439718,0,0,1.266997295,0,0,0,3.309356743,3.617789703,2.69678497,0,2.598717113,0
PRKDC,6.332671201,6.244564448,6.772841376,0.966587184,0.968891745,0,0,0,0,5.817194467,6.143484067,5.585252402,0,1.025359956,1.003619168,0,0,0,2.145448836,3.08882233,3.283768429,4.738484069,0,0,0,0,0,0,0,0,0,0,0,0,0,0,0,0
PRKRA,0,0,0,0,0,0,0,0,0,1.950337883,1.455392216,1.933791208,0,0,0,0,0.963485218,0,0,0,0,0,0,0,0,0,0,0,0,0,0,0,0,0,0,0,0,0
PRKRIR,0,0,0,0,0,0,0,0,0,0,0,0,0,0,0,0,0,0,0,0,0,0,0,0,0,0,0,0,0,0,0,0,0,0,0,0,0,0
PRMT1,5.162858643,5.281144986,5.276466058,4.635482004,4.89336671,4.598938406,3.964223206,4.073877018,4.131254579,4.328956263,4.133559819,4.086043188,4.266169311,4.21745889,4.32879677,2.031594606,2.263052434,2.644053871,3.760834352,3.08882233,4.106809436,4.500654413,2.426542826,2.5152748,2.661928568,0,0,0,0,0,0,0,0,0,0,0,0,0
PRMT3,0.996370196,1.533191662,1.791837015,0,0,0,0,0,0,1.540903575,1.853383544,0.956200116,0,0,0,0,0,0,0,1.05142317,0,0,0,0,0,0,0,0,0,0,0,0,0,0,0,0,0,0
PRMT5,4.241042231,4.625163985,4.811887427,5.021879652,4.846130027,4.488413743,2.149649735,0.9499485,1.453839514,3.745612183,3.722048161,3.242104959,4.33641615,4.047190029,4.176753604,1.021139762,0.963485218,0,3.633934435,3.551606284,2.856411626,2.9563868,0,0,0,0,0,0,0,0,0,0,0,0,0,0,0,0
PROCR,2.316116017,2.519953374,1.401468483,0,0,0,2.149649735,1.924256156,1.851615862,0,0,0,0,0,0,1.61308057,0.963485218,1.632427638,0,0,1.168913826,0,2.170190716,1.937434512,2.186666421,2,1.380514028,1.373875901,1.931003366,1.333072201,2.053047961,0,0,1.933211842,0,0,0,0
PROM1,5.774223437,5.82986225,4.811887427,1.949586033,2.532736393,0.921132385,0,0,0,4.889790045,3.982732963,4.61499383,0,1.025359956,0,0,0,0,3.494786352,2.894418153,3.613037926,4.94259963,0,0,0,0,6.922088885,6.892181714,6.862219845,6.955013638,7.279295473,7.41335743,6.714077974,6.370727488,2.69678497,0,0,0
PRPF19,3.993186609,3.926654829,4.12242704,4.023911454,3.84826838,4.368714044,3.385748712,3.491832663,3.401423861,2.750456577,3.144111598,2.511206051,0.970922069,1.618677671,1.003619168,0,0,0,0,1.05142317,1.806054709,0,0,0,0,0,0,0,0,0,0,0,0,0,0,0,0,0
PRPF31,0,0,0,0,0,0,0,0,0,0,0,0,0,0,0,0,0,0,0,0,0,0,0,0,0,0,0,0,0,0,0,0,0,0,0,0,0,0
PRPF4,3.163465689,3.251589451,3.544865169,1.540237874,0.968891745,1.47881758,0,0,0.90279184,0,0,0,0,0,0,0,0,0,0,0,0,0,0,0,0,0,0,0,0,0,0,0,0,0,0,0,0,0
PRPF40A,1.58012073,1.941625202,1.401468483,0.966587184,1.543333959,0.921132385,1.442864021,0.9499485,1.453839514,0,0,0,0,0,0,0,0,0,0,0,0,0,0,0,0,0,0,0,0,0,0,0,0,0,5.299570037,4.272170993,5.688593684,5.54119875
PRPF4B,0.996370196,1.533191662,2.56684197,0,0,1.47881758,0,1.51783371,1.453839514,0,0,0,0,0,0,0,0,0,0,0,0,0,0,0,0,0,0,0,0,0,0,0,0,0,0,0,0,0
PRPF8,4.385395623,4.38471777,4.724999573,4.635482004,5.224147734,4.544734225,1.839113208,0.9499485,2.163087258,4.184907225,3.814276912,4.003879849,3.117818628,2.626984775,2.813553664,0,0,0,1.714955817,2.894418153,3.085856525,4.106705299,0,0,0,0,0,0,0,0,0,0,2.795384697,3.241403097,2.69678497,3.724066632,5.946958394,4.717776833
PRPS1,0,0.961347078,1.401468483,0,0,0.921132385,0,0,0,1.540903575,1.455392216,1.526262086,0,1.025359956,1.003619168,0,0,0,0,0,0,0,0,0,0,0,0,0,0,0,0,0,0,0,0,0,0,0
PRPS2,3.452825167,3.734726159,3.734739458,2.941009732,3.265441068,3.176707196,2.149649735,2.720458447,3.515531724,3.844824317,3.722048161,3.378779227,2.536168495,2.626984775,1.003619168,0,0.963485218,1.632427638,2.476571387,2.894418153,2.246490367,3.18810514,0,1.529484238,0.916958742,0,0,0,0,0,0,0,0,0,0,0,0,0
PRPSAP1,2.316116017,2.519953374,3.202968816,0.966587184,0,0.921132385,0,0,0,3.524028291,3.517762757,3.503618698,0.970922069,1.618677671,0,0,0,0,2.145448836,2.403347751,2.246490367,2.680193992,0,0,0,0,0,0,0,0,0,0,0,0,0,0,0,0
PRPSAP2,1.58012073,0.961347078,1.791837015,0,0.968891745,0,0,0,0,2.268893588,2.421096055,2.251195448,0,0,0,0,0,0,0,1.05142317,1.168913826,1.889360771,0,0,0,0,0,0,0,0,0,0,0,0,0,0,0,0
PRRC1,0,0,0,0,0,0,0.894759661,1.51783371,0.90279184,0,0,0,0,0,0,1.021139762,0.963485218,1.03574445,0,0,0,0,1.459649025,0.958592587,1.873574051,1,0,0,0,0,0,0,0,0,0,0,0,0
PRSS2,0,0,0,0,0,0,1.839113208,1.51783371,0.90279184,0,0,0,0,0,0,1.021139762,0,0,1.098576504,0,0,1.234105921,1.459649025,0.958592587,1.473143559,1,0,0,0,2.013916734,0,0,0,0,0,0,0,2.600000002
PRSS22,2.316116017,2.259576362,0.864613417,2.528836668,2.945112293,2.451014583,3.882525857,4.151572014,3.401423861,0,0,0,0,0,0,1.61308057,1.944875303,1.632427638,0,0,0,0,1.858228386,2.2550935,1.473143559,1,0,0,0,0,0,0,0,0,0,0,0,0
PRSS23,4.636878881,4.625163985,3.979598316,3.63813725,3.265441068,2.193583806,0,0,0,0,0,0,0,0,0,0,0,0,0,0,0,0,0,0,0,0,0,0,0,0,0,0,0,0,0,2.829306972,0,0
PRSS3,0,0,0,0,0,0,0,0,0,0,0,0,0,0,0,0,0,0,0,0,0,0,0,0,0,0,0,0,0,0,0,0,0,0,0,0,0,0
PRSS33,1.58012073,1.533191662,0,0.966587184,0,0,0,0,0,0,0,0,0,0,0,0,0,0,0,0,0,0,0,0,0,0,0,0,0,0,0,0,0,0,0,0,0,0
PRSS8,1.994551864,0.961347078,0,0.966587184,0.968891745,0.921132385,2.405039482,2.911236342,2.419108186,0.96708259,0.903929473,1.526262086,0.970922069,1.618677671,1.589786044,3.359759433,2.935479543,3.523776826,0,0,1.168913826,0,3.285708808,3.508117252,3.543195199,3.906890596,3.408938331,3.399164795,3.439119207,3.103821595,4.314617226,3.404975348,3.986902457,3.916020257,2.69678497,0,0,0
PRTFDC1,0,0,0,0,0,0.921132385,0.894759661,0,0.90279184,0.96708259,0.903929473,0,0.970922069,0,0,0,0,0,0,0,0,0,0.90705003,1.529484238,0.916958742,1.584962501,0,0,0,0,0,0,0,0,0,0,0,0
PRUNE,0,0,0,0,0,0,0,0,0,0,0,0,0,0,0,0,0,0,0,0,0,0,0,0,0,0,0,0,0,0,0,0,0,0,0,0,0,0
PSAP,0,0,0,4.74220736,4.640008333,4.750307937,4.743030372,4.988662966,5.052162952,1.540903575,3.982732963,4.374625784,5.030471481,5.178152269,5.007003913,5.250309069,5.21336944,5.390828628,3.494786352,4.265567955,3.283768429,0,4.276448399,4.563274934,4.642674584,4.169925001,0,0,0,0,0,0,0,0,0,0,0,0
PSAT1,0,0,0,3.261216432,3.265441068,3.65727565,4.376005728,4.151572014,4.974475223,2.268893588,3.517762757,3.378779227,3.944989053,3.95387427,4.00677851,4.361832367,4.321949729,4.389102439,0,1.05142317,0,2.338300494,4.67275357,4.619725645,4.788890577,4.754887502,0,0,0,0,0,0,0,0,0,0,0,0
PSEN1,1.58012073,1.533191662,1.401468483,0,0,0,0,0,0,0.96708259,0,0,0,0,0,0,0,0,0,0,0,0,0,0,0,0,2.538745146,2.88100595,2.383995806,1.333072201,2.867824406,0,0,0,0,0,0,0
PSMA1,4.577997335,4.56870409,4.252380623,5.688551067,5.693175536,5.817706721,0.894759661,0.9499485,0,5.519778446,4.762065226,5.122960291,6.614259119,6.525459912,6.561741415,2.355604609,2.523580768,2.378701702,6.165285752,6.006339061,6.269665984,4.106705299,3.989004793,4.008505655,3.304702086,4.087462841,2.538745146,2.529815193,1.931003366,1.333072201,6.135370476,7.728163149,6.672661905,7.060643035,6.790134602,6.793530178,5.946958394,6.357655108
PSMA2,3.993186609,4.096022377,3.544865169,5.291621636,5.462056869,5.56886065,1.442864021,1.924256156,0,5.02286284,4.509625417,4.868182395,6.511732687,6.407231069,6.177054123,3.036793753,3.255521121,3.061983348,6.317573126,5.622514619,6.31561483,3.719314538,3.523873876,3.828609566,3.304702086,4.087462841,3.172816473,3.163224167,3.005940259,2.013916734,6.624164497,7.706241516,7.386987573,7.960441869,6.990067128,7.144337134,6.060635542,7.05131253
PSMA3,3.315387858,3.628251645,2.919685889,4.978872542,5.296217192,5.234104327,0.894759661,0.9499485,0,4.793726137,3.722048161,4.558551138,6.208811107,6.219520329,5.984394736,2.355604609,2.263052434,2.053289965,5.801903135,5.558287677,5.928946575,3.988767131,2.426542826,3.095469549,2.661928568,3.459431619,2.538745146,2.529815193,1.931003366,1.333072201,5.3905174,6.898545444,6.395581182,6.9333239,6.175648524,5.955900122,5.688593684,5.690100326
PSMA4,3.900107558,4.317777446,3.544865169,5.256039888,5.493054055,5.541442102,1.442864021,1.51783371,0,5.257027753,4.394828067,4.669311198,6.58570172,6.115633274,6.15687483,3.739228165,3.392338026,3.523776826,6.232529173,5.957373294,6.246130857,3.86032243,3.523873876,3.828609566,3.649121172,3.459431619,2.89033867,3.163224167,2.383995806,1.333072201,5.683614583,7.56721911,6.493973995,6.597643245,6.639579213,6.434671102,5.185959353,5.825061276
PSMA5,3.578300868,4.013822575,3.642923751,4.934543882,5.186716361,5.234104327,0.894759661,1.51783371,0,4.793726137,3.982732963,4.374625784,6.091837462,6.199332776,5.839992777,1.021139762,1.944875303,2.053289965,5.54403147,5.525069138,5.48203586,3.563016736,3.000298925,3.623042415,3.018820504,3.807354922,2.538745146,1.373875901,1.266997295,0,5.494973884,6.394638679,5.60102145,5.693286396,3.581002772,2.829306972,0,3.475828426
PSMA6,3.900107558,4.317777446,3.902505716,5.326346899,5.462056869,5.648121866,0.894759661,1.51783371,0.90279184,5.257027753,4.71498784,4.868182395,7.263548826,7.083327553,6.92603292,2.620025286,3.104356784,3.232871055,7.244783847,6.86836481,6.93188493,4.738484069,3.989004793,3.828609566,3.304702086,4.087462841,3.408938331,3.163224167,3.238727139,2.474606879,5.683614583,7.892486638,6.793505345,7.060643035,6.926452558,6.944232161,6.166006039,6.745777728
PSMA7,3.693731392,3.734726159,3.642923751,5.021879652,4.939105679,5.267956809,1.442864021,1.51783371,1.453839514,4.842557512,4.270100252,4.820975154,6.189962322,6.137017777,6.073210837,3.036793753,3.104356784,3.385643851,6.094754263,5.85415498,6.222205419,3.988767131,3.728236298,4.008505655,3.747798963,4.169925001,2.89033867,2.529815193,3.005940259,2.013916734,5.999917809,8.108450585,6.9403346,6.998387516,6.926452558,7.080670267,5.823551975,7.105357398
PSMB1,4.315023641,4.173790108,3.979598316,5.688551067,5.771115434,5.840384273,1.839113208,0.9499485,0,5.635146528,4.509625417,5.122960291,6.571208205,6.664487334,6.57700898,3.207295283,3.392338026,3.061983348,6.41727934,6.006339061,6.360145296,4.317084986,3.728236298,4.09068599,3.428871228,4.321928095,3.408938331,3.601888181,3.238727139,0,6.198608227,7.986429694,7.041413062,7.480586832,6.716819956,7.080670267,6.264201628,6.265718066
PSMB10,0.996370196,0.961347078,0,2.941009732,2.753608502,2.669391044,0,0,0,2.750456577,1.455392216,2.251195448,3.852128841,3.854102726,3.707114185,0,0,0,3.494786352,3.260114038,3.613037926,0,0.90705003,0.958592587,0,1.584962501,0,0,0,0,2.053047961,2.069533795,2.795384697,3.617789703,0,0,0,0
PSMB2,3.578300868,3.628251645,3.544865169,4.579004779,4.797294216,5.012391479,0,0.9499485,0,4.690806462,3.982732963,4.307709643,6.761955532,5.749770924,5.498922119,2.355604609,2.744180469,2.868099561,5.273041649,4.852343856,5.521780932,2.680193992,3.285708808,3.095469549,2.85138244,3.584962501,0,0,0,0,4.711414598,6.156744912,6.052323816,6.215196414,3.581002772,4.668420179,2.598717113,4.016906216
PSMB3,3.900107558,3.734726159,3.068269276,5.063641734,5.06821671,5.090143659,1.839113208,1.51783371,0,4.842557512,4.133559819,4.438575266,5.872966052,5.663982828,5.814455425,2.031594606,1.53606782,2.378701702,5.57890101,5.420561938,5.739680411,3.563016736,3.150050254,3.508117252,2.443780137,3.906890596,2.538745146,2.064647663,1.931003366,1.333072201,5.683614583,6.898545444,6.868787097,7.205454383,6.175648524,6.091289205,5.373641915,6.265718066
PSMB4,3.163465689,3.388364695,3.068269276,4.74220736,4.797294216,4.887292885,0,0,0,4.521196453,3.62351829,4.307709643,5.986548409,5.693149358,5.67951322,1.61308057,1.944875303,1.632427638,5.434061681,5.004709356,5.11717287,2.9563868,2.426542826,2.5152748,2.186666421,3,1.380514028,1.373875901,1.266997295,0,5.683614583,6.973874051,6.540763282,7.568913762,6.557967965,6.434671102,5.373641915,6.062148952
PSMB5,2.993641837,3.628251645,3.068269276,4.458950855,4.583523545,4.843060841,0,0,0,4.459919147,3.62351829,3.916753108,5.368904645,5.21883351,5.216487736,2.355604609,2.263052434,1.632427638,5.273041649,5.098022574,5.168154978,3.563016736,3.000298925,2.926737964,2.85138244,3.321928095,2.072868086,1.373875901,0,0,5.769425326,7.386039437,6.493973995,6.718425434,6.557967965,6.329038256,4.716298833,5.825061276
PSMB6,3.163465689,3.388364695,3.439652425,4.579004779,4.846130027,5.012391479,1.839113208,1.51783371,0,4.107103517,3.403637312,4.003879849,5.89640918,5.830742787,5.59204154,3.036793753,2.744180469,2.868099561,5.273041649,4.741022553,5.168154978,2.680193992,2.644143159,2.735625828,2.661928568,3.459431619,3.172816473,2.88100595,3.005940259,2.013916734,5.022286887,6.280589698,5.767640061,6.32072392,5.083269848,5.63977081,2.598717113,4.717776833
PSMB7,3.315387858,3.100475979,3.642923751,4.792748321,4.640008333,5.012391479,0,0,0,4.39592324,3.279702347,4.086043188,6.449699453,5.830742787,5.62179195,2.355604609,1.944875303,1.632427638,5.434061681,4.741022553,5.217396799,1.889360771,3.150050254,2.735625828,2.186666421,3.321928095,0,0,1.931003366,0,4.06601068,5.790711358,5.767640061,5.91169016,2.69678497,4.668420179,0,2.600000002
PSMB8,2.316116017,3.100475979,2.098758683,4.635482004,4.694364685,4.544734225,0,0,0,4.258728859,3.62351829,3.503618698,5.264672474,5.572769122,5.364605392,2.031594606,2.263052434,2.378701702,5.139264357,5.142509327,5.399101928,3.563016736,2.833183695,3.095469549,3.018820504,3.459431619,2.072868086,2.064647663,1.266997295,0,5.155749018,6.448451237,5.686734793,6.040849269,5.938264613,4.272170993,5.373641915,5.690100326
PSMB9,1.58012073,1.941625202,0,2.528836668,3.114149002,2.451014583,0,0,0,2.268893588,1.853383544,1.933791208,3.646291178,3.854102726,3.91363905,0,0,0,2.745703037,3.08882233,3.283768429,1.889360771,0,0,0,1.584962501,0,0,0,0,2.867824406,2.069533795,2.795384697,2.7307681,0,0,0,2.600000002
PSMC1,4.080622667,4.173790108,4.252380623,3.523102099,3.527408274,3.551296021,0,0,0,3.844824317,3.62351829,3.242104959,2.757142261,2.850560031,2.813553664,0,0,0,2.145448836,2.076463354,1.168913826,2.680193992,0,0,0,0,0,0,0,0,0,0,0,0,0,0,0,0
PSMC2,4.747888606,4.509944325,4.679511102,4.106148,4.028337769,3.43690954,0,0.9499485,0,4.107103517,4.333811653,4.003879849,2.536168495,3.044091598,3.176352815,0,0,0,2.745703037,3.793987451,2.856411626,2.680193992,0,0,0,0,0,0,0,0,0,0,0,0,0,0,0,0
PSMC3,4.693451201,4.448689336,4.533749939,3.63813725,3.84826838,3.176707196,2.405039482,2.500551849,2.163087258,4.024863517,4.394828067,4.307709643,1.956160331,2.362292771,3.006327599,1.021139762,0,1.03574445,2.145448836,3.413209566,1.168913826,3.18810514,0,0,0,0,0,0,0,0,0,0,0,0,2.69678497,0,0,0
PSMC4,4.16306102,4.317777446,4.313216014,3.936702387,2.945112293,3.312666648,0,0,0,4.459919147,4.453368265,4.163778281,2.275117866,3.367259864,3.176352815,0,0,0,3.633934435,4.265567955,3.613037926,3.86032243,0,0,0,0,0,0,0,0,0,0,0,0,0,0,0,0
PSMC5,4.452494049,4.38471777,4.583991197,3.63813725,3.64247482,3.551296021,0,0,0,3.745612183,3.982732963,3.916753108,1.546060213,2.037874702,2.005425354,0,0,0,3.340770694,3.793987451,3.085856525,3.719314538,0,0,0,0,0,0,0,0,0,0,0,0,0,0,0,0
PSMC6,4.315023641,4.38471777,4.371589565,3.936702387,3.64247482,3.65727565,1.442864021,1.924256156,1.453839514,4.184907225,4.060116522,4.003879849,2.275117866,2.850560031,3.176352815,1.021139762,0,0,3.340770694,3.901441717,2.246490367,3.988767131,0,0,0,0,0,0,0,0,0,0,0,0,0,0,0,0
PSMD1,4.899864715,4.782385471,4.679511102,4.327992353,4.028337769,4.168194276,2.405039482,1.924256156,2.636470024,4.328956263,4.333811653,4.374625784,3.269158334,3.367259864,3.814069025,1.021139762,0,0,3.168326031,3.901441717,2.583445471,2.9563868,0,0,0,0,0,0,0,0,0,0,0,0,0,0,0,0
PSMD11,3.993186609,3.833879792,4.252380623,3.63813725,3.114149002,3.312666648,0,0,0,3.639070203,3.722048161,3.618510617,3.269158334,3.044091598,3.176352815,0,0,0,2.476571387,3.413209566,2.583445471,3.387705307,0,0,0,0,0,0,0,0,0,0,0,0,0,0,0,0
PSMD12,4.452494049,4.448689336,4.371589565,3.843880539,3.527408274,3.756000002,0,0,0,4.258728859,3.982732963,3.618510617,3.40611886,3.746915315,3.91363905,0,0,0,3.760834352,3.901441717,4.390583544,4.411787418,0,0,0,0,0,0,0,0,0,0,0,0,0,0,0,0
PSMD13,4.241042231,4.317777446,4.533749939,3.63813725,3.527408274,3.756000002,0.894759661,0.9499485,0.90279184,3.937650566,3.517762757,3.242104959,2.757142261,3.044091598,3.176352815,0,0,0,2.745703037,3.413209566,3.085856525,4.106705299,0,0,0,0,0,0,0,0,0,0,0,0,0,0,0,0
PSMD14,3.993186609,3.734726159,3.821059837,3.261216432,3.265441068,3.176707196,0,0,0,3.524028291,3.279702347,3.091114753,1.956160331,2.362292771,2.327714414,0,0,0,2.476571387,2.669676924,0,1.234105921,0,0,0,0,0,0,0,0,0,0,0,0,0,0,0,0
PSMD2,5.80021628,5.730422362,5.828273982,5.634152546,5.638773507,5.817706721,4.490730752,4.295434599,4.267782425,5.519778446,5.360123829,5.497901882,5.112835772,5.136290526,5.364605392,3.846371158,3.392338026,3.873048029,5.091765641,5.185665227,4.893058371,4.94259963,3.820496403,3.383238525,3.543195199,4.169925001,0,0,0,0,0,0,0,0,0,0,0,0
PSMD3,4.747888606,4.625163985,4.481695725,4.183948616,3.527408274,3.935234957,0.894759661,0.9499485,0.90279184,4.184907225,4.203444751,4.086043188,3.752877906,3.854102726,3.91363905,1.61308057,1.53606782,2.053289965,3.168326031,4.094962341,3.880945927,4.500654413,0.90705003,0.958592587,0.916958742,1,0,0,0,0,0,0,0,0,0,0,0,0
PSMD4,0,0.961347078,1.401468483,0,0,0,0,0,0.90279184,0.96708259,0.903929473,0.956200116,0,0,1.003619168,0,0,0,1.098576504,1.05142317,0,1.234105921,0,0,0,0,0,0,0,0,0,0,0,0,0,0,0,0
PSMD5,3.993186609,4.013822575,3.821059837,3.936702387,3.749037927,4.238176971,2.149649735,1.924256156,3.401423861,3.844824317,3.814276912,3.242104959,2.275117866,2.362292771,2.327714414,0,0,0,2.972434909,3.551606284,0,3.563016736,0,0,0,0,0,0,0,0,0,0,0,0,0,0,0,0
PSMD6,4.693451201,4.509944325,4.533749939,4.106148,4.028337769,4.168194276,0.894759661,1.51783371,2.163087258,4.024863517,3.62351829,3.824024523,3.269158334,3.505214095,3.328436075,1.021139762,0.963485218,1.03574445,3.494786352,3.551606284,4.20773121,3.988767131,0.90705003,0.958592587,0.916958742,1,0,0,0,0,0,0,1.989531496,0,0,0,0,0
PSMD7,3.900107558,3.833879792,4.313216014,3.843880539,3.527408274,3.756000002,0.894759661,0.9499485,1.851615862,3.745612183,3.722048161,3.618510617,3.117818628,3.214705715,2.813553664,1.021139762,0.963485218,1.03574445,3.340770694,3.677881073,3.753201815,2.9563868,0,0.958592587,0,0,0,0,0,0,0,0,1.989531496,1.933211842,0,0,0,0
PSMD8,2.801126798,3.100475979,2.919685889,1.949586033,2.271827737,1.880020556,0,0,1.453839514,2.268893588,2.164986415,1.933791208,0.970922069,2.037874702,2.327714414,1.021139762,0,0,0,0,1.806054709,0,0,0,0.916958742,0,0,0,0,0,0,0,0,0,0,0,0,0
PSMD9,0,0,0,0,0,0,0,1.51783371,0.90279184,1.540903575,1.455392216,0.956200116,0,0,0,0,0,0,0,0,0,0,0,0,0,0,0,0,0,0,0,0,0,0,0,0,0,0
PSME1,0,1.533191662,2.56684197,2.268089723,2.945112293,3.176707196,4.544844102,4.546171463,4.892364797,2.529675346,3.517762757,3.824024523,3.752877906,3.505214095,3.466005187,4.898527986,5.249846723,4.768411021,1.714955817,2.894418153,2.246490367,1.889360771,5.238737314,5.047714827,5.190821597,4.321928095,0,0,0,0,0,0,0,0,0,0,0,0
PSME2,2.578907744,2.740444656,2.754024153,3.398093484,2.945112293,3.312666648,4.434508325,4.602593015,4.451035312,3.745612183,3.982732963,4.086043188,4.032231982,3.854102726,4.00677851,4.563736391,4.736085546,4.768411021,2.745703037,3.793987451,2.583445471,2.680193992,4.276448399,4.619725645,4.536256295,3.906890596,0,2.529815193,2.728226634,1.333072201,0,0,0,0,0,0,0,0
PSME3,3.452825167,3.388364695,3.202968816,2.941009732,2.945112293,2.859016798,2.405039482,2.240990417,1.851615862,2.750456577,2.827430592,2.922454862,4.032231982,4.295606161,4.00677851,3.207295283,3.255521121,3.232871055,2.476571387,3.08882233,2.583445471,2.680193992,2.426542826,2.926737964,3.018820504,1.584962501,0,0,0,0,0,0,0,0,0,0,0,0
PSME4,3.452825167,3.513288396,3.734739458,2.941009732,3.527408274,0.921132385,0.894759661,0,0,0.96708259,2.827430592,0.956200116,2.275117866,2.362292771,2.005425354,0,0,0,0,0,0,1.234105921,0,0,0,0,0,0,0,0,0,0,0,0,0,0,0,0
PSMF1,0,0,0,0,0,0,0,0,0,0,0,0,0,0,0,0,0,0,0,0,0,0,0,0,0,0,0,0,0,0,0,0,0,0,0,0,0,0
PSMG1,0.996370196,0.961347078,1.401468483,1.540237874,0.968891745,0.921132385,0.894759661,0.9499485,1.453839514,1.540903575,1.455392216,1.526262086,0.970922069,1.025359956,1.003619168,1.021139762,0,1.03574445,0,0,0,0,0,0,0,0,0,0,0,0,0,0,0,0,0,0,0,0
PSMG2,0.996370196,0.961347078,1.401468483,0.966587184,0,0.921132385,0,0,0,0.96708259,0.903929473,0.956200116,0.970922069,0,1.003619168,0,0,0,1.098576504,0,0,1.234105921,0.90705003,0,0,0,0,0,0,0,0,0,0,0,0,0,0,0
PSPC1,1.58012073,1.533191662,2.56684197,1.540237874,1.543333959,1.47881758,1.839113208,1.924256156,1.851615862,1.540903575,1.455392216,0.956200116,0,0,0,0,0,0,0,0,0,0,0,0,0,0,0,0,0,0,0,0,0,0,0,0,0,0
PSPH,0,0,0,0,0,0,1.442864021,2.240990417,1.851615862,0,0,0.956200116,0,0,0,2.843407086,2.744180469,2.868099561,0,0,0,0,3.285708808,3.246517199,2.85138244,1.584962501,0,0,0,0,0,0,0,0,0,0,0,0
PSTPIP2,1.58012073,0.961347078,1.401468483,0,0.968891745,0,0.894759661,0.9499485,0.90279184,0.96708259,0,0,0,0,0,0,0,0,0,0,0,0,0,0,0,0,0,0,0,0,0,0,0,0,0,0,0,0
PTBP1,2.801126798,2.740444656,3.326158875,1.949586033,1.543333959,2.669391044,4.114925189,3.991758476,4.20113292,1.540903575,2.164986415,2.511206051,1.956160331,1.618677671,2.005425354,2.620025286,3.392338026,2.868099561,1.098576504,1.05142317,1.168913826,0,3.820496403,4.168436296,3.747798963,0,0,0,0,0,0,0,0,0,0,0,0,0
PTER,0,0,0.864613417,0,0,0,0,0,0,0,0,0,1.546060213,1.025359956,0,1.021139762,0.963485218,1.03574445,0,0,0,0,1.459649025,1.529484238,1.473143559,2,0,0,0,0,0,0,0,0,0,0,0,0
PTGES2,0,0,2.351701379,0,0,0,0,0,0,0,0,0,0,0,0,0,0,0,0,0,0,0,0,0,0,0,0,0,0,0,0,0,0,0,0,0,0,0
PTGES3,2.801126798,2.740444656,3.068269276,2.528836668,1.953082406,2.193583806,2.149649735,2.500551849,2.636470024,3.1108756,2.827430592,2.731434726,1.956160331,2.037874702,2.590989414,1.61308057,1.944875303,2.053289965,2.145448836,2.894418153,3.085856525,3.18810514,2.426542826,2.5152748,2.85138244,1.584962501,1.380514028,2.88100595,2.383995806,2.474606879,0,0,0,0,0,0,0,0
PTGFRN,6.1013613,6.132171286,5.080404724,2.749592966,3.265441068,1.47881758,0,0,0,4.889790045,3.279702347,4.374625784,1.546060213,0,1.003619168,0,0,0,3.633934435,2.403347751,3.085856525,4.317084986,0,0,0,0,6.128361084,5.559434016,6.292102284,6.662198075,5.683614583,5.176825834,5.073900853,4.557799622,0,0,0,0
PTGR1,0,0,0,0,0,0.921132385,0.894759661,0.9499485,0.90279184,0,0.903929473,0.956200116,0,0,0,0,0,0,0,0,0,0,0,1.529484238,0.916958742,1,0,0,0,0,0,0,0,0,0,0,0,0
PTK2,0.996370196,0,0,0.966587184,0.968891745,1.880020556,1.442864021,0,1.851615862,0.96708259,0.903929473,0.956200116,1.546060213,1.618677671,1.589786044,0,0,0,0,1.653127323,0,0,0,0,0,0,1.380514028,0,1.266997295,1.333072201,0,0,0,0,0,0,0,0
PTK7,0,0,0,0,0,1.47881758,3.703787505,3.904682107,3.141943704,4.024863517,4.270100252,5.042931425,4.643990279,4.633183863,4.650796994,6.041327688,5.971565963,5.76973831,5.273041649,5.185665227,5.217396799,3.387705307,5.022698926,5.127751754,5.043200573,5.906890596,5.70916816,5.170585996,5.942135981,6.018238326,4.526614972,2.069533795,4.793881411,4.373878798,0,2.829306972,0,0
PTMA,0,0,0,0,0,0,2.149649735,2.720458447,2.825330619,0.96708259,1.853383544,2.731434726,0,0,0,2.031594606,2.263052434,2.378701702,0,0,0,0,4.139873595,4.443280938,4.590446441,4.087462841,0,0,0,0,0,0,0,0,0,0,0,0
PTP4A1,0,0.961347078,1.401468483,0,0,0,0,0,0,0,0,0,0,0,0,0,0,0,0,0,0,0,0,0,0,0,2.072868086,2.529815193,1.931003366,2.474606879,0,0,0,0,0,0,0,0
PTP4A2,0.996370196,1.533191662,0,0,0,0,0,0,0,0,0,0,0,0,0,0,0,0,0,0,0,0,0,0,0,0,2.89033867,2.064647663,2.728226634,1.333072201,0,0,0,0,0,0,0,0
PTPA,0,0,0,0,0,0.921132385,3.385748712,3.230546315,3.980443085,0,0.903929473,0.956200116,0,0,0,3.497640075,2.744180469,2.868099561,0,0,0,1.234105921,3.629670641,3.729484261,3.428871228,3.584962501,0,0,1.266997295,0,0,0,0,0,0,0,0,0
PTPN1,1.58012073,1.533191662,1.791837015,1.540237874,0,1.47881758,0,0,0,0,0,0,0,0,0,0,0,0,0,0,0,0,0,0,0,0,0,0,0,0,0,0,0,0,0,0,0,0
PTPN11,2.316116017,1.941625202,1.401468483,0.966587184,0.968891745,2.193583806,3.126593151,3.606636986,3.401423861,1.540903575,1.853383544,1.526262086,0.970922069,1.618677671,1.589786044,2.620025286,1.944875303,2.644053871,0,0,0,0,3.40970041,3.623042415,3.543195199,2.807354922,3.172816473,3.399164795,3.439119207,3.103821595,0,0,0,0,0,0,0,0
PTPN12,0.996370196,0.961347078,1.401468483,0,0,0,0,0,0,0.96708259,1.455392216,0,0,0,0,0,0,0,0,0,0,0,0,0,0,0,0,0,0,0,0,0,0,0,0,0,0,0
PTPN21,0,0,0,0,0,0,0,0,0,0,0,0,0,0,0,0,0,0,0,0,0,0,0,0,0,0,0,0,0,0,0,0,0,0,0,0,0,0
PTPN23,0.996370196,1.533191662,1.401468483,0.966587184,0.968891745,0.921132385,0.894759661,1.51783371,1.453839514,1.540903575,1.853383544,0,0,0,0,0,0,0,0,0,0,0,0,0,0,0,3.408938331,2.529815193,2.728226634,3.338612139,0,0,0,0,0,0,0,0
PTPN6,1.58012073,1.533191662,1.401468483,0.966587184,0,0.921132385,0,0,0.90279184,1.540903575,0.903929473,0.956200116,0,0,0,0,0,0,0,0,0,0,0,0,0,0,1.380514028,1.373875901,2.383995806,2.013916734,0,0,0,0,0,0,0,0
PTPRA,3.578300868,3.513288396,2.56684197,0,0,0,0,0,0,0,0,0,0,0,0,0,0,0,0,0,0,0,0,0,0,0,5.469153458,5.405418357,5.432894157,5.493845692,4.06601068,0,2.795384697,2.7307681,0,0,0,0
PTPRD,0,0,0,0,0,0,1.839113208,1.924256156,0.90279184,0,0,0,1.956160331,1.618677671,2.590989414,4.432320331,3.837964422,4.526919969,5.229813011,5.227567595,5.598129777,5.67347565,0,0,0.916958742,2,2.89033867,2.88100595,2.728226634,2.823248847,2.053047961,0,1.989531496,1.933211842,0,0,0,0
PTPRE,0,0,0,0,0,0,0,0,0,0,0,0,0,0,0,0,0,0,0,0,0,0,0,0,0,0,1.380514028,1.373875901,2.728226634,2.013916734,0,0,0,0,0,0,0,0
PTPRF,2.993641837,2.519953374,2.351701379,3.109978656,3.265441068,3.43690954,5.035364569,5.148801409,4.331488349,2.750456577,3.982732963,4.669311198,4.528704944,4.955524285,4.864961592,6.326845974,6.014600885,6.4096235,6.743531987,6.457437394,6.808767237,5.377493611,4.340174758,4.312393749,4.421358596,5.584962501,6.224312673,5.784409903,6.068461707,5.913034332,5.494973884,4.086405932,4.63044284,4.867424445,0,0,0,0
PTPRG,0,0,0,0,0,0,0.894759661,1.51783371,1.453839514,0,0,0,0,0,0,2.355604609,2.523580768,1.03574445,3.168326031,2.669676924,3.613037926,2.680193992,1.459649025,1.529484238,1.873574051,2,3.408938331,3.601888181,4.041997863,3.338612139,0,0,0,0,0,0,0,0
PTPRJ,0,0,0,0,0,0,0,0,0,0,0,0,0,0,0,1.61308057,0.963485218,1.632427638,1.714955817,1.653127323,1.806054709,1.234105921,0,0,0,1.584962501,4.820760544,4.636617942,4.371030583,4.745751636,3.385355532,0,1.989531496,0,0,0,0,0
PTPRK,3.163465689,3.100475979,2.351701379,3.744673432,3.527408274,3.551296021,4.544844102,4.487453229,4.613612767,0,1.455392216,3.091114753,3.531197087,3.367259864,3.328436075,4.209599094,4.25174067,4.236715467,5.139264357,4.418115308,5.009463116,1.234105921,3.000298925,3.095469549,2.85138244,3,3.789613418,4.08036687,4.041997863,4.017375043,0,0,0,0,0,0,0,0
PTTG1IP,0,0,0,0,0,0,0,0,0,0,0,0,0,0,0,0,0,0,0,0,1.168913826,0,0,0,0,0,2.89033867,2.88100595,2.383995806,3.338612139,2.053047961,3.785554776,3.309356743,2.7307681,0,0,0,0
PUDP,0,0,0,0,0,0,0.894759661,1.51783371,2.419108186,0,0,0,0,0,0,0,0,0,0,0,0,0,2.644143159,2.5152748,2.661928568,3.169925001,0,0,0,0,0,0,0,0,0,0,0,0
PUF60,0,0,0,0,0,0,3.261982234,2.240990417,3.277509632,0,0,0,0,0,0,0,0,0,0,0,0,0,3.40970041,3.095469549,3.543195199,3.169925001,0,0,0,0,0,0,0,0,0,0,0,0
PUM1,0,0,1.401468483,0,0,0,0,0,0,0,0,0,0,0,0,0,0,0,0,0,0,0,0,0,0,0,0,0,0,0,0,0,0,0,0,0,0,0
PUM3,0.996370196,0.961347078,1.401468483,0,0,0,0,0,0,0.96708259,0.903929473,0,0,0,0,0,0,0,0,0,0,0,0,0,0,0,0,0,0,0,0,0,0,0,0,0,0,0
PURA,0,0,0,1.949586033,0.968891745,2.193583806,2.149649735,2.240990417,1.851615862,0,0,1.526262086,2.536168495,2.850560031,2.813553664,3.036793753,2.935479543,3.061983348,2.145448836,1.653127323,1.168913826,1.889360771,2.644143159,2.735625828,2.661928568,2.807354922,0,0,0,0,0,0,1.989531496,1.933211842,0,0,0,0
PURB,0,0,0.864613417,1.540237874,1.953082406,2.859016798,2.405039482,2.500551849,2.636470024,0.96708259,0,0.956200116,2.948722432,2.850560031,2.813553664,2.843407086,2.935479543,3.061983348,1.098576504,2.076463354,1.168913826,0,3.150050254,3.383238525,3.428871228,2.321928095,0,0,0,0,0,0,1.989531496,1.933211842,2.69678497,0,3.474430172,0
PUS1,0,0,0,0,0,0,0,0,0,0,0,0,0,0,0,0,0,0,0,0,0,0,0,0,0,0,0,0,0,0,0,0,0,0,0,0,0,0
PUS7,1.58012073,1.533191662,2.351701379,0.966587184,0.968891745,1.880020556,1.442864021,1.51783371,1.453839514,0,0,0,0.970922069,1.025359956,1.003619168,0,0.963485218,0,0,0,0,0,0,0,0.916958742,0,0,0,0,0,0,0,0,0,0,0,0,0
Putative maltase-glucoamylase-like protein FLJ16351 OS=Homo sapiens,0,0,0,0,0,0,0,0,0,0,0,0,0,0,0,0,0,0,0,0,0,0,0,0,0,0,0,0,0,0,0,0,0,0,0,0,0,0
Putative maltase-glucoamylase-like protein LOC93432 OS=Homo sapiens,0,0,0,0,0,0,0,0,0,0,0,0,0,0,0,0,0,0,0,0,0,0,0,0,0,0,0,0,0,0,0,0,0,0,0,0,0,0
Putative tubulin beta chain-like protein ENSP00000290377 OS=Homo sapiens,0,0,0,0,0,0,0,0,0,0,0,0,0,0,0,0,0,0,0,0,0,0,0,0,0,0,0,0,0,0,0,0,0,0,0,0,0,0
Putative.tropomyosin.alpha.3.chain.like.protein.OS.Homo.sapiens,0,0,0,0,0,0,0,0,0,0,0,0,0,0,0,0,0,0,0,0,0,0,0,0,0,0,0,0,0,0,0,0,0,0,0,0,0,0
PVR,0.996370196,0.961347078,0.864613417,0,0,0.921132385,2.149649735,2.720458447,2.419108186,0,0.903929473,1.526262086,0,1.025359956,1.003619168,2.843407086,2.744180469,2.868099561,0,0,0,0,3.150050254,2.735625828,2.85138244,2.807354922,1.380514028,1.373875901,1.266997295,1.333072201,0,0,0,0,0,0,0,0
PVRL2,0,0,0,0,0,0,0,0,0,0,0,0,0,0,0,0,0,0,0,0,0,0,0,0,0,0,0,0,0,0,0,0,0,0,0,0,0,0
PVRL3,0,0,0,0,0,0,0,0,0,0,0,0,0,0,0,0,0,0,0,0,0,0,0,0,0,0,0,0,0,0,0,0,0,0,0,0,0,0
PVRL4,0,0,0,0,0,0,0,0,0,0,0,0,0,0,0,0,0,0,0,0,0,0,0,0,0,0,0,0,0,0,0,0,0,0,0,0,0,0
PWP1,0,0,0.864613417,0,0,0,0,1.51783371,0,0,0,0,0,0,0,0,0,0,0,0,0,0,0,0,0,0,0,0,0,0,0,0,0,0,0,0,0,0
PXN,1.994551864,2.259576362,1.791837015,0.966587184,0.968891745,0.921132385,0,0,0,1.950337883,2.164986415,1.933791208,0,0,1.003619168,0,0,0,1.098576504,1.05142317,1.168913826,0,0,0,0,0,1.380514028,1.373875901,1.266997295,1.333072201,0,0,0,0,0,0,0,0
PXYLP1,0,0,0,0,0,0,0,1.51783371,0,0,0,0,0,0,0,0,0,0,0,0,0,0,0,0,0,0,0,0,0,0,0,0,0,0,0,0,0,0
PYCARD,0,0,0,0,0,0,0,0,0,0,0,0,0,0,0,0,0,0,0,0,0,0,0,0,0,0,0,0,0,0,0,0,0,0,0,0,0,0
PYCR1,0,0.961347078,0.864613417,0.966587184,0.968891745,1.47881758,0,0,0.90279184,2.268893588,2.827430592,1.933791208,0.970922069,1.025359956,1.003619168,0,0,0,0,1.653127323,0,0,0,0,0,0,0,0,0,0,0,0,0,0,0,0,0,0
PYCR3,2.801126798,3.100475979,3.902505716,3.109978656,3.114149002,2.669391044,0,0,0,2.750456577,2.9944429,2.251195448,0,0,0,0,0,0,1.098576504,1.05142317,0,2.338300494,0,0,0,0,0,0,0,0,0,0,0,0,0,0,0,0
PYCRL,0,0,0,0,0,0,0,0,0,0,0,0,0,0,0,0,0,0,0,0,0,0,0,0,0,0,0,0,0,0,0,0,0,0,0,0,0,0
PYGB,4.800346389,4.924144594,5.080404724,5.518786163,5.224147734,5.648121866,4.917250524,4.945688145,5.295206777,6.182220684,6.195857575,5.978487003,5.434431064,5.693149358,5.788457875,4.947485184,4.514144036,4.711721257,5.887844,5.982063908,5.670640436,6.209983183,3.989004793,4.312393749,4.15982985,3,0,0,0,0,0,0,0,0,0,0,0,0
PYGL,0.996370196,0.961347078,1.401468483,5.182130284,4.983438998,4.887292885,4.832768709,4.945688145,4.759710761,4.184907225,3.982732963,4.499810006,5.368904645,5.40662806,5.364605392,4.898527986,4.683718341,5.022595905,0,1.653127323,0,1.234105921,5.271795808,5.166164454,5.259328812,5.392317423,0,0,0,0,0,0,0,0,0,0,0,0
QARS,0,0,0,0,0,0,0,0,0,0,0,0,0,0,0,0,0,0,0,0,0,0,0,0,0,0,0,0,0,0,0,0,0,0,0,0,0,0
QARS1,4.452494049,4.448689336,4.811887427,4.106148,4.028337769,4.238176971,4.184756539,3.904682107,4.561429755,4.793726137,4.807654825,4.772170812,3.852128841,3.505214095,4.176753604,1.61308057,1.53606782,2.053289965,3.340770694,3.551606284,3.085856525,3.18810514,0.90705003,1.937434512,1.873574051,0,0,0,0,0,0,0,0,0,0,0,0,0
QDPR,1.58012073,1.941625202,2.098758683,0,0,0.921132385,1.442864021,1.51783371,1.453839514,0,0,1.526262086,0,0,0,2.620025286,2.744180469,2.378701702,0,0,0,0,3.40970041,3.246517199,3.304702086,3.584962501,0,0,0,0,0,0,0,0,0,0,0,0
QPCT,2.316116017,2.519953374,3.202968816,3.523102099,3.64247482,3.65727565,4.434508325,4.362321027,4.805297555,1.950337883,1.455392216,1.526262086,0.970922069,0,1.589786044,2.355604609,2.263052434,2.053289965,0,0,0,0,0,0,0.916958742,0,0,0,0,0,0,0,0,0,0,0,0,0
QPRT,0.996370196,0.961347078,0,2.528836668,3.265441068,3.176707196,2.149649735,2.500551849,2.163087258,2.941892081,2.9944429,2.731434726,3.646291178,3.631120459,3.707114185,3.359759433,2.935479543,3.523776826,1.714955817,2.403347751,1.168913826,2.9563868,3.907209447,3.623042415,3.926957113,3,0,0,0,0,0,0,0,0,0,0,0,0
QRICH1,0,0,0,0,0,0,0,0,0,0,0,0,0,0,0,0,0,0,0,0,0,0,0,0,0,0,0,0,0,0,0,0,0,0,0,0,0,0
QSOX1,4.636878881,4.924144594,4.252380623,6.162123572,6.166773587,5.862710869,7.131410649,7.174903411,6.594919728,5.22054552,5.016210978,5.436584352,5.557179125,5.804253927,5.707530315,6.191138564,6.097001076,6.135684769,4.429334296,4.797756661,4.893058371,4.584363563,5.765206932,6.066926914,6.153041974,6.50779464,2.072868086,1.373875901,2.383995806,2.013916734,4.875207947,4.086405932,5.916992575,5.91169016,6.175648524,5.63977081,6.524104321,5.825061276
QSOX2,0.996370196,1.533191662,1.791837015,1.540237874,1.953082406,2.193583806,3.385748712,3.230546315,3.277509632,0,0,0.956200116,0,1.025359956,1.003619168,2.355604609,2.523580768,2.053289965,0,0,0,0,1.858228386,1.937434512,1.873574051,2.321928095,0,0,0,0,0,0,1.989531496,1.933211842,0,0,0,0
QTRT1,1.994551864,1.533191662,2.56684197,0,0,0,0,0,0,0,0,0,0,0,0,0,0,0,0,0,0,0,0,0,0,0,0,0,0,0,0,0,0,0,0,0,0,0
QTRT2,0.996370196,0.961347078,1.791837015,0,0,0,0,0,0,0,0,0,0,0,0,0,0,0,0,0,0,0,0,0,0,0,0,0,0,0,0,0,0,0,0,0,0,0
QTRTD1,0,0,0,0,0,0,0,0,0,0,0,0,0,0,0,0,0,0,0,0,0,0,0,0,0,0,0,0,0,0,0,0,0,0,0,0,0,0
RAB10,0.996370196,1.533191662,2.098758683,1.540237874,0.968891745,1.47881758,0,0.9499485,0.90279184,1.540903575,1.455392216,1.526262086,0.970922069,1.025359956,1.003619168,1.021139762,0,0,1.714955817,1.653127323,1.806054709,1.889360771,0,0,0,0,3.172816473,3.163224167,3.439119207,3.338612139,2.867824406,2.886554086,2.795384697,2.7307681,0,0,0,0
RAB11A,0,0,0,0,0,0,0,0,0,0,0,0,0,0,0,0,0,0,0,0,0,0,0,0,0,0,0,0,0,0,0,0,0,0,0,0,0,0
RAB11B,2.578907744,2.931662233,1.791837015,1.540237874,0.968891745,1.880020556,2.149649735,2.500551849,2.163087258,1.540903575,1.853383544,1.526262086,0,0,0,1.61308057,1.53606782,1.632427638,0,1.05142317,0,1.889360771,0,2.5152748,1.473143559,0,3.408938331,3.601888181,3.439119207,3.338612139,2.867824406,0,1.989531496,1.933211842,0,0,0,0
RAB13,1.58012073,1.941625202,0.864613417,0,0,0,0,0,0,0,0,0,0,0,0,0,0,0,0,0,0,0,0,0,0,0,2.89033867,2.88100595,2.728226634,2.823248847,2.053047961,0,0,0,0,0,0,0
RAB14,3.163465689,3.388364695,2.919685889,3.109978656,3.265441068,2.859016798,0.894759661,0.9499485,0.90279184,1.950337883,2.421096055,1.933791208,0,0,0,0,0,0,1.714955817,0,0,2.338300494,0,0,0,0,3.172816473,3.399164795,3.238727139,2.823248847,0,0,0,0,0,0,0,0
RAB1A,3.800606572,3.833879792,3.544865169,2.268089723,2.532736393,2.193583806,2.149649735,2.500551849,2.825330619,3.399011692,3.403637312,2.731434726,1.956160331,2.362292771,2.327714414,2.355604609,1.944875303,2.053289965,1.714955817,2.403347751,2.246490367,2.9563868,1.459649025,1.937434512,1.873574051,0,4.900383898,4.54121905,4.46591069,4.972128369,4.06601068,2.069533795,3.986902457,1.933211842,2.69678497,0,0,0
RAB1B,2.801126798,1.941625202,2.098758683,1.540237874,1.543333959,0.921132385,0,0,0.90279184,1.950337883,0.903929473,0.956200116,0.970922069,0,1.003619168,1.61308057,0,1.03574445,0,0,0,0,0,0,0,0,2.89033867,2.88100595,3.005940259,2.823248847,2.053047961,0,0,0,0,0,0,0
RAB20,1.994551864,2.259576362,0,0,0,0,0,0,0,0,0,0,0,0,0,0,0,0,0,0,0,0,0,0,0,0,3.172816473,2.88100595,3.439119207,3.103821595,2.053047961,0,0,0,0,0,0,0
RAB21,1.58012073,0.961347078,1.401468483,0,0,0,0,0,0,0.96708259,0,0,0,0,0,0,0,0,0,0,0,0,0,0,0,0,1.380514028,2.064647663,2.383995806,0,0,0,0,0,0,0,0,0
RAB22A,2.578907744,1.941625202,0.864613417,0,0,0,0,0,0,0.96708259,0,0,0,0,0,0,0,0,0,0,0,0,0,0,0,0,3.172816473,3.163224167,3.615041015,3.540486385,2.053047961,0,0,0,0,0,0,0
RAB23,0,0,0,0,0,0,0,0,0,0,0,0,0,0,0,0,0,0,0,0,0,0,0,0,0,0,0,0,0,0,0,0,0,0,0,0,0,0
RAB25,1.58012073,1.533191662,1.401468483,0,0,0.921132385,0,0,0,0.96708259,0.903929473,0,0,0,0,0,0,0,0,0,0,0,0,0,0,0,2.072868086,2.88100595,2.383995806,2.823248847,0,0,0,0,0,0,0,0
RAB2A,2.993641837,2.740444656,3.202968816,0,0.968891745,1.880020556,0.894759661,0.9499485,2.419108186,3.1108756,3.144111598,2.922454862,0.970922069,1.025359956,1.003619168,0,0,0,1.098576504,1.653127323,2.583445471,2.680193992,0,0.958592587,1.473143559,0,3.611795418,3.77960348,3.771823672,4.146756747,3.385355532,0,2.795384697,1.933211842,0,0,0,0
RAB35,3.315387858,2.931662233,2.56684197,0.966587184,0,0,0,0,0,1.950337883,0.903929473,1.526262086,0,0,0,0,0,0,0,1.05142317,1.168913826,1.889360771,0,0,0,0,4.220308535,4.08036687,4.371030583,3.875236924,3.76545739,0,2.795384697,2.7307681,0,0,0,0
RAB3GAP1,0.996370196,0.961347078,0,1.540237874,1.543333959,0.921132385,0.894759661,0.9499485,0,0.96708259,0.903929473,0.956200116,0,0,1.003619168,0,0,0,0,0,0,0,0,0,0,0,0,0,0,0,0,0,0,0,0,0,0,0
RAB3GAP2,0,0,1.401468483,0,0,0,0,0,0,0,1.455392216,0,0.970922069,0,0,0,0,0,0,0,0,0,0,0.958592587,0,0,0,0,0,0,0,0,0,0,0,0,0,0
RAB5A,1.994551864,0.961347078,0.864613417,0,0,0,0,0,0,0.96708259,0,0,0,0,0,0,0,0,0,0,0,0,0,0,0,0,2.89033867,2.529815193,3.005940259,3.103821595,2.867824406,0,0,0,0,0,0,0
RAB5B,0.996370196,0.961347078,0,0,0,0,0,0,0,0,0,0,0,0,0,0,0,0,0,0,0,0,0,0,0,0,2.89033867,2.529815193,2.728226634,2.823248847,2.053047961,0,0,0,0,0,0,0
RAB5C,3.900107558,4.096022377,3.202968816,0,0.968891745,0,0,0,0,2.529675346,0.903929473,2.251195448,0,0,0,0,0,0,0,0,0,0,0,0,0,0,4.646978729,4.726097906,4.718023325,4.375179769,4.526614972,2.069533795,2.795384697,3.241403097,0,0,0,0
RAB6A,1.994551864,2.259576362,2.098758683,0,0.968891745,0,0,0,0.90279184,0,0.903929473,0.956200116,0,0,0,1.021139762,0.963485218,1.03574445,0,0,0,0,0,0,0.916958742,0,2.072868086,2.529815193,2.728226634,1.333072201,0,0,0,0,0,0,0,0
RAB7A,3.993186609,4.013822575,3.821059837,3.744673432,3.114149002,3.551296021,2.149649735,2.240990417,3.515531724,3.262125066,2.9944429,3.091114753,0.970922069,1.618677671,1.003619168,0,0,1.03574445,1.098576504,1.05142317,0,2.338300494,0,0,0,0,5.047548164,4.8103507,4.932563547,5.105447314,5.592375272,3.785554776,5.308304169,4.867424445,0,0,0,0
RAB8A,2.316116017,2.519953374,1.791837015,0,0,0,0,0,0,1.540903575,0.903929473,0.956200116,0,0,0,0,0,0,0,0,0,0,0,0,0,0,3.172816473,3.163224167,3.005940259,3.103821595,2.053047961,0,0,0,0,0,0,0
RAB9A,0.996370196,0.961347078,1.401468483,0,0,0,0,0,0,0.96708259,0.903929473,0.956200116,0,0,0,0,0,0,0,0,0,0,0,0,0,0,2.072868086,1.373875901,1.931003366,1.333072201,2.867824406,0,1.989531496,1.933211842,0,0,0,0
RABEP1,0,0,0,0,0,0,0,0,0,0,0,0,0,0,0,0,0,0,1.098576504,0,1.806054709,0,0,0,0,0,0,0,0,0,0,0,0,0,0,0,0,0
RABGAP1,0.996370196,0,0,3.261216432,2.532736393,3.026589061,2.149649735,2.500551849,1.453839514,2.750456577,3.517762757,2.511206051,0.970922069,1.025359956,1.589786044,0,0,0,1.098576504,1.653127323,1.168913826,1.234105921,0,0,0,0,0,0,0,0,0,0,0,0,0,0,0,0
RABGGTA,0.996370196,0.961347078,2.351701379,1.949586033,0.968891745,0.921132385,1.442864021,0.9499485,0.90279184,1.950337883,2.638521785,1.526262086,0.970922069,1.025359956,1.003619168,0,0,0,0,0,0,0,0,0,0,0,0,0,0,0,0,0,0,0,0,0,0,0
RABGGTB,0,0,0,0,0,0,0,0,0,0,0,0,0,0,0,0,0,0,0,0,0,0,0,0,0,0,0,0,0,0,0,0,0,0,0,0,0,0
RABL6,1.58012073,1.533191662,1.401468483,0.966587184,0.968891745,0.921132385,1.442864021,1.924256156,1.851615862,0.96708259,0.903929473,0,0,0,0,1.021139762,0.963485218,2.053289965,0,1.05142317,0,1.234105921,1.459649025,0.958592587,1.873574051,0,0,0,0,0,0,0,0,0,0,0,0,0
RAC1,4.080622667,4.096022377,3.326158875,2.268089723,2.271827737,2.193583806,2.621946525,2.500551849,2.992305255,2.941892081,2.638521785,2.731434726,2.536168495,2.626984775,2.590989414,2.620025286,2.935479543,3.061983348,1.714955817,2.076463354,2.856411626,3.387705307,2.426542826,2.926737964,3.168830955,0,4.820760544,4.965392779,4.997528796,4.900544903,4.711414598,4.335216011,4.234691467,4.163037251,0,0,0,0
RACGAP1,0,0,0,0,0,0,0,0,0,0,0,0,0,0,0,0,0,0,0,0,0,0,0,0,0,0,0,0,0,0,0,0,0,0,0,0,0,0
RACK1,5.516451599,5.508269378,6.128283952,4.74220736,4.583523545,4.368714044,3.703787505,3.904682107,3.812006199,4.979854786,4.71498784,4.499810006,3.531197087,3.854102726,4.00677851,3.207295283,2.744180469,2.868099561,4.503808314,4.681965718,4.473994679,5.121383491,2.170190716,2.735625828,1.873574051,0,0,0,0,0,0,0,0,0,3.581002772,4.668420179,5.185959353,5.187453585
RAD21,1.994551864,1.941625202,2.098758683,3.109978656,2.532736393,3.026589061,1.839113208,2.240990417,2.825330619,0,0,0,0,0,0,0,0,0,0,0,0,0,0,0,0,0,0,0,0,0,0,0,0,0,0,0,0,0
RAD23B,0,0,0,0,0,0,0,1.51783371,0.90279184,0,0,0,0,0,0,0,0,0,0,0,0,0,1.858228386,2.2550935,1.873574051,0,0,0,0,0,0,0,0,0,0,0,0,0
RAD50,2.578907744,2.740444656,3.326158875,2.528836668,1.953082406,2.193583806,0,0,0,0,0.903929473,0,0,1.618677671,1.589786044,0,0,0,1.098576504,1.05142317,1.168913826,2.338300494,0,0,0,0,0,0,0,0,0,0,0,0,0,0,0,0
RAD9A,0,0,0,0,0,0,0,0,0,0,0,0,0,0,0,0,0,0,0,0,0,0,0,0,0,0,0,0,0,0,0,0,0,0,0,0,0,0
RAE1,1.58012073,1.533191662,2.754024153,1.540237874,1.543333959,2.451014583,1.839113208,1.924256156,2.636470024,0.96708259,0,0,0,0,0,0,0,0,0,0,0,0,0,0,0,0,0,0,0,0,0,0,0,0,0,0,0,0
RALA,3.163465689,3.388364695,2.754024153,0.966587184,0.968891745,0,0,0,0,2.268893588,1.455392216,2.251195448,0,0,0,0,0,0,1.098576504,1.05142317,1.168913826,2.680193992,0,0,0,0,5.181080541,4.726097906,4.932563547,5.284834316,4.06601068,2.886554086,3.309356743,3.617789703,0,0,0,0
RALB,1.994551864,2.740444656,0.864613417,0,0,0,0,0,0,0,0,0,0,0,0,0,0,0,0,0,0,0,0,0,0,0,3.408938331,3.399164795,3.771823672,3.717549031,2.867824406,0,1.989531496,0,0,0,0,0
RALGAPA2,0.996370196,0.961347078,0,0.966587184,0,0,0,0,0,0.96708259,1.455392216,0.956200116,0,0,1.003619168,0,0,0,0,0,0,0,0,0,0,0,0,0,0,0,0,0,0,0,0,0,0,0
RALGAPB,0,0.961347078,0.864613417,0,0,0,0,0,0,1.950337883,1.853383544,1.526262086,0,0,0,0,0,0,0,0,0,0,0,0,0,0,0,0,0,0,0,0,0,0,0,0,0,0
RALY,2.316116017,1.941625202,1.401468483,0,0,0,0,0,0,2.529675346,2.164986415,1.933791208,0.970922069,1.025359956,1.003619168,0,0,1.03574445,0,1.653127323,0,1.234105921,0,0,0,0,0,0,0,0,0,0,0,0,0,0,0,0
RAN,4.16306102,4.247579354,4.679511102,3.936702387,3.84826838,3.935234957,3.605364131,3.367096615,3.277509632,4.258728859,4.394828067,4.374625784,3.944989053,4.134834924,3.91363905,3.207295283,2.263052434,2.644053871,4.642129225,4.556063982,4.76643055,4.317084986,2.644143159,2.5152748,2.85138244,1.584962501,3.408938331,3.399164795,3.238727139,3.717549031,0,0,2.795384697,0,2.69678497,0,2.598717113,0
RANBP1,0.996370196,1.533191662,1.791837015,1.540237874,0.968891745,0.921132385,1.442864021,0.9499485,1.453839514,1.950337883,2.164986415,1.526262086,0.970922069,1.618677671,1.589786044,1.021139762,0.963485218,1.632427638,1.098576504,1.05142317,0,0,0,0,0,0,0,0,0,1.333072201,0,0,0,0,0,0,0,0
RANBP10,0,0,0,0,0,0,0,0,0,0,0,0,0,0,0,0,0,0,0,0,0,0,0,0,0,0,0,0,0,0,0,0,0,0,0,0,0,0
RANBP2,0.996370196,0.961347078,1.791837015,0.966587184,0.968891745,0.921132385,0,0,0,0,0,0,0,0,0,0,0,0,0,0,0,0,0,0,0,0,0,0,0,0,0,0,0,0,0,0,0,0
RANBP3,0,0,0,0,0,0.921132385,1.839113208,1.924256156,2.163087258,0,0,0,0.970922069,1.025359956,1.003619168,1.61308057,1.53606782,2.053289965,0,0,0,0,2.170190716,2.2550935,2.186666421,2.321928095,0,0,0,0,0,0,0,0,0,0,0,0
RANGAP1,1.58012073,1.533191662,2.351701379,3.109978656,3.64247482,3.176707196,3.385748712,3.367096615,2.825330619,2.941892081,2.638521785,2.511206051,0,0,1.003619168,0,0,0,0,0,0,0,0,0,0,0,0,0,0,0,0,0,0,0,0,0,0,0
RAP1A,1.58012073,1.941625202,1.401468483,0,0,0,0,0,0,0,0,0,0,0,0,0,0,0,0,0,0,0,0,0,0,0,3.172816473,2.88100595,2.383995806,3.103821595,2.053047961,0,1.989531496,0,0,0,0,0
RAP1B,3.800606572,3.926654829,3.068269276,1.540237874,0.968891745,0.921132385,0,0,0,1.540903575,0.903929473,0.956200116,0,0,0,0,0,0,1.714955817,0,1.168913826,0,0,0,0,0,4.975841682,5.037082573,4.793137891,4.825223333,3.76545739,2.069533795,3.309356743,2.7307681,0,0,0,0
RAP1GDS1,0,0,0,0.966587184,0.968891745,0,2.149649735,2.240990417,2.163087258,0.96708259,1.455392216,0.956200116,0.970922069,1.025359956,1.003619168,0,0.963485218,1.03574445,0,0,0,0,0,0,0,0,0,0,0,0,0,0,0,0,0,0,0,0
RAP2A,1.58012073,1.941625202,0,0,0,0,0,0,0,0,0,0,0,0,0,0,0,0,0,0,0,0,0,0,0,0,3.408938331,3.163224167,3.913226003,3.338612139,2.053047961,0,0,0,0,0,0,0
RAP2B,3.993186609,3.926654829,3.068269276,0,0,0,0,0,0,1.950337883,0,1.526262086,0,0,0,0,0,0,0,0,0,1.234105921,0,0,0,0,5.415957758,5.105377993,5.176523782,5.339993805,4.711414598,3.404975348,4.446094835,4.373878798,0,0,0,0
RAP2C,1.58012073,1.941625202,0.864613417,0,0,0,0,0,0,0,0,0,0,0,0,0,0,0,0,0,0,0,0,0,0,0,2.538745146,2.529815193,2.383995806,2.474606879,3.385355532,0,0,0,0,0,0,0
RARRES1,0,0,0,0,1.953082406,0.921132385,2.621946525,2.500551849,1.453839514,0,0,0,0,0,0,0,0,0,1.098576504,0,0,0,0,0,0,0,0,0,0,0,0,0,0,0,0,0,0,0
RARS,0,0,0,0,0,0,0,0,0,0,0,0,0,0,0,0,0,0,0,0,0,0,0,0,0,0,0,0,0,0,0,0,0,0,0,0,0,0
RARS1,4.315023641,4.38471777,4.853444675,4.841578479,4.983438998,4.750307937,3.795922944,3.991758476,3.980443085,4.889790045,5.016210978,4.820975154,3.752877906,4.047190029,4.32879677,2.031594606,1.944875303,2.053289965,3.340770694,4.265567955,3.457776598,4.106705299,0.90705003,2.5152748,2.186666421,0,0,0,0,0,0,0,0,0,0,0,0,0
RASA1,2.993641837,2.931662233,0.864613417,0,0,0,0,0,0,0,0,0,0.970922069,0,0,0,0,0,0,0,0,0,0,0,0,0,0,1.373875901,1.266997295,0,0,0,0,0,0,0,0,0
RAVER1,0,0,0,0,0,0,0,0.9499485,2.163087258,0,0,0,0,0,0,0,0,0,0,0,0,0,0,0,0,0,0,0,0,0,0,0,0,0,0,0,0,0
RB1,0,0,0,0,0,0,0,0,0,0,0,0,0,0,0,0,0,0,0,0,0,0,0,0,0,0,0,0,0,0,0,0,0,0,0,0,0,0
RBBP4,3.452825167,3.513288396,3.439652425,3.63813725,3.749037927,3.935234957,4.114925189,4.225295774,4.392499739,3.524028291,3.279702347,3.378779227,3.531197087,3.746915315,3.591590723,3.94610422,4.177939306,3.873048029,2.145448836,2.403347751,1.806054709,2.338300494,3.907209447,3.828609566,3.840157301,4.169925001,0,0,0,0,0,0,0,0,0,0,0,0
RBBP5,0,0.961347078,1.401468483,1.540237874,0.968891745,1.47881758,1.442864021,1.924256156,2.163087258,0.96708259,0,0,0,0,1.003619168,0,0,0,0,0,0,0,0,0,0,0,0,0,0,0,0,0,0,0,3.581002772,2.829306972,3.474430172,0
RBBP7,3.993186609,3.833879792,4.052779486,3.744673432,3.749037927,3.848399125,3.882525857,4.073877018,4.057818562,3.399011692,3.517762757,3.242104959,2.536168495,2.626984775,2.590989414,2.843407086,2.744180469,2.644053871,1.098576504,1.653127323,1.168913826,1.234105921,2.644143159,2.735625828,2.85138244,2.584962501,0,0,0,0,0,0,0,0,0,0,0,0
RBBP9,0,0,0,0,0,0,0.894759661,0.9499485,1.851615862,0,0,0,0,0,0,1.61308057,0,1.632427638,0,0,0,0,2.170190716,2.5152748,2.443780137,2.321928095,0,0,0,0,0,0,0,0,0,0,0,0
RBKS,0,0,0,0,0,0,0,0,0,0,0,0,0,0,0,1.021139762,1.53606782,1.632427638,0,0,0,0,1.459649025,1.529484238,1.473143559,1,0,0,0,0,0,0,0,0,0,0,0,0
RBM14,0,0,0,0,0,0,0,0,0,0,0,0,0,0,0,0,0,0,0,0,0,0,0,0,0,0,0,0,0,0,0,0,0,0,0,0,0,0
RBM25,0,0,0.864613417,0,0.968891745,1.47881758,0,1.51783371,1.453839514,0,0,0,0,0,0,0,0,0,0,0,0,0,0,0,0,1,0,0,0,0,0,0,0,0,0,0,0,2.600000002
RBM39,0,1.533191662,1.401468483,0,0,0,0,0,0.90279184,0.96708259,0.903929473,0.956200116,0,0,0,0,0,0,0,0,0,1.234105921,0,0.958592587,0,1,0,0,0,0,0,0,0,0,0,0,0,0
RBM4,0,0,0,0,0,0,0,0,0,0,0,0,0,0,0,0,0,0,0,0,0,0,0,0,0,0,0,0,0,0,0,0,0,0,0,0,0,0
RBM8A,0,0,0,0,0.968891745,0.921132385,1.839113208,1.51783371,1.851615862,0,0,0,0,0,0,1.021139762,0.963485218,1.03574445,0,0,0,0,1.858228386,0.958592587,1.473143559,1.584962501,0,0,0,0,0,0,0,0,0,0,0,0
RBMX,0,0,0,0,0,0,0,0,0.90279184,0,0,0,0,0,0,0,0,0,0,0,0,0,1.459649025,1.937434512,1.873574051,0,0,0,0,0,0,0,0,0,0,0,0,0
RBX1,0.996370196,0.961347078,0.864613417,0.966587184,0.968891745,0.921132385,1.442864021,0.9499485,1.851615862,0,0.903929473,0,0,0,0,0,0,0,1.098576504,0,1.168913826,0,0,0,0,0,0,0,0,0,0,0,0,0,0,0,0,0
RCC1,2.801126798,2.740444656,3.439652425,2.941009732,2.753608502,2.859016798,1.839113208,2.240990417,2.163087258,0,0.903929473,0,0,0,0,0,0,0,0,0,0,0,0,0,0,0,0,0,0,0,0,0,0,0,0,0,0,0
RCC2,4.315023641,4.317777446,4.371589565,4.39495704,4.262237099,4.238176971,4.184756539,4.151572014,4.451035312,3.1108756,2.9944429,2.922454862,3.269158334,3.631120459,3.707114185,3.036793753,2.744180469,3.523776826,1.714955817,2.669676924,3.613037926,2.9563868,3.000298925,3.383238525,3.543195199,3.700439718,0,0,0,0,0,0,2.795384697,2.7307681,4.519429818,4.978956706,6.060635542,5.690100326
RCL,0,0,0,0,0,0,0,0,0,0,0,0,0,0,0,0,0,0,0,0,0,0,0,0,0,0,0,0,0,0,0,0,0,0,0,0,0,0
RCL1,0,0,0,0,0,0,0,0,0,0,0,0,0,0,0,0,0,0,0,0,0,0,0,0,0,0,0,0,0,0,0,0,0,0,0,0,0,0
RCN1,0,0,0,0,0,0,1.839113208,2.911236342,3.621272161,0,1.455392216,2.922454862,0,0,0,1.61308057,1.944875303,2.868099561,0,0,0,0,0,0,0,0,0,0,0,0,0,0,0,0,0,0,0,0
RCN2,0,0,0,0,0,0,0,0,0,0,0,0,0,0,0,0,0,0,0,0,0,0,0,0,0,0,0,0,0,0,0,0,0,0,0,0,0,0
RCOR1,0,0,0,0,0,0,0,0,0,0,0,0,0,0,0,0,0,0,0,0,0,0,0,0,0,0,0,0,0,0,0,0,0,0,0,0,0,0
RECQL,3.900107558,3.628251645,3.979598316,2.528836668,2.532736393,3.026589061,0.894759661,0.9499485,0.90279184,2.529675346,3.144111598,1.933791208,0,0,0,0,0,0,0,0,0,0,0,0,0,0,0,0,0,0,0,0,0,0,0,0,0,0
REEP5,1.58012073,1.533191662,0.864613417,0.966587184,0.968891745,0.921132385,0,0,0,0.96708259,0.903929473,0.956200116,0.970922069,1.025359956,1.003619168,0,0,0,0,0,1.168913826,1.234105921,0,0,0,0,0,0,0,0,0,0,1.989531496,1.933211842,0,0,0,0
REG1A,0,0,0,0,0,0,0,0,1.851615862,0,0,0,0,0,0,0,0,0,0,0,0,0,1.459649025,0,0,0,0,0,0,0,0,0,0,0,0,0,0,0
RELA,0,0,0.864613417,0,1.543333959,1.47881758,0,0.9499485,0.90279184,0.96708259,0.903929473,0.956200116,0,1.025359956,1.003619168,0,0,0,0,0,0,0,0,0,0,0,0,0,0,0,0,0,0,0,0,0,0,0
REN,0,0,0,0,0,0,0.894759661,1.51783371,2.825330619,0,0,0,0,0,0,2.031594606,1.944875303,2.378701702,0,0,0,0,2.833183695,3.095469549,2.661928568,3,0,0,0,0,0,0,0,0,0,0,0,0
REP15,0,0,0,0,0,0,0,0,0,0,0,0,0,0,0,0,0,0,0,0,0,0,0,0,0,0,0,0,0,0,0,0,0,0,0,0,0,0
REPIN1,1.58012073,0.961347078,1.791837015,0.966587184,0,0.921132385,0,0,0.90279184,0,0.903929473,0,0,0,0,0,0,0,0,0,0,0,0,0,0,0,0,0,0,0,0,0,0,0,0,0,0,0
REXO2,0,0,0,0,0,0,2.621946525,2.240990417,1.851615862,0,0.903929473,0.956200116,0.970922069,0,0,2.843407086,2.744180469,2.868099561,0,0,0,0,2.426542826,2.2550935,2.661928568,2.807354922,0,0,0,0,0,0,0,0,0,0,0,0
RFC2,0.996370196,0,1.401468483,0,0,0,0,0,0,0,0,0,0,1.025359956,0,0,0,0,0,0,0,0,0,0,0,0,0,0,0,0,0,0,0,0,0,0,0,0
RFC3,0,0,0,0,0,0,0,0,0,0,0,0,0,0,0,0,0,0,0,0,0,0,0,0,0,0,0,0,0,0,0,0,0,0,0,0,0,0
RFC5,1.58012073,1.533191662,2.098758683,0,0,0,0,0,0,0,0,0,0,0,0,0,0,0,0,0,0,0,0,0,0,0,0,0,0,0,0,0,0,0,0,0,0,0
RFK,0.996370196,0.961347078,1.791837015,0,0,0,0,0,0,0.96708259,0.903929473,0.956200116,0,0,0,0,0,0,1.098576504,0,0,0,0,0,0,0,0,0,0,0,0,0,0,0,0,0,0,0
RFNG,0,0,0,0,0,0,0.894759661,1.51783371,0,0,0,0,0,0,0,0,0,0,0,0,0,0,0,0,0,0,0,0,0,0,0,0,0,0,0,0,0,0
RGMB,0,0,0,0,0,0,0,0,0,0,0,0,0,0,0,1.61308057,1.53606782,2.053289965,0,0,0,0,2.426542826,1.937434512,2.443780137,2.807354922,0,0,0,0,0,0,0,0,0,0,0,0
RHBDF1,1.58012073,1.941625202,0,0,0,0,0,0,0,0,0,0,0,0,0,0,0,0,0,0,0,0,0,0,0,0,3.947899965,3.601888181,4.041997863,3.540486385,0,0,0,0,0,0,0,0
RHBDF2,2.316116017,2.519953374,0.864613417,0,0,0,0,0,0,0.96708259,0,0.956200116,0,0,0,0,0,0,0,0,0,0,0,0,0,0,4.900383898,4.8103507,4.718023325,4.825223333,4.526614972,2.069533795,4.234691467,3.916020257,0,0,0,0
RHEB,1.58012073,0.961347078,0,0,0,0,0,0,0,0.96708259,0,0,0,0,0,0,0,0,0,0,0,0,0,0,0,0,1.380514028,1.373875901,1.931003366,0,0,0,0,0,0,0,0,0
RHOA,4.452494049,4.173790108,4.12242704,2.941009732,2.945112293,2.451014583,2.405039482,2.500551849,2.992305255,4.184907225,3.982732963,3.916753108,3.269158334,3.044091598,3.006327599,3.207295283,3.104356784,3.061983348,3.340770694,3.413209566,2.856411626,4.106705299,1.858228386,2.926737964,2.443780137,0,5.989612189,5.742134157,5.803678067,6.116289307,5.022286887,4.732273583,4.63044284,4.557799622,0,0,0,0
RHOB,0.996370196,0.961347078,0.864613417,0,0,0,0,0,0,1.950337883,0,1.526262086,0,0,0,0,0,0,0,0,0,0,0,0,0,0,3.408938331,3.399164795,3.771823672,3.875236924,4.314617226,2.069533795,3.309356743,1.933211842,0,0,0,0
RHOC,0,1.533191662,0.864613417,0,0,0,0,0,0.90279184,1.540903575,1.455392216,1.933791208,1.956160331,1.025359956,1.003619168,0,0,0,0,1.05142317,0,0,0,0,0,0,2.072868086,2.529815193,2.383995806,2.823248847,0,0,0,0,0,0,0,0
RHOF,1.58012073,2.519953374,0,0,0,0,0,0,0,0,0,0,0,0,0,0,0,0,0,0,0,0,0,0,0,0,2.89033867,3.163224167,3.771823672,2.823248847,0,0,0,0,0,0,0,0
RHOG,2.578907744,2.931662233,2.351701379,0,0,0,0,0,0,1.540903575,1.455392216,0.956200116,0,0,0,0,0,0,0,0,0,0,0,0,0,0,4.339375044,4.329116984,4.46591069,4.265484343,3.385355532,0,0,0,0,0,0,0
RHPN2,0,0,0,0,0,0,0,0,0,0,0,0,0,1.025359956,0,0,0,0,0,0,0,0,0,0,0,0,2.072868086,2.064647663,1.931003366,1.333072201,0,0,0,0,0,0,0,0
RIDA,0,0,0,0,0,0,0.894759661,1.51783371,2.636470024,0,0,0,0,0,0,2.620025286,2.263052434,2.378701702,0,0,0,0,2.644143159,2.5152748,2.186666421,2.584962501,0,0,0,0,0,0,0,0,0,0,0,0
RIOX2,0,1.533191662,2.56684197,0,1.543333959,1.47881758,0,0.9499485,0,0,0,0,0,0,0,0,0,0,0,0,0,0,0,0,0,0,0,0,0,0,0,0,0,0,0,0,0,0
RIT1,0,0,0,0,0,0,0,0,0,0,0,0,0,0,0,0,0,0,0,0,0,0,0,0,0,0,1.380514028,2.529815193,1.931003366,1.333072201,0,0,0,0,0,0,0,0
RMDN3,0,0,0,0,0,0,1.442864021,1.51783371,0.90279184,0,0,0,0,0,0,0,0,0,0,0,0,0,0,0.958592587,0,0,0,0,0,0,0,0,0,0,0,0,0,0
RMND5A,0,0,1.791837015,0,0,0,0,0,0,0,0,0,0,0,0,0,0,0,0,0,0,0,0,0,0,0,0,0,0,0,0,0,0,0,0,0,0,0
RNASE1,0.996370196,1.533191662,1.401468483,3.109978656,3.265441068,3.551296021,4.114925189,4.151572014,4.131254579,2.268893588,1.455392216,1.526262086,0,1.025359956,1.589786044,2.355604609,2.263052434,2.053289965,0,0,0,0,2.644143159,2.2550935,2.85138244,3.321928095,0,0,0,0,0,0,1.989531496,0,4.519429818,5.955900122,5.539695345,4.409490401
RNASE4,0,0,0,0,0,0.921132385,2.149649735,1.924256156,2.163087258,2.268893588,2.164986415,1.526262086,0.970922069,0,1.003619168,1.61308057,1.944875303,2.053289965,0,0,0,0,0.90705003,0.958592587,0,0,0,0,0,0,0,0,1.989531496,1.933211842,2.69678497,3.724066632,5.185959353,4.016906216
RNASE6,0,0,0,0.966587184,0.968891745,1.47881758,2.621946525,2.911236342,2.636470024,0,0,0,0,0,0,0,0,0,0,0,0,0,0,0,0,0,0,0,0,0,0,0,0,0,0,0,0,0
RNASET2,0,0,0,0,0,0.921132385,3.126593151,3.712975173,3.812006199,0,0,1.933791208,0,0,0,3.207295283,2.744180469,3.061983348,0,0,0,0,3.523873876,3.623042415,3.428871228,3.906890596,0,0,0,0,0,0,1.989531496,2.7307681,0,2.829306972,2.598717113,0
RNF123,0.996370196,0,2.098758683,0,0,0,0,0,0,0,0,0,0,0,0,0,0,0,0,0,0,0,0,0,0,0,0,0,0,0,0,0,0,0,0,0,0,0
RNF128,0,0,0,0,0,0,0,0,0,0,0,0,0,0,0,0,0,0,0,0,0,0,0,0,0,0,1.380514028,0,1.266997295,0,3.76545739,2.069533795,3.687544579,2.7307681,2.69678497,0,0,0
RNF13,0,0,0,0,0,0,0,0,0,0,0,0,0,0,0,0,0,0,0,0,0,0,0,0,0,0,2.072868086,2.064647663,1.931003366,2.013916734,5.022286887,5.299029246,4.63044284,4.373878798,4.125209993,0,0,0
RNF149,0,0,0,0,0,0,0,0,0,0,0,0,0,0,0,0,0,0,0,0,0,0,0,0,0,0,2.072868086,2.88100595,2.728226634,2.474606879,4.314617226,2.886554086,4.234691467,3.241403097,3.581002772,0,0,0
RNF167,0,0,0,0,0,0,0,0,0,0,0,0,0,0,0,0,0,0,0,0,0,0,0,0,0,0,0,0,0,0,2.867824406,0,3.309356743,0,0,0,0,0
RNF20,0,0,1.401468483,0,0,0,0,0,0,0,0,0,0,0,0,0,0,0,0,0,0,0,0,0,0,0,0,0,0,0,0,0,0,0,0,0,0,0
RNF213,3.900107558,3.513288396,3.439652425,0,0,0,0,0,0,4.636455606,5.128254847,4.086043188,0,0,0,0,0,0,1.098576504,1.653127323,2.246490367,2.9563868,0,0,0,0,0,0,0,0,0,0,0,0,0,0,0,0
RNH1,0.996370196,0.961347078,0.864613417,3.261216432,3.64247482,4.094642998,4.434508325,4.362321027,4.663973997,3.937650566,4.133559819,4.086043188,2.275117866,3.044091598,3.176352815,3.036793753,3.517296477,3.385643851,1.098576504,1.653127323,0,1.889360771,1.459649025,3.095469549,3.018820504,0,0,0,0,0,0,0,0,0,0,0,0,0
RNMT,0,0,0,0,0,0,0,0,0,0,0,0,0,0,0,0,0,0,0,0,0,0,0,0,0,0,0,0,0,0,0,0,0,0,0,0,0,0
RNPEP,4.693451201,4.878421948,5.044971775,4.74220736,5.026450493,5.163918905,5.035364569,5.22266332,5.229841123,4.889790045,4.976842159,4.913893759,5.030471481,5.002883195,5.136306249,5.362867718,5.354051154,5.354258517,4.085769758,4.556063982,4.552845745,5.064215694,5.512086791,5.47239035,5.476330201,4.523561956,2.072868086,2.529815193,1.931003366,3.103821595,0,0,0,0,0,0,0,0
RNPS1,0,0,0,0,0,0,0,0,0,0,0,0,0,0,0,0,0,0,0,0,0,0,0,0,0,0,0,0,0,0,0,0,0,0,2.69678497,0,3.474430172,2.600000002
RO60,2.801126798,2.740444656,2.754024153,3.109978656,2.945112293,2.859016798,3.126593151,3.230546315,3.141943704,3.1108756,2.827430592,2.922454862,3.752877906,3.95387427,3.591590723,3.623485148,3.255521121,3.523776826,3.168326031,2.894418153,3.457776598,3.988767131,3.629670641,3.246517199,3.018820504,3.906890596,0,0,0,0,0,2.069533795,2.795384697,3.241403097,4.828721577,4.272170993,5.539695345,4.717776833
ROCK1,0,0,0,0,0,0,0,0,0,0,0,0,0,0,0,0,0,0,0,0,0,0,0,0,0,0,0,0,0,0,0,0,0,0,0,0,0,0
RP2,1.994551864,1.941625202,0.864613417,0,0,0,0,0,0,0,0,0,0,0,0,0,0,0,0,0,0,0,0.90705003,0,0,1.584962501,3.172816473,3.77960348,3.439119207,3.717549031,2.053047961,2.069533795,3.309356743,2.7307681,0,0,0,0
RPA1,2.993641837,3.513288396,3.202968816,3.523102099,3.749037927,4.094642998,3.605364131,3.812010579,3.812006199,3.399011692,3.144111598,2.922454862,1.546060213,1.025359956,2.005425354,0,0,0,0,1.653127323,0,2.338300494,0,0,0,0,0,0,0,0,0,0,0,0,0,0,0,0
RPA2,0.996370196,1.533191662,2.098758683,2.268089723,2.271827737,2.859016798,2.810463839,2.720458447,2.636470024,1.540903575,1.455392216,0.956200116,0,1.025359956,1.003619168,0,0.963485218,0,0,1.05142317,0,0,0,0,0,0,0,0,0,0,0,0,0,0,0,0,0,0
RPA3,0.996370196,0,1.401468483,1.540237874,2.271827737,1.47881758,1.442864021,2.500551849,2.163087258,0,0.903929473,0.956200116,0,0,0,0,0,0,0,0,0,0,0,0,0,0,0,0,0,0,0,0,0,0,0,0,0,0
RPE,0,0,0.864613417,0,0,0,0,0,1.453839514,0,0,0,0,0,0,1.021139762,0,0,0,0,0,0,0.90705003,1.529484238,0.916958742,1,0,0,0,0,0,0,0,0,0,0,0,0
RPIA,1.994551864,1.941625202,1.791837015,4.183948616,4.188405325,4.368714044,3.795922944,4.073877018,3.980443085,3.524028291,3.722048161,3.378779227,4.192326201,4.21745889,4.254777207,4.039386317,3.837964422,4.389102439,2.745703037,3.260114038,3.613037926,4.215726552,4.40120489,4.379321162,4.536256295,4.807354922,0,0,0,0,0,0,0,0,0,0,0,0
RPL10,3.578300868,4.096022377,3.734739458,1.949586033,1.543333959,1.47881758,0,0,0,4.024863517,3.62351829,3.242104959,0.970922069,1.618677671,1.589786044,0,0,0,2.145448836,2.894418153,3.085856525,3.719314538,0,0,0,0,0,0,0,0,0,0,2.795384697,0,4.125209993,4.668420179,5.823551975,4.409490401
RPL10A,3.900107558,3.833879792,4.371589565,3.398093484,3.265441068,3.312666648,4.041541069,3.991758476,4.131254579,4.184907225,3.403637312,3.724923947,3.117818628,2.850560031,3.006327599,2.843407086,2.744180469,2.378701702,2.972434909,3.08882233,3.085856525,2.9563868,1.858228386,2.5152748,1.873574051,0,0,0,0,0,0,0,0,0,0,0,0,0
RPL11,3.163465689,3.100475979,3.439652425,1.949586033,2.271827737,2.193583806,0.894759661,0.9499485,1.453839514,2.750456577,2.638521785,2.511206051,2.757142261,2.850560031,2.590989414,2.031594606,1.944875303,2.053289965,2.145448836,2.076463354,2.856411626,3.18810514,2.170190716,1.937434512,1.873574051,2,0,0,0,0,0,0,0,0,3.581002772,3.724066632,4.015464754,2.600000002
RPL12,3.452825167,3.251589451,3.326158875,3.398093484,3.527408274,3.312666648,3.385748712,3.079707418,2.636470024,3.639070203,3.814276912,3.824024523,3.646291178,3.746915315,3.707114185,3.497640075,3.104356784,3.232871055,4.179630012,4.001444414,3.613037926,3.988767131,0,0.958592587,0,0,0,0,0,0,0,0,0,0,0,0,0,0
RPL13,2.801126798,2.519953374,2.919685889,1.540237874,0.968891745,0.921132385,0,0,0,3.524028291,3.279702347,3.242104959,0,0,0,0,0,0,2.145448836,2.076463354,2.246490367,2.680193992,0,0,0,0,0,0,0,0,0,0,0,0,0,0,0,0
RPL13A,2.578907744,2.519953374,2.351701379,0,0,0,0,0,0,2.941892081,3.144111598,2.511206051,0,0,0,0,0,0,1.098576504,1.653127323,0,1.234105921,0,0,0,0,0,0,0,0,0,0,0,0,3.581002772,4.668420179,5.373641915,4.717776833
RPL14,2.993641837,2.740444656,2.754024153,1.540237874,0.968891745,0.921132385,0,0,0,3.1108756,3.403637312,3.091114753,0,0,0,0,0,0,1.714955817,2.403347751,2.583445471,2.680193992,0,0,0,0,0,0,0,0,0,0,2.795384697,2.7307681,5.083269848,5.63977081,5.688593684,5.375141293
RPL15,3.452825167,3.100475979,3.326158875,0.966587184,0.968891745,0,0,0,0,3.639070203,3.722048161,3.618510617,0.970922069,1.025359956,1.003619168,0,0,0,1.098576504,2.669676924,2.856411626,2.680193992,0,0,0,0,0,0,0,0,0,0,1.989531496,0,0,0,2.598717113,2.600000002
RPL17,3.163465689,2.931662233,3.326158875,1.949586033,2.271827737,1.880020556,1.442864021,1.51783371,0.90279184,3.844824317,4.203444751,3.618510617,0.970922069,1.025359956,2.005425354,0,0,0,2.145448836,2.403347751,2.583445471,1.889360771,0,0,0,0,0,0,0,0,0,0,0,0,0,0,2.598717113,0
RPL18,3.163465689,2.519953374,2.754024153,1.949586033,2.271827737,0.921132385,0,0,0,3.1108756,3.517762757,3.378779227,0,0,1.003619168,0,0,0,2.145448836,2.403347751,2.583445471,3.387705307,0,0,0,0,0,0,0,0,0,2.886554086,3.986902457,3.617789703,5.083269848,6.215055683,5.373641915,5.375141293
RPL18A,3.452825167,3.251589451,3.202968816,0.966587184,0.968891745,0.921132385,0,0,0,3.524028291,3.279702347,2.922454862,0,0,0,0,0,0,0,1.653127323,1.806054709,2.338300494,0,0,0,0,0,0,0,0,0,0,1.989531496,1.933211842,4.828721577,4.668420179,5.373641915,4.971644604
RPL19,1.994551864,1.533191662,1.791837015,1.540237874,1.953082406,1.47881758,1.442864021,0.9499485,0.90279184,3.1108756,2.638521785,2.511206051,0,1.025359956,1.003619168,0,0,0,1.714955817,2.403347751,1.806054709,2.680193992,0,0,0,0,0,0,0,0,0,0,0,0,0,0,2.598717113,0
RPL21,2.316116017,1.533191662,2.754024153,1.540237874,1.543333959,1.47881758,0.894759661,0.9499485,0.90279184,2.941892081,2.638521785,2.922454862,0,0,0,0,0,0,1.098576504,1.05142317,2.246490367,2.338300494,0,0,0,0,0,0,0,0,0,0,0,0,0,0,2.598717113,2.600000002
RPL22,2.578907744,2.519953374,2.754024153,2.528836668,2.532736393,2.451014583,2.621946525,2.240990417,2.419108186,3.399011692,2.827430592,3.091114753,2.536168495,2.626984775,2.590989414,2.843407086,1.944875303,2.053289965,2.972434909,3.08882233,3.283768429,3.387705307,1.459649025,1.529484238,1.473143559,0,0,0,0,0,0,0,1.989531496,0,3.581002772,4.272170993,3.474430172,3.475828426
RPL23,2.316116017,2.519953374,2.754024153,1.540237874,1.543333959,1.47881758,0,0,0,3.745612183,3.403637312,3.091114753,1.546060213,1.618677671,1.589786044,0,0,0,1.714955817,2.076463354,2.246490367,1.889360771,0,0,0,0,0,0,0,0,0,0,0,0,0,0,0,0
RPL23A,0,0,0,0,0,1.47881758,0.894759661,1.51783371,1.453839514,3.524028291,3.62351829,2.922454862,0.970922069,0,1.003619168,0,0,0,0,1.653127323,1.168913826,0,0.90705003,0,0,0,0,0,0,0,0,0,0,0,0,0,0,0
RPL24,2.316116017,1.941625202,1.791837015,0,1.543333959,0.921132385,0,0,0,2.750456577,2.9944429,2.922454862,0,0,0,0,0,0,2.145448836,2.403347751,2.246490367,2.338300494,0,0,0.916958742,0,0,0,1.266997295,0,0,2.069533795,3.687544579,3.241403097,3.581002772,4.978956706,4.408026318,4.409490401
RPL26,1.58012073,0,1.401468483,0,0,0,0,0,0,1.950337883,1.853383544,1.526262086,0,0,0,0,0,0,0,1.653127323,1.806054709,0,0,0,0,0,0,0,0,0,0,0,0,0,4.125209993,4.978956706,5.185959353,4.409490401
RPL27,2.578907744,2.740444656,2.754024153,0.966587184,0,0,0,0,0,3.262125066,3.144111598,3.242104959,0.970922069,0,1.003619168,0,0,0,1.098576504,1.05142317,2.246490367,2.338300494,0,0,0,0,0,0,0,0,0,0,3.309356743,1.933211842,4.828721577,5.451253497,5.373641915,4.717776833
RPL27A,2.316116017,2.519953374,2.351701379,0.966587184,1.543333959,1.47881758,0,0,0,2.750456577,2.421096055,2.731434726,0,0,0,0,0,0,1.714955817,2.076463354,1.806054709,2.338300494,0,0,0,0,0,0,0,0,0,0,1.989531496,0,2.69678497,4.272170993,4.408026318,3.475828426
RPL28,1.994551864,1.941625202,2.351701379,0.966587184,0.968891745,0,0,0,0,2.268893588,2.638521785,1.933791208,0,0,0,0,0,0,0,1.05142317,1.806054709,2.338300494,0,0,0,0,0,0,0,0,0,0,0,0,0,0,0,0
RPL29,0.996370196,0.961347078,0.864613417,0.966587184,0.968891745,1.47881758,0.894759661,0.9499485,0.90279184,2.268893588,1.853383544,2.251195448,0,0,0,0,0,0,1.098576504,1.05142317,0,0,0,0,0,0,0,0,0,0,0,0,0,0,0,0,0,0
RPL3,3.900107558,3.388364695,4.188866565,1.949586033,1.953082406,1.47881758,0,0.9499485,0,5.183116754,5.198391069,4.499810006,0.970922069,1.025359956,1.003619168,0,0,0,2.145448836,2.894418153,3.457776598,3.18810514,0,0,0,0,0,0,0,0,0,0,2.795384697,0,4.519429818,4.668420179,6.356137437,5.948469918
RPL30,2.801126798,2.740444656,2.919685889,2.268089723,1.953082406,2.193583806,1.839113208,1.924256156,1.851615862,3.262125066,3.144111598,2.731434726,1.956160331,2.362292771,2.813553664,0,0,0,2.145448836,2.076463354,2.856411626,2.338300494,0,0,0,0,0,1.373875901,0,0,0,0,3.986902457,1.933211842,5.083269848,5.806477144,5.946958394,5.825061276
RPL31,1.58012073,1.941625202,1.791837015,0,0.968891745,0.921132385,0,0,0,3.262125066,3.144111598,3.242104959,1.546060213,1.618677671,1.589786044,0,0,0,0,2.076463354,0,1.234105921,0,0,0,0,0,0,0,0,0,0,0,0,0,0,0,0
RPL32,2.316116017,1.941625202,2.351701379,0.966587184,0,0.921132385,0,0,0,3.1108756,2.638521785,2.511206051,0,0,0,0,0,0,1.098576504,1.05142317,1.168913826,2.680193992,0,0,0,0,0,0,0,0,0,0,1.989531496,0,0,2.829306972,4.015464754,2.600000002
RPL34,1.994551864,2.519953374,1.791837015,0,0.968891745,1.47881758,0.894759661,0.9499485,0,2.529675346,2.827430592,1.526262086,0,0,0,0,0,0,1.098576504,1.05142317,2.246490367,1.234105921,0,0,0,0,0,0,0,0,0,0,2.795384697,0,0,0,0,0
RPL35,1.58012073,0.961347078,0.864613417,0,0,0.921132385,1.442864021,1.51783371,0.90279184,3.1108756,2.827430592,2.251195448,0,0,0,0,0,0,0,1.653127323,2.246490367,0,0,0,0,0,0,0,0,0,0,0,0,0,0,0,2.598717113,2.600000002
RPL35A,1.58012073,1.533191662,1.401468483,1.540237874,0.968891745,0.921132385,0,0,0,0.96708259,1.455392216,1.526262086,0,0,0,0,0,0,0,0,0,0,0,0,0,0,0,0,0,0,0,0,1.989531496,1.933211842,5.487628999,6.533094477,6.060635542,6.357655108
RPL36,1.994551864,2.259576362,2.351701379,0,0,0,0,0,0,2.529675346,2.827430592,2.251195448,0,0,0,0,0,0,1.098576504,1.653127323,1.806054709,2.680193992,0,0,0,0,0,0,0,0,0,0,1.989531496,0,2.69678497,2.829306972,3.474430172,2.600000002
RPL36A,0.996370196,0.961347078,0.864613417,0.966587184,0.968891745,0.921132385,0,0,0,2.268893588,2.421096055,1.933791208,0,0,0,0,0,0,0,0,1.806054709,1.889360771,0,0,0,0,0,0,0,0,0,0,1.989531496,0,0,2.829306972,3.474430172,2.600000002
RPL36AL,0,0,0,0,0,0,0,0,0,1.540903575,0.903929473,0.956200116,0,0,0,0,0,0,0,0,0,0,0,0,0,0,0,0,0,0,0,0,0,0,0,0,0,0
RPL37,0,0,0,0.966587184,0.968891745,0,0,0,0,0.96708259,1.455392216,0.956200116,0,0,0,0,0,0,0,0,0,0,0,0,0,0,0,0,0,0,0,0,0,0,0,2.829306972,2.598717113,2.600000002
RPL37A,1.994551864,1.941625202,1.791837015,0.966587184,0.968891745,0.921132385,0,0,0,2.529675346,2.421096055,2.251195448,0.970922069,1.025359956,1.003619168,0,0,0,1.714955817,1.653127323,1.168913826,1.889360771,0,0,0,0,0,0,0,0,0,0,0,0,0,2.829306972,4.015464754,2.600000002
RPL38,2.316116017,2.259576362,2.56684197,0.966587184,1.953082406,1.47881758,0.894759661,0.9499485,0.90279184,2.750456577,2.421096055,1.933791208,2.275117866,2.037874702,2.327714414,1.021139762,0.963485218,1.03574445,1.098576504,1.05142317,1.806054709,2.9563868,0,0,0,0,0,0,0,0,0,0,0,0,0,0,0,0
RPL4,4.241042231,4.317777446,4.252380623,0,0.968891745,0.921132385,0,0,0,4.842557512,4.976842159,4.669311198,0,0,0,0,0,0,2.476571387,3.551606284,3.753201815,4.215726552,0,0,0,0,0,0,0,0,0,0,1.989531496,0,3.581002772,3.724066632,4.970157178,4.717776833
RPL5,3.900107558,3.833879792,3.979598316,2.528836668,0.968891745,1.880020556,1.839113208,1.51783371,1.453839514,4.107103517,3.982732963,4.003879849,1.956160331,2.362292771,1.589786044,0,0,0,2.145448836,3.413209566,2.856411626,3.387705307,0,0,0,0,0,0,0,0,0,0,0,0,3.581002772,5.806477144,6.356137437,5.375141293
RPL6,4.241042231,4.096022377,3.642923751,1.949586033,1.543333959,2.859016798,1.839113208,2.720458447,2.636470024,4.690806462,4.394828067,4.558551138,0,0,0,0,0,0,1.714955817,2.669676924,3.880945927,4.106705299,0,0,0,0,0,2.529815193,0,0,0,3.785554776,4.446094835,4.72090243,6.926452558,8.472589048,7.631116056,7.595361318
RPL7,3.900107558,3.628251645,3.734739458,0.966587184,1.543333959,0.921132385,0.894759661,0,0,4.39592324,4.453368265,3.724923947,0.970922069,0,1.003619168,0,0,0,1.714955817,2.894418153,3.085856525,3.86032243,0,0,0,0,0,1.373875901,1.266997295,0,0,0,3.986902457,3.617789703,5.938264613,7.374151074,6.935217595,6.44408272
RPL7A,4.241042231,4.247579354,4.12242704,1.540237874,1.543333959,0,0,0,0,4.579976752,4.762065226,4.61499383,0,0,0,0,0,0,1.098576504,3.08882233,3.085856525,3.18810514,0,0,0,0,0,0,0,0,0,0,2.795384697,2.7307681,3.581002772,4.978956706,5.688593684,5.187453585
RPL8,2.993641837,2.740444656,3.068269276,0,0,0.921132385,0,0,0,4.328956263,4.060116522,3.916753108,0,0,0,0,0,0,1.714955817,2.076463354,2.583445471,1.889360771,0,0,0,0,0,0,0,0,0,2.069533795,2.795384697,2.7307681,3.581002772,3.724066632,4.716298833,4.016906216
RPL9,3.452825167,3.513288396,3.544865169,2.749592966,1.543333959,0.921132385,0,0,0,4.184907225,4.060116522,3.724923947,1.956160331,2.037874702,2.005425354,0,0,0,1.098576504,2.669676924,1.806054709,2.338300494,0,0,0,0,0,0,0,0,0,0,0,0,0,0,0,0
RPLP0,4.16306102,4.173790108,4.252380623,4.458950855,4.463452526,4.598938406,4.544844102,3.991758476,3.898681406,3.639070203,3.403637312,3.378779227,3.646291178,3.505214095,3.591590723,4.127001517,3.738788903,3.765752776,3.633934435,4.556063982,3.753201815,3.988767131,0,2.5152748,2.443780137,1,0,0,0,0,0,0,0,0,0,0,0,0
RPLP1,0,0,1.401468483,0.966587184,1.543333959,0.921132385,0.894759661,1.51783371,1.453839514,0,0,0.956200116,0,0,0,1.021139762,0,1.632427638,0,0,0,0,0,0,0,0,0,0,0,0,0,0,0,0,0,0,0,0
RPLP2,1.58012073,0,2.098758683,1.949586033,2.271827737,2.193583806,0.894759661,1.924256156,1.851615862,0,0.903929473,0.956200116,0,0,0,1.021139762,1.53606782,1.03574445,0,0,0,0,0,0,0,0,0,0,0,0,0,0,0,0,0,0,0,0
RPN1,0,0,0,0,0,0,0,0,0,0,0,0,0,0,0,0,0,0,0,0,0,0,0,0,0,0,1.380514028,1.373875901,1.266997295,1.333072201,2.053047961,0,3.309356743,3.241403097,0,0,2.598717113,0
RPN2,0,0,0,0,0,0,0.894759661,0.9499485,0,1.540903575,1.455392216,1.526262086,0.970922069,0,0,1.61308057,0.963485218,1.632427638,0,0,0,0,2.644143159,2.5152748,2.443780137,2,2.072868086,1.373875901,1.931003366,2.013916734,0,0,0,0,0,0,0,0
RPP30,1.994551864,1.533191662,2.754024153,1.949586033,1.543333959,2.859016798,0,0,0,0.96708259,0.903929473,0,0,0,0,0,0,0,0,0,0,0,0,0,0,0,0,0,0,0,0,0,0,0,0,0,0,0
RPP40,0,0,0,0,0,0,0,0,0,0,0,0,0,0,0,0,0,0,0,0,0,0,0,0,0,0,0,0,0,0,0,0,0,0,0,0,0,0
RPRD1B,0.996370196,0.961347078,0.864613417,1.540237874,1.543333959,1.47881758,2.405039482,2.911236342,2.636470024,1.540903575,1.455392216,1.526262086,2.275117866,1.618677671,1.589786044,1.61308057,1.53606782,1.632427638,0,0,1.168913826,0,2.833183695,2.5152748,2.661928568,2,0,0,0,0,0,0,0,0,0,0,0,0
RPRD2,0,0,0,0,0,0,0,0,0,0,0,0,0,0,0,0,0,0,0,0,0,0,0,0,0,0,0,0,0,0,0,0,0,0,0,0,0,0
RPS10,2.316116017,2.259576362,1.791837015,0.966587184,0.968891745,0.921132385,0.894759661,0.9499485,0.90279184,3.524028291,3.403637312,3.242104959,0.970922069,0,1.003619168,0,0.963485218,1.03574445,1.098576504,1.05142317,1.168913826,1.234105921,0,0,0,0,0,0,1.266997295,0,2.053047961,0,1.989531496,1.933211842,0,0,2.598717113,0
RPS11,3.993186609,4.013822575,3.979598316,2.749592966,2.753608502,1.880020556,0.894759661,0.9499485,0.90279184,3.524028291,3.403637312,3.242104959,0.970922069,1.025359956,1.003619168,0,0,0,1.098576504,2.076463354,2.246490367,3.18810514,0,0,0,0,0,0,0,0,0,0,0,0,2.69678497,3.724066632,3.474430172,3.475828426
RPS12,2.578907744,2.259576362,2.098758683,2.941009732,2.945112293,3.026589061,3.126593151,3.079707418,3.141943704,2.941892081,2.9944429,2.922454862,2.275117866,1.618677671,2.327714414,2.620025286,1.944875303,2.378701702,1.714955817,2.403347751,2.856411626,3.18810514,2.170190716,2.5152748,2.186666421,1,0,0,0,0,0,0,0,0,0,0,0,0
RPS13,2.578907744,2.740444656,2.754024153,0.966587184,0.968891745,0.921132385,0.894759661,0.9499485,0.90279184,3.937650566,3.403637312,3.503618698,0.970922069,1.025359956,1.003619168,0,0,0,2.145448836,3.260114038,2.583445471,2.9563868,0,0,0,0,1.380514028,0,1.266997295,1.333072201,2.053047961,0,2.795384697,1.933211842,3.581002772,4.978956706,5.688593684,4.971644604
RPS14,3.452825167,3.388364695,3.902505716,2.749592966,2.753608502,2.669391044,1.839113208,2.240990417,2.636470024,4.107103517,3.722048161,3.503618698,2.275117866,1.618677671,2.005425354,0,0,0,1.098576504,2.076463354,0,1.234105921,0,0,0,0,0,0,0,0,0,0,0,0,0,0,0,0
RPS15,1.994551864,0.961347078,2.754024153,0,0,0,0,0,0,4.107103517,3.517762757,3.724923947,2.757142261,1.618677671,1.003619168,0,0,0,1.098576504,2.076463354,0,0,0,0,0,0,0,0,0,0,0,0,0,0,0,0,0,0
RPS15A,3.578300868,3.628251645,3.642923751,2.528836668,2.753608502,1.47881758,1.839113208,1.51783371,1.453839514,3.262125066,3.517762757,3.724923947,1.546060213,2.037874702,2.327714414,1.021139762,0.963485218,1.03574445,2.476571387,2.669676924,2.583445471,2.680193992,0,0.958592587,0.916958742,0,0,1.373875901,0,0,0,0,0,0,4.125209993,0,4.970157178,3.475828426
RPS16,4.080622667,4.096022377,4.252380623,3.523102099,3.527408274,3.43690954,0.894759661,0,0.90279184,3.639070203,3.90096226,3.618510617,1.956160331,2.626984775,2.813553664,0,0,0,2.476571387,3.413209566,3.283768429,3.86032243,0,0,0,0,0,0,0,0,0,0,1.989531496,1.933211842,2.69678497,0,2.598717113,0
RPS17,2.801126798,3.100475979,3.068269276,2.268089723,2.271827737,1.47881758,0.894759661,0.9499485,0.90279184,3.262125066,3.279702347,2.922454862,2.275117866,2.362292771,2.590989414,1.021139762,0.963485218,1.03574445,2.145448836,1.653127323,2.583445471,2.680193992,0,0,0,0,1.380514028,2.064647663,1.931003366,2.474606879,0,0,0,0,0,0,3.474430172,0
RPS18,3.900107558,3.734726159,3.642923751,2.749592966,2.532736393,2.669391044,0.894759661,0.9499485,0.90279184,3.844824317,3.144111598,3.503618698,2.275117866,2.850560031,2.590989414,0,0,0,2.745703037,3.413209566,2.856411626,3.387705307,0,0,0,0,0,0,0,0,0,0,1.989531496,0,0,0,0,0
RPS19,1.58012073,1.533191662,2.098758683,0,0.968891745,0,0,0.9499485,0.90279184,3.524028291,3.279702347,2.922454862,1.546060213,1.025359956,1.003619168,2.620025286,2.523580768,2.868099561,0,0,0,0,0,0,0,0,0,0,0,0,0,0,0,0,0,0,0,0
RPS2,4.850963489,4.625163985,5.276466058,3.398093484,3.114149002,2.859016798,1.442864021,1.924256156,1.851615862,4.743183871,4.71498784,4.374625784,3.117818628,3.214705715,3.328436075,1.021139762,0,1.03574445,3.494786352,3.677881073,3.753201815,3.988767131,0,0,0,0,0,0,0,0,0,3.404975348,3.309356743,3.241403097,5.938264613,8.107633953,7.347304904,7.207728138
RPS20,1.994551864,1.941625202,2.919685889,1.949586033,0.968891745,2.193583806,0.894759661,1.51783371,1.453839514,2.941892081,2.164986415,2.731434726,0.970922069,1.025359956,1.003619168,1.61308057,0.963485218,2.053289965,1.098576504,2.403347751,0,1.889360771,0,1.529484238,0,0,0,0,0,0,0,0,0,0,0,0,0,0
RPS23,2.316116017,2.740444656,3.326158875,1.540237874,1.953082406,1.47881758,0.894759661,0.9499485,1.453839514,2.750456577,2.827430592,2.511206051,0.970922069,1.025359956,1.003619168,0,0,0,1.098576504,2.076463354,1.168913826,1.889360771,0,0,0,0,0,0,0,0,0,0,0,0,0,0,0,0
RPS24,2.316116017,2.519953374,2.351701379,0.966587184,0.968891745,0.921132385,0,0,0.90279184,3.399011692,3.403637312,3.242104959,1.546060213,1.025359956,0,0,0,0,1.714955817,1.653127323,2.583445471,2.680193992,0,0,0,0,0,0,0,0,0,0,1.989531496,0,0,0,4.015464754,2.600000002
RPS25,2.578907744,2.519953374,2.56684197,1.540237874,1.953082406,1.47881758,0,0,0,2.941892081,2.827430592,3.091114753,0.970922069,2.362292771,2.327714414,1.021139762,0,0,1.714955817,1.653127323,2.856411626,2.680193992,0,0,0,0,0,0,0,0,0,0,0,0,0,0,0,0
RPS26,0,0,0,0,0,0,0,0,0,0,0,0,0,0,0,0,0,0,0,0,0,0,0,0,0,0,0,0,0,0,0,0,0,0,0,0,0,0
RPS26P11,0.996370196,0.961347078,1.791837015,0,0.968891745,1.47881758,0,0,0,0.96708259,0.903929473,1.526262086,0,0,0,0,0,0,1.098576504,1.05142317,1.168913826,0,0,0,0,0,0,0,0,0,0,0,0,0,0,0,0,0
RPS27,2.801126798,2.519953374,2.754024153,1.949586033,1.543333959,0.921132385,0.894759661,0.9499485,1.453839514,2.268893588,2.164986415,2.251195448,0.970922069,1.618677671,1.003619168,0,0,0,1.098576504,2.076463354,1.806054709,2.338300494,0,0,0,0,0,0,0,0,0,2.069533795,0,0,2.69678497,0,2.598717113,0
RPS27A,5.665299456,5.651069217,5.393779452,3.261216432,2.945112293,3.026589061,2.149649735,2.500551849,2.419108186,5.458439583,3.90096226,4.772170812,2.948722432,3.631120459,3.176352815,2.355604609,1.944875303,2.378701702,4.991802515,4.488737827,5.217396799,5.67347565,2.426542826,1.937434512,2.85138244,2.807354922,7.362543029,7.090546636,7.146290205,7.506263454,6.952367237,7.771031738,6.754338198,6.555025864,4.828721577,4.668420179,4.408026318,4.717776833
RPS28,0.996370196,0.961347078,0.864613417,0.966587184,0,0.921132385,0.894759661,0.9499485,1.851615862,1.540903575,1.853383544,1.933791208,0.970922069,1.025359956,1.003619168,1.021139762,0.963485218,1.03574445,0,1.05142317,1.168913826,1.234105921,0.90705003,1.529484238,0.916958742,0,0,0,0,0,0,0,0,0,0,0,0,0
RPS3,5.080408389,5.245570117,5.148762131,4.327992353,4.188405325,3.935234957,2.810463839,2.911236342,2.636470024,4.39592324,4.453368265,4.438575266,3.646291178,3.746915315,3.814069025,1.021139762,0.963485218,1.632427638,4.267755043,4.265567955,3.998293229,4.411787418,0,0,0.916958742,0,0,0,0,0,0,0,1.989531496,0,2.69678497,2.829306972,2.598717113,0
RPS3A,4.315023641,4.317777446,4.533749939,2.749592966,3.114149002,2.859016798,0.894759661,0.9499485,1.851615862,4.793726137,4.509625417,4.558551138,2.536168495,3.044091598,3.176352815,0,0,0,3.340770694,3.901441717,4.106809436,4.106705299,0,0,0,0,0,0,0,0,0,0,0,0,4.519429818,5.806477144,5.539695345,5.187453585
RPS4X,4.516609989,4.625163985,4.893838295,3.109978656,2.753608502,2.669391044,0,0,0,4.842557512,4.71498784,4.721657506,2.757142261,2.850560031,2.813553664,0,0,0,2.972434909,3.793987451,3.753201815,3.86032243,0,0,0,0,0,0,0,0,0,0,1.989531496,0,4.125209993,3.724066632,6.060635542,4.717776833
RPS5,3.578300868,3.388364695,4.052779486,2.528836668,2.532736393,2.193583806,1.839113208,1.924256156,1.851615862,3.639070203,3.62351829,2.922454862,2.536168495,2.626984775,2.327714414,2.031594606,0.963485218,2.053289965,3.168326031,3.260114038,2.246490367,2.9563868,0,0.958592587,0.916958742,0,0,0,0,2.013916734,0,0,0,0,0,0,0,0
RPS6,3.315387858,3.100475979,3.068269276,1.949586033,2.532736393,2.669391044,0.894759661,0.9499485,0.90279184,4.258728859,4.270100252,4.374625784,0,0,0,0,0,0,2.145448836,2.894418153,3.283768429,3.563016736,0,0,0,0,0,0,0,0,0,0,0,0,0,0,2.598717113,0
RPS6KA1,1.58012073,1.941625202,2.351701379,0,0,0,0,0,0,2.529675346,2.421096055,1.933791208,0,0,0,0,0,0,1.098576504,1.05142317,0,2.680193992,0,0,0,0,0,0,0,0,0,0,0,0,0,0,0,0
RPS6KA3,3.578300868,3.100475979,4.12242704,0,0,2.193583806,0,0,1.453839514,3.399011692,3.62351829,3.091114753,1.546060213,1.025359956,0,0,0,0,1.098576504,1.05142317,1.168913826,1.889360771,0,0,0,0,0,1.373875901,0,0,0,0,0,0,0,0,0,0
RPS7,3.452825167,3.251589451,3.439652425,2.528836668,2.271827737,2.669391044,2.149649735,2.240990417,2.163087258,4.328956263,4.509625417,4.163778281,3.117818628,3.631120459,3.814069025,2.620025286,0.963485218,2.378701702,3.340770694,3.901441717,3.753201815,3.719314538,0,0.958592587,0,0,0,0,0,0,0,0,0,0,0,0,2.598717113,0
RPS8,3.452825167,3.513288396,3.642923751,0,1.543333959,0,0,0,0,3.937650566,4.203444751,3.503618698,1.546060213,1.025359956,1.589786044,0,0,0,2.745703037,3.413209566,3.753201815,3.719314538,0,0,0,0,0,0,0,0,0,0,3.309356743,0,3.581002772,4.272170993,5.373641915,4.717776833
RPS9,3.452825167,3.388364695,3.439652425,2.268089723,2.271827737,2.193583806,1.442864021,0.9499485,0,3.399011692,3.403637312,3.091114753,1.956160331,2.362292771,2.327714414,0,0,0,2.145448836,2.669676924,3.085856525,3.18810514,0,0,0,0,0,0,0,0,0,0,0,0,3.581002772,3.724066632,5.185959353,4.409490401
RPSA,5.240850503,4.782385471,5.276466058,4.106148,4.188405325,3.551296021,2.977170172,3.079707418,3.141943704,4.107103517,3.90096226,3.824024523,2.757142261,2.850560031,3.006327599,3.036793753,3.104356784,3.061983348,2.476571387,3.413209566,1.168913826,3.563016736,0.90705003,0.958592587,0,0,0,0,0,0,0,0,0,0,0,0,0,0
RPUSD2,0,0,0.864613417,0,0,0,0,0,1.851615862,0.96708259,1.455392216,0.956200116,0,0,0,0,0,0,0,0,0,0,0,0,0,0,0,0,0,0,0,0,0,0,0,0,0,0
RQCD1,0,0,0,0,0,0,0,0,0,0,0,0,0,0,0,0,0,0,0,0,0,0,0,0,0,0,0,0,0,0,0,0,0,0,0,0,0,0
RRAGA,0,0,0,0,0,0,0,0,0,0,0,0,0,0,0,0,0,0,0,0,0,0,0,0,0,0,0,0,0,0,0,0,0,0,0,0,0,0
RRAGC,0.996370196,0,1.791837015,0,0,1.47881758,0,0,0,0.96708259,0.903929473,0,0,0,0,0,0,0,0,0,0,0,0,0,0,0,0,0,0,0,0,0,0,0,0,0,0,0
RRAS,2.993641837,2.740444656,2.351701379,0,0,0,0,0,0,1.540903575,1.455392216,1.526262086,0,0,0,0,0,0,0,0,0,1.234105921,0,0,0,0,4.975841682,4.636617942,4.638782042,4.661645673,2.867824406,2.886554086,3.687544579,3.617789703,0,0,0,0
RRAS2,1.58012073,1.533191662,1.401468483,0,0,0,0,0,0,0,0,0,0,0,0,0,0,0,0,0,0,0,0,0,0,0,2.072868086,2.064647663,1.931003366,2.013916734,2.053047961,0,0,0,0,0,0,0
RRBP1,0,0,0.864613417,1.949586033,2.271827737,2.669391044,3.703787505,4.546171463,4.131254579,4.889790045,5.054533961,5.270817342,4.943118734,5.178152269,5.176953957,5.822581576,5.708761378,5.713101713,6.847286589,6.55939824,5.739680411,2.9563868,2.833183695,3.246517199,2.85138244,0,0,0,0,0,0,0,0,0,0,0,0,0
RRM1,5.48474626,5.09379041,5.008646625,4.635482004,4.640008333,4.168194276,3.882525857,3.606636986,3.401423861,4.328956263,4.060116522,3.824024523,2.536168495,2.362292771,2.813553664,1.021139762,0,1.03574445,2.476571387,2.669676924,2.583445471,2.9563868,0,0,0,0,0,0,0,0,0,0,0,0,0,0,0,0
RRM2,0,0.961347078,1.401468483,0.966587184,1.543333959,0,3.703787505,3.491832663,2.825330619,0.96708259,1.455392216,1.526262086,2.948722432,2.626984775,2.813553664,3.497640075,3.632289151,3.765752776,0,0,0,0,3.728236298,3.729484261,4.008829657,4.247927513,0,0,0,0,0,0,0,0,0,0,0,0
RRP12,0,0,0,0,0,0,0.894759661,0.9499485,1.453839514,0,0,0,0,0,0,1.61308057,0,1.03574445,0,0,0,0,0.90705003,1.529484238,1.473143559,1.584962501,0,0,0,0,0,0,0,0,0,0,0,0
RRP9,2.993641837,3.100475979,3.544865169,2.528836668,2.945112293,3.176707196,2.405039482,1.51783371,2.419108186,1.540903575,0.903929473,0,0,0,0,0,0,0,0,0,0,0,0,0,0,0,0,0,0,0,0,0,0,0,0,0,0,0
RSL1D1,3.315387858,2.931662233,3.068269276,0,0,0,0,0,0,2.268893588,1.853383544,1.526262086,0,0,0,0,0,0,0,0,0,1.889360771,0,0,0,0,0,0,0,0,0,0,0,0,0,0,0,0
RSPRY1,0,0.961347078,0,0,0,0,0.894759661,0,1.453839514,0,0,0,0,0,0,0,0,0,0,0,0,0,0,0,0,0,2.538745146,1.373875901,1.931003366,1.333072201,0,0,0,0,0,0,0,0
RSU1,2.578907744,1.941625202,1.401468483,1.540237874,0.968891745,1.47881758,2.149649735,2.240990417,2.163087258,0,0,0,0,0,0,1.021139762,0.963485218,1.632427638,0,0,0,0,1.459649025,2.5152748,2.186666421,0,2.89033867,3.163224167,3.238727139,3.103821595,0,0,0,0,0,0,0,0
RTCB,4.241042231,4.173790108,3.979598316,3.523102099,3.402362581,2.451014583,2.810463839,2.720458447,1.453839514,3.639070203,3.62351829,3.618510617,0,0,0,0,0,0,0,2.076463354,1.168913826,1.234105921,0,0,0,0,0,0,0,0,0,0,0,0,0,0,0,0
RTCD1,0,0,0,0,0,0,0,0,0,0,0,0,0,0,0,0,0,0,0,0,0,0,0,0,0,0,0,0,0,0,0,0,0,0,0,0,0,0
RTKN,0,0.961347078,0.864613417,0,0,0,0,0,0,0.96708259,1.455392216,0.956200116,0,0,0,0,0,0,0,0,0,1.234105921,0,0,0,0,3.611795418,3.77960348,3.615041015,3.540486385,0,0,0,0,0,0,0,0
RTN3,1.58012073,1.533191662,1.401468483,1.949586033,1.543333959,1.880020556,0,0,0,1.950337883,1.853383544,1.526262086,1.546060213,2.037874702,1.589786044,0,0,0,1.714955817,1.653127323,1.168913826,1.234105921,0,0,0,0,0,0,0,0,0,0,1.989531496,1.933211842,2.69678497,0,0,0
RTN4,2.801126798,2.740444656,2.351701379,3.109978656,2.945112293,3.026589061,0,0.9499485,0,2.750456577,1.853383544,2.511206051,2.275117866,2.037874702,1.589786044,0,0,0,2.476571387,1.653127323,1.806054709,2.338300494,0,0,0,0,0,0,0,0,0,0,1.989531496,2.7307681,2.69678497,0,0,0
RTRAF,0.996370196,0.961347078,0,1.949586033,0.968891745,0,0.894759661,1.51783371,0.90279184,2.750456577,2.638521785,1.933791208,0,0,0,0,0,0,0,0,0,0,0,0,0,0,0,0,0,0,0,0,0,0,0,0,0,0
RUVBL1,5.385222152,5.209095795,5.578592976,4.978872542,4.694364685,4.843060841,0,0.9499485,1.453839514,4.793726137,4.666322275,4.374625784,3.531197087,3.631120459,4.00677851,0,0,1.03574445,4.429334296,4.488737827,4.390583544,4.411787418,0,0,0,0,4.090524219,3.937808665,4.041997863,3.875236924,0,0,0,0,0,0,0,0
RUVBL2,4.747888606,4.924144594,5.502266664,4.520226243,4.110590354,4.598938406,0,0,0,4.579976752,4.203444751,4.374625784,2.948722432,3.214705715,3.591590723,0,0,0,4.350805562,4.343856945,3.998293229,3.563016736,0,0,0,0,3.408938331,3.77960348,3.771823672,3.338612139,0,0,0,0,0,0,0,0
S100A10,0,0.961347078,0,0,0,0,0,0,0,0,0,0,0,0,0,0,0,0,0,0,0,0,0,0.958592587,0,0,2.89033867,2.88100595,2.383995806,2.823248847,2.053047961,0,1.989531496,1.933211842,0,0,0,0
S100A11,1.994551864,1.533191662,2.351701379,1.540237874,1.543333959,1.880020556,2.405039482,2.240990417,2.992305255,2.268893588,2.638521785,2.511206051,1.956160331,1.025359956,1.589786044,2.620025286,3.837964422,2.378701702,1.714955817,2.403347751,2.246490367,2.338300494,3.820496403,4.168436296,4.086304413,3.700439718,3.789613418,3.163224167,2.383995806,2.474606879,2.867824406,3.404975348,3.309356743,3.916020257,4.828721577,4.668420179,4.015464754,3.475828426
S100A13,0,0,0,0,0,0,0,0,0,0,0,0,0,0,0,0,1.53606782,0,1.098576504,2.669676924,3.613037926,3.719314538,0,0,0,0,1.380514028,2.064647663,1.931003366,1.333072201,0,0,0,1.933211842,2.69678497,2.829306972,4.015464754,2.600000002
S100A14,1.994551864,1.533191662,0,0,0,0,0,0,0,0,0,0,0,0,0,0,0,0,0,0,0,1.889360771,0,0,0,0,2.072868086,2.529815193,2.728226634,2.013916734,0,0,0,0,0,0,0,0
S100A16,1.58012073,1.533191662,0,0,0.968891745,0,0,0.9499485,0.90279184,0,0.903929473,0.956200116,0,0,0,0,0,0,1.098576504,0,0,1.234105921,0,0.958592587,0,0,3.172816473,3.163224167,3.005940259,2.823248847,2.867824406,2.886554086,2.795384697,2.7307681,3.581002772,2.829306972,3.474430172,2.600000002
S100A4,1.58012073,0.961347078,1.791837015,1.540237874,1.953082406,1.47881758,1.839113208,1.924256156,1.453839514,1.540903575,1.455392216,0,1.546060213,1.618677671,1.589786044,2.031594606,2.263052434,1.632427638,1.714955817,1.653127323,1.806054709,1.889360771,2.833183695,2.735625828,2.661928568,2.807354922,2.89033867,3.163224167,2.728226634,2.823248847,3.385355532,0,2.795384697,3.241403097,3.581002772,4.668420179,4.408026318,3.475828426
S100A6,0,0,0.864613417,0.966587184,0,0.921132385,0,0.9499485,2.419108186,0.96708259,0.903929473,0.956200116,0,0,0,1.021139762,1.53606782,1.03574445,0,0,1.168913826,1.889360771,3.150050254,2.5152748,2.85138244,3.321928095,0,0,0,0,0,0,0,0,0,0,0,0
S100A7,0,0,0,0,0,0,0,0,0,0,0,0,0,0,0,0,0,0,0,0,0,0,0,0,0,0,0,0,0,0,0,0,0,0,0,0,0,0
S100A8,0,0,0,0,0,0,0,0,0,0,0,0,0,0,0,0,0,0,0,0,0,0,0,0,0,0,0,0,0,0,0,0,0,0,0,0,0,0
S100A9,0,0,0,0,0,0,0,0,0,0,0,0,0,0,0,0,0,0,0,0,0,0,0,0,0,0,0,0,0,0,0,0,0,0,0,0,0,0
S100P,0.996370196,0,0.864613417,1.540237874,0.968891745,1.47881758,0.894759661,1.51783371,0.90279184,0.96708259,1.455392216,0.956200116,1.546060213,1.618677671,1.589786044,2.031594606,2.523580768,1.632427638,1.098576504,1.653127323,1.806054709,1.889360771,1.858228386,2.5152748,2.661928568,2.807354922,1.380514028,1.373875901,1.266997295,0,0,0,0,1.933211842,3.581002772,3.724066632,3.474430172,2.600000002
SAE1,1.994551864,0.961347078,3.326158875,2.268089723,1.953082406,3.312666648,2.405039482,2.911236342,3.515531724,3.745612183,3.814276912,3.724923947,1.956160331,2.037874702,2.590989414,1.61308057,0.963485218,2.053289965,0,2.076463354,0,1.234105921,0,1.529484238,0,0,0,0,0,0,0,0,0,0,0,0,0,0
SAFB,0,0,0,0,0,0,1.442864021,0.9499485,1.453839514,0,0,0,0,0,0,0,0,0,0,0,0,0,0,0.958592587,0.916958742,0,0,0,0,0,0,0,0,0,0,0,0,0
SAMD5,0,0,0,0,0,0,0,0,0,0,0,0,0,0,0,0,0,0,0,0,0,0,0,0,0,0,0,0,0,0,0,0,0,0,0,0,0,0
SAP18,2.316116017,1.533191662,2.098758683,0.966587184,0,0.921132385,0,0.9499485,0.90279184,0.96708259,0,0,0,0,0,0,0,0,0,0,0,0,0,0,0,0,0,0,0,0,0,0,0,0,2.69678497,2.829306972,3.474430172,3.475828426
SAR1A,1.58012073,1.533191662,1.791837015,0,0,0,0,0,0,2.268893588,1.455392216,0.956200116,0,0,0,0,0,0,1.098576504,1.05142317,1.168913826,1.234105921,0,0,0,0,0,0,0,0,0,0,0,0,0,0,0,0
SARS,0,0,0,0,0,0,0,0,0,0,0,0,0,0,0,0,0,0,0,0,0,0,0,0,0,0,0,0,0,0,0,0,0,0,0,0,0,0
SARS1,3.993186609,3.833879792,4.12242704,3.398093484,3.402362581,3.176707196,0.894759661,0.9499485,1.453839514,3.639070203,3.722048161,3.378779227,2.536168495,2.626984775,2.813553664,0,0,0,2.476571387,3.260114038,2.246490367,2.338300494,0,0,0,0,0,0,0,0,0,0,0,0,0,0,0,0
SART3,0.996370196,0.961347078,1.401468483,3.261216432,3.749037927,3.935234957,3.605364131,3.904682107,3.719788928,0.96708259,1.853383544,1.526262086,2.757142261,2.626984775,2.590989414,0,0,0,1.098576504,1.05142317,1.168913826,1.234105921,0,0,0,1,0,0,0,0,0,0,0,0,0,0,0,0
SATB1,0,0,1.791837015,0,0,0,0,0,1.851615862,0,0,0,0,0,0,0,0,0,0,0,0,0,0,0,0,0,0,0,0,0,0,0,0,0,0,0,0,0
SBDS,0.996370196,0.961347078,2.351701379,0.966587184,0.968891745,1.880020556,0,0,0.90279184,2.529675346,2.164986415,1.933791208,0,0,0,0,0,0,1.098576504,0,0,2.338300494,0,0,0,0,1.380514028,1.373875901,1.266997295,1.333072201,0,0,0,0,0,0,0,0
SBF1,1.58012073,1.533191662,1.401468483,1.540237874,1.543333959,1.47881758,0,0,0,1.540903575,1.455392216,1.933791208,0,0,1.589786044,0,0,0,0,0,0,0,0,0,0,0,0,1.373875901,1.266997295,1.333072201,0,0,0,0,0,0,0,0
SBNO1,0,0,0,0,0,0,0,0,0,0,0,0,0,0,0,0,0,0,0,0,0,0,0,0,0,0,0,0,0,0,0,0,0,0,0,0,0,0
SCAMP1,0,0,0.864613417,0,0,0,0,0,0,1.950337883,0,0,0,0,0,0,0,0,0,0,0,0,0,0,0,0,0,0,0,0,0,0,0,0,0,0,0,0
SCAMP2,1.994551864,1.941625202,1.401468483,0,0,0,0,0,0,0,0,0,0,0,0,0,0,0,0,0,0,0,0,0,0,0,0,0,0,0,2.053047961,0,0,0,0,0,0,0
SCAMP3,0.996370196,1.533191662,1.791837015,0,0,0,0,0,0,1.540903575,0,0,0,0,0,0,0,0,0,0,0,0,0,0,0,0,0,0,0,0,2.053047961,0,0,0,0,0,0,0
SCAMP4,0.996370196,0.961347078,0.864613417,0,0,0,0,0,0,0.96708259,0.903929473,0.956200116,0,0,0,0,0,0,0,0,0,0,0,0,0,0,1.380514028,1.373875901,1.266997295,2.013916734,0,0,1.989531496,0,0,0,0,0
SCARB1,3.163465689,2.931662233,1.791837015,0,0,0,0,0,0,1.540903575,0.903929473,1.526262086,0,0,0,0,0,0,0,0,0,1.234105921,0,0,0,0,4.090524219,4.2100965,4.041997863,4.572331312,4.526614972,3.404975348,5.195857898,4.557799622,0,0,0,0
SCARB2,2.316116017,2.519953374,2.098758683,0,0,0,0,0,0,2.941892081,1.455392216,2.511206051,0.970922069,0,1.003619168,0,0,0,1.098576504,0,0,1.234105921,0,0,0,0,4.900383898,4.889953476,4.997528796,4.745751636,5.683614583,5.299029246,5.412616341,4.867424445,2.69678497,0,0,0
SCFD1,0,0,1.401468483,2.528836668,1.953082406,2.193583806,2.621946525,2.720458447,2.163087258,3.1108756,3.279702347,2.251195448,0,1.025359956,1.003619168,0,0,0,0,1.653127323,0,1.889360771,0,0,0,0,0,0,0,0,0,0,0,0,0,0,0,0
SCLY,0.996370196,0,0,2.268089723,1.953082406,2.193583806,2.405039482,1.924256156,1.851615862,1.540903575,1.853383544,0.956200116,0.970922069,1.618677671,0,0,0,0,0,1.05142317,0,0,0,0,0,0,0,0,0,0,0,0,0,0,0,0,0,0
SCPEP1,0,0,0,0,0,0,0,0,0,0,0,0,0,0,0,0,0,0,0,0,0,0,0,0,0,0,0,0,0,0,0,0,0,0,0,0,0,0
SCRIB,2.316116017,2.519953374,2.351701379,0,0,0,0,0,0,1.540903575,0,0,0,0,0,0,0,0,0,0,0,0,0,0,0,0,5.617896038,5.653674256,5.839558095,5.799550965,2.867824406,0,0,0,0,0,0,0
SCRN1,0,0,0,0,0,0,0,0,0.90279184,1.950337883,2.164986415,2.511206051,0,1.025359956,0,2.620025286,2.523580768,2.644053871,0,0,0,0,2.170190716,2.5152748,1.873574051,1,0,0,0,0,0,0,0,0,0,0,0,0
SCYL1,0,0,1.791837015,0,0,0,0,0,0,0,0,0,0,0,0,0,0,0,0,0,0,0,0,0,0,0,0,0,0,0,0,0,0,0,0,0,0,0
SCYL2,0,0,0,1.949586033,1.543333959,1.880020556,2.621946525,2.720458447,2.163087258,2.750456577,3.144111598,2.251195448,3.117818628,2.626984775,2.813553664,2.843407086,1.944875303,3.061983348,1.098576504,2.403347751,1.168913826,2.680193992,1.459649025,1.529484238,1.473143559,2,0,0,0,0,0,0,0,0,0,0,0,0
SDC1,0,0.961347078,0,1.949586033,1.953082406,0,1.442864021,1.924256156,0.90279184,0.96708259,1.455392216,1.933791208,1.956160331,1.025359956,2.005425354,2.031594606,1.944875303,2.053289965,2.745703037,2.076463354,2.856411626,3.18810514,0,0,0.916958742,0,2.072868086,2.529815193,2.728226634,2.013916734,2.053047961,0,0,0,0,0,0,0
SDC4,2.578907744,2.259576362,1.401468483,2.941009732,2.271827737,1.880020556,2.149649735,2.720458447,1.453839514,1.540903575,2.164986415,2.922454862,2.757142261,2.626984775,2.005425354,3.739228165,3.517296477,3.873048029,2.476571387,3.677881073,1.168913826,1.234105921,0.90705003,0,0.916958742,0,2.538745146,1.373875901,1.931003366,0,0,2.886554086,0,1.933211842,0,0,0,0
SDCBP,6.162757444,6.15152211,5.764350396,4.106148,4.028337769,3.848399125,0,0,0,4.521196453,3.279702347,4.307709643,1.956160331,1.618677671,2.005425354,0,0,0,3.633934435,3.260114038,3.457776598,4.500654413,0,0,0,0,6.996448464,6.616051786,6.715461182,6.725708945,7.058450101,6.280589698,6.176041959,6.101336491,4.125209993,3.724066632,2.598717113,2.600000002
SDCBP2,4.16306102,3.833879792,2.754024153,0.966587184,1.543333959,0,0,0,0,2.529675346,1.455392216,2.511206051,0,0,0,0,0,0,1.098576504,1.05142317,1.168913826,1.889360771,0,0,0,0,4.220308535,4.2100965,4.718023325,4.375179769,4.526614972,4.896155132,4.234691467,3.617789703,2.69678497,0,0,0
SDF2,0,0,0,0,0,0,0,0,0,0,0,0,0,0,0,0,0,0,0,0,0,0,0,0,0,0,0,0,0,0,0,0,0,0,0,0,0,0
SDF4,1.994551864,1.941625202,2.098758683,1.949586033,1.543333959,1.47881758,2.621946525,2.720458447,3.401423861,1.540903575,0.903929473,1.526262086,0,0,0,1.61308057,2.263052434,1.632427638,1.098576504,1.05142317,0,1.889360771,0,0.958592587,0,0,0,0,1.266997295,0,0,0,0,0,0,0,0,0
SDHA,2.316116017,1.941625202,2.56684197,0.966587184,1.543333959,1.880020556,0.894759661,0.9499485,1.851615862,0.96708259,2.164986415,1.933791208,0,1.025359956,1.003619168,1.021139762,0.963485218,2.053289965,0,1.05142317,0,0,1.858228386,1.529484238,1.473143559,1.584962501,0,0,0,0,0,0,0,0,0,0,0,0
SEC13,1.994551864,2.259576362,2.098758683,2.268089723,2.532736393,3.026589061,1.839113208,1.924256156,2.163087258,2.750456577,2.9944429,2.511206051,0.970922069,1.618677671,1.003619168,1.021139762,0.963485218,1.632427638,1.098576504,2.403347751,1.168913826,1.889360771,0.90705003,0.958592587,1.473143559,1,0,0,0,0,0,0,0,0,0,0,0,0
SEC16A,2.993641837,2.740444656,2.919685889,1.949586033,0.968891745,1.880020556,0.894759661,0.9499485,0,2.268893588,2.164986415,1.933791208,0,0,0,0,0,0,0,1.05142317,0,0,0,0,0,0,0,0,0,0,0,0,0,0,0,0,0,0
SEC23A,2.316116017,1.941625202,2.56684197,4.520226243,4.694364685,4.701594989,4.184756539,3.606636986,3.898681406,3.524028291,3.144111598,3.242104959,3.40611886,3.044091598,3.591590723,2.355604609,0.963485218,1.632427638,0,1.653127323,1.806054709,2.338300494,3.000298925,2.2550935,2.443780137,1.584962501,1.380514028,0,0,0,0,0,0,0,0,0,0,0
SEC23B,1.994551864,0.961347078,2.098758683,3.63813725,3.402362581,3.176707196,3.261982234,3.367096615,3.277509632,2.268893588,2.827430592,2.511206051,2.757142261,2.626984775,2.590989414,1.61308057,0.963485218,1.03574445,0,1.05142317,0,1.234105921,1.858228386,2.2550935,2.443780137,2,0,0,0,0,0,0,0,0,0,0,0,0
SEC23IP,0.996370196,1.533191662,2.098758683,0.966587184,1.953082406,1.880020556,2.149649735,1.924256156,1.851615862,0,0.903929473,0,1.546060213,1.025359956,0,1.021139762,0.963485218,1.03574445,0,0,0,0,0,0,0.916958742,1,0,0,0,0,0,0,0,0,0,0,0,0
SEC24A,0,0,0.864613417,1.540237874,1.543333959,0.921132385,0,0.9499485,1.453839514,0,0,0,0,1.025359956,0,0,0,0,0,0,0,0,0,0,0,0,0,0,0,0,0,0,0,0,0,0,0,0
SEC24B,2.316116017,2.519953374,2.56684197,3.109978656,2.532736393,2.859016798,1.442864021,1.51783371,1.453839514,2.268893588,1.853383544,1.526262086,0,0,0,0,0,0,0,0,0,0,0,0,0,0,0,0,0,0,0,0,0,0,0,0,0,0
SEC24C,1.58012073,2.259576362,2.56684197,4.106148,4.028337769,4.238176971,3.385748712,3.812010579,3.515531724,2.941892081,3.403637312,3.503618698,3.269158334,3.214705715,3.466005187,1.61308057,1.53606782,2.053289965,1.098576504,1.653127323,2.246490367,2.338300494,0.90705003,1.937434512,1.873574051,0,0,0,0,0,0,0,0,0,0,0,0,0
SEC24D,0,0,0,1.949586033,1.543333959,0,0,0,0,0.96708259,0.903929473,0,0,0,0,0,0,0,0,0,0,0,0,0,0,0,0,0,0,0,0,0,0,0,0,0,0,0
SEC31A,2.316116017,2.519953374,2.919685889,2.528836668,3.114149002,3.312666648,2.405039482,2.240990417,2.419108186,3.937650566,4.060116522,3.916753108,2.948722432,2.626984775,3.006327599,1.61308057,0.963485218,1.03574445,2.145448836,2.669676924,0,1.234105921,0,0,0,0,0,0,0,0,0,0,0,0,0,0,0,0
SEH1L,3.163465689,2.931662233,3.544865169,2.749592966,2.271827737,3.026589061,0,0,1.851615862,0.96708259,1.455392216,0,0,0,0,0,0,0,0,0,0,0,0,0,0,0,0,0,0,0,0,0,0,0,0,0,0,0
SELENBP1,2.316116017,1.533191662,2.098758683,4.257767468,4.399449,4.429804965,5.618262345,5.572592153,5.446730976,1.950337883,2.9944429,3.242104959,2.536168495,3.505214095,3.176352815,4.209599094,4.388900024,4.389102439,1.098576504,1.05142317,1.168913826,1.889360771,4.340174758,4.504525117,4.296512299,4.392317423,1.380514028,0,0,1.333072201,0,0,0,0,0,0,0,0
SELENOF,0,0,0,1.949586033,1.543333959,0.921132385,0.894759661,0.9499485,0,1.540903575,1.455392216,1.526262086,3.117818628,2.850560031,2.813553664,2.031594606,2.263052434,2.053289965,0,0,0,0,2.170190716,1.937434512,2.186666421,2,0,0,0,0,0,0,0,0,0,0,0,0
SELO,0,0,0,0,0,0,0,0,0,0,0,0,0,0,0,0,0,0,0,0,0,0,0,0,0,0,0,0,0,0,0,0,0,0,0,0,0,0
SEMA3A,2.801126798,2.740444656,2.754024153,4.327992353,4.028337769,4.304921401,4.788597165,4.602593015,4.974475223,0,0,0,0.970922069,0,0,1.021139762,0.963485218,1.632427638,0,0,0,0,2.833183695,2.5152748,2.661928568,2.584962501,0,0,0,0,0,0,0,0,0,0,0,0
SEMA3B,0,0,0,0,0.968891745,0,2.621946525,2.720458447,2.636470024,0,0,0,0,0,0,0,0,0,0,0,0,0,0,0,0,0,0,0,0,0,0,0,0,0,0,0,0,0
SEMA3C,0,0.961347078,0,1.540237874,2.271827737,2.193583806,3.126593151,3.491832663,2.825330619,0,0,0,0,0,0,0,0,0,0,0,0,0,0,0,0,0,0,0,0,0,0,0,0,0,0,0,0,0
SEMA3G,0,0,0,0.966587184,0,0,1.442864021,0.9499485,0,0,0,0,0,0,0,0,0,0,0,0,0,0,0,0,0,0,0,0,0,0,0,0,0,0,0,0,0,0
SEMA4B,0,0,0,2.528836668,3.265441068,2.193583806,4.114925189,3.904682107,3.515531724,0,2.827430592,3.091114753,3.752877906,3.854102726,3.91363905,4.287722758,4.321949729,4.236715467,0,0,0,0,4.459757716,3.921359802,4.229789149,4.64385619,0,0,0,0,0,0,0,0,0,0,0,0
SEMA4C,0,0,0,1.949586033,1.543333959,0,2.405039482,2.720458447,1.851615862,0,0,0,0,0,1.589786044,1.021139762,0.963485218,1.632427638,0,0,0,0,1.858228386,0,0.916958742,1,0,0,0,0,0,0,0,0,0,0,0,0
SEMA4D,0,0,0,2.749592966,2.532736393,2.451014583,4.041541069,3.904682107,3.719788928,0,0,1.933791208,3.646291178,3.214705715,3.466005187,3.739228165,3.738788903,4.154027448,2.745703037,2.076463354,2.246490367,0,3.150050254,2.926737964,3.018820504,3.700439718,0,0,0,0,0,0,0,0,0,0,0,0
SEMA4G,0,0,0,2.528836668,2.532736393,2.193583806,3.605364131,3.491832663,2.825330619,0,0,0,2.757142261,2.362292771,2.590989414,3.207295283,2.935479543,3.523776826,0,0,0,0,3.150050254,2.5152748,3.304702086,3.584962501,0,0,0,0,0,0,0,0,0,0,0,0
SEMA5A,0,0,0,4.106148,4.110590354,3.176707196,3.499731284,3.491832663,2.825330619,0,0,0,3.117818628,3.214705715,2.327714414,1.021139762,0,1.03574445,3.760834352,3.551606284,4.30205236,3.563016736,0,0,0,0,0,0,0,0,0,2.069533795,0,1.933211842,2.69678497,2.829306972,0,0
SEMA6A,0,0,0,1.540237874,1.953082406,1.47881758,2.810463839,2.500551849,2.419108186,0,0.903929473,0.956200116,2.757142261,3.044091598,3.006327599,3.207295283,3.104356784,3.232871055,0,0,0,0,3.000298925,3.246517199,3.168830955,3.584962501,0,0,0,0,0,0,0,0,0,0,0,0
SEMA7A,0,0,0,0,0,0,0,0,0,0,0,0,0,0,0,1.021139762,0.963485218,1.03574445,0,0,0,0,2.644143159,1.529484238,1.873574051,2.807354922,0,0,0,0,0,0,0,0,0,0,0,0
SEPHS1,0,0,0,0,0.968891745,1.47881758,3.261982234,2.911236342,2.636470024,1.540903575,1.455392216,1.526262086,3.117818628,3.044091598,2.813553664,3.497640075,3.392338026,3.385643851,1.098576504,1.05142317,0,0,3.523873876,3.623042415,3.543195199,3.169925001,0,0,0,0,0,0,0,0,0,0,0,0
SEPHS2,0,0,0,0,0,0,0.894759661,0,1.453839514,0.96708259,0.903929473,0.956200116,0,0,0,0,0,0,0,0,0,0,0,0,0,0,0,0,0,0,0,0,0,0,0,0,0,0
SEPT10,0,0,0,0,0,0,0,0,0,0,0,0,0,0,0,0,0,0,0,0,0,0,0,0,0,0,0,0,0,0,0,0,0,0,0,0,0,0
SEPT11,0,0,0,0,0,0,0,0,0,0,0,0,0,0,0,0,0,0,0,0,0,0,0,0,0,0,0,0,0,0,0,0,0,0,0,0,0,0
SEPT2,0,0,0,0,0,0,0,0,0,0,0,0,0,0,0,0,0,0,0,0,0,0,0,0,0,0,0,0,0,0,0,0,0,0,0,0,0,0
SEPT7,0,0,0,0,0,0,0,0,0,0,0,0,0,0,0,0,0,0,0,0,0,0,0,0,0,0,0,0,0,0,0,0,0,0,0,0,0,0
SEPT8,0,0,0,0,0,0,0,0,0,0,0,0,0,0,0,0,0,0,0,0,0,0,0,0,0,0,0,0,0,0,0,0,0,0,0,0,0,0
SEPT9,0,0,0,0,0,0,0,0,0,0,0,0,0,0,0,0,0,0,0,0,0,0,0,0,0,0,0,0,0,0,0,0,0,0,0,0,0,0
SEPTIN10,1.58012073,1.533191662,1.791837015,1.949586033,0.968891745,0.921132385,0.894759661,0.9499485,0.90279184,0,0.903929473,0,0,0,0,0,0,0,0,1.05142317,0,0,0,0,0,0,0,0,0,0,0,0,0,0,0,0,0,0
SEPTIN11,2.993641837,2.931662233,2.56684197,3.843880539,3.941110664,3.65727565,3.385748712,3.230546315,3.719788928,1.950337883,2.164986415,2.251195448,2.275117866,2.037874702,1.589786044,1.61308057,1.944875303,2.378701702,1.714955817,1.05142317,1.806054709,0,0,0,0,0,1.380514028,3.163224167,2.728226634,2.474606879,0,0,0,0,0,0,0,0
SEPTIN2,3.993186609,3.833879792,3.734739458,3.843880539,4.188405325,4.017139547,3.795922944,3.991758476,3.812006199,3.844824317,3.62351829,3.724923947,2.757142261,2.850560031,3.006327599,3.036793753,2.935479543,3.232871055,2.476571387,3.08882233,2.583445471,3.18810514,0.90705003,1.529484238,0.916958742,0,4.339375044,4.2100965,4.269468584,4.265484343,2.053047961,0,0,0,0,0,0,0
SEPTIN7,3.993186609,3.926654829,3.734739458,3.936702387,4.262237099,4.168194276,3.605364131,3.491832663,3.401423861,3.639070203,3.144111598,3.618510617,3.40611886,3.505214095,3.006327599,2.620025286,2.935479543,3.061983348,2.745703037,3.260114038,1.806054709,1.889360771,0.90705003,1.529484238,0.916958742,0,4.090524219,4.08036687,4.041997863,4.265484343,2.867824406,0,0,0,0,0,0,0
SEPTIN8,2.578907744,2.259576362,2.754024153,2.528836668,2.753608502,2.451014583,1.839113208,1.924256156,2.163087258,0,0.903929473,0.956200116,0,1.025359956,1.003619168,0,0,1.03574445,0,0,0,0,0,0,0,0,0,0,0,2.013916734,0,0,0,0,0,0,0,0
SEPTIN9,3.800606572,3.833879792,3.642923751,4.023911454,4.188405325,3.935234957,3.605364131,3.367096615,3.141943704,3.844824317,3.722048161,3.503618698,3.117818628,3.367259864,3.328436075,1.61308057,0.963485218,2.378701702,3.168326031,4.182785547,3.283768429,3.988767131,0,0,0,0,3.611795418,3.937808665,3.913226003,3.717549031,2.053047961,0,0,0,0,0,0,0
SERBP1,0,0,0,0,0,0,0,0,0,2.529675346,2.164986415,2.511206051,0,0,0,0,0,0,0,0,0,0,0,0,0,0,0,0,0,0,0,0,0,0,0,0,0,0
SERINC1,0,0,0,0,0,0,0,0,0,0,0,0.956200116,0,0,0,0,0,0,0,0,0,0,0,0,0,0,1.380514028,1.373875901,1.931003366,1.333072201,3.385355532,2.069533795,2.795384697,0,0,0,0,0
SERINC2,1.58012073,1.533191662,0.864613417,0,0,0,0,0,0,1.540903575,0.903929473,0.956200116,0,0,0,0,0,0,0,0,0,0,0,0,0,0,1.380514028,1.373875901,2.383995806,2.474606879,2.053047961,0,1.989531496,1.933211842,0,0,0,0
SERINC3,1.994551864,0.961347078,0.864613417,0,0,0,0,0,0,0.96708259,0,0.956200116,0,0,0,0,0,0,0,0,0,0,0,0,0,0,2.072868086,1.373875901,1.931003366,2.823248847,4.526614972,4.335216011,4.234691467,3.617789703,4.125209993,0,0,0
SERINC5,4.080622667,3.926654829,2.919685889,1.540237874,0.968891745,0,0,0,0,1.950337883,0,1.526262086,0,0,0,0,0,0,1.098576504,0,1.806054709,1.889360771,0,0,0,0,3.789613418,4.329116984,4.269468584,4.265484343,3.76545739,4.335216011,3.986902457,4.557799622,0,0,0,0
SERPINA1,0,0,0,0,0,0,0,0,0.90279184,0,0,0.956200116,0.970922069,1.025359956,0,3.036793753,2.935479543,2.378701702,0,0,0,0,3.820496403,3.246517199,3.304702086,4,0,0,0,0,0,0,0,0,0,0,0,0
SERPINB1,2.316116017,2.259576362,0.864613417,4.023911454,3.749037927,4.094642998,4.875627918,4.656890805,5.052162952,2.750456577,3.144111598,3.618510617,4.114498637,3.95387427,3.91363905,4.684174691,4.786618309,4.65271247,3.340770694,3.260114038,3.283768429,4.106705299,5.304113724,5.047714827,5.118898392,5.459431619,3.408938331,3.399164795,3.615041015,3.717549031,3.76545739,0,3.687544579,4.163037251,4.828721577,3.724066632,4.408026318,4.016906216
SERPINB3,0,0,0,0,0,0,0,0,0,0,0,0,0,0,0,0,0,0,0,0,0,0,0,0,0,0,0,0,0,0,0,0,0,0,0,0,0,0
SERPINB5,2.316116017,1.941625202,1.791837015,3.261216432,2.945112293,3.026589061,4.251363295,4.151572014,4.057818562,4.39592324,4.563770935,4.307709643,3.646291178,4.295606161,3.814069025,3.623485148,3.104356784,3.523776826,2.745703037,3.901441717,2.246490367,3.719314538,0,2.926737964,2.443780137,0,0,2.064647663,1.931003366,1.333072201,0,0,0,0,0,0,0,0
SERPINB6,0,0,0,0,0,1.47881758,2.977170172,3.079707418,3.141943704,2.268893588,2.827430592,2.511206051,2.757142261,3.044091598,2.005425354,4.127001517,4.177939306,3.873048029,0,2.403347751,1.168913826,2.338300494,3.989004793,4.09068599,4.008829657,4.392317423,1.380514028,0,0,0,0,0,2.795384697,1.933211842,2.69678497,0,2.598717113,0
SERPINB8,0,0,0,0,0,0,0,0,0,0,0,0,0,0,0,0,0,0,0,0,0,0,0,0,0,0,0,0,0,0,0,0,0,0,0,0,0,0
SERPIND1,0,0,0,0,0,0,1.839113208,0.9499485,0.90279184,0,0,0,0,0,0,0,0,0,0,0,0,0,0,0,0,0,0,0,0,0,0,0,0,0,0,0,0,0
SERPINE2,5.48474626,5.446941697,5.181763407,6.237038923,6.067299108,5.622182311,6.141663906,6.184853224,5.446730976,3.524028291,3.722048161,3.824024523,3.269158334,3.505214095,3.591590723,2.355604609,0.963485218,2.868099561,2.972434909,2.894418153,3.613037926,3.86032243,0.90705003,0,0.916958742,1.584962501,0,0,0,0,0,0,1.989531496,1.933211842,4.125209993,2.829306972,4.970157178,3.475828426
SERPINF1,0,0,0,1.949586033,1.543333959,0,3.126593151,3.230546315,1.453839514,0,0,1.526262086,0,0,0,2.843407086,1.944875303,1.632427638,0,0,0,0,3.150050254,2.735625828,2.443780137,3.459431619,0,0,0,0,0,0,0,0,0,0,0,0
SERPINH1,1.994551864,2.259576362,2.351701379,2.528836668,2.945112293,3.176707196,3.126593151,3.712975173,3.719788928,4.459919147,3.90096226,4.086043188,3.646291178,3.631120459,3.466005187,1.021139762,1.944875303,1.632427638,3.340770694,4.001444414,3.283768429,3.387705307,0.90705003,1.937434512,1.473143559,0,4.090524219,3.601888181,3.771823672,3.875236924,2.053047961,2.886554086,0,1.933211842,0,0,0,0
SERPINI1,0,0,0,3.63813725,3.265441068,1.47881758,4.434508325,4.546171463,3.515531724,0,0,0,0,0,0,0,0,0,0,0,0,0,0,0,0,0,0,0,0,0,0,0,0,0,0,0,0,0
SET,0.996370196,0.961347078,0.864613417,3.744673432,3.941110664,4.238176971,5.10905563,5.186205003,5.262894117,2.529675346,4.060116522,4.438575266,3.852128841,3.367259864,3.814069025,5.874138282,6.511775177,5.592687492,3.760834352,3.551606284,2.246490367,1.234105921,5.833225645,5.645513771,6.097988779,6.599912842,1.380514028,2.064647663,1.266997295,1.333072201,0,0,0,0,0,0,0,0
SETD3,0,0,0.864613417,0,1.543333959,1.880020556,2.810463839,3.079707418,2.825330619,0,0,0,0,0,0,0,0,0,0,0,0,0,0,0,0,0,0,0,0,0,0,0,0,0,0,0,0,0
SEZ6L2,0,0,0,0,0,0,0,0,0,0,0,0,0,0,0,1.61308057,1.53606782,1.03574445,1.714955817,1.05142317,1.806054709,0,0,0,0.916958742,0,0,0,0,0,0,0,0,0,0,0,0,0
SF1,0,0,0,0,0,0,0,1.51783371,1.453839514,0,0,0,0,0,0,0,0,0,0,0,0,0,0,0.958592587,0,0,0,0,0,0,0,0,0,0,0,0,0,0
SF3A1,0.996370196,0,0.864613417,2.528836668,2.532736393,2.193583806,2.810463839,2.720458447,2.636470024,0.96708259,0.903929473,0.956200116,0.970922069,0,0,1.61308057,0.963485218,1.632427638,0,0,0,0,1.459649025,1.529484238,1.473143559,1.584962501,0,0,0,0,0,0,0,0,0,0,0,0
SF3A2,1.994551864,1.533191662,2.098758683,2.528836668,2.271827737,2.451014583,2.405039482,2.500551849,2.636470024,0,0,0,0,0,1.589786044,1.021139762,1.944875303,2.053289965,0,1.05142317,0,0,0,0,0.916958742,1,0,0,0,0,0,0,0,0,0,0,0,0
SF3A3,2.578907744,2.931662233,3.326158875,3.398093484,3.527408274,3.43690954,3.703787505,3.491832663,3.980443085,0,0,0.956200116,1.956160331,2.362292771,2.590989414,2.355604609,2.523580768,2.868099561,1.714955817,2.669676924,0,0,0,0.958592587,0.916958742,0,0,0,0,0,0,0,0,0,0,0,0,0
SF3B1,4.992958941,4.968462577,5.65108331,5.063641734,4.846130027,5.090143659,2.810463839,1.51783371,1.851615862,4.107103517,4.133559819,4.003879849,2.275117866,2.037874702,2.005425354,0,0,0,1.714955817,1.653127323,2.583445471,2.338300494,0,0,0,0,0,0,0,0,0,0,0,0,0,4.272170993,4.716298833,3.475828426
SF3B14,0,0,0,0,0,0,0,0,0,0,0,0,0,0,0,0,0,0,0,0,0,0,0,0,0,0,0,0,0,0,0,0,0,0,0,0,0,0
SF3B2,0,0,1.791837015,3.109978656,2.945112293,3.43690954,1.442864021,1.51783371,0.90279184,1.950337883,1.455392216,1.526262086,0,0,0,0,0,0,0,1.05142317,0,0,0,0,0,1,0,0,1.266997295,0,0,0,0,0,0,0,0,0
SF3B3,5.03734616,4.878421948,5.245584117,5.518786163,5.745600468,5.927689515,4.743030372,4.901393789,5.262894117,4.690806462,4.270100252,4.163778281,4.801293323,4.571693667,4.650796994,2.620025286,2.263052434,2.868099561,2.745703037,3.08882233,3.753201815,3.563016736,3.285708808,3.383238525,3.168830955,2.807354922,0,0,0,0,0,0,0,0,0,4.272170993,6.264201628,4.016906216
SF3B4,0.996370196,1.533191662,1.791837015,3.398093484,2.945112293,3.176707196,2.621946525,3.079707418,3.277509632,2.268893588,1.853383544,1.933791208,0.970922069,0,1.003619168,0,0,0,0,0,0,0,1.858228386,2.2550935,1.873574051,1,0,0,0,0,0,0,0,0,0,0,0,0
SF3B5,0,0,0,0,0,0,0,0,0,0,0,0,0,0,0,0,0,0,0,0,0,0,0,0,0,0,0,0,0,0,0,0,0,0,0,0,0,0
SF3B6,2.578907744,2.740444656,2.919685889,1.949586033,1.953082406,2.451014583,1.442864021,1.924256156,1.851615862,1.540903575,1.853383544,0.956200116,0,0,0,0,0,0,0,0,0,1.234105921,0.90705003,0.958592587,0.916958742,0,0,0,0,0,0,0,0,0,0,0,0,0
SFN,3.800606572,3.628251645,3.202968816,3.843880539,3.64247482,3.65727565,5.429806942,5.070952959,4.892364797,3.399011692,3.90096226,4.163778281,3.531197087,3.854102726,3.591590723,4.684174691,4.928392348,4.711721257,0,2.403347751,1.168913826,1.234105921,4.721427861,4.82573371,5.043200573,3.807354922,4.339375044,4.636617942,4.041997863,4.265484343,0,0,0,0,0,0,0,0
SFPQ,3.452825167,3.251589451,3.326158875,2.749592966,2.945112293,2.669391044,3.126593151,3.079707418,3.277509632,2.750456577,2.421096055,2.731434726,2.275117866,2.626984775,2.327714414,1.61308057,2.523580768,2.378701702,2.145448836,2.403347751,1.806054709,2.338300494,0,1.937434512,1.473143559,0,0,0,0,0,0,0,0,0,0,0,0,0
SFRP2,0,0,0,0,0,0,0,0,0,1.540903575,1.455392216,0.956200116,2.757142261,2.626984775,2.590989414,2.620025286,2.263052434,2.378701702,0,2.076463354,2.583445471,2.9563868,1.858228386,2.2550935,1.873574051,2,0,0,0,0,0,0,0,0,0,0,2.598717113,2.600000002
SGSH,0,0,0,3.63813725,3.64247482,4.168194276,3.795922944,3.904682107,4.131254579,0.96708259,1.455392216,2.922454862,4.587498857,4.692160027,4.530477672,4.684174691,4.452880697,4.875515913,0,0,0,0,4.67275357,4.67405044,4.536256295,5.247927513,0,0,0,0,2.867824406,2.886554086,0,3.617789703,2.69678497,4.272170993,2.598717113,3.475828426
SGTA,0,0,0.864613417,0.966587184,0.968891745,1.47881758,1.839113208,2.500551849,2.636470024,0,0,0,0,0,0,1.021139762,1.53606782,1.03574445,0,0,0,0,1.459649025,2.2550935,1.873574051,1,0,0,0,0,0,0,0,0,0,0,0,0
SH3BGRL,0,0,0,0,0,0,0,0,0,0,0,0,0,0,0,0,0,0,0,0,0,0,1.459649025,1.937434512,0.916958742,1.584962501,0,0,0,0,0,0,0,0,0,0,0,0
SH3BGRL2,0,0,0,0,0,0,0,0,0,0.96708259,0.903929473,0.956200116,0,0,0,1.021139762,0.963485218,1.03574445,0,0,0,0,1.858228386,2.2550935,1.873574051,2.321928095,1.380514028,0,1.931003366,0,0,0,0,0,0,0,0,0
SH3BGRL3,0,0,0,0,0,0,0,1.51783371,0.90279184,0,0,0,0,0,0,1.021139762,1.53606782,1.03574445,0,0,0,0,2.833183695,2.5152748,2.661928568,2.584962501,0,0,0,0,0,0,0,0,0,0,0,0
SH3BP4,2.993641837,2.931662233,0,0,0,0,0,0,0,1.540903575,0,0,0,0,0,0,0,0,0,0,0,0,0,0,0,0,5.795007925,5.653674256,5.729124655,5.493845692,2.867824406,0,0,0,0,0,0,0
SH3GL1,0,0,0,0,0,0,0,0,0,0,0,0,0,0,0,0,0,0,0,0,0,0,0,0,0,0,0,0,0,0,0,0,0,0,0,0,0,0
SHB,1.58012073,0.961347078,0,0,0,0,0,0,0,0,0,0,0,0,0,0,0,0,0,0,0,0,0,0,0,0,0,0,1.266997295,1.333072201,0,0,0,0,0,0,0,0
SHC1,3.578300868,3.628251645,2.754024153,0,0,0,0,0,0,0,0,0.956200116,0,0,0,0,0,0,0,0,0,0,0,0,0,0,4.551550277,4.54121905,4.371030583,4.661645673,2.053047961,0,1.989531496,0,0,0,0,0
SHKBP1,0,0.961347078,0.864613417,0.966587184,1.953082406,1.880020556,0,0,0,0.96708259,0.903929473,0,0,0,0,0,0,0,0,0,0,0,0,0,0,0,0,0,0,0,0,0,0,0,0,0,0,0
SHMT1,2.578907744,2.259576362,3.326158875,3.109978656,2.753608502,3.551296021,2.149649735,2.240990417,1.851615862,0,1.853383544,0,0.970922069,0,0,0,0,0,0,0,0,0,0.90705003,1.529484238,0,1,0,0,0,0,0,0,0,0,0,2.829306972,0,0
SHMT2,3.693731392,3.513288396,3.821059837,3.398093484,3.402362581,3.312666648,2.405039482,2.500551849,2.825330619,3.399011692,3.722048161,3.503618698,1.546060213,1.025359956,2.005425354,0,0,0,1.714955817,2.403347751,2.583445471,3.387705307,0,0,0,0,0,0,0,0,0,0,0,0,0,0,0,0
SHOC2,0,0,0,0,0,0,0,0,0,0,0,0,0,0,0,0,0,0,0,0,0,0,0,0,0,0,2.072868086,2.064647663,1.931003366,2.013916734,0,0,0,0,0,0,0,0
SHPK,0,0,0.864613417,0.966587184,0.968891745,0.921132385,0.894759661,1.924256156,1.453839514,1.540903575,1.455392216,0.956200116,0,1.025359956,1.003619168,0,0,0,0,1.05142317,0,1.234105921,0,0,0,0,0,0,0,0,0,0,0,0,0,0,0,0
SHTN1,0,0,0,0.966587184,0,0,0,0.9499485,0,0,0,0,0,0,0,1.61308057,1.53606782,2.053289965,0,0,0,0,0,0,0,0,0,0,0,0,0,0,0,0,0,0,0,0
SIAE,0,0,0,0,0,2.193583806,2.810463839,3.491832663,3.515531724,0,0.903929473,0.956200116,2.536168495,2.626984775,2.590989414,4.039386317,3.837964422,3.873048029,0,0,0,0,4.066410421,4.09068599,3.747798963,4.857980995,0,0,0,0,0,0,0,0,0,0,0,0
SIL1,0,0,0,0.966587184,0.968891745,0.921132385,2.977170172,3.230546315,2.992305255,0,0,0,0,0,0,1.021139762,0.963485218,1.632427638,0,0,0,0,1.459649025,2.735625828,2.186666421,0,0,0,0,0,0,0,0,0,0,0,0,0
SIN3A,0.996370196,1.533191662,1.791837015,0.966587184,0.968891745,1.47881758,0,0,0,0.96708259,0,0.956200116,0,0,0,0,0,0,0,0,0,0,0,0,0,0,0,0,0,0,0,0,0,0,0,0,0,0
SIRT5,0,0,0,0,0,0,0,0,0,0,0,0,0,0,0,0,0,0,0,0,0,0,0,0,0,0,0,0,0,0,0,0,0,0,0,0,0,0
SKIV2L,0,0,0,0,0,0,0,0,0,2.268893588,2.164986415,0.956200116,0,0,0,0,0,0,0,0,0,0,0,0,0,0,0,0,0,0,0,0,0,0,0,0,0,0
SKIV2L2,0,0,0,0,0,0,0,0,0,0,0,0,0,0,0,0,0,0,0,0,0,0,0,0,0,0,0,0,0,0,0,0,0,0,0,0,0,0
SKP1,0,0,0.864613417,0,1.543333959,1.47881758,0,0,1.851615862,0,1.455392216,0,0.970922069,0,0,0,0.963485218,0,0,0,0,0,1.459649025,1.529484238,2.186666421,1.584962501,0,0,0,0,0,0,0,0,0,0,0,0
SLC12A2,5.385222152,5.415271697,4.853444675,0,0.968891745,0,0,0,0,5.02286284,3.982732963,4.820975154,0,0,0,0,0,0,3.985375492,3.260114038,3.613037926,4.66348089,0,0,0,0,7.571571563,7.460107633,7.466180021,7.57684903,7.770415608,7.358194167,6.9403346,6.639037742,4.519429818,0,0,0
SLC12A7,1.58012073,2.259576362,0,0,0,0,0,0,0,1.950337883,0.903929473,0.956200116,0,0,0,0,0,0,0,0,0,1.234105921,0,0,0,0,5.360725261,5.037082573,5.432894157,5.040327289,4.711414598,4.335216011,4.234691467,3.241403097,2.69678497,0,0,0
SLC12A9,0,0,0,0,0,0,0,0,0,0,0,0,0,0,0,0,0,0,0,0,0,0,0,0,0,0,0,0,0,0,3.385355532,0,2.795384697,1.933211842,0,0,0,0
SLC15A4,0,0,0,0,0,0,0,0,0,0,0,0,0,0,0,0,0,0,0,0,0,0,0,0,0,0,0,1.373875901,1.266997295,0,2.867824406,2.886554086,1.989531496,1.933211842,0,0,0,0
SLC16A1,3.900107558,3.926654829,3.734739458,0,0,0,0,0,0,3.399011692,2.164986415,2.731434726,0,0,0,0,0,0,1.098576504,1.05142317,1.806054709,2.338300494,0,0,0,0,5.047548164,5.105377993,5.176523782,5.541687709,5.850417365,4.896155132,5.308304169,4.867424445,0,0,0,0
SLC16A3,0,0,0,0,0,0,0,0,0,0,0,0,0,0,0,0,0,0,0,0,0,0,0,0,0,0,1.380514028,2.529815193,2.728226634,1.333072201,2.053047961,0,1.989531496,0,0,0,0,0
SLC17A5,0,0,0,0,0,0,0,0,0,0,0,0,0,0,0,0,0,0,0,0,0,0,0,0,0,0,0,0,0,0,0,0,0,0,0,0,0,0
SLC19A1,0.996370196,0,0,0,0,0,0,0,0,0,0,0,0,0,0,0,0,0,0,0,0,0,0,0,0,0,2.538745146,2.064647663,2.383995806,2.013916734,2.867824406,2.069533795,2.795384697,2.7307681,0,0,0,0
SLC1A4,4.747888606,4.625163985,3.902505716,0,0,0,0,0,0,3.1108756,1.455392216,2.251195448,0,0,0,0,0,0,1.098576504,0,1.806054709,2.338300494,0,0,0,0,5.303293763,5.232973694,5.479122139,5.284834316,5.3905174,4.732273583,4.63044284,4.557799622,0,0,0,0
SLC1A5,5.350460965,5.09379041,4.371589565,2.528836668,2.271827737,1.880020556,0,0,0,4.743183871,3.722048161,4.374625784,1.546060213,1.618677671,1.589786044,0,0,0,4.267755043,3.413209566,4.20773121,4.411787418,0,0,0,0,6.626735289,6.568455977,6.552065023,6.572918986,6.952367237,6.859352935,6.493973995,6.32072392,6.175648524,0,4.408026318,2.600000002
SLC20A2,0,0,0,0,0,0,0,0,0,0,0,0,0,0,0,0,0,0,0,0,0,0,0,0,0,0,0,0,0,0,0,0,0,0,0,0,0,0
SLC25A5,0,0,0,0,0,0,0,0,0,0,0,0,0,0,0,0,0,0,0,0,0,0,0,0,0,0,0,0,0,0,0,0,0,0,0,0,0,0
SLC26A2,0,0,0,0,0,0,0,0,0,0.96708259,0,0,0,0,0,0,0,0,0,0,0,0,0,0,0,0,0,2.064647663,1.266997295,1.333072201,0,0,0,0,0,0,0,0
SLC26A3,0,0,0,0,0,0,0,0,0,0,0,0,0,0,0,0,0,0,0,0,0,0,0,0,0,0,0,0,0,0,0,0,0,0,0,0,0,0
SLC26A6,2.578907744,2.740444656,2.098758683,0,0,0,0,0,0,1.540903575,0,0,0,0,0,0,0,0,0,0,0,0,0,0,0,0,2.89033867,2.88100595,3.238727139,2.013916734,0,0,1.989531496,0,0,0,0,0
SLC29A1,3.693731392,3.513288396,2.919685889,0.966587184,0.968891745,0.921132385,0,0,0,2.750456577,1.853383544,2.511206051,0.970922069,1.025359956,1.003619168,0,0,0,1.714955817,1.05142317,1.806054709,2.338300494,0,0,0,0,4.449359691,4.726097906,4.554934114,4.661645673,4.711414598,3.404975348,4.63044284,3.617789703,2.69678497,0,0,0
SLC29A2,1.58012073,1.533191662,0.864613417,0,0,0,0,0,0,0,0,0,0,0,0,0,0,0,0,0,0,0,0,0,0,0,1.380514028,1.373875901,1.931003366,1.333072201,2.053047961,0,0,0,0,0,0,0
SLC2A1,3.993186609,4.013822575,2.754024153,1.540237874,1.953082406,0,0,0,0,3.844824317,3.144111598,3.378779227,1.956160331,1.618677671,1.589786044,0,0,0,3.340770694,3.08882233,3.457776598,3.988767131,0,0,0,0,5.520457254,5.405418357,5.479122139,5.493845692,6.135370476,6.448451237,5.686734793,5.612463424,5.487628999,0,3.474430172,2.600000002
SLC2A8,0,0,0,0,0,0,0,0,0,0,0,0,0,0,0,0,0,0,0,0,0,0,0,0,0,0,0,0,1.266997295,0,2.867824406,2.069533795,2.795384697,2.7307681,0,0,0,0
SLC30A1,0,0,0,0,0,0,0,0,0,0,0,0,0,0,0,0,0,0,0,0,0,0,0,0,0,0,2.89033867,3.399164795,3.439119207,3.103821595,2.867824406,0,2.795384697,2.7307681,0,0,0,0
SLC31A1,1.58012073,1.941625202,1.401468483,0,0,0,0,0,0,0.96708259,0,0,0,0,0,0,0,0,0,0,0,0,0,0,0,0,2.538745146,1.373875901,2.383995806,2.013916734,0,0,0,1.933211842,0,0,0,0
SLC35B2,0.996370196,0.961347078,0.864613417,0,0,0,0,0,0,0,0,0,0,0,0,0,0,0,0,0,0,0,0,0,0,0,0,1.373875901,1.266997295,2.013916734,2.053047961,2.069533795,3.309356743,3.241403097,3.581002772,0,0,0
SLC35F6,0,0,0,0,0,0,0,0,0,0,0,0.956200116,0,0,0,0,0,0,0,0,0,0,0,0,0,0,1.380514028,1.373875901,1.266997295,1.333072201,2.867824406,2.069533795,2.795384697,2.7307681,0,0,0,0
SLC38A1,2.578907744,1.533191662,2.098758683,0,0,0,0,0,0,0.96708259,0,0,0,0,0,0,0,0,0,0,0,0,0,0,0,0,2.538745146,2.064647663,1.931003366,2.474606879,2.867824406,2.886554086,3.309356743,3.241403097,2.69678497,0,0,0
SLC38A2,3.163465689,2.931662233,1.791837015,0,0,0,0,0,0,0,0,0,0,0,0,0,0,0,0,0,0,0,0,0,0,0,1.380514028,1.373875901,1.931003366,1.333072201,3.385355532,0,3.309356743,3.241403097,2.69678497,0,0,0
SLC38A5,2.993641837,2.740444656,1.401468483,0,0,0,0,0,0,0,0,0,0,0,0,0,0,0,0,0,0,0,0,0,0,0,0,0,1.266997295,1.333072201,2.053047961,0,1.989531496,1.933211842,0,0,0,0
SLC38A7,0,0,0,0,0,0,0,0,0,0,0,0,0,0,0,0,0,0,0,0,0,0,0,0,0,0,0,0,0,0,0,0,0,0,0,0,0,0
SLC39A1,0,0,0,0,0,0,0,0,0,0,0,0,0,0,0,0,0,0,0,0,0,0,0,0,0,0,0,0,0,0,0,0,0,0,0,0,0,0
SLC39A10,2.801126798,2.931662233,2.754024153,3.109978656,3.527408274,3.176707196,3.882525857,3.904682107,3.401423861,0.96708259,0,0.956200116,0.970922069,1.618677671,1.589786044,1.021139762,0.963485218,1.03574445,0,1.05142317,0,0,0.90705003,0.958592587,0.916958742,1,0,0,1.931003366,0,0,0,0,0,0,0,0,0
SLC39A14,1.994551864,1.533191662,1.791837015,0,0,0,0,0,0,0.96708259,0,0.956200116,0,0,0,0,0,0,0,0,0,1.234105921,0,0,0,0,2.072868086,2.064647663,2.383995806,2.474606879,3.385355532,2.886554086,3.309356743,2.7307681,0,0,0,0
SLC39A5,0,0,0,0,0,0,0,0,0,0,0,0,0,0,0,0,0,0,0,0,0,0,0,0,0,0,2.538745146,2.529815193,3.005940259,2.823248847,0,2.069533795,1.989531496,1.933211842,0,0,0,0
SLC39A6,1.994551864,2.259576362,0.864613417,0,0.968891745,0,0.894759661,0.9499485,0.90279184,0,0,0,0.970922069,0,1.003619168,1.021139762,0,0,0,0,0,0,0,0,0,0,2.072868086,2.064647663,1.931003366,1.333072201,2.053047961,0,0,1.933211842,0,0,0,0
SLC3A2,4.800346389,4.679497284,4.252380623,1.540237874,1.953082406,1.880020556,3.261982234,3.606636986,3.141943704,3.937650566,3.144111598,4.086043188,0.970922069,1.618677671,2.005425354,3.739228165,3.517296477,3.649832041,2.476571387,2.403347751,2.246490367,2.9563868,3.728236298,3.729484261,3.926957113,4.087462841,5.989612189,5.784409903,5.729124655,5.759648852,5.592375272,5.613609779,5.509892249,5.526842447,3.581002772,0,0,0
SLC43A1,0.996370196,0.961347078,0.864613417,0,0,0,0,0,0,0,0,0,0,0,0,0,0,0,0,0,0,0,0,0,0,0,1.380514028,1.373875901,1.931003366,1.333072201,2.053047961,0,0,0,0,0,0,0
SLC43A2,0.996370196,0.961347078,0,0,0,0,0,0,0,0,0,0,0,0,0,0,0,0,0,0,0,0,0,0,0,0,2.538745146,3.163224167,3.439119207,2.823248847,0,2.069533795,0,0,0,0,0,0
SLC44A1,4.693451201,4.731858388,4.188866565,0,0,0,0,0,0,3.844824317,2.164986415,3.618510617,0,0,0,0,0,0,2.145448836,1.653127323,2.246490367,3.18810514,0,0,0,0,5.66425377,5.698582098,5.803678067,5.759648852,5.683614583,5.613609779,5.686734793,5.234485315,4.519429818,0,0,0
SLC44A2,3.693731392,4.247579354,2.754024153,0,0,0,0,0,0,2.529675346,0,1.933791208,0,0,0,0,0,0,0,0,1.806054709,1.234105921,0,0,0,0,4.551550277,4.726097906,4.932563547,4.900544903,4.711414598,5.043305171,4.94067428,4.557799622,2.69678497,0,0,0
SLC44A4,0,0,0,0,0,0,0,0,0,0,0,0,0,0,0,0,0,0,0,0,0,0,0,0,0,0,2.538745146,2.064647663,2.383995806,2.474606879,0,0,0,0,0,0,0,0
SLC4A7,0.996370196,0.961347078,0,0,0,0,0,0,0,0.96708259,0,0.956200116,0,0,0,0,0,0,0,0,0,0,0,0,0,0,2.89033867,2.88100595,3.439119207,2.474606879,2.867824406,0,1.989531496,0,0,0,0,0
SLC50A1,0,0,1.401468483,0,0,0,0,0,0,0,0,0,0,0,0,0,0,0,0,0,0,0,0,0,0,0,1.380514028,0,1.266997295,1.333072201,0,0,2.795384697,1.933211842,0,0,0,0
SLC52A2,0.996370196,1.533191662,2.098758683,0,0,0,0,0,0,1.540903575,0,1.933791208,0,0,0,0,0,0,0,0,0,1.234105921,0,0,0,0,2.89033867,2.529815193,2.383995806,2.474606879,3.385355532,3.404975348,3.687544579,2.7307681,2.69678497,0,0,0
SLC5A3,0,0.961347078,0,0,0,0,0,0,0,0,0,0,0,0,0,0,0,0,0,0,0,0,0,0,0,0,0,0,2.383995806,2.013916734,0,0,0,0,0,0,0,0
SLC5A6,2.316116017,1.941625202,0,0,0,0,0,0,0,0,0,0,0,0,0,0,0,0,0,0,0,0,0,0,0,0,4.090524219,3.601888181,3.913226003,3.717549031,3.76545739,0,3.309356743,3.617789703,0,0,0,0
SLC6A6,2.316116017,2.519953374,1.791837015,0,0,0,0,0,0,0.96708259,0,0,0,0,0,0,0,0,0,0,0,0,0,0,0,0,2.538745146,2.529815193,2.383995806,2.013916734,3.385355532,2.069533795,2.795384697,2.7307681,0,0,0,0
SLC6A8,0,0,0,0,0,0,0,0,0,0,0,0,0,0,0,0,0,0,0,0,0,0,0,0,0,0,2.89033867,3.163224167,3.005940259,3.103821595,3.385355532,0,1.989531496,1.933211842,0,0,0,0
SLC6A9,0,0,0,0,0,0,0,0,0,0,0,0,0,0,0,0,0,0,0,0,0,0,0,0,0,0,0,0,0,0,0,0,0,0,0,0,0,0
SLC7A1,2.993641837,3.100475979,2.754024153,0.966587184,0,0,0,0,0,1.540903575,1.455392216,1.933791208,0,0,0,0,0,0,0,0,1.168913826,1.234105921,0,0,0,0,3.789613418,3.937808665,4.269468584,4.017375043,4.06601068,4.086405932,3.986902457,3.617789703,2.69678497,0,0,0
SLC7A5,2.578907744,2.259576362,1.791837015,0,0,0,0,0,0,0.96708259,0,0.956200116,0,0,0,0,0,0,0,0,0,1.234105921,0,0,0,0,3.408938331,3.399164795,3.005940259,3.103821595,3.76545739,2.069533795,1.989531496,0,0,0,0,0
SLC7A8,1.994551864,2.259576362,0,0,0,0,0,0,0,0,0,0,0,0,0,0,0,0,0,0,0,0,0,0,0,0,0,0,0,0,0,0,0,0,0,0,0,0
SLC9A3R1,0,0,0,0,0,0,0.894759661,0.9499485,0.90279184,0,0,0,0,0,0,0,0,0,0,0,0,0,0,0,0,0,2.072868086,2.064647663,1.931003366,2.013916734,0,0,0,0,0,0,0,0
SLCO2B1,0,0,0,0,0,0,0,0,0,0,0,0,0,0,0,0,0,0,0,0,0,0,0,0,0,0,2.538745146,2.064647663,3.439119207,2.823248847,3.385355532,2.069533795,1.989531496,0,0,0,0,0
SLCO3A1,0,0,0,0,0,0,0,0,0,0,0,0,0,0,0,0,0,0,0,0,0,1.234105921,0,0,0,0,2.072868086,3.163224167,2.728226634,3.103821595,3.385355532,2.069533795,2.795384697,3.241403097,0,0,0,0
SLCO4A1,1.58012073,0.961347078,0,0,0,0,0,0,0,0,0,0,0,0,0,0,0,0,0,0,0,0,0,0,0,0,1.380514028,1.373875901,0,1.333072201,0,0,0,0,0,0,0,0
SLPI,0,0,0,0,0,0,2.621946525,2.240990417,1.851615862,0,0.903929473,0,0,0,0,0,0,0,0,0,0,0,0,0,0,0,0,0,0,0,0,0,0,0,2.69678497,4.272170993,4.408026318,3.475828426
SMAP1,0,0,0,0,0,0,0,0,0,0,0,0,0,0,0,0,0,0,0,0,0,0,0,1.529484238,0,1.584962501,0,0,0,0,0,0,0,0,0,0,0,0
SMARCA4,0,0,0,0,0,0,0,0,0,0,0,0,0,0,0,0,0,0,0,0,0,0,0,0,0,0,0,0,0,0,0,0,0,0,0,0,0,0
SMARCA5,0.996370196,0.961347078,2.098758683,0,0,1.47881758,0,0,0,0,0,0,0,0,0,0,0,0,0,0,0,0,0,0,0,0,0,0,0,0,0,0,0,0,0,0,0,0
SMARCB1,0,0,0,0,0,0,0,0,0,0,0,0,0,0,0,0,0,0,0,0,0,0,0,0,0,0,0,0,0,0,0,0,0,0,0,0,0,0
SMARCC1,1.58012073,1.533191662,2.098758683,2.528836668,2.271827737,3.312666648,2.810463839,1.924256156,2.419108186,0.96708259,0,0,0,0,0,0,0,0,0,0,0,0,0.90705003,0,0.916958742,1.584962501,0,0,0,0,0,0,0,0,2.69678497,0,3.474430172,2.600000002
SMARCC2,0.996370196,0,0,0.966587184,1.953082406,2.193583806,0.894759661,1.924256156,1.453839514,0,0.903929473,0,0,1.025359956,1.003619168,0,0,0,0,0,0,0,0,0.958592587,0,1.584962501,0,0,0,0,0,0,0,0,0,0,0,0
SMARCD2,2.578907744,2.519953374,2.754024153,2.528836668,1.953082406,2.451014583,0,0,0,0,0,0,0,0,0,0,0,0,0,0,0,0,0,0,0,0,0,0,0,0,0,0,0,0,0,0,0,0
SMARCE1,0,0,0.864613417,0.966587184,1.543333959,1.47881758,0,0,0.90279184,0,0,0,0,0,0,0,0,0,0,0,0,0,0,0,0,0,0,0,0,0,0,0,0,0,0,0,0,0
SMC1A,3.993186609,3.833879792,4.371589565,4.74220736,4.583523545,5.090143659,3.795922944,3.812010579,4.392499739,1.950337883,1.455392216,2.251195448,0,1.025359956,1.003619168,1.61308057,0,0,0,1.05142317,0,0,0,0,0,0,0,0,0,0,0,0,0,0,0,0,0,0
SMC2,2.316116017,2.740444656,2.098758683,2.268089723,1.543333959,0.921132385,0,0,0,0,0,0,0,0,0,0,0,0,0,0,1.168913826,0,0,0,0,0,0,0,0,0,0,0,0,0,0,0,0,0
SMC3,4.636878881,4.56870409,5.181763407,5.291621636,5.186716361,5.426239515,3.964223206,4.426243371,4.712636366,2.529675346,2.638521785,1.933791208,0,0,1.003619168,0,0,0,0,0,0,0,0,0,0,0,0,0,0,0,0,0,0,0,0,0,0,0
SMC4,3.693731392,3.513288396,3.439652425,2.528836668,2.532736393,2.451014583,0,0,0,0.96708259,0,0,1.546060213,0,1.003619168,0,0,0,1.098576504,1.653127323,1.168913826,0,0.90705003,0,0.916958742,0,0,0,0,0,0,0,0,0,0,0,0,0
SMC6,0,0,0,0,0,0,0,0,0,0,0,0,0,0,0,0,0,0,0,0,0,0,0,0,0,0,0,0,0,0,0,0,0,0,0,0,0,0
SMCHD1,0.996370196,0.961347078,1.791837015,0,0,0,0,0,0,0,0,0,0,0,0,0,0,0,0,0,0,0,0,0,0,0,0,0,0,0,0,0,0,0,0,0,0,0
SMEK1,0,0,0,0,0,0,0,0,0,0,0,0,0,0,0,0,0,0,0,0,0,0,0,0,0,0,0,0,0,0,0,0,0,0,0,0,0,0
SMG1,1.994551864,1.941625202,2.098758683,0,0.968891745,0,0,0,0,1.540903575,1.455392216,1.526262086,0,0,0,0,0,0,0,0,0,0,0,0,0,0,0,0,0,0,0,0,0,0,0,0,0,0
SMG9,0,0,0,0,0,0,0,0,0,0,0,0,0,0,0,0,0,0,0,0,0,0,0,0,0,0,0,0,0,0,0,0,0,0,0,0,0,0
SMN1,0,0,0,0,0,0,0,0,0,0,1.455392216,0,0,0,0,0,0,0,0,1.05142317,0,0,0,0,0,0,0,0,0,0,0,0,0,0,0,0,0,0
SMOC1,1.58012073,1.533191662,1.791837015,4.39495704,4.188405325,4.238176971,4.743030372,4.759715303,4.131254579,2.529675346,2.421096055,2.251195448,3.944989053,4.295606161,4.00677851,3.497640075,3.104356784,3.523776826,2.476571387,2.669676924,3.283768429,1.889360771,2.426542826,2.735625828,2.443780137,2.321928095,0,0,0,0,0,0,0,0,0,0,4.408026318,0
SMOC2,0,0,0,2.528836668,2.271827737,1.880020556,2.149649735,2.500551849,1.851615862,2.268893588,2.164986415,2.251195448,2.536168495,2.626984775,3.006327599,1.021139762,1.53606782,1.632427638,0,1.653127323,0,0,0.90705003,2.2550935,1.473143559,0,0,0,0,0,0,0,0,0,0,0,0,0
SMPD1,0,0,0,0,0.968891745,0.921132385,2.149649735,2.500551849,2.636470024,0,0,0,0,0,0,0,0,0,0,0,0,0,0,0,0,0,0,0,0,0,0,0,0,0,0,0,0,0
SMPDL3A,0,0,0,0,0,0.921132385,2.621946525,2.500551849,3.277509632,0,0,0,0,0,0,1.61308057,0.963485218,1.03574445,0,0,0,0,1.858228386,2.5152748,2.443780137,2,0,0,0,0,0,0,0,0,0,0,0,0
SMPDL3B,3.693731392,3.628251645,1.791837015,0.966587184,0,0,0,0,0,0,0,0,0,0,0,0,0,0,0,0,0,0,0,0.958592587,0,1,3.789613418,3.163224167,3.913226003,3.540486385,0,0,0,0,0,0,0,0
SMS,3.800606572,3.833879792,3.642923751,4.106148,4.262237099,4.368714044,4.041541069,3.904682107,4.131254579,3.639070203,3.722048161,3.378779227,3.944989053,3.631120459,3.707114185,3.846371158,3.632289151,3.873048029,3.633934435,4.094962341,3.085856525,1.889360771,3.728236298,4.008505655,3.747798963,2.584962501,0,0,0,0,0,0,0,0,0,0,0,0
SMU1,1.58012073,0.961347078,2.754024153,0,0,1.880020556,0.894759661,2.240990417,2.992305255,0.96708259,0.903929473,0.956200116,0,0,0,0,0,0,0,0,0,0,0,0,0,0,0,0,0,0,0,0,0,0,0,0,0,0
SMYD5,0,0,0,0,0,0.921132385,1.839113208,2.500551849,2.419108186,0,0,0,0,0,0,0,0,0,0,0,0,0,0.90705003,0.958592587,0,0,0,0,0,0,0,0,0,0,0,0,0,0
SNAP23,1.994551864,1.941625202,0.864613417,0,0,0,0,0,0,0,0,0.956200116,0,0,0,0,0,0,0,0,0,0,0,0,0,0,3.611795418,3.77960348,3.913226003,4.017375043,3.385355532,0,0,0,0,0,0,0
SND1,4.636878881,4.448689336,5.044971775,4.792748321,4.746747198,4.488413743,4.597000907,5.070952959,5.01384195,3.639070203,3.90096226,3.091114753,4.032231982,3.854102726,4.094267871,3.036793753,3.392338026,3.385643851,1.098576504,2.403347751,1.168913826,0,2.644143159,2.2550935,2.85138244,1.584962501,0,1.373875901,0,0,0,0,0,0,0,0,0,0
SNF8,0,0.961347078,0,0,0,0,0,0,0,0,0,0,0,0,0,0,0,0,0,0,0,0,0,0,0,0,2.072868086,2.529815193,2.383995806,1.333072201,0,0,0,0,0,0,0,0
SNRNP200,6.142580988,6.244564448,6.550842821,6.701201443,6.445598894,6.315364965,5.400756696,5.454931598,4.712636366,4.743183871,4.894727183,4.307709643,2.536168495,3.044091598,3.466005187,0,0,0,2.972434909,3.260114038,2.583445471,3.387705307,0.90705003,1.529484238,0.916958742,0,0,0,0,0,0,0,0,0,0,0,0,0
SNRNP200.1,0,0,0,0,0,0,0,0,0,0,0,0,0,0,0,0,0,0,0,0,0,0,0,0,0,0,0,0,0,0,0,0,0,0,0,0,0,0
SNRNP40,3.578300868,3.251589451,3.439652425,2.749592966,2.271827737,1.880020556,0,0,0,0.96708259,0,0,0,0,0,0,0,0,0,0,0,0,0,0,0,0,0,0,0,0,0,0,0,0,0,0,0,0
SNRNP70,2.578907744,2.259576362,2.098758683,0.966587184,0.968891745,0.921132385,0.894759661,0,1.453839514,2.529675346,2.164986415,1.933791208,1.956160331,2.037874702,2.005425354,0,0.963485218,0,0,0,0,1.234105921,0,0,0,0,0,0,0,0,0,0,0,0,0,2.829306972,2.598717113,0
SNRPA1,1.994551864,1.533191662,2.098758683,0,0.968891745,0.921132385,0,0,0,2.529675346,1.455392216,1.933791208,1.546060213,0,1.589786044,0,0,0,0,0,0,0,0,0,0,0,0,0,0,0,0,0,0,0,2.69678497,0,3.474430172,2.600000002
SNRPB,0,0,0,0,0,0,0,0,0,0,0,0,0,0,0,0,0,0,0,0,0,0,0,0,0,0,0,0,0,0,0,0,0,0,0,0,0,0
SNRPB2,1.994551864,1.941625202,2.098758683,1.949586033,1.953082406,1.880020556,1.442864021,0,1.851615862,1.950337883,1.853383544,1.933791208,1.546060213,1.618677671,2.005425354,1.021139762,1.53606782,1.03574445,0,0,1.168913826,1.234105921,0,0.958592587,0,0,0,0,0,0,0,0,0,0,0,0,0,0
SNRPD1,3.163465689,2.931662233,3.439652425,3.63813725,3.527408274,3.848399125,3.261982234,3.491832663,3.719788928,3.745612183,3.279702347,3.242104959,3.531197087,3.367259864,3.328436075,2.843407086,2.744180469,3.061983348,1.714955817,2.403347751,2.856411626,2.680193992,1.858228386,1.937434512,2.186666421,2.321928095,0,0,0,0,2.867824406,4.335216011,3.687544579,4.557799622,5.083269848,7.374151074,5.373641915,5.825061276
SNRPD2,2.578907744,2.740444656,2.56684197,2.749592966,3.114149002,3.756000002,2.810463839,2.911236342,3.141943704,2.529675346,2.638521785,2.511206051,2.275117866,2.850560031,2.590989414,1.61308057,1.53606782,1.632427638,0,0,0,1.889360771,0.90705003,1.529484238,1.873574051,2,0,0,0,0,0,2.069533795,2.795384697,3.241403097,3.581002772,3.724066632,4.716298833,3.475828426
SNRPD3,2.316116017,2.519953374,2.351701379,2.268089723,2.753608502,2.859016798,2.621946525,2.500551849,2.636470024,2.529675346,2.421096055,2.511206051,2.275117866,2.626984775,2.005425354,1.61308057,1.53606782,1.632427638,1.098576504,1.653127323,0,1.889360771,0.90705003,1.529484238,1.473143559,2.321928095,0,0,0,0,2.053047961,0,2.795384697,2.7307681,3.581002772,3.724066632,4.408026318,2.600000002
SNRPE,1.994551864,1.941625202,2.351701379,2.749592966,2.753608502,3.176707196,2.810463839,2.500551849,3.401423861,2.268893588,2.164986415,1.933791208,2.536168495,2.037874702,2.005425354,2.031594606,1.944875303,2.053289965,1.714955817,2.076463354,2.246490367,1.889360771,0.90705003,1.937434512,1.873574051,2,0,0,0,0,2.053047961,0,3.309356743,3.241403097,4.125209993,5.234346454,4.408026318,4.971644604
SNRPF,0.996370196,1.533191662,1.401468483,1.949586033,2.271827737,2.193583806,1.839113208,1.924256156,2.825330619,1.950337883,1.853383544,1.933791208,1.956160331,2.037874702,2.005425354,1.021139762,0.963485218,1.03574445,0,1.05142317,0,1.889360771,0,0.958592587,0.916958742,1.584962501,0,0,0,0,0,2.069533795,0,1.933211842,2.69678497,0,4.015464754,2.600000002
SNRPG,0,0,0,0,0,0,0,0,0,0,0,0,0,0,0,0,0,0,0,0,0,0,0,0,0,0,0,0,0,0,0,0,0,0,0,0,0,0
SNRPGP15,0.996370196,0.961347078,1.401468483,1.540237874,1.543333959,1.47881758,1.442864021,1.51783371,1.851615862,1.540903575,1.455392216,1.526262086,1.546060213,1.618677671,1.589786044,1.021139762,0.963485218,1.03574445,0,0,1.168913826,1.234105921,0,0,0.916958742,0,0,0,0,0,0,2.069533795,0,1.933211842,3.581002772,3.724066632,3.474430172,2.600000002
SNRPN,1.994551864,1.533191662,2.098758683,2.528836668,2.271827737,3.176707196,2.810463839,2.911236342,2.992305255,1.540903575,1.455392216,1.526262086,1.546060213,1.618677671,1.589786044,1.021139762,0.963485218,1.03574445,0,1.05142317,1.168913826,1.234105921,0.90705003,0.958592587,0.916958742,1,0,0,0,0,0,0,0,0,2.69678497,0,2.598717113,2.600000002
SNTB1,3.163465689,2.740444656,2.754024153,0,0,0,0,0,0,1.540903575,0,0.956200116,0,0,0,0,0,0,0,0,0,0,0,0,0,0,5.115858731,5.405418357,5.335742029,5.339993805,3.76545739,0,1.989531496,1.933211842,0,0,0,0
SNTB2,0,0,0,0,0,0,0,0,0,0,0,0,0,0,0,0,0,0,0,0,0,0,0,0,0,0,0,0,0,0,0,0,0,0,0,0,0,0
SNU13,1.58012073,1.533191662,2.098758683,0.966587184,0.968891745,1.47881758,0,0,1.453839514,0,0,0,0,0,0,0,0,0,0,0,0,0,0,0,0,0,0,0,0,0,0,0,0,0,0,0,2.598717113,0
SNX1,0,0,1.401468483,0,0,0,1.839113208,1.51783371,2.419108186,0,0,0,0,0,0,0,0,0,0,0,0,0,0,0,0,0,0,0,0,0,0,0,0,0,0,0,0,0
SNX27,0,0,0,0,0,0,0,0,0,0,0,0,0,0,0,0,0,0,0,0,0,0,0,0,0,0,0,0,0,0,0,0,0,0,0,0,0,0
SNX33,2.578907744,2.519953374,0,0,0,0,0,0,0,0.96708259,0,0,0,0,0,0,0,0,0,0,0,0,0,0,0,0,4.090524219,3.937808665,4.46591069,3.875236924,2.053047961,0,2.795384697,0,0,0,0,0
SNX6,0,0,0,0,0,0,0,0,0,0,0,0,0,0,0,0,0,0,0,0,0,0,0,0,0,0,0,0,0,0,0,0,0,0,0,0,0,0
SNX8,0.996370196,0.961347078,2.098758683,0.966587184,0.968891745,0,0,0,0,0,0,0,0,0,0,0,0,0,0,0,0,0,0,0,0,0,0,0,0,0,0,0,0,0,0,0,0,0
SNX9,0.996370196,0.961347078,0,0.966587184,0,0,0,0,0,1.950337883,1.455392216,1.526262086,0,1.025359956,0,0,0,0,0,0,0,0,0,0,0,0,2.538745146,2.529815193,2.728226634,2.474606879,0,0,0,0,0,0,0,0
SOD1,0,0,0,0,0,2.193583806,3.882525857,3.079707418,3.980443085,0,0.903929473,2.511206051,0,0,0,3.94610422,4.100158116,4.154027448,0,0,0,0,4.340174758,4.563274934,4.360285502,4.807354922,2.538745146,2.88100595,3.005940259,3.540486385,2.053047961,2.069533795,2.795384697,3.241403097,3.581002772,0,0,0
SOD2,0,0,0,1.949586033,1.953082406,2.669391044,2.810463839,2.911236342,2.825330619,1.540903575,2.9944429,2.731434726,4.032231982,3.95387427,3.814069025,4.625211972,4.683718341,4.591186809,0,0,1.806054709,1.889360771,5.426598434,5.047714827,4.921641873,5.392317423,0,0,0,0,0,0,0,2.7307681,0,0,2.598717113,0
SOD3,1.58012073,0.961347078,0,3.261216432,3.402362581,2.669391044,3.385748712,3.230546315,2.636470024,0,0,0,0,0,0,1.021139762,0,1.03574445,1.714955817,1.05142317,2.246490367,2.9563868,0,0,0,0,0,0,0,0,0,0,1.989531496,0,0,0,0,0
SODC,0,0,0,0,0,0,0,0,0,0,0,0,0,0,0,0,0,0,0,0,0,0,0,0,0,0,0,0,0,0,0,0,0,0,0,0,0,0
SORD,4.315023641,4.096022377,4.188866565,5.488443169,5.493054055,5.455914002,4.95770589,5.22266332,4.974475223,5.578615386,5.50553947,5.235249303,4.698352774,4.855870816,4.864961592,4.287722758,3.738788903,4.236715467,4.429334296,4.955687295,4.390583544,4.877717713,3.629670641,3.383238525,3.428871228,1.584962501,1.380514028,2.064647663,2.383995806,2.013916734,0,0,0,0,0,0,0,0
SORL1,0,0,0,2.528836668,2.753608502,0,1.442864021,2.240990417,0,0,0,0,4.114498637,4.440244194,4.254777207,0,0,0,4.085769758,3.260114038,4.698689158,3.719314538,0,0,0,0,0,0,0,0,0,2.069533795,3.309356743,4.557799622,2.69678497,0,2.598717113,0
SORT1,0,0,0,2.941009732,3.114149002,2.669391044,2.810463839,2.911236342,2.163087258,0,0,0,0.970922069,1.025359956,1.003619168,0,0,1.03574445,0,0,0,0,0,0.958592587,0.916958742,2.321928095,0,0,0,0,0,0,1.989531496,1.933211842,0,0,0,0
SPAG1,0,0,0,0,0,0,0,0,0,0,0,0,0,0,0,0,0,0,0,0,0,0,0,0,0,0,0,2.529815193,1.931003366,2.013916734,0,0,0,0,0,0,0,0
SPAG9,0,0,0,0,0,0,0,0,0,0,0,0,0,0,0,0,0,0,0,0,0,0,0,0,0,0,0,0,0,0,0,0,0,0,0,0,0,0
SPAST,1.58012073,1.533191662,0.864613417,0,0,0,0,0,0,0,0,0,0,0,0,0,0,0,0,0,0,0,0,0,0,0,3.408938331,2.529815193,3.005940259,2.474606879,0,0,0,0,0,0,0,0
SPINT1,3.315387858,3.100475979,2.098758683,4.023911454,3.64247482,3.176707196,4.743030372,5.030394601,4.331488349,2.750456577,3.722048161,4.307709643,3.852128841,4.21745889,4.00677851,5.085114184,4.88266505,4.822957165,0,1.05142317,2.246490367,2.338300494,5.238737314,5.344237295,5.003808168,5.044394119,3.789613418,3.77960348,3.771823672,3.875236924,2.867824406,2.069533795,2.795384697,1.933211842,0,0,0,0
SPINT2,0.996370196,1.941625202,1.791837015,0,0,0,0,0,0,2.268893588,1.455392216,2.251195448,0,0,0,0,0,0,0,0,0,1.889360771,0,1.529484238,1.473143559,1,2.89033867,3.399164795,2.728226634,3.103821595,4.526614972,3.785554776,4.446094835,4.373878798,3.581002772,2.829306972,2.598717113,2.600000002
SPNS1,0,0,0,0,0,0,0,0,0,0,0,0,0,0,0,0,0,0,0,0,0,0,0,0,0,0,1.380514028,2.88100595,1.931003366,2.013916734,2.867824406,0,3.309356743,1.933211842,0,0,0,0
SPNS2,0,0,0,0,0,0,0,0,0,0,0,0,0,0,0,0,0,0,0,0,0,0,0,0,0,0,0,1.373875901,1.931003366,0,0,0,0,0,0,0,0,0
SPPL2B,0,0,0,0,0,0,0,0,0,0,0,0,0,0,0,0,0,0,0,0,0,0,0,0,0,0,0,0,0,0,2.867824406,0,1.989531496,1.933211842,0,0,0,0
SPR,2.578907744,1.941625202,3.068269276,2.268089723,2.753608502,2.859016798,2.621946525,2.720458447,2.636470024,2.941892081,3.279702347,2.922454862,1.546060213,1.025359956,1.003619168,1.61308057,1.53606782,1.03574445,1.098576504,2.403347751,0,0,0,0.958592587,0,0,1.380514028,0,0,0,0,0,0,0,0,0,0,0
SPTAN1,5.350460965,5.382890844,4.811887427,7.272659413,7.329797976,7.346440899,7.921622779,7.799406486,7.506950705,7.172252635,7.220101986,7.481367269,7.963844423,8.14285794,8.084018169,8.592610694,8.492276498,8.467024905,9.521485382,9.329732317,9.605049547,9.750033473,6.654974262,6.57502952,6.531030128,7.14974712,2.072868086,2.529815193,2.383995806,2.013916734,0,3.785554776,6.052323816,6.899657593,6.471461801,7.014063511,6.601281567,6.265718066
SPTBN1,5.60758979,5.477931386,5.449042565,7.208953109,7.222912202,7.273323555,7.55050151,7.430050048,7.33110712,7.093744479,7.151038814,7.251445116,7.755293673,7.791517874,7.840087666,7.829689586,7.880524547,7.88409949,8.862833245,8.773262396,9.08099707,9.078390281,6.751882512,6.501825134,6.650630366,6.988684687,0,0,0,0,2.867824406,4.086405932,6.28998354,6.718425434,6.85990304,6.533094477,6.744255635,6.875852839
SPTBN2,0,0,0,0,0,0,0,0,0,0,0,0,0,0,0,0,0,0,0,0,0,0,0,0,0,0,0,0,0,0,0,0,0,0,0,0,0,0
SQRDL,0,0,0,0,0,0,0,0,0,0,0,0,0,0,0,0,0,0,0,0,0,0,0,0,0,0,0,0,0,0,0,0,0,0,0,0,0,0
SRC,3.452825167,3.513288396,2.351701379,0,0,0.921132385,1.442864021,0.9499485,2.636470024,1.540903575,0,0.956200116,0,0,0,0,0,0,0,0,0,0,0,0,0,0,4.646978729,4.889953476,4.638782042,4.572331312,2.053047961,0,1.989531496,0,0,0,0,0
SRI,1.994551864,2.519953374,2.754024153,0,0,0,0.894759661,1.51783371,2.163087258,0.96708259,1.455392216,0.956200116,0,0,0,0,0,0,0,0,0,0,0,1.937434512,0.916958742,0,2.89033867,2.529815193,2.383995806,2.013916734,0,0,0,0,0,0,0,0
SRM,2.316116017,1.941625202,2.919685889,1.540237874,1.543333959,0.921132385,0,0,0.90279184,2.529675346,2.638521785,1.933791208,0,1.025359956,0,0,0,0,0,1.653127323,1.168913826,0,0,0,0,0,0,0,0,0,0,0,0,0,0,0,0,0
SRP14,2.316116017,1.533191662,1.401468483,0,0,0,0.894759661,0,0,1.540903575,1.455392216,1.526262086,1.956160331,2.362292771,2.005425354,0,0,0,1.098576504,2.076463354,2.246490367,1.889360771,0.90705003,0,0,0,0,0,0,0,0,0,1.989531496,0,3.581002772,2.829306972,3.474430172,4.016906216
SRP54,0,0,0,0,0,0,0,0,0,0.96708259,1.455392216,0,0,0,0,0,0,0,0,0,0,0,0,0,0,0,0,0,0,0,0,0,0,0,0,0,0,0
SRP68,2.316116017,0.961347078,3.068269276,0,0,0,0,0,0,2.529675346,2.638521785,1.526262086,0,0,0,0,0,0,0,0,0,0,0,0,0,0,0,0,0,0,0,0,0,0,0,0,0,0
SRP72,1.994551864,1.941625202,2.098758683,1.540237874,1.543333959,0.921132385,0.894759661,0.9499485,0.90279184,2.750456577,2.638521785,2.251195448,0.970922069,1.025359956,1.003619168,0,0,0,0,0,0,0,0,0,0,0,0,0,0,0,0,0,0,0,0,0,0,0
SRP9,0.996370196,0.961347078,0.864613417,0.966587184,0.968891745,0.921132385,1.442864021,1.51783371,1.453839514,1.540903575,1.455392216,1.526262086,1.546060213,2.037874702,1.589786044,1.61308057,1.53606782,1.632427638,1.714955817,1.653127323,2.246490367,1.889360771,1.858228386,1.529484238,1.473143559,1.584962501,0,0,0,0,0,2.069533795,1.989531496,2.7307681,4.519429818,4.978956706,4.015464754,4.409490401
SRPK1,3.163465689,3.251589451,3.439652425,3.109978656,2.753608502,2.669391044,2.149649735,2.500551849,2.419108186,2.750456577,2.421096055,1.933791208,0,0,0,0,0,0,0,0,0,0,0,0,0,0,0,0,0,0,0,0,0,0,4.828721577,4.272170993,5.688593684,4.016906216
SRPK2,0,0.961347078,0,0.966587184,0.968891745,1.47881758,0,1.924256156,0,0.96708259,0.903929473,0,0,0,0,0,0,0,0,0,0,0,0,0,0,0,0,0,0,0,0,0,0,0,3.581002772,2.829306972,4.015464754,4.409490401
SRPX2,4.080622667,4.013822575,3.821059837,3.936702387,3.941110664,3.551296021,4.875627918,4.546171463,3.812006199,1.540903575,1.455392216,1.933791208,0,0,1.003619168,1.61308057,0.963485218,1.632427638,1.714955817,3.08882233,2.856411626,1.234105921,0.90705003,0,0,0,0,0,0,0,0,0,0,0,0,3.724066632,4.015464754,3.475828426
SRRM1,0,0,0,0,0,0,0,0,0,1.950337883,1.455392216,0.956200116,0,0,0,0,0,0,0,0,0,0,0,0,0,0,0,0,0,0,0,0,0,0,0,2.829306972,2.598717113,0
SRRT,3.163465689,2.931662233,3.202968816,1.949586033,1.953082406,1.880020556,2.149649735,1.924256156,2.419108186,0,0,0,0,0,0,0,0,0,0,0,0,0,0,0,0,0,0,0,0,0,0,0,0,0,0,0,0,0
SRSF1,3.693731392,3.513288396,4.252380623,2.528836668,2.532736393,3.026589061,3.385748712,3.606636986,3.719788928,1.950337883,2.421096055,1.526262086,0,0,0,0,0,0,0,0,0,0,0,0,0,0,0,0,0,0,0,0,0,0,3.581002772,5.451253497,5.539695345,4.971644604
SRSF2,0,0,0.864613417,0,0,0.921132385,1.442864021,1.924256156,1.851615862,2.268893588,1.853383544,1.526262086,0,0,0,0,0,0,0,0,0,1.234105921,0,0,0,0,0,0,0,0,0,0,0,0,4.125209993,3.724066632,4.408026318,3.475828426
SRSF3,2.801126798,2.931662233,2.351701379,1.540237874,1.543333959,1.880020556,1.839113208,1.51783371,1.851615862,1.950337883,2.164986415,1.933791208,0,0,0,0,0,0,0,0,0,1.234105921,0,0,0,0,0,0,0,0,0,0,0,0,2.69678497,3.724066632,3.474430172,4.016906216
SRSF4,0,0,0,0,0,0,0,0,0,0,0,0,0,0,0,0,0,0,0,0,0,0,0,0,0,0,0,0,0,0,0,0,0,0,0,4.272170993,2.598717113,2.600000002
SRSF6,0,0,0.864613417,0,0,0,0,0,0.90279184,0,0.903929473,0,0,0,0,0,0,0,0,1.05142317,0,0,0,0,0,0,0,0,0,0,0,0,0,0,2.69678497,4.668420179,4.408026318,3.475828426
SRSF7,2.993641837,2.740444656,3.068269276,2.268089723,1.953082406,2.193583806,2.405039482,2.240990417,2.636470024,2.750456577,2.638521785,2.251195448,0,0,0,0,0,0,0,0,0,0,0,0,0,0,0,0,0,0,0,0,0,0,3.581002772,4.978956706,4.970157178,4.971644604
SSB,3.163465689,3.251589451,3.979598316,3.843880539,3.402362581,4.238176971,4.743030372,5.030394601,5.052162952,1.540903575,2.164986415,2.511206051,4.33641615,4.21745889,4.176753604,4.287722758,4.177939306,4.066310474,0,1.05142317,1.806054709,0,4.570182849,4.619725645,4.642674584,3.700439718,0,0,0,0,0,0,0,0,0,0,0,0
SSBP1,0,0,1.401468483,1.949586033,1.953082406,3.551296021,2.405039482,2.500551849,2.992305255,1.540903575,2.421096055,3.618510617,3.852128841,4.047190029,4.176753604,4.795328715,4.452880697,4.591186809,1.714955817,2.403347751,3.613037926,2.680193992,4.622379572,4.312393749,4.536256295,4.754887502,0,0,0,0,4.06601068,4.732273583,4.94067428,4.373878798,4.125209993,4.272170993,4.408026318,2.600000002
SSR1,0,0,0,0,0,0,0,0,0,0,0,0,0,0,0,0,0,0,0,0,0,0,0,0,0,0,0,0,0,0,0,0,1.989531496,2.7307681,0,0,0,0
SSR4,0,0,0,0,0,0,0,0,0,0,0,0,0,0,0,0,0,0,0,0,0,0,0,0,0,0,1.380514028,1.373875901,0,0,0,0,2.795384697,0,0,0,0,0
SSRP1,0.996370196,1.941625202,3.326158875,2.749592966,2.753608502,3.43690954,2.977170172,3.606636986,3.898681406,1.540903575,1.455392216,0,0,0,0,0,0,0,0,0,0,1.234105921,0,0,0,0,0,0,0,0,0,0,0,0,2.69678497,4.272170993,5.185959353,4.409490401
ST13,0.996370196,1.533191662,0,0.966587184,0.968891745,1.880020556,2.810463839,2.911236342,2.992305255,2.529675346,2.638521785,2.922454862,3.117818628,2.850560031,3.006327599,3.623485148,3.837964422,3.232871055,2.476571387,2.894418153,1.806054709,2.338300494,2.426542826,2.926737964,3.018820504,2.321928095,3.408938331,2.88100595,3.005940259,3.103821595,0,0,0,0,0,0,0,0
ST13P4,0,0,0,0,0,0,0,0,0,0,0,0,0,0,0,0,0,0,0,0,0,0,0,0,0,0,0,0,0,0,0,0,0,0,0,0,0,0
ST14,4.452494049,4.625163985,3.202968816,4.841578479,4.846130027,4.017139547,5.486209341,5.423953463,4.663973997,2.529675346,3.403637312,3.824024523,4.643990279,4.571693667,4.32879677,5.128219809,5.09805419,5.068469179,0,0,1.168913826,1.234105921,5.304113724,5.409736317,5.387294247,5.614709844,5.047548164,4.8103507,5.119291302,5.167754477,5.022286887,3.785554776,5.073900853,4.867424445,2.69678497,4.272170993,4.408026318,3.475828426
ST3GAL4,2.993641837,2.931662233,2.098758683,3.109978656,3.114149002,1.47881758,1.839113208,1.924256156,1.453839514,0,0,0,0,0,0,0,0,0,0,0,0,0,0,0,0,0,0,0,0,0,0,0,0,0,0,0,0,0
ST6GAL1,0.996370196,0,1.791837015,2.268089723,2.532736393,2.669391044,3.499731284,3.491832663,3.719788928,0,0,0.956200116,0,0,1.589786044,3.036793753,3.104356784,2.644053871,0,0,0,0,3.000298925,3.246517199,2.85138244,3.459431619,0,0,0,0,0,0,0,0,0,0,0,0
ST6GAL2,0,0,0,0,0,0,0,0,0,0,0,0,0,0,0,0,0,0,0,0,0,0,0,0,0,0,0,0,0,0,0,0,0,0,0,0,0,0
STAG1,0,0,0,1.949586033,1.543333959,3.551296021,3.499731284,3.230546315,3.277509632,0,0,0,0,0,0,0,0,0,0,0,0,0,0,0,0,0,0,0,0,0,0,0,0,0,0,0,0,0
STAG2,0.996370196,0.961347078,2.351701379,4.183948616,4.463452526,4.797429663,4.490730752,4.546171463,4.805297555,1.950337883,2.9944429,2.511206051,2.948722432,3.044091598,3.328436075,0,0,1.632427638,0,0,0,1.889360771,0.90705003,0,0.916958742,1,0,0,0,0,2.053047961,0,0,0,0,0,0,0
STAM,0,0,0,0,0,0,0,0,0,0,0,0,0,0,0,0,0,0,0,0,0,0,0,0,0,0,2.072868086,3.163224167,3.615041015,3.103821595,0,0,0,0,0,0,0,0
STAMBP,2.316116017,1.941625202,1.401468483,0,0,0,0,0,0,0,0,0,0,0,0,0,0,0,0,0,0,0,0.90705003,0.958592587,0,0,2.89033867,2.064647663,2.728226634,2.823248847,0,0,0,0,0,0,0,0
STAP2,0,0,0,0,0,0,0,0,0,0,0,0,0,0,0,0,0,0,0,0,0,0,0,0,0,0,0,0,0,0,0,0,0,0,0,0,0,0
STARD10,2.316116017,2.519953374,3.439652425,1.540237874,1.543333959,1.880020556,1.442864021,1.924256156,2.419108186,2.750456577,2.638521785,2.251195448,1.546060213,2.362292771,2.005425354,2.031594606,1.944875303,2.053289965,1.714955817,2.403347751,2.583445471,2.9563868,0,0.958592587,0,0,1.380514028,2.529815193,1.931003366,2.013916734,0,0,0,0,0,0,0,0
STAT1,1.58012073,2.259576362,2.754024153,1.540237874,0,0,0.894759661,0,1.453839514,1.540903575,0.903929473,0,1.546060213,1.618677671,1.589786044,0,1.944875303,2.053289965,0,0,0,1.234105921,1.858228386,1.529484238,2.443780137,2.584962501,0,0,0,0,0,0,0,0,0,0,0,0
STAT3,0,0,0,0,0,0,0,0,0,0,0,0,0,0,0,0,0,0,0,0,0,0,0,0,0,0,0,0,0,0,0,0,0,0,0,0,0,0
STAT6,0,0,0,0,0,0,0,0,0,0,0,0,0,0,0,0,0,0,0,0,0,0,0,0,0,0,0,0,0,0,0,0,0,0,0,0,0,0
STAU1,0,0,0,0.966587184,0.968891745,1.47881758,2.149649735,2.240990417,2.825330619,0.96708259,0.903929473,0.956200116,0,1.025359956,1.003619168,1.021139762,0,1.03574445,0,0,0,0,0,1.529484238,0,0,0,0,0,0,0,0,0,0,0,0,0,0
STC2,1.994551864,1.941625202,0.864613417,2.749592966,2.945112293,2.669391044,3.385748712,3.079707418,2.992305255,2.268893588,2.164986415,2.511206051,3.117818628,2.850560031,2.327714414,3.207295283,3.104356784,2.868099561,2.476571387,1.653127323,2.583445471,1.889360771,3.285708808,3.095469549,3.168830955,3.321928095,0,0,0,0,0,0,0,0,0,2.829306972,3.474430172,2.600000002
STEAP3,0,0,0,0,0,0,0,0,0,0,0,0,0,0,0,0,0,0,0,0,0,0,0,0,0,0,2.072868086,2.529815193,2.383995806,2.823248847,0,0,0,0,0,0,0,0
STIP1,3.993186609,3.513288396,3.902505716,4.792748321,4.694364685,5.090143659,5.513604632,5.39229553,5.609767767,4.743183871,4.615957622,4.558551138,4.528704944,4.633183863,4.46633308,4.740821936,4.835440815,4.975215962,2.745703037,4.265567955,2.246490367,1.234105921,3.150050254,4.242209854,4.229789149,1,3.172816473,3.399164795,4.269468584,3.875236924,0,0,0,0,0,0,0,0
STK10,0,0,0,0,0,0,0,0,0,0,0,0,0,0,0,0,0,0,0,0,0,0,0,0,0,0,3.172816473,3.163224167,3.238727139,3.540486385,0,0,0,0,0,0,0,0
STK16,0,0.961347078,0,0,0,0,0,0,0,0,0,0,0,0,0,0,0,0,0,0,0,0,0,0,0,0,2.072868086,2.064647663,1.931003366,2.013916734,0,0,0,0,0,0,0,0
STK24,2.801126798,2.519953374,2.098758683,2.268089723,1.953082406,1.47881758,2.405039482,2.240990417,2.419108186,1.950337883,2.164986415,1.526262086,0,1.025359956,1.589786044,0,0.963485218,0,0,0,0,0,1.459649025,0,1.473143559,0,3.789613418,3.163224167,3.771823672,3.717549031,0,0,0,0,0,0,0,0
STK26,0,0,0,0,0,0,0,0,0,0,0,0,0,0,0,0,0,0,0,0,0,0,0,0,0,0,0,0,1.266997295,2.823248847,0,0,0,0,0,0,0,0
STK38,0.996370196,1.533191662,1.401468483,0,0,0,0,0,0,0,0,0,0,0,0,0,0,0,0,0,0,0,0,0,0,0,0,0,0,0,0,0,0,0,0,0,0,0
STK39,1.994551864,1.533191662,0,0.966587184,0,0,0,0,0,1.540903575,0,0,0,0,0,0,0,0,0,0,0,1.234105921,0,0,0,0,0,0,0,0,0,0,0,0,0,0,0,0
STRAP,3.993186609,4.096022377,3.734739458,3.843880539,3.84826838,3.43690954,1.839113208,2.500551849,2.419108186,2.941892081,3.144111598,3.242104959,0.970922069,1.025359956,2.005425354,1.021139762,2.263052434,2.053289965,1.714955817,2.669676924,1.168913826,2.338300494,0.90705003,1.529484238,0.916958742,0,0,0,0,0,0,0,0,0,0,0,0,0
STRBP,0,0,0.864613417,1.540237874,1.953082406,2.193583806,1.442864021,2.500551849,2.163087258,0.96708259,1.455392216,0.956200116,0.970922069,1.025359956,1.589786044,1.021139762,0,1.03574445,0,0,0,0,0,0,0,0,0,0,0,0,0,0,0,0,0,0,0,0
STRN,2.801126798,2.740444656,2.56684197,0.966587184,0.968891745,0,0,0.9499485,0.90279184,0.96708259,2.164986415,1.526262086,0.970922069,1.025359956,1.589786044,1.021139762,0,0,0,1.653127323,0,1.234105921,0.90705003,0.958592587,0.916958742,1,0,0,0,0,0,0,0,0,0,0,0,0
STRN3,0,0,0,0,0,0,0,0,0,0,0,0,0,0,0,0,0,0,0,0,0,0,0,0,0,0,0,0,0,0,0,0,0,0,0,0,0,0
STX3,0,0,0,0,0,0,0,0,0.90279184,0,0,0,0,0,0,0,0,0,0,0,0,0,0,0,0,0,1.380514028,2.064647663,2.383995806,1.333072201,2.053047961,2.069533795,1.989531496,0,0,0,0,0
STX4,1.58012073,1.941625202,0,0,0,0,0,0,0,0,0,0,0,0,0,0,0,0,0,0,0,0,0,0,0,0,4.090524219,3.937808665,4.269468584,3.717549031,2.867824406,2.069533795,1.989531496,0,0,0,0,0
STX8,0,0,0,0,0,0,0,0,0,0,0,0,0,0,0,0,0,0,0,0,0,0,0,0,0,0,2.538745146,2.064647663,0,0,2.053047961,0,0,0,0,0,0,0
STXBP2,2.316116017,2.259576362,2.56684197,2.268089723,2.753608502,2.669391044,2.977170172,2.720458447,2.992305255,2.750456577,1.853383544,1.526262086,0,0,1.589786044,1.021139762,0,0,0,1.653127323,1.168913826,1.234105921,0,0,0,0,2.072868086,1.373875901,1.931003366,2.474606879,2.867824406,0,0,0,0,0,0,0
STXBP3,2.316116017,2.740444656,1.401468483,0,0,0,0,0,0,0.96708259,0,0,0,0,0,0,0,0,0,0,0,0,0,0,0,0,4.339375044,4.2100965,4.638782042,4.572331312,2.867824406,0,0,0,0,0,0,0
SUB1,0.996370196,2.259576362,2.56684197,2.941009732,2.753608502,3.848399125,3.261982234,3.491832663,3.277509632,2.750456577,2.421096055,2.922454862,2.536168495,3.214705715,2.813553664,2.620025286,2.935479543,2.378701702,2.476571387,2.669676924,2.856411626,2.338300494,1.858228386,2.2550935,2.661928568,2.321928095,0,0,0,0,3.385355532,3.404975348,4.446094835,3.916020257,5.803111939,6.215055683,5.688593684,5.825061276
SUCLA2,0,0,0,0,0,0,0,0,0,0,0,0,0,0,0,0,0,0,0,0,0,0,0,0,0,0,0,0,0,0,0,0,0,0,0,0,0,0
SUCLG1,0,0,0,0,0,0,0,0,0,1.540903575,1.853383544,0,0,0,0,0,0,0,0,0,1.168913826,0,0,0,0,0,0,0,0,0,0,0,0,1.933211842,0,0,0,0
SUCLG2,0,0,0,0,0,0,0,0.9499485,0.90279184,0.96708259,1.455392216,0.956200116,0,0,0,0,0,0,0,0,0,0,0,0,0,0,0,0,0,0,0,0,0,0,0,0,0,0
SUGT1,0,0.961347078,0,0.966587184,0,0.921132385,1.839113208,2.240990417,2.636470024,1.540903575,1.455392216,0.956200116,0,1.025359956,0,0,0,0,0,0,0,0,0.90705003,1.937434512,1.873574051,2.321928095,0,0,0,0,0,0,0,0,0,0,0,0
SULT2B1,1.994551864,2.740444656,2.098758683,0,0,0,0,0,0,2.529675346,2.421096055,2.511206051,0.970922069,0,0,0,0,0,2.145448836,2.076463354,2.246490367,1.889360771,0,0,0,0,0,0,0,0,0,0,0,0,0,0,0,0
SUMF2,0,0,0,0,0,0,1.442864021,0.9499485,1.453839514,0,0,0,0,0,0,1.021139762,0,0,0,0,0,0,0,0,0,0,0,0,0,0,0,0,0,0,0,0,0,0
SUMO2,0.996370196,0.961347078,0,0,0,0,0.894759661,0.9499485,0.90279184,0.96708259,0.903929473,0.956200116,0.970922069,0,0,1.021139762,0.963485218,1.03574445,0,0,0,0,0.90705003,2.5152748,1.873574051,0,2.072868086,1.373875901,1.266997295,1.333072201,0,0,0,0,0,0,0,0
SUPT16H,1.994551864,1.533191662,3.326158875,2.268089723,1.953082406,3.176707196,3.795922944,3.491832663,3.621272161,0,0,0,1.546060213,0,0,1.021139762,1.944875303,1.632427638,0,0,0,0,2.833183695,2.735625828,2.661928568,2.807354922,0,0,0,0,0,0,0,0,4.519429818,5.451253497,4.970157178,4.971644604
SUPT5H,2.578907744,2.519953374,3.068269276,0.966587184,0,0,0,0,0,0,0,0,0,0,0,0,0,0,0,0,0,0,0.90705003,0.958592587,0.916958742,0,0,0,0,0,0,0,0,0,0,0,0,0
SUPT6H,0,0,0,2.749592966,2.945112293,3.176707196,2.621946525,2.240990417,2.163087258,0,0,0,0,0,0,0,0,0,0,0,0,0,0,0,0,0,0,0,0,0,0,0,0,0,0,0,0,0
SURF4,0,0,0,0,0,0,0,0,0,1.540903575,1.455392216,0,0,0,0,0,0,0,0,0,0,0,0,0,0,0,2.538745146,2.529815193,2.728226634,2.013916734,2.053047961,2.069533795,1.989531496,2.7307681,2.69678497,0,2.598717113,0
SWAP70,0,0,0,0,0,0,2.405039482,3.079707418,3.141943704,0,0,0,0,1.025359956,1.003619168,0,0,0,0,0,0,0,0,0,0,0,0,0,0,0,0,0,0,0,0,0,0,0
SYK,3.163465689,2.931662233,3.979598316,0,0,0,0,0,0,2.268893588,2.164986415,1.526262086,0,0,0,0,0,0,0,0,1.168913826,1.234105921,0,0,0,0,0,2.064647663,1.266997295,1.333072201,0,0,0,0,0,0,0,0
SYMPK,1.58012073,0.961347078,1.791837015,0.966587184,0.968891745,0.921132385,0,0,0.90279184,0.96708259,0.903929473,0.956200116,0,0,0,0,0,0,0,0,0,0,0,0,0,0,0,0,0,0,0,0,0,0,0,0,0,0
SYNCRIP,2.993641837,2.740444656,3.068269276,3.261216432,2.945112293,3.848399125,4.490730752,4.073877018,4.451035312,3.639070203,3.62351829,3.503618698,3.646291178,4.295606161,4.00677851,3.036793753,3.392338026,3.765752776,1.714955817,2.076463354,2.246490367,1.889360771,3.000298925,4.242209854,3.747798963,3,0,0,0,0,0,0,0,0,0,0,3.474430172,2.600000002
SYNE2,2.578907744,2.519953374,2.754024153,3.63813725,3.114149002,1.880020556,0.894759661,0,0.90279184,0,0,0,0,0,0,1.021139762,0,0,0,0,0,0,0,0,0.916958742,0,0,0,0,0,0,0,0,0,0,0,0,0
SYNGR2,1.994551864,2.259576362,2.098758683,0,0.968891745,1.47881758,0,0,0,1.540903575,1.853383544,1.526262086,0,0,1.003619168,0,0,0,1.098576504,1.653127323,1.806054709,2.338300494,0,0,0,0,2.89033867,2.88100595,2.383995806,2.013916734,4.06601068,4.335216011,3.986902457,3.617789703,4.519429818,3.724066632,3.474430172,3.475828426
SYPL1,2.578907744,2.519953374,2.919685889,0,0.968891745,0.921132385,0,0,0,1.540903575,1.455392216,0.956200116,0,0,0,0,0,0,0,0,0,1.234105921,0,0,0,0,2.89033867,3.163224167,3.005940259,3.338612139,4.526614972,4.896155132,4.63044284,4.72090243,3.581002772,0,0,0
SYT7,0,0,0,0,0,0,0,0,0,0,0,0,0,0,0,0,0,0,0,0,0,0,0,0,0,0,2.072868086,2.529815193,3.005940259,2.013916734,0,0,0,0,0,0,0,0
TACSTD2,0,0,0,0,0,0,0,0,0,0,0,0,0,0,0,0,0,0,0,0,0,0,0,0,0,0,2.538745146,2.529815193,2.383995806,2.474606879,0,0,1.989531496,0,0,0,0,0
TAF5L,0,0.961347078,1.401468483,0.966587184,0.968891745,0.921132385,0,0,0,0,0,0,0,0,0,0,0,0,0,0,0,0,0,0,0,0,0,0,0,0,0,0,0,0,0,0,0,0
TAF6L,0,0.961347078,1.401468483,0.966587184,0.968891745,0,0,0,0,0,0,0,0,0,0,0,0,0,0,0,0,0,0,0,0,0,0,0,0,0,0,0,0,0,0,0,0,0
TAGLN2,3.900107558,3.833879792,3.821059837,2.749592966,3.114149002,3.551296021,3.882525857,4.362321027,4.267782425,2.529675346,3.517762757,4.003879849,0,0,0,4.499524191,4.572911484,4.526919969,0,1.05142317,0,0,4.768513413,5.047714827,4.834511809,5.087462841,4.339375044,4.2100965,4.041997863,4.146756747,2.053047961,0,0,1.933211842,0,0,0,0
TALDO1,2.993641837,2.519953374,3.068269276,2.941009732,3.114149002,3.551296021,4.490730752,4.426243371,4.663973997,3.524028291,3.90096226,4.086043188,4.114498637,4.21745889,4.176753604,5.39851687,5.599935145,5.354258517,2.745703037,3.551606284,2.583445471,3.563016736,5.855204105,5.618064397,5.809005661,5.614709844,4.090524219,3.163224167,3.238727139,2.823248847,3.76545739,2.886554086,3.986902457,3.916020257,2.69678497,4.272170993,2.598717113,3.475828426
TAOK1,0,0,0,0,0,0,0,0,0,0,0,0,0,0,0,0,0,0,0,0,0,0,0,0,0,0,1.380514028,2.064647663,2.383995806,2.013916734,0,0,0,0,0,0,0,0
TAOK3,0,0,0,0,0,0,0,0,0,0,0,0,0,0,0,0,0,0,0,0,0,0,0,0,0,0,2.072868086,2.064647663,1.931003366,2.474606879,0,0,0,0,0,0,0,0
TARDBP,0.996370196,0.961347078,1.401468483,0.966587184,0,0,0,0,0,1.950337883,1.455392216,0.956200116,0,0,0,0,0,0,0,1.05142317,0,0,0,0,0,0,0,0,0,0,0,0,0,0,0,0,0,0
TARS,0,0,0,0,0,0,0,0,0,0,0,0,0,0,0,0,0,0,0,0,0,0,0,0,0,0,0,0,0,0,0,0,0,0,0,0,0,0
TARS1,4.636878881,4.831202674,4.93313168,5.518786163,5.638773507,5.747453461,5.37110945,5.326816141,5.357738767,5.064625813,5.054533961,4.772170812,5.228184998,5.334416413,5.254967013,4.625211972,4.388900024,4.65271247,4.82753405,4.955687295,5.11717287,5.280434713,3.285708808,4.008505655,3.840157301,3.459431619,2.072868086,2.88100595,2.728226634,1.333072201,0,0,0,3.916020257,2.69678497,0,3.474430172,0
TATDN1,0,0,0,0,0,0,0,0,2.163087258,0,0,0,0,0,0,0,0,0,0,0,0,0,0,0,0.916958742,0,0,0,0,0,0,0,0,0,0,0,0,0
TBC1D10B,0,0,0,0,0,0,0,0,0,0,0,0,0,0,0,0,0,0,0,0,0,0,0,0,0,0,2.072868086,1.373875901,1.931003366,2.013916734,0,0,0,0,0,0,0,0
TBC1D24,0,0,0,0,0,0,0,0,0,2.268893588,2.164986415,1.526262086,0,0,0,0,0,0,0,1.05142317,1.806054709,1.234105921,0,0,0,0,0,0,0,0,0,0,0,0,0,0,0,0
TBC1D4,0,0,0,1.949586033,2.271827737,2.193583806,3.261982234,2.911236342,2.825330619,2.529675346,2.9944429,2.251195448,2.275117866,2.037874702,2.005425354,1.61308057,0,1.632427638,2.145448836,1.653127323,0,1.234105921,0,0,0,0,0,0,0,0,0,0,0,0,0,0,0,0
TBCA,0,0,0,0,0,0,0,0,0.90279184,0,0,0,0,0,0,0,0.963485218,0,0,0,0,0,1.459649025,2.735625828,1.473143559,0,1.380514028,0,1.266997295,1.333072201,0,0,0,0,0,0,0,0
TBCB,0.996370196,0.961347078,1.401468483,0,0.968891745,0.921132385,0,0,1.453839514,0.96708259,1.455392216,0.956200116,0,0,0,0,0,0,0,0,0,0,0,0,0,0,0,0,1.266997295,0,0,0,0,0,0,0,0,0
TBCD,0,0,1.401468483,0,0,0,0,0,0,0,0.903929473,0,0,0,0,0,0,0,0,0,0,0,0,0,0,0,0,0,0,0,0,0,0,0,0,0,0,0
TBL1XR1,1.994551864,1.941625202,1.791837015,3.109978656,2.945112293,2.859016798,2.977170172,3.606636986,3.515531724,2.529675346,2.421096055,2.922454862,1.956160331,1.618677671,1.589786044,0,0,0,0,0,0,0,0,0,0,0,0,0,0,0,0,0,0,0,0,0,0,0
TBL3,0,0,1.401468483,0,0,0,0,0,0,0,0,0,0,0,0,0,0,0,0,0,0,0,0,0,0,0,0,0,0,0,0,0,0,0,0,0,0,0
TCEA1,0,0,0,0,0,0,0.894759661,0.9499485,2.163087258,0.96708259,1.455392216,0.956200116,0.970922069,1.025359956,0,0,0.963485218,0,0,0,0,0,0.90705003,0,0,0,0,0,0,0,0,0,0,0,0,0,0,0
TCEB1,0,0,0,0,0,0,0,0,0,0,0,0,0,0,0,0,0,0,0,0,0,0,0,0,0,0,0,0,0,0,0,0,0,0,0,0,0,0
TCEB2,0,0,0,0,0,0,0,0,0,0,0,0,0,0,0,0,0,0,0,0,0,0,0,0,0,0,0,0,0,0,0,0,0,0,0,0,0,0
TCN1,0,0,0,2.528836668,2.753608502,3.312666648,3.882525857,3.991758476,3.980443085,0,2.164986415,2.922454862,2.536168495,2.626984775,2.590989414,3.623485148,3.837964422,3.972912998,0,0,0,0,4.622379572,4.09068599,4.229789149,4.459431619,0,0,0,0,0,0,0,0,0,0,0,0
TCN2,0,0,0,0,0,0,2.621946525,3.367096615,0,0,0,0,0,0,0,0,0,0,0,0,0,0,0,0,0,0,0,0,0,0,0,0,0,0,0,0,0,0
TCP1,5.080408389,5.09379041,5.475900045,5.14370531,5.06821671,4.97188537,4.114925189,4.295434599,4.392499739,5.394376531,5.329195314,5.270817342,4.192326201,4.21745889,4.46633308,3.036793753,3.255521121,3.232871055,4.179630012,4.620387821,4.106809436,4.317084986,1.459649025,1.937434512,1.873574051,1.584962501,0,0,0,0,0,0,0,1.933211842,0,0,0,0
TDP2,1.58012073,1.533191662,1.791837015,0.966587184,0,0,0,0,0,1.950337883,0.903929473,0,0,0,0,0,0,0,0,0,0,0,0,0,0,0,0,0,0,0,0,0,0,0,0,0,0,0
TEP1,0,0.961347078,0,0,0,0,0,0.9499485,0,3.639070203,0.903929473,3.242104959,0,0,0,0,0,0,0,1.05142317,0,0,0,0,0,0,0,0,0,0,0,0,2.795384697,3.916020257,0,0,0,0
TES,1.58012073,0.961347078,0.864613417,1.949586033,2.271827737,2.451014583,2.149649735,2.240990417,3.141943704,2.941892081,3.144111598,2.922454862,1.956160331,2.037874702,2.005425354,0,1.53606782,1.03574445,1.714955817,2.076463354,1.168913826,2.338300494,0.90705003,1.529484238,1.873574051,0,0,1.373875901,1.266997295,1.333072201,0,0,0,0,0,0,0,0
TEX10,0,0,0,0,0,0,0,0,0,0.96708259,1.455392216,0.956200116,0,0,0,0,0,0,0,0,0,0,0,0,0,0,0,0,0,0,0,0,0,0,0,0,0,0
TFG,0,0,0,2.268089723,2.271827737,2.193583806,2.621946525,3.079707418,3.277509632,0.96708259,2.164986415,2.251195448,3.269158334,2.850560031,2.813553664,3.497640075,4.25174067,3.649832041,0,0,0,0,4.066410421,3.828609566,4.421358596,4.754887502,2.072868086,1.373875901,1.931003366,1.333072201,0,0,1.989531496,3.241403097,0,0,0,0
TFRC,5.278320292,5.171675355,4.724999573,6.062653786,5.892330834,5.541442102,6.141663906,5.987112717,5.417672603,3.262125066,2.421096055,3.242104959,4.114498637,4.134834924,4.254777207,3.623485148,3.632289151,3.873048029,0,0,0,0,4.139873595,3.729484261,4.086304413,4.584962501,4.220308535,2.064647663,2.728226634,3.540486385,3.385355532,2.069533795,3.309356743,3.241403097,4.828721577,0,2.598717113,0
TGFB1,0,0,0,2.941009732,2.532736393,0,2.810463839,2.240990417,0,0,0,0,0,0,0,0,0,0,0,0,0,0,0,0,0,0,0,0,0,0,0,0,0,0,0,0,0,0
TGFBI,7.048068461,6.966634108,6.550842821,7.809193645,7.89735802,7.702625933,8.703561911,8.429764762,8.619214737,6.54880178,6.475517945,6.744723538,7.78699674,7.64993992,7.538571761,7.588647447,7.880524547,7.617150496,7.408814389,6.933109802,7.248489756,6.639838895,8.192016602,7.955209495,8.110199105,8.675957033,3.947899965,3.163224167,3.439119207,1.333072201,5.592375272,6.859352935,6.831637203,7.457633501,7.984381477,8.95330437,8.071710663,8.344399963
TGFBR2,0,0,0,0,0,0,0,0,0,0,0,0,0,0,0,0,0,0,0,0,0,0,0,0,0,0,0,0,0,0,0,0,0,0,0,0,0,0
TGFBR3,0,0,0,0,0,0,2.810463839,3.079707418,0.90279184,0,0,0,0,0,0,3.036793753,2.263052434,3.061983348,2.745703037,2.076463354,2.246490367,0,2.426542826,2.2550935,2.443780137,3.321928095,0,0,0,0,0,0,0,0,0,0,0,0
TGM3,0,0,0,0,0,0,0,0,0,0,0,0,0,0,0,0,0,0,0,0,0,0,0,0,0,0,0,0,0,0,0,0,0,0,0,0,0,0
TGOLN2,0.996370196,0.961347078,1.401468483,0,0,0,0,0,0,1.540903575,0,0,0,0,0,0,0,0,0,0,0,0,0,0,0,0,0,0,0,0,0,0,0,0,0,0,0,0
TH1L,0,0,0,0,0,0,0,0,0,0,0,0,0,0,0,0,0,0,0,0,0,0,0,0,0,0,0,0,0,0,0,0,0,0,0,0,0,0
THADA,0,0,0,0,0,0,0,0,0,1.950337883,0.903929473,1.526262086,0,0,0,0,0,0,0,0,0,0,0,0,0,0,0,0,0,0,0,0,0,0,0,0,0,0
THAP12,1.58012073,0.961347078,1.401468483,1.540237874,0.968891745,0.921132385,1.442864021,0.9499485,0,0,0,0,0,0,0,0,0,0,0,0,0,0,0,0,0,0,0,0,0,0,0,0,0,0,0,0,0,0
THBS1,5.419165449,5.315863697,4.811887427,6.887136632,6.820285711,6.299085056,5.34084015,5.514961035,5.262894117,3.1108756,3.62351829,3.618510617,5.030471481,5.048736753,5.328977084,4.499524191,4.572911484,4.65271247,5.395459969,5.525069138,5.739680411,5.918949769,1.459649025,1.529484238,1.473143559,2.321928095,0,0,0,0,0,3.404975348,3.687544579,5.000427909,5.299570037,5.955900122,5.823551975,5.375141293
THOC1,2.316116017,1.941625202,2.56684197,0.966587184,1.543333959,0,0,0,0,0,0,0,0,0,0,0,0,0,0,0,0,0,0,0,0,0,0,0,0,0,0,0,0,0,0,0,0,0
THOC2,4.16306102,4.173790108,4.371589565,3.843880539,3.64247482,3.43690954,1.839113208,1.51783371,1.851615862,2.529675346,3.144111598,2.251195448,0,1.025359956,1.003619168,0,0,0,0,1.653127323,0,0,0,0,0,0,0,0,0,0,0,0,0,0,0,0,0,0
THOC3,0.996370196,1.941625202,2.098758683,2.268089723,1.953082406,1.880020556,0,0.9499485,1.453839514,1.540903575,1.455392216,0,0,0,0,0,0,0,0,0,0,0,0,0,0,0,0,0,0,0,0,0,0,0,0,0,0,0
THOC5,3.578300868,3.833879792,3.821059837,3.261216432,3.114149002,2.859016798,0.894759661,0.9499485,0.90279184,1.540903575,2.164986415,1.526262086,0,0,0,0,0,0,0,0,0,0,0,0,0,0,0,0,0,0,0,0,0,0,0,0,0,0
THOC6,2.993641837,3.100475979,2.919685889,1.949586033,2.532736393,1.880020556,0,0,0,1.950337883,1.455392216,0,0,0,0,0,0,0,0,0,0,0,0,0,0,0,0,0,0,0,0,0,0,0,0,0,0,0
THOC7,2.578907744,2.519953374,2.098758683,1.540237874,1.953082406,0.921132385,0,0,0,1.540903575,0,0,0,0,0,0,0,0,0,0,0,0,0,0,0,0,0,0,0,0,0,0,0,0,0,0,0,0
THOP1,3.578300868,3.734726159,3.544865169,3.398093484,3.265441068,3.43690954,3.499731284,3.491832663,3.401423861,0.96708259,3.144111598,3.378779227,3.646291178,3.631120459,3.707114185,4.039386317,4.100158116,4.154027448,0,0,0,1.234105921,4.340174758,4.312393749,4.008829657,4.523561956,0,0,0,0,0,0,0,0,0,0,0,0
THUMPD1,0,0,0,0,0,0,2.149649735,2.240990417,2.419108186,1.950337883,2.164986415,1.933791208,1.956160331,2.037874702,2.005425354,2.355604609,2.263052434,2.053289965,0,1.653127323,1.168913826,1.234105921,1.858228386,1.937434512,1.873574051,1.584962501,0,0,0,0,0,0,0,0,0,0,2.598717113,0
THYN1,0,0,2.098758683,0,0,0,0,0,0,0,0,0,0,0,0,0,0,0,0,0,0,0,0,0,0,0,0,0,0,0,0,0,0,0,0,0,0,0
TIAL1,0,0,0,0,0,0,0.894759661,1.51783371,1.851615862,0,0,0,0,0,0,0,0,0,0,0,0,0,0,0.958592587,0.916958742,1,0,0,0,0,0,0,0,0,0,0,0,0
TIGAR,0,0,0,0,0,0,0,0,0,0,0,0,0,0,0,0,0,0,0,0,0,0,0,0,0,0,0,0,0,0,0,0,0,0,0,0,0,0
TIMM13,0,0,0,0,0,0,0,0,0.90279184,0,0,0.956200116,1.546060213,1.025359956,1.003619168,2.620025286,2.744180469,2.644053871,0,0,0,0,2.426542826,2.5152748,2.661928568,2.807354922,0,0,0,0,0,0,0,0,0,0,0,0
TIMM50,0,0,1.401468483,0,0,0,0,0,0,0,0,0,0,0,0,0,0,0,0,0,0,0,0,0,0,0,0,0,0,0,0,0,0,0,0,0,0,0
TIMP1,0,0,0,2.268089723,2.271827737,1.47881758,2.977170172,3.367096615,2.636470024,0,0,0.956200116,0,0,0,2.620025286,2.263052434,2.644053871,0,0,0,0,2.426542826,2.2550935,2.661928568,3,0,0,0,0,0,0,0,0,0,0,0,0
TIMP3,1.58012073,1.941625202,0,2.268089723,2.532736393,0,2.621946525,2.720458447,1.851615862,0,0,0,0,0,0,0,0,0,0,0,0,0,0,0,0,0,0,0,0,0,0,0,0,0,0,0,0,0
TIMP4,0,0,0,0,0,0,1.839113208,1.924256156,0,0,0,0,0,0,0,0,0,0,0,0,0,0,0,0,0,0,0,0,0,0,0,0,0,0,0,0,0,0
TINAGL1,4.452494049,4.317777446,3.326158875,4.978872542,5.108807732,3.551296021,2.621946525,3.079707418,1.851615862,4.184907225,3.517762757,3.824024523,5.368904645,5.475396915,5.59204154,4.209599094,4.321949729,4.875515913,5.942419406,5.713792617,6.269665984,6.600168925,3.000298925,3.095469549,3.018820504,4.087462841,0,1.373875901,0,0,3.76545739,2.886554086,4.446094835,5.435817649,5.083269848,6.091289205,6.060635542,5.948469918
TIPRL,0,0,0,0,0,0,2.405039482,2.500551849,2.636470024,0,0,0,0,0,0,0,0,1.03574445,0,0,0,0,2.170190716,2.5152748,1.873574051,1.584962501,0,0,0,0,0,0,0,0,0,0,0,0
TJP1,0,0,0,0,0,0,0,0,0,0,0.903929473,0,0,0,0,0,0,0,0,0,0,0,0,0,0,0,3.172816473,3.77960348,4.041997863,3.103821595,0,0,0,0,0,0,0,0
TJP2,2.801126798,2.931662233,2.098758683,0.966587184,0.968891745,0.921132385,0.894759661,0.9499485,0.90279184,3.1108756,1.853383544,2.511206051,0,0,0,0,0,0,0,0,0,0,0,0,0,0,5.617896038,5.698582098,5.432894157,5.587994002,2.053047961,0,0,0,0,2.829306972,3.474430172,2.600000002
TK1,1.994551864,1.533191662,1.791837015,2.268089723,2.532736393,2.451014583,2.149649735,1.51783371,2.419108186,1.540903575,2.421096055,1.526262086,0.970922069,1.618677671,1.589786044,1.021139762,0.963485218,1.632427638,1.098576504,1.653127323,1.168913826,0,0,0.958592587,0.916958742,0,0,1.373875901,1.266997295,0,0,0,0,0,0,0,0,0
TKFC,0,0,0,0,0,0,0,0.9499485,0.90279184,0,1.455392216,0.956200116,1.956160331,2.037874702,2.327714414,2.620025286,1.53606782,2.644053871,0,1.05142317,0,0,0.90705003,0.958592587,1.873574051,0,0,0,0,0,0,0,0,0,0,0,0,0
TKT,4.080622667,4.317777446,3.642923751,6.533008495,6.595945816,7.058023665,6.783078315,6.528520722,7.019176262,6.163123812,6.125595027,6.52667472,8.31646603,8.044441457,7.984480588,7.96066651,8.207037015,8.178899371,5.859762055,5.982063908,6.122326803,5.886337328,9.437312876,9.267033209,9.221431955,9.471675214,6.060653988,5.559434016,5.119291302,5.105447314,4.711414598,4.335216011,4.793881411,6.597643245,6.557967965,7.525284277,6.674539005,6.936741463
TLN1,5.162858643,5.281144986,4.971383181,6.533008495,6.380780217,6.63366532,6.322930615,6.239250918,5.930925631,5.489434982,5.637630797,5.556719194,5.334990485,5.475396915,5.498922119,4.625211972,4.683718341,4.875515913,3.494786352,4.556063982,3.613037926,2.680193992,3.150050254,3.623042415,3.747798963,1,5.243480877,5.509900127,5.523914723,5.227481751,0,0,0,0,0,0,4.015464754,0
TLN2,1.994551864,2.259576362,1.791837015,1.540237874,1.953082406,2.669391044,1.442864021,0.9499485,1.453839514,0.96708259,0.903929473,0.956200116,0.970922069,0,1.003619168,1.021139762,0.963485218,1.03574445,0,0,0,0,1.459649025,0.958592587,0.916958742,1,2.072868086,2.064647663,1.931003366,0,0,0,0,0,0,0,0,0
TM7SF3,0,0,0,0,0,0,0,0,0,0,0,0,0,0,0,0,0,0,0,0,0,0,0,0,0,0,1.380514028,0,1.266997295,0,3.385355532,2.069533795,1.989531496,1.933211842,0,0,0,0
TM9SF1,0,0,1.401468483,0,0,0,0,0,0,0,0,0,0,0,0,0,0,0,0,0,0,0,0,0,0,0,0,0,0,0,0,2.069533795,1.989531496,1.933211842,2.69678497,0,0,0
TM9SF2,3.578300868,3.734726159,3.544865169,0,0,0,0,0,0,1.950337883,1.455392216,1.933791208,0,0,0,0,0,0,0,0,0,0,0,0,0,0,4.220308535,3.937808665,3.771823672,3.717549031,5.494973884,5.043305171,5.916992575,6.268924817,3.581002772,0,2.598717113,0
TM9SF3,2.578907744,2.740444656,3.326158875,0,0,0,0,0,0,1.950337883,1.455392216,1.933791208,0,0,0,0,0,0,0,0,0,0,0,0,0,0,3.172816473,2.529815193,2.728226634,3.540486385,3.385355532,5.043305171,4.94067428,5.234485315,5.487628999,0,3.474430172,4.409490401
TM9SF4,2.316116017,1.941625202,2.754024153,0,0,0,0,0,0,0.96708259,0.903929473,0.956200116,0,0,0,0,0,0,0,0,0,0,0,0,0,0,3.172816473,2.529815193,2.728226634,3.103821595,4.526614972,5.51617723,5.073900853,5.122197989,5.083269848,0,0,0
TMBIM1,1.58012073,1.533191662,1.401468483,0,0,0,0,0,0,1.540903575,0.903929473,0.956200116,0,0,0,0,0,0,0,0,0,0,0,0,0,0,2.89033867,2.529815193,2.383995806,2.823248847,2.867824406,0,2.795384697,1.933211842,0,0,0,0
TMC6,0.996370196,0.961347078,0,0,0,0,0,0,0,0,0,0,0,0,0,0,0,0,0,0,0,0,0,0,0,0,2.89033867,3.163224167,4.041997863,3.338612139,0,0,0,0,0,0,0,0
TMC7,1.58012073,1.941625202,0,0,0,0,0,0,0,0,0,0,0,0,0,0,0,0,0,0,0,0,0,0,0,0,1.380514028,2.064647663,2.383995806,2.013916734,0,0,0,0,0,0,0,0
TMED10,1.58012073,0.961347078,1.791837015,0,0,0,0,0,0,1.540903575,0.903929473,1.526262086,0,0,0,0,0,0,0,0,0,0,0,0,0,0,2.89033867,3.163224167,2.728226634,3.103821595,2.867824406,3.404975348,4.234691467,3.617789703,4.519429818,0,4.015464754,2.600000002
TMED2,1.994551864,2.259576362,2.351701379,0,0,0,0,0,0,1.950337883,1.853383544,0.956200116,0,0,0,0,0,0,0,0,0,0,0,0,0,0,2.89033867,3.399164795,3.238727139,3.103821595,0,0,2.795384697,1.933211842,0,0,0,0
TMED4,0,0.961347078,1.791837015,0,0,0,0,0,0,0,0,0,0,0,0,0,0,0,0,0,0,0,0,0,0,0,2.072868086,2.064647663,2.383995806,2.474606879,2.053047961,2.069533795,3.309356743,2.7307681,0,0,0,0
TMED7,1.58012073,0.961347078,1.791837015,0,0,0,0,0,0,0,0,0,0,0,0,0,0,0,0,0,0,0,0,0,0,0,2.072868086,2.064647663,2.728226634,2.474606879,2.867824406,0,3.687544579,3.241403097,3.581002772,0,2.598717113,0
TMED9,0,0,0.864613417,0,0,0,0,0,0,0,0,0,0,0,0,0,0,0,0,0,0,0,0,0,0,0,1.380514028,1.373875901,1.266997295,2.474606879,2.053047961,2.069533795,2.795384697,2.7307681,3.581002772,0,2.598717113,0
TMEM106B,0.996370196,0,0,0,0,0,0,0,0,0.96708259,0,0,0,0,0,0,0,0,0,0,0,0,0,0,0,0,1.380514028,2.064647663,3.005940259,2.013916734,4.314617226,3.404975348,3.687544579,2.7307681,0,0,0,0
TMEM132A,0,0,0,0.966587184,0.968891745,0,1.839113208,2.240990417,0.90279184,0,0,0.956200116,3.117818628,3.214705715,3.328436075,2.620025286,1.944875303,3.061983348,3.985375492,3.08882233,3.753201815,2.338300494,0,0.958592587,0.916958742,2.321928095,0,0,0,0,0,0,0,0,0,0,0,0
TMEM165,0,0,0,0,0,0,0,0,0,0,0,0,0,0,0,0,0,0,0,0,0,0,0,0,0,0,0,0,0,0,2.053047961,0,2.795384697,2.7307681,0,0,0,0
TMEM176A,0.996370196,0.961347078,0,0,0,0,0,0,0,0.96708259,0.903929473,0.956200116,0,0,0,0,0,0,0,0,0,0,0,0,0,0,1.380514028,1.373875901,1.266997295,1.333072201,2.867824406,2.886554086,3.309356743,2.7307681,2.69678497,0,0,0
TMEM176B,1.58012073,1.941625202,0.864613417,0,0,0,0,0,0,1.950337883,0.903929473,0.956200116,0,0,0,0,0,0,0,0,0,0,0,0,0,0,0,1.373875901,0,0,3.76545739,3.404975348,3.309356743,2.7307681,0,0,0,0
TMEM2,0,0,0,0,0,0,0,0,0,0,0,0,0,0,0,0,0,0,0,0,0,0,0,0,0,0,0,0,0,0,0,0,0,0,0,0,0,0
TMEM200A,0.996370196,0.961347078,0,0,0,0,0,0,0,0,0,0,0,0,0,0,0,0,0,0,0,0,0,0,0,0,2.072868086,2.064647663,1.931003366,1.333072201,2.053047961,0,0,0,0,0,0,0
TMEM206,0,0,0,0,0,0,0,0,0,0,0,0,0,0,0,0,0,0,0,0,0,0,0,0,0,0,0,0,0,0,0,0,0,0,0,0,0,0
TMEM30A,0,0.961347078,0,0,0,0,0,0,0,0,0,0,0,0,0,0,0,0,0,0,0,0,0,0,0,0,2.538745146,3.163224167,3.005940259,3.103821595,4.711414598,3.785554776,4.94067428,4.373878798,2.69678497,0,0,0
TMEM30B,0,0,0,0,0,0,0,0,0,0,0,0,0,0,0,0,0,0,0,0,0,0,0,0,0,0,2.072868086,2.064647663,1.931003366,2.013916734,2.053047961,2.069533795,1.989531496,0,0,0,0,0
TMEM33,0,0,0,0,0,0,0,0,0,0,0,0,0,0,0,0,0,0,0,0,0,0,0,0,0,0,1.380514028,2.064647663,1.266997295,1.333072201,2.053047961,2.069533795,2.795384697,2.7307681,3.581002772,0,2.598717113,2.600000002
TMEM55B,0,0,0,0,0,0,0,0,0,0,0,0,0,0,0,0,0,0,0,0,0,0,0,0,0,0,0,0,0,0,0,0,0,0,0,0,0,0
TMEM59,0,0,0.864613417,0,0,0,0,0,0,0,0,0,0,0,0,0,0,0,0,0,0,0,0,0,0,0,0,0,0,0,3.385355532,2.069533795,0,0,0,0,0,0
TMEM63A,0.996370196,0.961347078,1.401468483,0,0,0,0,0,0,0,0,0,0,0,0,0,0,0,0,0,0,0,0,0,0,0,0,1.373875901,1.266997295,1.333072201,2.053047961,0,1.989531496,1.933211842,0,0,0,0
TMEM63C,0,0,0,0,0,0,0,0,0,0,0,0,0,0,0,0,0,0,0,0,0,0,0,0,0,0,0,0,0,0,0,0,0,0,0,0,0,0
TMEM87A,2.316116017,2.259576362,1.401468483,0,0,0,0,0,0,0.96708259,0.903929473,0.956200116,0,0,0,0,0,0,0,0,0,0,0,0,0,0,2.89033867,3.163224167,3.238727139,3.103821595,4.526614972,2.069533795,4.446094835,4.373878798,4.519429818,0,0,0
TMEM8A,0,0,0,0,0,0,0,0,0,0,0,0,0,0,0,0,0,0,0,0,0,0,0,0,0,0,0,0,0,0,0,0,0,0,0,0,0,0
TMEM9,0,0.961347078,0,0,0,0,0,0,0,0.96708259,0,0,0,0,0,0,0,0,0,0,0,0,0,0,0,0,2.072868086,2.529815193,1.931003366,2.013916734,2.867824406,0,1.989531496,1.933211842,0,0,0,0
TMF1,0,0,0,0,0,0,0.894759661,0.9499485,0,0,0,0,0,0,0,1.021139762,0.963485218,1.03574445,3.633934435,2.894418153,3.283768429,0,0,0,0,0,0,0,0,0,0,0,0,0,0,0,0,0
TMOD3,0,0,0,0,0,0,0.894759661,0,0,3.524028291,2.638521785,2.251195448,0,0,0,0,0,0,0,0,0,0,0,0,0,0,0,0,0,0,0,0,0,0,0,0,0,0
TMPRSS2,0,0,0,0,0,0,0,0,0,0,0,0,0,0,0,0,0,0,0,0,0,0,0,0,0,0,2.072868086,2.529815193,1.931003366,2.013916734,0,0,0,0,0,0,0,0
TMPRSS4,3.163465689,3.388364695,0.864613417,0,0,0,0,0,0,0,0,0,0,0,0,0,0,0,0,0,0,0,0,0,0,0,4.339375044,3.937808665,4.16021177,3.875236924,3.385355532,0,0,0,0,0,0,0
TNC,0,0,0,0.966587184,1.543333959,0,0,0,0,0,0,2.922454862,4.943118734,5.002883195,5.007003913,5.655839553,5.571395729,5.560945301,6.4553092,6.187102915,6.638442572,7.061028845,1.459649025,0.958592587,1.873574051,2.807354922,0,0,0,0,0,2.069533795,1.989531496,3.241403097,4.125209993,4.272170993,5.373641915,4.717776833
TNFRSF10B,0.996370196,0.961347078,0,0,0,0,0,0,0,0,0,0,0,0,0,0,0,0,0,0,0,0,0,0,0,0,1.380514028,1.373875901,1.931003366,0,2.053047961,0,0,0,0,0,0,0
TNFRSF1B,0,0,0,0,0,0,1.839113208,1.924256156,0.90279184,0,0,0.956200116,0,0,0,2.031594606,1.944875303,2.053289965,0,0,0,0,2.426542826,2.2550935,2.661928568,2.584962501,0,0,0,0,0,0,0,0,0,0,0,0
TNFRSF21,0,0,0,0,0,0,1.839113208,2.720458447,1.453839514,0,1.455392216,1.933791208,1.546060213,1.025359956,1.589786044,3.359759433,3.104356784,2.868099561,3.168326031,2.894418153,3.283768429,0,2.644143159,2.5152748,2.443780137,2.807354922,0,0,0,0,2.053047961,0,2.795384697,0,0,0,0,0
TNFSF13,1.58012073,0.961347078,0,0.966587184,0,0,0,0,0,0,0,0,0,0,0,0,0,0,0,0,0,0,0,0,0,0,0,0,0,0,0,0,0,0,0,0,0,0
TNFSF15,0,0,0,0,0,0,2.149649735,1.51783371,1.851615862,0,0,0,0,0,0,0,0,0,0,0,0,0,0,0,0,0,0,0,0,0,0,0,0,0,0,0,0,0
TNIK,2.578907744,2.740444656,0.864613417,0,0,0,0,0,0,0,0,0,0,0,0,0,0,0,0,0,0,0,0,0,0,0,2.072868086,2.529815193,2.383995806,2.013916734,0,0,0,0,0,0,0,0
TNK2,3.452825167,3.251589451,2.098758683,0,0,0,0,0,0,0,0,0,0,0,0,0,0,0,0,0,0,0,0,0,0,0,2.89033867,3.399164795,3.439119207,3.103821595,0,0,0,0,0,0,0,0
TNPO1,3.800606572,4.096022377,4.12242704,4.458950855,4.583523545,4.368714044,2.405039482,2.720458447,3.515531724,4.579976752,4.563770935,4.086043188,2.275117866,2.850560031,3.328436075,0,0,1.03574445,2.145448836,3.260114038,2.246490367,3.387705307,0,0,0,0,1.380514028,0,0,0,0,0,0,0,0,0,0,0
TNPO2,2.578907744,2.259576362,2.098758683,2.528836668,2.271827737,2.669391044,1.839113208,1.51783371,2.163087258,3.262125066,3.279702347,2.922454862,1.956160331,2.626984775,2.327714414,0,0,0,1.098576504,1.653127323,0,0,0,0,0,0,0,0,1.266997295,0,0,0,0,0,0,0,0,0
TNPO3,3.452825167,3.513288396,3.544865169,4.458950855,4.332473679,4.304921401,3.605364131,3.491832663,3.980443085,4.107103517,4.270100252,3.916753108,2.948722432,2.850560031,2.590989414,1.61308057,0,1.03574445,2.145448836,3.08882233,1.168913826,4.106705299,0,0,0.916958742,0,0,1.373875901,1.266997295,0,0,0,0,0,0,0,0,0
TNS3,0,0,0,0,0,0,0,0,0,0,0,0,0,0,0,0,0,0,0,0,0,0,0,0,0,0,0,0,0,0,0,0,0,0,0,0,0,0
TNS4,2.578907744,2.259576362,0.864613417,0,0,0,0,0,0,0,0,0,0,0,0,0,0,0,0,0,0,0,0,0,0,0,0,0,0,0,0,0,0,0,0,0,0,0
TOLLIP,2.993641837,2.931662233,2.098758683,0,0,0,0,0,0,0,0,0.956200116,0,0,0,0,0,0,0,0,0,1.234105921,0,0,0,0,3.789613418,3.77960348,3.913226003,3.540486385,3.76545739,0,3.309356743,2.7307681,0,0,0,0
TOM1,0,0,0,0,0,0,0,0,0,0,0,0,0,0,0,0,0,0,0,0,0,0,0,0,0,0,0,0,0,0,0,0,0,0,0,0,0,0
TOM1L1,2.801126798,2.519953374,0.864613417,0,0,0,0,0,0,0,0,0,0,0,0,0,0,0,0,0,0,0,0,0,0,0,3.789613418,3.601888181,3.439119207,3.717549031,2.053047961,0,1.989531496,0,0,0,0,0
TOM1L2,0,0,0,0,0,0,0,0,0,0,0,0,0,0,0,0,0,0,0,0,0,0,0,0,0,0,2.072868086,2.064647663,2.383995806,0,0,0,0,0,0,0,0,0
TOMM34,0,0,0,0,0,0,0,0,0,0,0,0,0,0,0,0,0,0,0,0,0,0,0,0,0,0,0,0,0,0,0,0,0,0,0,0,0,0
TOMM70,2.316116017,3.100475979,3.068269276,2.941009732,3.114149002,3.176707196,1.839113208,2.911236342,2.636470024,0.96708259,0.903929473,0.956200116,0,0,0,0,0,0,0,1.05142317,0,0,0,0,0,0,0,0,0,0,0,0,0,0,0,0,0,0
TOMM70A,0,0,0,0,0,0,0,0,0,0,0,0,0,0,0,0,0,0,0,0,0,0,0,0,0,0,0,0,0,0,0,0,0,0,0,0,0,0
TOP1,2.993641837,3.513288396,3.821059837,3.63813725,3.64247482,4.887292885,1.442864021,2.240990417,1.851615862,3.262125066,2.9944429,2.251195448,2.757142261,3.044091598,2.327714414,0,0,0,0,0,0,2.680193992,0,0,0,0,0,0,0,0,0,0,4.234691467,4.163037251,5.299570037,6.434671102,6.264201628,5.375141293
TOP2A,0.996370196,0.961347078,3.544865169,0.966587184,0.968891745,2.451014583,0,0,0,0,0,0,0,0,0,0,0,0,0,0,0,0,0,0,0,1,0,0,0,0,0,0,0,0,0,0,3.474430172,0
TOP2B,3.900107558,3.388364695,3.821059837,4.023911454,3.64247482,3.551296021,0,0,0,1.540903575,0.903929473,0.956200116,0,0,0,0,0,0,0,0,0,0,0,0,0,0,0,0,0,0,0,0,0,0,5.299570037,5.234346454,5.688593684,5.375141293
TOR1B,3.163465689,2.740444656,3.068269276,2.941009732,3.114149002,3.176707196,2.977170172,3.367096615,3.515531724,0,0,0,0,0,0,0,0,0,0,0,0,0,0,0,0,0,0,0,0,0,0,0,0,0,0,0,0,0
TOR2A,1.994551864,1.533191662,0,0.966587184,0,0,0,0,0,0,0,0,0,0,0,0,0,0,0,0,0,0,0,0,0,0,0,0,0,0,0,0,0,0,0,0,0,0
TOR3A,2.993641837,2.740444656,2.56684197,0,0,0,0,0,0,0,0,0,0,0,0,0,0,0,0,0,0,0,0,0,0,0,0,0,0,0,0,0,0,0,0,0,0,0
TP53BP1,0,0,0,0,0,0,0,0,0,0,0,0,0,0,0,0,0,0,0,0,0,0,0,0,0,0,0,0,0,0,0,0,0,0,0,0,0,0
TP53I3,0,0,0,0,0,0,2.149649735,1.924256156,0.90279184,0,0,0,2.275117866,1.618677671,2.327714414,3.036793753,2.744180469,2.644053871,0,0,0,0,3.000298925,3.508117252,3.428871228,3.906890596,0,0,0,0,0,0,0,0,0,0,0,0
TP53RK,1.58012073,1.533191662,1.401468483,0,0,0,0,0,0,0.96708259,0.903929473,0.956200116,0,0,0,0,0,0,0,0,0,0,0,0,0,0,0,0,0,0,0,0,0,0,0,0,0,0
TPI1,3.578300868,3.513288396,3.642923751,4.106148,3.941110664,4.93020905,5.692056292,5.423953463,5.503148697,4.258728859,4.936368817,5.37254457,4.943118734,4.955524285,5.136306249,6.796478632,7.086424251,6.713791446,2.476571387,3.901441717,3.283768429,4.317084986,7.953081492,7.755543133,7.604460741,7.826548487,4.820760544,4.889953476,4.932563547,5.040327289,6.135370476,5.043305171,6.115508661,5.977714624,6.716819956,7.320037724,6.524104321,6.525624053
TPK1,0,0,0,0,0,0,0,0,0,0,0,0,0,0,0,0,0,0,0,0,0,0,0.90705003,0.958592587,0,1.584962501,0,0,0,0,0,0,0,0,0,0,0,0
TPM1,0.996370196,0.961347078,0,0.966587184,0.968891745,0.921132385,1.839113208,2.500551849,2.163087258,2.529675346,2.638521785,2.511206051,0.970922069,1.025359956,1.003619168,3.359759433,3.392338026,3.523776826,4.574625855,4.094962341,4.552845745,0,1.858228386,2.2550935,1.473143559,1,0,0,0,0,0,0,0,0,0,0,0,0
TPM3,1.58012073,1.941625202,0,1.949586033,1.953082406,2.193583806,3.605364131,3.606636986,3.515531724,2.529675346,2.421096055,3.242104959,1.956160331,2.362292771,2.327714414,4.499524191,4.572911484,4.236715467,5.315012586,4.904940717,5.217396799,2.338300494,3.285708808,3.623042415,3.543195199,2.584962501,0,1.373875901,0,0,0,0,0,0,0,0,0,0
TPM4,1.994551864,1.533191662,0.864613417,3.109978656,3.114149002,3.312666648,5.309922133,5.070952959,4.805297555,3.399011692,4.060116522,4.721657506,3.852128841,4.047190029,4.176753604,6.34523122,6.336305878,6.091931716,7.059682143,6.743956022,6.808767237,4.317084986,4.768513413,5.005967243,4.963309897,4.321928095,0,2.529815193,1.266997295,0,0,0,0,0,0,0,0,0
TPMT,0,0,0,0,0,0.921132385,0.894759661,0.9499485,0.90279184,0,0,0,0,0,0,0,0,0,0,0,0,0,1.858228386,1.529484238,1.473143559,0,0,0,0,0,0,0,0,0,0,0,0,0
TPP1,2.801126798,3.100475979,1.401468483,4.635482004,4.640008333,5.012391479,5.278326981,5.258222963,5.557442938,4.579976752,4.615957622,4.868182395,4.943118734,5.048736753,4.961192953,5.128219809,4.972714701,5.068469179,3.760834352,4.265567955,3.085856525,3.18810514,4.85831084,5.166164454,4.834511809,4.169925001,0,0,1.266997295,0,2.867824406,2.069533795,2.795384697,1.933211842,0,0,0,0
TPP2,5.452328462,5.537982518,5.421675602,5.518786163,5.364857083,5.56886065,4.376005728,4.656890805,4.712636366,6.20106807,6.178610134,5.956812665,5.61484667,5.693149358,5.561664694,3.623485148,2.935479543,3.232871055,4.939097567,5.420561938,4.627609598,4.94259963,2.170190716,3.095469549,3.018820504,0,0,0,0,0,0,0,0,0,0,0,0,0
TPR,0.996370196,0.961347078,0,3.398093484,3.941110664,4.797429663,5.566882306,5.654939454,5.446730976,1.540903575,1.853383544,3.378779227,2.757142261,2.850560031,3.006327599,5.874138282,5.542280333,5.76973831,6.889565941,6.814391864,7.137743646,4.94259963,0.90705003,0,0.916958742,0,0,0,0,0,0,0,0,0,0,0,0,0
TPRKB,0,0,0,0,0,0,0,0,0,0,0,0,0,0,0,0,0,0,0,0,0,0,0,0,0,0,0,0,0,0,0,0,0,0,0,0,0,0
TPT1,1.994551864,1.533191662,1.791837015,1.540237874,0.968891745,1.47881758,3.126593151,3.230546315,3.277509632,0.96708259,1.853383544,1.933791208,0,0,0,3.036793753,2.523580768,2.053289965,0,0,0,0,3.629670641,3.508117252,3.428871228,2,1.380514028,2.064647663,2.728226634,2.474606879,0,0,0,0,0,0,0,0
TRA2B,1.58012073,1.941625202,2.56684197,0,0,0.921132385,0,0,1.851615862,1.540903575,0,0,0,0,0,0,0,0,0,0,0,0,0,0,0,0,0,0,0,0,0,0,0,0,0,2.829306972,4.015464754,0
TRABD2A,1.994551864,1.941625202,2.098758683,2.528836668,2.945112293,2.193583806,2.405039482,2.720458447,1.453839514,0,0,0,0,0,0,0,0,0,0,0,0,0,0,0,0,0,0,0,0,0,0,0,0,0,0,0,0,0
TRAF2,0,0.961347078,1.401468483,0,0.968891745,0.921132385,0,0,0,0,0,0.956200116,0,0,1.003619168,0,0,0,0,0,0,1.234105921,0,0,0,0,0,0,0,0,0,0,0,0,0,0,0,0
TRAP1,0,0,0,0,0,0,0,1.51783371,3.277509632,0,0,0,0,0,0,0,0,0,0,0,0,0,0,0.958592587,0,0,0,0,0,0,0,0,0,0,0,0,0,0
TRAPPC9,0,0,1.401468483,0,0,0,0,0,0,0,0,0,0,0,0,0,0,0,0,0,0,0,0,0,0,0,0,0,0,0,0,0,0,0,0,0,0,0
TREH,0,0,0,0,0,0,0,0,0,0,0,0,0,0,0,0,0,0,0,0,0,0,0,0,0,0,2.072868086,2.529815193,2.383995806,2.474606879,0,0,0,0,0,0,0,0
TRIM16,1.994551864,1.533191662,1.791837015,0.966587184,0.968891745,0,0,0,0,1.950337883,2.638521785,1.933791208,0.970922069,1.025359956,1.003619168,0,0,0,1.098576504,1.05142317,1.806054709,1.234105921,0,0,0,0,0,0,0,0,0,0,0,0,0,0,0,0
TRIM2,0,0,0,0.966587184,1.543333959,1.47881758,1.839113208,2.240990417,2.419108186,0,0,0,0,0,0,0,0,0,0,0,0,0,0,0,0,0,0,0,0,0,0,0,0,0,2.69678497,0,0,0
TRIM21,0.996370196,0.961347078,1.401468483,0,0.968891745,1.47881758,0,0,0.90279184,0,2.164986415,0,0,0,0,0,0,0,0,0,0,0,0,0,0,0,0,0,0,0,0,0,0,0,0,0,0,0
TRIM25,2.578907744,2.740444656,3.068269276,1.949586033,2.271827737,2.451014583,0.894759661,1.924256156,1.453839514,2.941892081,2.9944429,2.731434726,1.546060213,1.618677671,1.589786044,0,0,0,1.714955817,1.05142317,1.806054709,1.889360771,0,0,0,0,0,1.373875901,1.931003366,1.333072201,0,0,0,0,0,0,0,0
TRIM28,3.693731392,3.628251645,3.642923751,3.63813725,2.532736393,3.026589061,0,0.9499485,0.90279184,3.1108756,2.827430592,2.511206051,1.546060213,1.618677671,1.589786044,0,0,0,2.476571387,2.403347751,2.246490367,2.338300494,0,0,0,0,0,0,0,0,0,0,0,0,0,0,0,0
TRIM33,0,0,0,0,0,0,0,0,0,0,0,0,0,0,0,0,0,0,0,0,0,0,0,0,0,0,0,0,0,0,0,0,0,0,0,0,0,0
TRIO,0.996370196,0,0,0,0,0,0,0,0,0,0,0,0,0,0,0,0,0,0,0,0,0,0,0,0,0,3.172816473,3.399164795,3.615041015,2.474606879,2.053047961,0,0,0,0,0,0,0
TRIP10,0,0,0,0,0,0.921132385,1.442864021,1.924256156,1.453839514,0,0,0.956200116,0.970922069,1.025359956,1.589786044,1.61308057,1.944875303,1.632427638,0,1.653127323,1.168913826,0,0,0,0.916958742,1.584962501,0,0,0,0,0,0,0,0,0,0,0,0
TRIP11,0,0,0,0,0,0,0,0.9499485,1.851615862,0,0,0,0,0,1.003619168,1.021139762,0,2.053289965,3.168326031,2.669676924,3.457776598,0,1.459649025,0,0,1,0,0,0,0,0,0,0,0,0,0,0,0
TRIP13,0.996370196,1.533191662,1.401468483,0,0,0,0,0,0,2.750456577,2.827430592,1.526262086,0,0,0,0,0,0,1.098576504,1.05142317,0,2.338300494,0,0,0,0,1.380514028,0,0,0,0,2.069533795,0,0,0,0,0,0
TRIP6,0.996370196,1.533191662,1.401468483,0,0,0,0,0,0,1.540903575,1.455392216,0,0,0,0,0,0,0,0,0,0,0,0,0,0,0,1.380514028,2.064647663,2.383995806,3.103821595,0,0,0,0,0,0,0,0
TRMT1,1.58012073,2.259576362,2.919685889,2.268089723,1.953082406,0.921132385,0.894759661,0,0,0,0.903929473,0,0,0,0,0,0,0,0,0,0,0,0,0,0,0,0,0,0,0,0,0,0,0,0,0,0,0
TRMT5,0,0,0,0,0,0,0,0,0,0,0,0,0,0,0,0,0,0,0,0,0,0,0,0,0,0,0,0,0,0,0,0,0,0,0,0,0,0
TRMT6,3.800606572,3.833879792,3.979598316,2.268089723,2.271827737,2.669391044,0,0,0.90279184,2.529675346,2.421096055,1.933791208,3.646291178,3.214705715,3.328436075,0,0,0,1.098576504,1.653127323,1.806054709,1.234105921,0,0,0,0,0,0,0,0,0,0,0,0,2.69678497,0,3.474430172,2.600000002
TRMT61A,2.316116017,2.931662233,3.439652425,0,0,0,0,0,0,0,0,0,2.757142261,2.362292771,2.590989414,0,0,0,1.714955817,1.05142317,1.168913826,0,0,0,0,0,0,0,0,0,0,0,0,0,0,0,0,0
TRNT1,0.996370196,1.533191662,1.401468483,0,0,0,0.894759661,0.9499485,0,0,0,0,0,0,0,1.021139762,0,1.632427638,0,0,0,0,1.459649025,1.937434512,1.873574051,0,0,0,0,0,0,0,0,0,0,0,0,0
TROVE2,0,0,0,0,0,0,0,0,0,0,0,0,0,0,0,0,0,0,0,0,0,0,0,0,0,0,0,0,0,0,0,0,0,0,0,0,0,0
TRPM4,0,0,0,0,0,0,0,0,0,0,0,0,0,0,0,0,0,0,0,0,0,0,0,0,0,0,2.072868086,2.064647663,3.238727139,2.013916734,2.867824406,0,1.989531496,0,0,0,0,0
TRRAP,3.315387858,3.628251645,4.533749939,0.966587184,0,0.921132385,0,0,0,0,0,0,0,0,0,0,0,0,0,0,0,0,0,0,0,0,0,0,0,0,0,0,0,0,0,0,0,0
TSG101,4.16306102,4.317777446,3.439652425,0,0,0,0,0,0,2.268893588,0,2.251195448,0,0,0,0,0,0,0,0,0,1.234105921,0.90705003,0.958592587,0.916958742,1,5.047548164,4.889953476,4.86453437,5.040327289,4.711414598,0,3.309356743,3.241403097,0,0,0,0
TSKU,3.993186609,3.926654829,3.439652425,2.528836668,2.532736393,2.193583806,1.839113208,2.240990417,0.90279184,0,0,0,0,0,0,0,0,0,0,0,0,0,0,0,0,0,0,0,0,0,0,0,0,0,0,0,0,0
TSN,1.58012073,1.941625202,0.864613417,4.327992353,4.399449,4.017139547,3.605364131,3.491832663,3.277509632,2.941892081,2.827430592,3.091114753,4.698352774,4.692160027,4.864961592,3.846371158,3.517296477,4.066310474,1.714955817,2.403347751,2.856411626,2.680193992,4.209776525,4.563274934,4.536256295,4.95419631,2.072868086,2.064647663,1.266997295,0,2.867824406,2.069533795,3.687544579,3.617789703,0,0,0,0
TSNAX,0,1.533191662,0,4.023911454,4.188405325,3.848399125,2.149649735,2.720458447,1.453839514,1.950337883,1.853383544,1.933791208,4.33641615,4.633183863,4.399203272,2.620025286,2.523580768,3.061983348,1.714955817,2.076463354,1.168913826,0,2.833183695,2.926737964,3.018820504,3.700439718,0,0,0,0,0,0,0,0,0,0,0,0
TSPAN1,1.994551864,1.941625202,1.791837015,0,0,0,0,0,0,0.96708259,0,0.956200116,0,0,0,0,0,0,0,0,1.168913826,0,0,0,0,0,3.408938331,3.399164795,3.439119207,3.338612139,4.314617226,2.069533795,3.687544579,2.7307681,0,0,0,0
TSPAN13,0.996370196,0,0.864613417,0,0,0,0,0,0,1.950337883,1.455392216,1.526262086,0,0,0,0,0,0,0,0,0,1.234105921,0,0,0,0,2.538745146,2.064647663,2.383995806,2.013916734,3.76545739,4.086405932,3.687544579,3.617789703,4.519429818,0,0,0
TSPAN14,3.693731392,3.734726159,2.56684197,1.540237874,1.953082406,0,0,0,0,2.268893588,0.903929473,1.933791208,0,0,0,0,0,0,0,0,0,2.338300494,0,0,0,0,3.947899965,4.08036687,4.041997863,4.017375043,4.06601068,3.404975348,3.986902457,3.241403097,2.69678497,0,0,0
TSPAN15,3.163465689,3.251589451,2.56684197,0,0,0,0,0,0,2.268893588,0,1.933791208,0,0,0,0,0,0,0,0,0,0,0,0,0,0,3.947899965,4.08036687,3.913226003,4.146756747,3.76545739,2.069533795,3.687544579,3.617789703,0,0,0,0
TSPAN3,0,0,0,0,0,0,0,0,0,0,0,0,0,0,0,0,0,0,0,0,0,0,0,0,0,0,1.380514028,2.064647663,2.383995806,2.013916734,3.385355532,2.069533795,3.687544579,2.7307681,0,0,0,0
TSPAN33,0.996370196,0.961347078,0,0,0,0,0,0,0,0,0,0,0,0,0,0,0,0,0,0,0,0,0,0,0,0,0,1.373875901,1.931003366,0,0,0,0,0,0,0,0,0
TSPAN5,0,0,0,0,0,0,0,0,0,0,0,0,0,0,0,0,0,0,0,0,0,0,0,0,0,0,2.538745146,2.88100595,2.728226634,2.823248847,0,0,2.795384697,1.933211842,0,0,0,0
TSPAN6,4.16306102,4.173790108,3.902505716,2.749592966,2.753608502,2.669391044,0,0,0,3.262125066,2.827430592,3.091114753,1.546060213,2.037874702,2.327714414,0,0,0,2.745703037,2.403347751,3.283768429,3.387705307,0,0,0,0,4.820760544,5.105377993,4.932563547,5.227481751,5.022286887,5.176825834,5.073900853,4.867424445,4.828721577,0,2.598717113,0
TSPAN7,0,0,0,0,0,0,0,0,0,0,0,0,0,0,0,0,0,0,0,0,0,0,0,0,0,0,1.380514028,1.373875901,1.931003366,2.013916734,2.053047961,0,0,1.933211842,0,0,0,0
TSPAN8,3.993186609,4.448689336,3.979598316,1.949586033,1.953082406,1.880020556,0,0,0,3.639070203,2.827430592,3.242104959,2.275117866,2.037874702,2.327714414,0,0,0,2.972434909,2.894418153,3.085856525,3.563016736,0,0,0,0,7.61941717,7.732612773,7.765645046,6.84491227,6.259190081,5.871724939,5.986244448,5.842498588,4.828721577,0,0,2.600000002
TSPAN9,1.58012073,1.941625202,0.864613417,0,0,0,0,0,0,0,0,0,0,0,0,0,0,0,0,0,0,0,0,0,0,0,2.072868086,2.88100595,2.728226634,2.474606879,2.053047961,0,0,0,0,0,0,0
TSSC1,0,0,0,0,0,0,0,0,0,0,0,0,0,0,0,0,0,0,0,0,0,0,0,0,0,0,0,0,0,0,0,0,0,0,0,0,0,0
TST,0.996370196,0.961347078,2.098758683,0,0,0,0,0,0,0,0.903929473,0,0,0,0,0,0,0,0,1.653127323,0,1.234105921,0,0,0,0,0,0,0,0,0,0,0,0,0,0,0,0
TSTA3,0,0,0,0,0,0,0,0,0,0,0,0,0,0,0,0,0,0,0,0,0,0,0,0,0,0,0,0,0,0,0,0,0,0,0,0,0,0
TTC37,0.996370196,0,1.791837015,0.966587184,0,0.921132385,0,0,0,1.540903575,2.164986415,0.956200116,0,0,0,0,0,0,0,1.05142317,0,0,0,0,0,0,0,0,0,0,0,0,0,0,0,0,0,0
TTC38,1.994551864,0.961347078,0.864613417,0.966587184,0.968891745,0,0,0,0,1.950337883,2.164986415,2.251195448,0,0,1.003619168,1.61308057,0.963485218,2.053289965,0,0,0,0,2.170190716,2.2550935,0.916958742,2,0,0,0,0,0,0,0,0,0,0,0,0
TTC39B,0,0,0,0,0,0,0,0,2.163087258,0,0,0,0.970922069,1.025359956,0,0,0,0,0,0,0,0,0,0.958592587,0.916958742,1,0,0,0,0,0,0,0,0,0,0,0,0
TTC9C,0,0,0,0,0,0,0,0,0,0,0,0,0,0,0,0,0,0,0,0,0,0,0,0,0,0,0,0,0,0,0,0,0,0,0,0,0,0
TTI1,0,0,0,0,0,0,0,0,0,0.96708259,2.164986415,0.956200116,0,0,0,0,0,0,0,0,0,0,0,0,0,0,0,0,0,0,0,0,0,0,0,0,0,0
TTLL12,4.747888606,4.878421948,5.421675602,3.936702387,3.749037927,3.848399125,0.894759661,0.9499485,2.163087258,3.844824317,4.060116522,3.503618698,1.956160331,2.362292771,3.006327599,1.021139762,0.963485218,1.632427638,1.714955817,2.894418153,1.806054709,2.338300494,0,0.958592587,0,0,0,0,0,0,0,0,0,0,0,0,0,0
TTN,0.996370196,0,0.864613417,0,0.968891745,0.921132385,0,0.9499485,0,0.96708259,0.903929473,0.956200116,0,0,2.327714414,1.021139762,0,1.03574445,1.098576504,0,0,0,0,0,0.916958742,0,0,0,0,0,0,0,1.989531496,1.933211842,0,0,0,0
TTN.1,0,0,0.864613417,0,0.968891745,0.921132385,0,0,0.90279184,0.96708259,0.903929473,0,0.970922069,1.025359956,0,1.021139762,0.963485218,0,0,0,0,0,1.858228386,0.958592587,0,0,0,0,1.266997295,0,0,0,0,0,0,0,0,0
TTYH2,0,0,0,0,0,0,0,0,0,0,0,0,0,0,0,0,0,0,0,0,0,0,0,0,0,0,2.072868086,1.373875901,1.266997295,2.013916734,0,0,0,0,0,0,0,0
TTYH3,3.693731392,3.734726159,2.919685889,1.949586033,1.953082406,0,0,0,0,2.268893588,1.853383544,2.251195448,0,0,0,0,0,0,2.145448836,1.653127323,2.246490367,2.338300494,0,0,0,0,4.339375044,4.439062363,4.46591069,4.375179769,5.277903404,5.51617723,5.073900853,4.373878798,2.69678497,0,2.598717113,0
TUBA1A,6.259612412,6.031321181,6.25773396,5.71499999,5.523399232,5.267956809,5.10905563,5.070952959,5.052162952,6.54880178,6.503492149,6.23410352,5.334990485,5.441422199,5.530634463,5.500465327,5.354051154,5.426494614,5.678721244,6.187102915,5.560460353,6.406775124,3.820496403,4.563274934,4.360285502,2,4.551550277,4.8103507,4.638782042,4.825223333,0,0,0,0,0,0,0,0
TUBA1B,3.800606572,3.734726159,3.902505716,3.398093484,3.265441068,3.312666648,2.621946525,2.720458447,2.825330619,4.107103517,4.133559819,4.086043188,3.117818628,3.214705715,3.006327599,2.620025286,2.744180469,3.061983348,3.87746897,4.001444414,3.613037926,4.738484069,2.170190716,2.926737964,2.186666421,2,2.89033867,2.88100595,3.005940259,3.103821595,2.867824406,0,0,1.933211842,0,0,0,0
TUBA1C,1.994551864,2.259576362,2.098758683,2.268089723,2.271827737,2.193583806,1.442864021,1.51783371,0.90279184,3.1108756,3.144111598,2.511206051,2.275117866,2.362292771,2.327714414,2.031594606,1.944875303,2.053289965,2.476571387,2.403347751,2.246490367,2.680193992,0.90705003,0.958592587,1.873574051,0,0,0,0,0,0,0,0,0,0,0,0,0
TUBA4A,2.993641837,3.100475979,3.068269276,1.949586033,2.271827737,2.193583806,0.894759661,1.51783371,1.851615862,2.941892081,3.144111598,3.091114753,2.757142261,2.626984775,2.590989414,2.355604609,2.263052434,2.378701702,2.745703037,3.413209566,1.806054709,3.563016736,0.90705003,0.958592587,0.916958742,0,0,0,1.931003366,1.333072201,0,0,0,0,0,0,0,0
TUBB,4.800346389,4.448689336,4.533749939,4.327992353,4.110590354,3.848399125,3.499731284,3.491832663,3.277509632,4.935525123,4.666322275,4.772170812,3.752877906,4.047190029,4.176753604,3.739228165,3.632289151,3.765752776,4.429334296,4.797756661,4.473994679,4.80977991,2.170190716,2.926737964,2.85138244,1,3.408938331,3.163224167,3.005940259,3.103821595,0,0,0,0,0,0,0,0
TUBB3,2.316116017,2.259576362,2.56684197,0.966587184,0.968891745,1.47881758,0,0,0,3.1108756,3.403637312,3.242104959,1.956160331,2.037874702,2.327714414,0,0,1.632427638,2.745703037,3.08882233,2.856411626,2.680193992,0,0,0,0,0,0,0,0,0,0,0,0,0,0,0,0
TUBB4A,1.58012073,1.941625202,2.351701379,0.966587184,1.543333959,1.880020556,1.839113208,0.9499485,0.90279184,1.950337883,1.853383544,2.251195448,1.546060213,1.025359956,2.005425354,1.021139762,1.53606782,1.632427638,1.714955817,1.653127323,1.806054709,2.680193992,0.90705003,0.958592587,0.916958742,0,0,0,0,0,0,0,0,0,0,0,0,0
TUBB4B,7.03718056,6.910948686,7.159945408,6.456696376,6.295433763,6.265963526,5.566882306,5.292927173,5.503148697,7.282542827,7.261645671,7.091570592,5.89640918,6.335050365,6.196955053,5.899241783,5.627920928,5.824235229,6.563730177,6.94571729,6.445283479,7.08995909,3.820496403,4.619725645,4.360285502,2,4.975841682,5.105377993,5.176523782,5.227481751,2.053047961,0,0,0,0,0,0,0
TUBB6,0,0,0,0,0,0,0,0,0,0,0,0,0,0,0,0,0,0,0,0,0,0,0,0,0,0,0,0,0,0,0,0,0,0,0,0,0,0
TUBG1,3.578300868,3.513288396,4.12242704,1.540237874,0.968891745,0.921132385,0,0,0,2.268893588,1.853383544,1.933791208,0,0,0,0,0,0,0,0,0,0,0,0,0,0,0,0,0,0,0,0,0,0,0,0,0,0
TUBGCP2,2.993641837,2.259576362,3.202968816,0,0,0,0,0,0,1.950337883,0,0.956200116,0,0,0,0,0,0,0,0,0,0,0,0,0,0,0,0,0,0,0,0,0,0,0,0,0,0
TUBGCP3,2.578907744,2.519953374,3.202968816,0,0,0,0,0,0,1.540903575,0.903929473,1.526262086,0,0,0,0,0,0,0,0,0,0,0,0,0,0,0,0,0,0,0,0,0,0,0,0,0,0
TUFM,1.994551864,1.941625202,2.351701379,0.966587184,0.968891745,0.921132385,0,0,0,1.950337883,2.164986415,0.956200116,0,0,0,0,0,1.03574445,0,0,0,2.338300494,0,0,0,1,2.072868086,2.064647663,2.383995806,2.474606879,2.867824406,0,1.989531496,2.7307681,2.69678497,2.829306972,4.408026318,4.016906216
TWF1,0,0,0,0,0,0,0,0,0.90279184,0.96708259,0,0,0,0,0,0,0,0,0,0,0,0,1.459649025,1.529484238,0.916958742,2.321928095,0,0,0,0,0,0,0,0,0,0,0,0
TWF2,0,0,0,0.966587184,0.968891745,0,1.839113208,2.500551849,2.163087258,0.96708259,1.455392216,0.956200116,0,0,0,1.61308057,1.944875303,2.053289965,0,0,0,0,2.644143159,2.735625828,2.661928568,2.584962501,0,0,0,0,0,0,0,1.933211842,0,0,0,0
TWSG1,0,0,0,0,0,0,1.839113208,1.51783371,1.851615862,0,0,0,0,0,0,0,0,0,0,0,0,0,0.90705003,0.958592587,0.916958742,1,0,0,0,0,0,0,0,0,0,0,0,0
TXN,2.801126798,2.740444656,1.791837015,2.268089723,3.114149002,2.669391044,2.977170172,3.491832663,3.980443085,2.529675346,3.144111598,2.731434726,2.275117866,2.626984775,3.006327599,3.739228165,3.517296477,3.649832041,2.972434909,3.08882233,3.283768429,3.563016736,7.529770329,6.799337721,6.807565581,6.62935662,3.611795418,3.163224167,3.439119207,3.103821595,2.867824406,0,3.309356743,2.7307681,2.69678497,0,2.598717113,2.600000002
TXNDC12,0,0,0,0,0,0,0,0.9499485,0.90279184,0,0,0,0,0,0,0,0,0,0,0,0,0,1.858228386,1.529484238,0.916958742,1,0,0,0,0,0,0,0,0,0,0,0,0
TXNDC16,0,0,0,0,0,0,0,0,0,0,0,0,0,0,0,0,0,0,0,0,0,0,0,0,0,0,0,0,0,0,0,0,0,0,0,0,0,0
TXNDC17,0,0,0,0,0,0,0.894759661,0.9499485,2.163087258,0,0,0,0,0,0,1.021139762,0.963485218,1.03574445,0,0,0,0,1.858228386,2.2550935,2.186666421,2,1.380514028,2.064647663,0,1.333072201,0,0,0,0,0,0,0,0
TXNDC5,1.58012073,1.941625202,1.401468483,3.109978656,3.114149002,3.312666648,4.184756539,4.151572014,3.812006199,3.1108756,3.403637312,3.724923947,3.752877906,3.854102726,3.814069025,4.684174691,4.786618309,4.591186809,2.972434909,3.551606284,4.106809436,3.719314538,5.06102732,5.005967243,4.963309897,5.087462841,1.380514028,2.064647663,1.266997295,2.013916734,0,2.069533795,1.989531496,3.617789703,2.69678497,2.829306972,4.015464754,2.600000002
TXNIP,2.578907744,2.519953374,0.864613417,0,0,0,0,0,0,2.941892081,0.903929473,2.251195448,0,0,0,0,0,0,0,0,0,2.338300494,0,0,0,0,5.047548164,5.037082573,5.432894157,5.227481751,5.3905174,2.886554086,5.073900853,4.72090243,0,0,0,0
TXNL1,1.994551864,2.259576362,1.791837015,2.749592966,2.532736393,2.451014583,2.810463839,2.720458447,3.515531724,2.529675346,2.638521785,2.251195448,1.546060213,1.618677671,1.003619168,0,0,1.03574445,0,0,0,0,0,1.937434512,1.873574051,0,0,0,0,0,0,0,0,0,0,0,0,0
TXNRD1,0,0,0,4.841578479,5.026450493,5.051791299,4.997057701,5.186205003,4.934004092,4.107103517,4.133559819,4.669311198,5.723695594,5.856754049,5.761983236,5.972033221,5.927207756,5.850730668,3.340770694,3.677881073,3.880945927,3.563016736,5.919199215,5.961666166,5.897643054,6.22881869,2.072868086,1.373875901,2.383995806,1.333072201,4.314617226,3.404975348,4.234691467,4.557799622,4.519429818,4.668420179,5.185959353,4.717776833
TXNRD2,0,0,0,0.966587184,0,2.193583806,0.894759661,1.51783371,2.825330619,0,0,0,3.40611886,2.850560031,2.813553664,1.021139762,2.263052434,2.644053871,0,0,0,0,3.40970041,2.735625828,2.85138244,3.906890596,0,0,0,0,0,0,0,0,0,0,0,0
TYK2,0,0,0,0,0,0,0,0,0,0,0,0,0,0,0,0,0,0,0,0,1.168913826,0,0,0,0,0,3.172816473,3.77960348,3.771823672,3.540486385,0,0,0,0,0,0,0,0
TYMP,0,0,0,0,0,0,0,0,0,0.96708259,1.455392216,0.956200116,0,0,0,0,0,0,0,0,0,0,0,0,0,0,0,0,0,0,0,0,0,0,0,0,0,0
TYRO3,0,0,0,0,0,0,1.839113208,1.924256156,1.851615862,0,0.903929473,1.933791208,0,0,0,3.207295283,3.104356784,3.232871055,0,0,0,0,3.629670641,2.926737964,3.168830955,3.459431619,0,0,0,0,0,0,0,0,0,0,0,0
U2AF1L5,2.578907744,1.941625202,2.56684197,1.949586033,1.953082406,2.193583806,1.839113208,1.51783371,2.163087258,2.268893588,2.164986415,1.933791208,0.970922069,0,0,0,0,0,0,1.05142317,1.168913826,1.889360771,0,0,0,0,0,0,0,0,0,0,0,0,0,0,0,0
U2AF2,1.994551864,1.941625202,2.098758683,2.268089723,2.271827737,3.026589061,3.126593151,2.911236342,3.277509632,2.941892081,2.421096055,2.511206051,0,0,0,1.021139762,1.53606782,0,0,1.05142317,0,0,2.170190716,2.926737964,2.443780137,2.321928095,0,0,0,0,0,0,0,0,0,0,0,0
U2SURP,1.994551864,1.941625202,2.56684197,1.949586033,2.532736393,2.669391044,1.839113208,1.924256156,2.419108186,0.96708259,0.903929473,0.956200116,0,0,0,0,0,0,0,0,0,0,0,0,0,0,0,0,0,0,0,0,0,0,0,0,0,0
UAP1,1.58012073,0.961347078,2.098758683,1.540237874,1.543333959,1.47881758,0.894759661,1.51783371,1.453839514,0,0.903929473,0,0,0,0,1.021139762,1.53606782,1.632427638,0,0,0,0,1.459649025,1.937434512,1.873574051,0,0,0,0,0,0,0,0,0,0,0,0,0
UAP1L1,0.996370196,0,2.754024153,0,0,0,0,0,0,1.540903575,2.164986415,0,0,0,0,0,0,0,0,0,0,0,0,0,0,0,0,0,0,0,0,0,0,0,0,0,0,0
UBA1,5.774223437,5.805637433,6.432434592,5.933463418,6.107915595,6.232063685,6.069661551,6.008151853,5.99134052,4.842557512,5.128254847,5.161369277,5.642838452,5.663982828,5.735013668,5.899241783,6.014600885,5.876748273,3.760834352,4.265567955,3.753201815,3.719314538,5.960338068,5.917312982,5.809005661,5.247927513,3.408938331,3.399164795,3.615041015,2.474606879,0,0,0,0,0,0,0,0
UBA2,3.693731392,3.833879792,4.481695725,4.023911454,4.188405325,4.598938406,3.795922944,3.812010579,4.392499739,3.745612183,3.90096226,3.824024523,3.646291178,3.367259864,3.707114185,3.207295283,3.517296477,3.061983348,2.745703037,4.182785547,1.806054709,3.18810514,0,1.529484238,1.873574051,0,0,0,0,0,0,0,0,0,0,0,0,0
UBA3,2.578907744,1.533191662,2.351701379,3.261216432,3.114149002,3.43690954,2.977170172,3.230546315,2.825330619,1.950337883,2.164986415,2.731434726,2.536168495,3.044091598,3.006327599,3.207295283,2.744180469,3.385643851,0,1.05142317,1.168913826,1.234105921,3.40970041,3.383238525,3.428871228,2.584962501,0,0,0,0,0,0,0,0,0,0,0,0
UBA5,1.58012073,1.533191662,1.401468483,0,0,0,0,0,0,0,0.903929473,0,0,0,0,0,0,0,0,0,0,0,0,0,0,0,0,0,0,0,0,0,0,0,0,0,0,0
UBA52,0,0,0,0,0,0,0,0,0,0,0,0,0,0,0,0,0,0,0,0,0,0,0,0,0,0,0,0,0,0,0,0,0,0,0,0,0,0
UBA6,2.578907744,3.100475979,3.979598316,1.540237874,1.543333959,0.921132385,0,0,0,2.268893588,2.827430592,1.933791208,3.117818628,3.367259864,3.176352815,1.021139762,1.944875303,2.053289965,0,0,0,0,0,1.529484238,2.186666421,0,0,0,0,0,0,0,0,0,0,0,0,0
UBE2D3,1.58012073,1.941625202,1.791837015,0,0,0,1.839113208,1.924256156,1.851615862,1.540903575,1.455392216,1.933791208,0,0,0,2.031594606,1.53606782,2.053289965,0,0,0,0,2.426542826,1.937434512,1.873574051,2,2.89033867,2.88100595,2.728226634,2.823248847,2.867824406,2.069533795,2.795384697,2.7307681,0,0,0,0
UBE2I,0,0,0,0,0,0,2.621946525,2.500551849,3.277509632,0,0.903929473,0,0,0,0,2.843407086,2.935479543,2.868099561,0,0,1.168913826,0,3.285708808,2.926737964,3.168830955,3.169925001,0,0,0,0,0,0,0,0,0,0,0,0
UBE2K,0,0,0,0,0,0,1.839113208,2.240990417,2.419108186,0,0,0,0,0,0,1.021139762,0.963485218,1.03574445,0,0,0,0,2.426542826,3.095469549,2.85138244,0,0,0,0,0,0,0,0,0,0,0,0,0
UBE2L3,1.994551864,1.533191662,1.401468483,1.540237874,1.543333959,1.47881758,3.261982234,3.230546315,3.277509632,1.540903575,1.853383544,1.526262086,0.970922069,1.618677671,1.003619168,3.207295283,3.255521121,3.232871055,1.098576504,1.05142317,1.168913826,1.234105921,3.40970041,3.508117252,3.304702086,3.459431619,2.072868086,3.601888181,2.728226634,2.474606879,2.053047961,0,1.989531496,0,0,0,0,0
UBE2M,1.58012073,1.941625202,2.098758683,1.949586033,1.543333959,1.880020556,1.442864021,1.924256156,2.419108186,2.529675346,2.421096055,1.933791208,1.546060213,2.362292771,2.005425354,1.61308057,0.963485218,1.632427638,0,0,0,1.889360771,0,1.529484238,0,0,0,1.373875901,1.266997295,1.333072201,0,0,0,0,0,0,0,0
UBE2N,1.58012073,2.259576362,1.791837015,0,0,0,2.977170172,2.911236342,3.401423861,1.540903575,2.164986415,2.251195448,0,0,0,2.031594606,2.935479543,2.378701702,0,0,0,0,3.629670641,3.729484261,3.747798963,2,3.408938331,3.601888181,3.238727139,2.823248847,2.867824406,0,1.989531496,1.933211842,0,0,0,0
UBE2O,1.994551864,1.941625202,2.098758683,1.540237874,0,1.880020556,0,0,0,2.529675346,2.164986415,1.933791208,2.275117866,3.044091598,3.006327599,0,0,0,1.098576504,1.653127323,2.246490367,1.889360771,0,0,0,0,0,0,0,0,0,0,0,0,3.581002772,4.272170993,4.716298833,2.600000002
UBE2V1,0.996370196,0.961347078,0.864613417,0,0,0,2.149649735,1.924256156,2.636470024,0,0.903929473,0.956200116,0,0,0,2.355604609,1.53606782,2.644053871,0,0,0,0,3.285708808,2.926737964,3.428871228,3.169925001,1.380514028,1.373875901,2.383995806,1.333072201,0,0,0,0,0,0,0,0
UBE2V2,0,0,0,0,0,0,0.894759661,0,0.90279184,0,0,0,0,0,0,1.021139762,0,0,0,0,0,0,2.170190716,1.937434512,1.873574051,2,0,0,0,0,0,0,0,0,0,0,0,0
UBE2Z,0.996370196,0.961347078,2.098758683,0,0,0,0,0,1.453839514,0.96708259,0.903929473,0.956200116,0,0,0,0,0,0,0,0,0,0,0,0,0,0,0,0,0,0,0,0,0,0,0,0,0,0
UBE3A,0.996370196,0.961347078,1.401468483,0.966587184,0.968891745,0.921132385,0.894759661,0.9499485,0.90279184,0,0,0,0,0,1.003619168,0,0,0,0,0,0,0,0,0,0,0,0,0,0,0,0,0,0,0,0,0,0,0
UBE4A,0.996370196,0.961347078,0.864613417,1.540237874,0,0,0.894759661,0.9499485,0,0,0,0,0,0,0,0,0,0,0,0,0,0,0,0,0,0,0,0,0,0,0,0,0,0,0,0,0,0
UBE4B,2.316116017,0.961347078,2.098758683,0,0,0,0,0,0,1.540903575,1.853383544,0.956200116,0,0,0,0,0,0,0,0,0,0,0,0,0,0,0,0,0,0,0,0,0,0,0,0,0,0
UBL3,0,0,0,0,0,0,0,0,0,0,0,0,0,0,0,0,0,0,0,0,0,0,0,0,0,0,1.380514028,1.373875901,2.383995806,1.333072201,0,0,0,0,0,0,0,0
UBLCP1,0,0,0,0,0,0,0.894759661,1.51783371,1.851615862,0,0,0,0,0,0,0,0.963485218,1.03574445,0,0,0,0,1.858228386,1.529484238,1.473143559,1.584962501,0,0,0,0,0,0,0,0,0,0,0,0
UBQLN1,0,0,0,0,0,0,0,0.9499485,1.453839514,0,0,0,0,0,0,0,1.53606782,1.03574445,0,0,0,0,1.858228386,2.5152748,2.186666421,1.584962501,0,0,0,0,0,0,0,0,0,0,0,0
UBR1,0,0,0,1.540237874,0.968891745,0.921132385,0,0,0,0,0,0,0,0,0,0,0,0,0,0,0,0,0,0,0,0,0,0,0,0,0,0,0,0,0,0,0,0
UBR4,5.419165449,5.415271697,5.553596875,4.689831351,4.640008333,4.429804965,2.405039482,2.240990417,2.163087258,6.20106807,6.27913112,5.978487003,2.275117866,3.044091598,3.466005187,0,0,0,3.985375492,4.556063982,4.106809436,5.176372055,0,0,0,0,0,0,0,0,0,0,0,0,0,0,0,0
UBR5,0,0,0,0,0,0,0,0,0,0,0,0,0,0,0,0,0,0,0,0,0,0,0,0,0,0,0,0,0,0,0,0,0,0,0,0,0,0
UBTD1,0,0,0,0,0,0,0,0,0,0,0,0,0,0,0,0,0,0,0,0,0,0,0,0,0,0,1.380514028,1.373875901,2.383995806,0,0,0,0,0,0,0,0,0
UCHL3,0,0,0,0,0,0,1.442864021,2.911236342,3.277509632,0,1.853383544,1.526262086,0,0,0,0,0,0,0,0,0,0,0,0,0,0,0,0,0,0,0,0,0,0,0,0,0,0
UCHL5,0,0,0,0.966587184,0.968891745,1.880020556,0,0.9499485,1.453839514,0.96708259,0,0,0,0,0,0,0,0,0,0,0,0,0,0,0,0,0,0,0,0,0,0,0,0,0,0,0,0
UCK2,0,0,0,0,0,0,0,0,0,0,0,0,0,0,0,0,0,0,0,0,0,0,0,0,0,0,0,0,0,0,0,0,0,0,0,0,0,0
UEVLD,0,0,0,0,0,0,0,0,0,0,0,0,0,0,0,0,0,0,0,0,0,0,0,0,0,0,2.072868086,2.88100595,2.728226634,2.474606879,0,0,0,0,0,0,0,0
UFC1,0,0,0,0,0,0,0.894759661,1.51783371,1.453839514,0,0,0,0,0,0,1.021139762,0.963485218,1.03574445,0,0,0,0,2.644143159,1.937434512,2.186666421,2.321928095,0,0,0,0,0,0,0,0,0,0,0,0
UFD1,0,0,0,0,0,0,0,0,1.453839514,0,0,0,0,0,0,0,0,0,0,0,0,0,1.858228386,2.2550935,1.473143559,2.321928095,0,0,0,0,0,0,0,0,0,0,0,0
UFL1,2.316116017,1.941625202,2.56684197,1.540237874,0.968891745,1.880020556,1.839113208,1.924256156,2.163087258,0,0,0,0,0,0,0,0,0,0,0,0,0,0,0,0,0,0,0,0,0,0,0,0,0,0,0,0,0
UFM1,0,0,0,0,0,0,0,0,0,0,0,0,0,0,0,0,0,0,0,0,0,0,0,2.2550935,0.916958742,0,0,0,0,0,0,0,0,0,0,0,0,0
UFSP2,0,0,0,0,0,0,0,0,0,0,0,0,0,0,0,0,0,0,0,0,0,0,0,0,0,0,0,0,0,0,0,0,0,0,0,0,0,0
UGDH,4.850963489,4.731858388,5.276466058,4.327992353,4.463452526,4.97188537,4.251363295,3.812010579,4.507288193,5.715995085,5.735233264,5.467568858,4.698352774,4.507465521,4.913879483,4.209599094,3.837964422,4.236715467,4.706614804,5.268287202,4.831133308,5.121383491,1.858228386,3.383238525,2.85138244,0,3.947899965,3.77960348,3.913226003,3.540486385,0,0,0,0,0,0,0,0
UGGT1,0,0,0,3.936702387,4.583523545,4.368714044,3.605364131,3.991758476,2.163087258,4.024863517,4.060116522,4.721657506,6.299529109,6.137017777,6.196955053,5.532907712,5.482225189,5.654150532,4.179630012,3.901441717,4.698689158,3.18810514,5.69382198,5.532436287,5.785968478,6.339850003,0,0,0,0,0,0,0,3.241403097,3.581002772,0,2.598717113,0
UGGT2,2.316116017,1.533191662,0,1.949586033,1.543333959,0,0,0,0,0,0,0,0,0,0,0,0,0,0,0,0,0,0,0,0,0,0,0,0,0,0,0,0,0,0,0,0,0
UGP2,2.578907744,3.251589451,2.56684197,5.425772809,5.523399232,5.673603256,2.810463839,3.079707418,2.636470024,4.793726137,4.563770935,4.558551138,7.180047803,7.004079562,6.852656624,4.209599094,4.452880697,4.459656255,5.091765641,4.852343856,4.698689158,3.719314538,5.335723518,5.377358485,5.387294247,6.285402219,1.380514028,1.373875901,1.931003366,0,0,0,3.986902457,5.526842447,5.653976914,5.63977081,4.970157178,5.375141293
UGT1A10,0,0,0,0,0,0,0,0,0,0,0,0,0,0,0,0,0,0,0,0,0,0,0,0,0,0,0,0,0,0,0,0,2.795384697,1.933211842,2.69678497,0,0,0
ULK3,0.996370196,0.961347078,0,0,0,0,0,0,0,0,0,0,0,0,0,0,0,0,0,0,0,0,0,0,0,0,1.380514028,1.373875901,1.931003366,2.013916734,0,0,0,0,0,0,0,0
UMPS,1.994551864,2.519953374,2.919685889,0,0,0,0,0,0,1.950337883,2.164986415,0.956200116,0,0,0,0,0,0,0,0,0,1.234105921,0,0,0,0,0,0,0,0,0,0,0,0,0,0,0,0
UNC119B,0,0,0,0,0,0,0,0,0,0,0,0,0,0,0,0,0,0,0,0,0,0,0,0,0,0,0,0,0,0,0,0,0,0,0,0,0,0
UNC45A,1.994551864,1.533191662,2.351701379,2.528836668,1.953082406,1.47881758,0.894759661,0.9499485,1.453839514,2.529675346,2.638521785,1.526262086,1.546060213,0,1.003619168,0,0,0,0,0,0,0,0,0,0,0,0,0,0,0,0,0,0,0,0,0,0,0
UPF1,4.452494049,4.013822575,4.252380623,4.792748321,4.332473679,4.544734225,4.315030162,3.991758476,4.331488349,4.107103517,3.982732963,3.724923947,1.546060213,3.214705715,3.006327599,0,0,0,2.145448836,2.076463354,3.753201815,3.86032243,0,0.958592587,0,0,0,0,0,0,0,0,0,0,0,0,2.598717113,2.600000002
UPF2,0,0,1.791837015,0.966587184,1.543333959,0,0,0.9499485,0.90279184,0,0,0,0,0,0,0,0,0,0,0,0,0,0,0,0,0,0,0,0,0,0,0,0,0,0,0,3.474430172,0
UQCRC1,0,0,0,0,0,0,0,0,0,0,0,0,0,0,0,0,0,0,0,0,0,0,0,0,0,0,0,0,0,0,0,0,0,0,0,0,0,0
UQCRC2,0,0,0,0,0,0,0,0,0,0,0,0,0,0,0,0,0,0,0,0,0,0,0,0,0,0,0,0,0,0,0,0,0,0,0,0,0,0
UROD,0.996370196,0.961347078,0.864613417,0.966587184,1.543333959,2.193583806,3.385748712,3.079707418,3.401423861,3.1108756,2.827430592,3.091114753,1.546060213,1.025359956,1.003619168,1.61308057,1.53606782,1.03574445,1.714955817,2.894418153,1.168913826,2.338300494,1.459649025,0.958592587,1.473143559,0,0,0,0,0,0,0,0,0,0,0,0,0
USO1,0.996370196,1.533191662,1.791837015,2.749592966,2.532736393,2.669391044,2.810463839,2.911236342,3.401423861,3.639070203,3.90096226,3.378779227,2.757142261,2.626984775,3.006327599,1.021139762,0.963485218,1.632427638,1.714955817,3.260114038,0,1.889360771,0,0,0,0,0,0,0,0,0,0,0,0,0,0,0,0
USP10,2.316116017,2.519953374,2.754024153,0.966587184,0.968891745,1.47881758,0,0,0,0.96708259,1.853383544,0.956200116,0,0,0,0,0,0,0,0,0,0,0,0,0,0,0,0,0,0,0,0,0,0,0,0,0,0
USP14,3.800606572,3.734726159,3.642923751,4.257767468,4.028337769,4.168194276,4.95770589,4.70921893,4.974475223,4.39592324,4.394828067,4.237538143,3.852128841,3.631120459,3.591590723,3.207295283,3.255521121,3.232871055,3.168326031,3.901441717,3.457776598,4.215726552,1.858228386,2.926737964,2.443780137,1.584962501,0,1.373875901,1.931003366,1.333072201,0,0,2.795384697,0,0,2.829306972,3.474430172,0
USP19,0,0,1.401468483,0,0.968891745,0,0,0,0,0,0,0,0,0,0,0,0,0,0,0,0,0,0,0,0,0,0,0,0,0,0,0,0,0,0,0,0,0
USP24,2.801126798,2.931662233,3.202968816,2.268089723,2.753608502,2.193583806,0,0,0,3.399011692,3.517762757,2.922454862,0.970922069,0,0,0,0,0,0,0,0,1.234105921,0,0,0,0,0,0,0,0,0,0,0,0,0,0,0,0
USP39,0,0.961347078,1.401468483,0.966587184,0,0.921132385,2.810463839,3.606636986,3.980443085,0,0,0,0,0,0,0,0,0,0,0,0,0,0,0,0,0,0,0,0,0,0,0,0,0,0,0,0,0
USP4,0.996370196,0,1.791837015,0,0,0,0,0,0,0.96708259,0.903929473,0.956200116,0,0,0,0,0,0,0,0,0,0,0,0,0,0,0,0,0,0,0,0,0,0,0,0,0,0
USP5,3.315387858,3.251589451,3.734739458,3.261216432,3.749037927,3.848399125,3.261982234,3.367096615,4.057818562,2.529675346,3.279702347,2.731434726,2.536168495,2.626984775,2.590989414,2.355604609,1.944875303,1.632427638,0,1.05142317,0,0,0,0.958592587,0.916958742,0,0,0,0,0,0,0,0,0,0,0,0,0
USP6NL,1.994551864,2.259576362,1.401468483,0,0,0,0,0,0,0,0,0,0,0,0,0,0,0,0,0,0,0,0,0,0,0,2.89033867,3.399164795,3.439119207,3.103821595,0,0,0,0,0,0,0,0
USP7,4.385395623,4.679497284,4.853444675,5.219558335,5.260632442,5.234104327,4.251363295,4.151572014,4.267782425,3.937650566,3.814276912,3.378779227,4.403400798,4.295606161,4.32879677,1.61308057,0,2.378701702,2.972434909,3.260114038,3.283768429,3.387705307,0,0,0,1,0,0,0,0,0,0,0,0,0,0,2.598717113,0
USP9X,5.240850503,5.245570117,5.697462608,4.458950855,4.694364685,4.017139547,0,0,0,5.064625813,5.265275131,4.61499383,0.970922069,1.025359956,3.176352815,0,0,0,2.745703037,3.260114038,2.246490367,4.106705299,0,0,0,0,0,0,0,0,0,0,0,1.933211842,0,0,0,0
UTP15,0,0.961347078,2.56684197,0,0,0,0,0,0,0,0,0,0,0,0,0,0,0,0,0,0,0,0,0,0,0,0,0,0,0,0,0,0,0,0,0,0,0
UTP18,0,0,1.791837015,0,0,0,0,0,0,0,0,0,0,0,0,0,0,0,0,0,0,0,0,0,0,0,0,0,0,0,0,0,0,0,0,0,0,0
UTP20,0.996370196,0,1.401468483,0,0,0,0,0,0,0,0,0,0,0,0,0,0,0,0,0,0,0,0,0,0,0,0,0,0,0,0,0,0,0,0,0,0,0
UTP3,0,0,1.401468483,0,0,0,0,0,0,0,0,0,0,0,0,0,0,0,0,0,0,0,0,0,0,0,0,0,0,0,0,0,0,0,0,0,0,0
UTP4,2.801126798,2.259576362,3.202968816,0.966587184,0.968891745,0,0,0,0,0,0,0,0,0,0,0,0,0,0,0,0,0,0,0,0,0,0,0,0,0,0,0,0,0,0,0,0,0
UTRN,0,0,0,0,0,0,0,0,0,0,0,0,0,0,0,0,0,0,0,0,0,0,0,0,0,0,0,0,0,0,0,0,0,0,0,0,0,0
UXS1,3.163465689,3.100475979,1.401468483,0.966587184,1.543333959,0,0,0.9499485,0.90279184,0,0,0,0,0,0,0,0,0,0,0,0,0,0,0,0,0,0,0,0,0,0,0,0,0,0,0,0,0
VAC14,1.58012073,1.533191662,1.791837015,0.966587184,0.968891745,0,0,0,0,2.268893588,1.455392216,0.956200116,0,0,0,0,0,0,0,0,0,0,0,0,0,0,0,0,0,0,0,0,0,0,0,0,0,0
VAMP3,1.58012073,0.961347078,1.401468483,0,0,0,0,0,0,1.540903575,0,0,0,0,0,0,0,0,0,0,0,0,0,0,0,0,2.538745146,2.88100595,2.728226634,2.474606879,2.867824406,0,1.989531496,0,0,0,0,0
VAMP8,1.58012073,0.961347078,0,0,0,0,0,0,0,0,0,0,0,0,0,0,0,0,0,0,0,0,0,0,0,0,3.172816473,2.529815193,2.728226634,3.103821595,3.76545739,0,3.309356743,2.7307681,0,0,0,0
VANGL1,0,0,0,0,0,0,0,0,0,0,0,0,0,0,0,0,0,0,0,0,0,0,0,0,0,0,1.380514028,1.373875901,1.266997295,2.013916734,2.053047961,0,1.989531496,1.933211842,0,0,0,0
VAPA,0,0,0,0,0,0,0.894759661,1.51783371,1.453839514,0,0,0,0,0,0,0,0,0,0,0,0,0,0,0.958592587,0.916958742,0,0,0,0,0,0,0,0,0,0,0,0,0
VARS,0,0,0,0,0,0,0,0,0,0,0,0,0,0,0,0,0,0,0,0,0,0,0,0,0,0,0,0,0,0,0,0,0,0,0,0,0,0
VARS1,5.240850503,5.209095795,5.65108331,4.978872542,4.583523545,4.598938406,3.126593151,3.606636986,3.141943704,5.105213771,4.936368817,4.721657506,3.944989053,3.95387427,4.32879677,0,0,0,4.085769758,4.556063982,3.283768429,4.106705299,0,0,0,0,0,0,0,0,0,0,0,0,0,0,0,0
VASP,2.578907744,2.740444656,2.754024153,3.261216432,2.271827737,2.193583806,1.442864021,1.51783371,1.851615862,2.529675346,2.164986415,1.526262086,0.970922069,1.025359956,1.003619168,1.021139762,0.963485218,1.03574445,0,0,0,0,0.90705003,1.529484238,0.916958742,1,2.89033867,3.163224167,3.005940259,3.338612139,0,0,0,0,0,0,0,0
VAT1,0.996370196,0.961347078,2.351701379,1.949586033,2.271827737,2.193583806,2.149649735,1.924256156,2.419108186,3.262125066,3.144111598,3.091114753,1.546060213,2.037874702,1.589786044,0,0,1.03574445,1.098576504,2.403347751,1.168913826,0,0,0,0,0,0,0,1.266997295,0,0,0,0,0,0,0,0,0
VAV3,4.16306102,3.734726159,3.068269276,0,0,0,0,0,0,2.268893588,0,2.251195448,0,0,0,0,0,0,0,0,0,1.234105921,0,0,0,0,4.900383898,4.965392779,4.86453437,5.040327289,4.06601068,2.069533795,3.309356743,1.933211842,0,0,0,0
VBP1,2.316116017,2.259576362,2.351701379,3.523102099,3.402362581,3.65727565,3.795922944,3.812010579,3.812006199,3.1108756,3.403637312,3.503618698,3.852128841,3.95387427,3.707114185,4.039386317,4.017943275,3.972912998,3.340770694,3.08882233,3.457776598,2.338300494,3.989004793,3.729484261,4.229789149,3.584962501,0,0,0,0,0,0,0,1.933211842,0,0,0,0
VCL,2.578907744,2.519953374,1.791837015,5.518786163,5.693175536,5.862710869,6.210242927,6.028888575,5.971482009,4.459919147,5.091865239,5.497901882,6.208811107,6.424725759,6.416535377,6.861787045,6.694902745,6.728153567,3.340770694,3.413209566,3.998293229,3.988767131,6.577766875,6.71115676,6.713026384,6.409390936,3.947899965,4.329116984,4.371030583,4.146756747,0,2.886554086,3.986902457,4.373878798,0,0,0,0
VCP,6.259612412,6.430309382,6.17819867,7.720597915,7.850253994,8.07667616,5.643282076,5.423953463,5.295206777,7.18177244,6.992287496,7.040967113,7.918763855,7.764292006,7.700681401,5.467276583,5.627920928,5.74169792,8.245456354,8.013560561,8.273145727,7.736873845,5.204903504,5.20358086,5.003808168,4.807354922,4.820760544,4.965392779,4.932563547,4.825223333,0,0,1.989531496,1.933211842,0,0,0,0
VCPIP1,0,0,0,0,0,0,0,0,0,0,0,0,0,0,0,0,0,0,0,0,0,0,0,0,0,0,0,0,0,0,0,0,0,0,0,0,0,0
VDAC1,0,0,0,0,0,0,0,0,0,0,0,0,0,0,0,0,0,0,0,0,0,0,0,0,0,0,0,2.064647663,1.931003366,2.013916734,2.053047961,0,3.986902457,4.163037251,2.69678497,0,0,0
VDAC2,0,0,0,0,0,0,0,0,0,0,0,0,0,0,0,0,0,0,0,0,0,0,0,0,0,0,0,0,0,0,0,0,1.989531496,2.7307681,2.69678497,0,0,0
VEGFA,0,0,0,0,0,0,0.894759661,0.9499485,1.453839514,0,0,0,0,0,0,1.021139762,0,1.03574445,0,0,0,1.234105921,2.170190716,2.2550935,2.186666421,1.584962501,0,0,0,0,0,0,0,0,0,0,0,0
VIL1,4.747888606,4.679497284,4.313216014,5.326346899,5.260632442,4.97188537,5.458283757,5.600566771,5.530551215,5.064625813,5.091865239,5.001188226,4.897375415,4.855870816,5.254967013,4.994835424,4.629378472,4.822957165,2.972434909,4.094962341,3.283768429,3.18810514,4.276448399,4.563274934,4.479950965,2.807354922,5.181080541,5.350195761,5.284597102,5.339993805,2.053047961,0,3.309356743,3.241403097,4.519429818,3.724066632,4.408026318,3.475828426
VIM,0,0,0,0,0,0,0,0,0,0,0,0,0,0,0,0,0,0,0,0,0,0,0,0,0,0,0,0,0,0,0,0,0,0,0,0,0,0
VIRMA,0,0,0,1.949586033,2.532736393,2.451014583,0.894759661,0.9499485,0.90279184,0,0,0,0,0,0,0,0,0,0,0,0,0,0,0,0,0,0,0,0,0,0,0,0,0,0,0,0,0
VLDLR,0,0,0,0,0,0,0,0,0,0,0,0,1.546060213,1.025359956,1.003619168,1.021139762,1.53606782,1.03574445,0,0,0,0,0.90705003,0,0,2.321928095,0,0,0,0,0,2.069533795,0,0,0,0,0,0
VPS13A,0,0,0,0,0,0,0,0,0,0,0,0,0,0,0,0,0,0,0,0,0,0,0,0,0,0,0,0,0,0,0,0,0,0,0,0,0,0
VPS13C,0,0,0,4.689831351,4.399449,3.848399125,0,0,0,1.540903575,1.455392216,0.956200116,1.956160331,2.850560031,3.176352815,0,0,0,1.714955817,1.05142317,0,1.234105921,0,0,0,0,0,0,0,0,0,0,0,0,0,0,0,0
VPS18,1.58012073,1.941625202,1.401468483,0.966587184,0,0,0,0,0,0.96708259,1.455392216,0,0,0,0,0,0,0,0,0,0,0,0,0,0,0,0,0,0,0,0,0,0,0,0,0,0,0
VPS25,0.996370196,0.961347078,0,0,0,0,0.894759661,0.9499485,0.90279184,0,0.903929473,0,0,0,0,0,0,0,0,0,0,0,0,0,0,0,3.172816473,2.064647663,3.005940259,2.474606879,0,0,0,0,0,0,0,0
VPS26A,2.316116017,1.941625202,2.098758683,3.63813725,3.749037927,3.312666648,3.703787505,3.606636986,3.621272161,2.941892081,2.827430592,2.511206051,2.948722432,2.626984775,2.327714414,1.61308057,1.53606782,2.053289965,1.714955817,1.05142317,2.246490367,2.9563868,3.000298925,2.926737964,2.85138244,3,0,0,0,0,0,0,0,0,0,0,0,0
VPS28,4.080622667,4.173790108,2.56684197,0,0,0,0,0,0,0,0,0,0,0,0,0,0,0,0,0,0,0,0,0,0,0,4.736484697,4.636617942,4.46591069,4.572331312,0,0,0,0,0,0,0,0
VPS29,2.578907744,2.259576362,2.754024153,2.749592966,2.271827737,2.193583806,2.621946525,2.500551849,2.419108186,2.750456577,1.853383544,2.251195448,1.546060213,1.618677671,1.589786044,1.021139762,0.963485218,1.03574445,1.714955817,1.653127323,2.246490367,1.889360771,0,0,0,0,0,1.373875901,1.266997295,1.333072201,0,0,0,0,0,0,0,0
VPS33A,0,0,0,0,0,0,0,0,0,0,0,0,0,0,0,0,0,0,0,0,0,0,0,0,0,0,0,0,0,0,0,0,0,0,0,0,0,0
VPS33B,0,0,0,0,0,0,0,0,0,0,0,0,0,0,0,0,0,0,0,0,0,0,0,0,0,0,0,0,0,0,0,0,0,0,0,0,0,0
VPS35,4.850963489,4.968462577,4.724999573,5.219558335,5.186716361,5.090143659,5.513604632,5.258222963,5.295206777,4.521196453,4.563770935,4.438575266,4.114498637,3.95387427,4.176753604,3.036793753,2.935479543,3.385643851,3.494786352,3.901441717,4.106809436,4.106705299,1.858228386,2.2550935,1.873574051,0,0,2.064647663,1.266997295,1.333072201,0,0,0,0,0,0,0,0
VPS36,2.316116017,2.740444656,2.098758683,0,0,0,0,0,0,0,0,0,0,0,0,0,0,0,0,0,0,0,0,0,0,0,2.072868086,2.529815193,2.728226634,2.013916734,0,0,0,0,0,0,0,0
VPS37B,4.16306102,4.096022377,2.56684197,0,0,0,0,0,0,0.96708259,0,0,0,0,0,0,0,0,0,0,0,0,0,0,0,0,5.115858731,4.54121905,4.371030583,4.375179769,4.06601068,0,0,0,0,0,0,0
VPS37C,0,0,0,0,0,0,0,0,0,0,0,0,0,0,0,0,0,0,0,0,0,0,0,0,0,0,0,0,0,0,0,0,0,0,0,0,0,0
VPS45,0.996370196,0.961347078,0.864613417,0,0.968891745,0.921132385,0.894759661,0.9499485,1.453839514,0.96708259,0,0,0,0,0,0,0,0,0,0,0,0,0,0,0,0,0,0,0,0,0,0,0,0,0,0,0,0
VPS4A,0,0,0,0,0,0,0,0,0,0,0,0,0,0,0,0,0,0,0,0,0,0,0,0,0,0,2.89033867,2.529815193,1.931003366,2.823248847,0,0,0,0,0,0,0,0
VPS4B,3.800606572,3.734726159,2.919685889,0,0,0,0,0,0.90279184,2.750456577,2.638521785,2.511206051,0.970922069,0,1.003619168,0,0,0,1.098576504,1.05142317,0,1.234105921,0,0,0,0,4.551550277,4.726097906,4.86453437,4.972128369,3.385355532,0,2.795384697,0,0,0,0,0
VPS51,1.994551864,1.941625202,2.56684197,0.966587184,0,0,0,0,0,1.540903575,1.853383544,1.526262086,0.970922069,0,0,0,0,0,0,0,0,0,0,0,0,0,0,0,0,0,0,0,0,0,0,0,0,0
VPS52,0.996370196,0.961347078,2.56684197,0.966587184,0,0,0,0.9499485,0.90279184,1.950337883,0.903929473,0,0,0,0,0,0,0,0,1.05142317,0,0,0,0,0,0,0,0,0,0,0,0,0,0,0,0,0,0
VPS53,0,0,0,0,0,0,0,0,0,0,0,0,0,0,0,0,0,0,0,0,0,0,0,0,0,0,0,0,0,0,0,0,0,0,0,0,0,0
VRK1,0,0,1.791837015,0,0,0,0,0,0,0,0,0,0,0,0,0,0,0,0,0,0,0,0,0,0,0,0,0,0,0,0,0,0,0,0,0,0,0
VSNL1,0,0,0,0,0,0,0,0,0.90279184,0.96708259,0.903929473,0.956200116,0.970922069,1.025359956,1.003619168,0,0.963485218,0,0,0,0,1.234105921,0.90705003,0.958592587,0.916958742,1,4.090524219,3.601888181,3.439119207,3.338612139,0,0,0,1.933211842,0,0,0,0
VTA1,2.578907744,2.519953374,1.401468483,0,0,0,0,1.51783371,0.90279184,0.96708259,0.903929473,0,0,0,0,0,0,0,0,0,0,0,0,0,0,0,3.408938331,3.163224167,3.005940259,2.823248847,2.053047961,0,1.989531496,1.933211842,0,0,0,0
VTI1B,0,0,0,0,0,0,0,0,0,0,0,0,0,0,0,0,0,0,0,0,0,0,0,0,0,0,1.380514028,1.373875901,1.931003366,1.333072201,2.053047961,0,1.989531496,0,0,0,0,0
VTN,2.801126798,2.931662233,2.56684197,2.749592966,2.271827737,2.451014583,1.442864021,2.240990417,1.453839514,0,0,0,0,0,0,0,0,0,0,0,0,0,0,0,0,0,0,0,0,0,0,0,0,0,0,0,0,0
VWA2,4.385395623,4.56870409,4.252380623,4.74220736,4.797294216,4.368714044,4.917250524,4.602593015,4.392499739,0,0,0,0,0,0,0,0,0,0,0,0,0,0,0,0,0,0,0,0,0,0,0,0,0,0,0,0,0
WARS,0,0,0,0,0,0,0,0,0,0,0,0,0,0,0,0,0,0,0,0,0,0,0,0,0,0,0,0,0,0,0,0,0,0,0,0,0,0
WARS1,2.578907744,2.519953374,2.351701379,4.183948616,3.402362581,4.017139547,4.315030162,4.151572014,3.719788928,4.793726137,4.762065226,4.772170812,4.114498637,4.507465521,4.46633308,4.361832367,3.632289151,4.389102439,3.633934435,4.343856945,4.552845745,4.94259963,2.833183695,2.735625828,2.443780137,0,1.380514028,0,0,0,0,0,0,0,0,0,0,0
WASF2,0.996370196,0.961347078,1.401468483,2.268089723,1.543333959,0.921132385,0,0,0,1.540903575,0.903929473,1.526262086,0,0,0,0,0,0,0,1.653127323,0,0,0,0,0,0,2.538745146,2.529815193,3.005940259,2.474606879,0,0,0,0,0,0,0,0
WASHC4,1.58012073,1.941625202,1.401468483,1.540237874,1.953082406,1.47881758,0,0,0,1.540903575,2.164986415,1.526262086,0,1.025359956,1.003619168,0,0,0,1.098576504,1.05142317,1.168913826,1.234105921,0,0,0,0,0,1.373875901,0,0,0,0,0,0,0,0,0,0
WASHC5,0,0,1.791837015,0.966587184,0.968891745,0.921132385,0,0,0,1.950337883,1.455392216,0.956200116,0,0,0,0,0,0,0,0,0,0,0,0,0,0,0,0,0,0,0,0,0,0,0,0,0,0
WASL,0,0,0,0,0,0,0,0,0,0,0,0,0,0,0,0,0,0,0,0,0,0,0,0,0,0,1.380514028,2.064647663,1.931003366,1.333072201,0,0,0,0,0,0,2.598717113,0
WDFY1,2.578907744,2.519953374,2.919685889,0.966587184,0.968891745,0,0,0,0,1.950337883,2.164986415,1.526262086,0,0,0,0,0,0,0,0,0,0,0,0,0,0,0,0,0,0,0,0,0,0,0,0,0,0
WDR1,4.315023641,4.509944325,4.313216014,4.39495704,4.110590354,4.429804965,4.875627918,4.759715303,4.849487895,5.105213771,5.232220663,4.913893759,4.192326201,4.134834924,4.176753604,4.287722758,4.017943275,3.765752776,4.267755043,5.004709356,4.390583544,4.66348089,3.285708808,3.729484261,3.543195199,2.584962501,3.408938331,3.77960348,4.041997863,4.017375043,0,0,0,0,0,0,0,0
WDR11,0,0,2.098758683,0,0,0,0,0,0,0,0,0,0,0,0,0,0,0,0,0,0,0,0,0,0,0,0,1.373875901,0,0,0,0,0,0,0,0,0,0
WDR12,2.801126798,1.941625202,2.754024153,2.268089723,1.543333959,2.193583806,2.405039482,2.720458447,3.719788928,2.529675346,2.421096055,1.933791208,0,0,0,0,0,0,0,1.05142317,1.168913826,2.680193992,0,0,0,0,0,0,0,0,0,0,0,0,0,0,3.474430172,0
WDR18,0,0,0.864613417,0,0,0,0,0,0,1.950337883,1.455392216,0.956200116,0,0,0,0,0,0,0,0,0,0,0,0,0,0,0,0,0,0,0,0,0,0,0,0,0,0
WDR26,1.58012073,0.961347078,2.098758683,0.966587184,0,0,0,0,0,1.540903575,1.455392216,0,0,0,0,0,0,0,1.098576504,0,1.168913826,1.234105921,0,0,0,0,0,0,0,0,0,0,0,0,0,0,0,0
WDR3,0.996370196,0.961347078,1.401468483,0.966587184,0.968891745,0.921132385,0,0,0,0,0,0,0,0,0,0,0,0,0,0,0,0,0,0,0,0,0,0,0,0,0,0,0,0,0,0,0,0
WDR33,2.993641837,2.519953374,2.919685889,0,0,0,0,0,0,0,0,0,0,0,0,0,0,0,0,0,0,0,0,0,0,0,0,0,0,0,0,0,0,0,0,0,0,0
WDR4,0,0,1.401468483,0,0,0,0,0,0,0,0,0,0,0,0,0,0,0,0,0,0,0,0,0,0,0,0,0,0,0,0,0,0,0,0,0,0,0
WDR43,1.58012073,0.961347078,1.401468483,0.966587184,0.968891745,0,1.839113208,1.924256156,1.453839514,0,0,0,0,0,0,0,0,0,0,0,0,0,0,0,0,0,0,0,0,0,0,0,0,0,0,0,0,0
WDR48,0,0,0,0,0,0,0,0,1.851615862,0,0,0,0,0,0,0,0,0,0,0,0,0,0,0,0,0,0,0,0,0,0,0,0,0,0,0,0,0
WDR5,0,0,0.864613417,0.966587184,0.968891745,1.47881758,2.149649735,1.924256156,2.636470024,0.96708259,0,0,0,0,0,0,0,0,0,0,0,0,0.90705003,0.958592587,0.916958742,0,0,0,0,0,0,0,0,0,4.519429818,2.829306972,4.408026318,4.016906216
WDR61,0.996370196,1.941625202,3.068269276,0.966587184,0.968891745,1.880020556,0.894759661,0,0.90279184,1.540903575,1.455392216,1.526262086,0,0,0,0,0,0,0,0,0,0,0,0,0,0,0,0,0,0,0,0,0,0,0,0,0,0
WDR75,0,0,3.068269276,0,0,0,0,0,0,0,0,0,0,0,0,0,0,0,0,0,0,0,0,0,0,0,0,0,0,0,0,0,0,0,0,0,0,0
WDR77,3.163465689,2.931662233,3.544865169,3.63813725,3.84826838,3.43690954,0,1.51783371,2.163087258,2.941892081,2.638521785,2.731434726,2.948722432,3.214705715,3.006327599,0,0,0,1.714955817,2.076463354,0,1.889360771,0,0,0,0,0,0,0,0,0,0,0,0,0,0,0,0
WDR82,2.993641837,2.740444656,3.068269276,0,0,0,0.894759661,0.9499485,1.453839514,1.950337883,1.853383544,1.526262086,0,0,0,0,0,0,0,0,0,0,0,0,0,0,0,0,0,0,0,0,0,0,0,0,2.598717113,0
WDR92,0.996370196,0,1.401468483,0,0,2.193583806,0.894759661,0.9499485,1.453839514,0,0,0,0.970922069,1.025359956,1.003619168,0,0,0,0,0,0,0,0,0,0,1,0,0,0,0,0,0,0,0,0,0,0,0
WHSC2,0,0,0,0,0,0,0,0,0,0,0,0,0,0,0,0,0,0,0,0,0,0,0,0,0,0,0,0,0,0,0,0,0,0,0,0,0,0
WLS,0,0,0,0,0,0,0,0,0,0,0,0,0,0,0,0,0,0,0,0,0,0,0,0,0,0,2.072868086,2.064647663,2.383995806,2.474606879,2.053047961,0,1.989531496,0,0,0,0,0
WNT11,1.58012073,1.941625202,0,0.966587184,0.968891745,0,0,0,0,0,0,0,0,0,0,0,0,0,0,0,0,0,0,0,0,0,0,0,0,0,0,0,0,0,0,0,0,0
WNT5B,2.316116017,1.941625202,0,0,0,0,0,0,0,0,0,0,0,0,0,0,0,0,0,0,0,0,0,0,0,0,0,0,0,0,0,0,0,0,0,0,0,0
WRAP53,0,0,0,0,0,0,0,0,0,0,0,0,0,0,0,0,0,0,0,0,0,0,0,0,0,0,0,0,0,0,0,0,0,0,0,0,0,0
WTAP,0,0,0,0,0,0,0,0,0,0,0,0,0,0,0,0,0,0,0,0,0,0,0,0,0,0,0,0,0,0,0,0,0,0,0,0,0,0
WWP1,0,0,0,0,0,0,0,0,0,0,0,0,0,0,0,0,0,0,0,0,0,0,0,0,0,0,0,0,0,0,0,0,0,0,0,0,0,0
WWP2,1.58012073,1.533191662,0,0,0,0,0,0,0,0,0,0,0,0,0,0,0,0,0,0,0,0,0,0,0,0,1.380514028,0,1.266997295,0,0,0,0,0,0,0,0,0
X,0,0,0,0,0,0,0,0,0,0,0,0,0,0,0,0,0,0,0,0,0,0,0,0,0,0,0,0,0,0,0,0,0,0,0,0,0,0
XAB2,0.996370196,0.961347078,1.401468483,0,0,0,0,0,0,0,0,0,0,0,0,1.021139762,0,0,0,0,0,0,0,0,0,0,0,0,0,0,0,0,0,0,0,0,0,0
XPNPEP1,3.163465689,3.251589451,3.326158875,3.843880539,4.188405325,3.65727565,4.041541069,3.904682107,3.812006199,0.96708259,2.827430592,2.731434726,5.030471481,5.002883195,4.913879483,4.287722758,4.452880697,4.822957165,0,0,0,0,4.570182849,4.918663183,5.081545906,4.857980995,0,0,0,0,0,0,0,1.933211842,0,0,0,0
XPNPEP3,0,0,0,0,0,0,0,0,0,0,0,0,2.275117866,2.037874702,1.589786044,2.031594606,0.963485218,2.378701702,0,0,0,0,0,1.529484238,0.916958742,0,0,0,0,0,0,0,0,0,0,0,0,0
XPO1,5.720789177,5.678008154,5.869368502,5.933463418,5.796186983,5.723254343,5.400756696,5.423953463,5.446730976,5.767481936,5.848625666,5.667614714,5.030471481,5.093177717,5.328977084,3.846371158,2.263052434,3.873048029,4.574625855,4.852343856,4.627609598,5.423679386,3.000298925,3.383238525,3.018820504,0,0,1.373875901,1.931003366,0,0,0,0,0,0,0,0,0
XPO4,3.452825167,3.513288396,4.052779486,3.261216432,2.753608502,1.880020556,0,0,0,2.941892081,3.144111598,2.511206051,0,0,0,0,0,0,0,0,0,1.234105921,0,0,0,0,0,0,0,0,0,0,0,0,0,0,0,0
XPO5,3.693731392,3.926654829,4.188866565,3.523102099,3.527408274,3.551296021,1.442864021,0.9499485,0.90279184,4.024863517,4.133559819,3.724923947,2.536168495,2.626984775,3.328436075,0,0,0,1.714955817,2.669676924,1.806054709,2.680193992,0,0,0,0,0,0,0,0,0,0,0,0,0,0,0,0
XPO6,1.58012073,1.941625202,2.098758683,0,0,0,0,0,0,0.96708259,0,0,0,0,0,0,0,0,0,0,0,0,0,0,0,0,0,0,0,0,0,0,0,0,0,0,0,0
XPO7,4.16306102,3.833879792,4.583991197,2.941009732,2.753608502,2.669391044,0,0,0,3.262125066,3.62351829,2.251195448,1.546060213,1.025359956,2.005425354,0,0,0,1.714955817,2.076463354,0,3.18810514,0,0,0,0,0,0,0,0,0,0,0,0,0,0,0,0
XPOT,2.801126798,3.388364695,3.734739458,3.398093484,3.527408274,3.312666648,0.894759661,0.9499485,0.90279184,3.524028291,3.62351829,2.922454862,0,1.025359956,1.003619168,0,0,0,1.098576504,1.05142317,1.168913826,2.9563868,0,0,0,0,0,0,0,0,0,0,0,0,0,0,0,0
XRCC5,5.202381538,5.315863697,5.80727926,5.71499999,5.719626117,6.143656251,5.278326981,5.148801409,5.229841123,4.889790045,4.563770935,4.913893759,5.986548409,5.804253927,5.788457875,4.127001517,4.388900024,4.389102439,5.273041649,5.38397338,5.705573371,5.329780226,2.644143159,4.008505655,4.008829657,3.169925001,0,0,0,0,0,0,3.687544579,2.7307681,0,0,0,0
XRCC6,5.03734616,5.053212244,5.764350396,5.840426069,5.820830263,6.214810297,5.246024371,5.148801409,5.583842559,5.327336026,5.091865239,5.235249303,6.071385419,6.115633274,6.136409277,4.361832367,4.452880697,4.591186809,6.070456114,6.187102915,6.31561483,6.100510127,3.150050254,3.828609566,3.747798963,4,0,0,0,0,0,0,5.195857898,5.769820685,4.125209993,3.724066632,3.474430172,2.600000002
XRN2,2.316116017,2.259576362,3.068269276,3.744673432,4.110590354,4.238176971,4.376005728,4.487453229,4.392499739,0,0,0,2.948722432,2.362292771,3.176352815,3.359759433,2.263052434,2.644053871,0,0,0,1.234105921,2.833183695,2.5152748,3.543195199,2.584962501,0,0,0,0,0,0,0,0,0,0,0,0
XYLB,0,0,1.401468483,0,0,0,0,0,0,0,0,0,0.970922069,0,0,0,0,0,0,0,0,0,0,0,0,0,0,0,0,0,0,0,0,0,0,0,0,0
XYLT1,0,0,0,0,0,0,2.149649735,2.500551849,0,0,0,0,0,0,0,0,0.963485218,0,0,0,0,0,0,0,0,0,0,0,0,0,0,0,1.989531496,0,0,0,0,0
XYLT2,0,0,0,0,0,0,1.442864021,1.51783371,0,0,0,0,0,0,0,0,0,0,0,0,0,0,0.90705003,0,0.916958742,0,0,0,0,0,0,0,0,0,0,0,0,0
YARS,0,0,0,0,0,0,0,0,0,0,0,0,0,0,0,0,0,0,0,0,0,0,0,0,0,0,0,0,0,0,0,0,0,0,0,0,0,0
YARS1,1.58012073,0.961347078,2.351701379,0,0.968891745,2.669391044,1.839113208,1.924256156,2.992305255,1.950337883,1.455392216,1.933791208,3.40611886,3.214705715,3.466005187,2.355604609,0.963485218,3.061983348,0,0,0,0,0.90705003,1.937434512,0.916958742,0,0,0,0,0,0,0,0,0,0,0,2.598717113,0
YBX1,1.994551864,2.259576362,2.754024153,4.023911454,3.941110664,4.094642998,3.261982234,3.491832663,2.636470024,3.844824317,3.517762757,3.916753108,2.757142261,3.044091598,3.176352815,4.209599094,4.177939306,4.314920033,0,1.05142317,0,0,0.90705003,3.383238525,3.304702086,0,0,0,0,0,0,0,0,0,0,0,0,0
YES1,4.080622667,4.096022377,2.919685889,0.966587184,0,0.921132385,0,0,0.90279184,2.529675346,0.903929473,2.251195448,0,0,0,0,0,0,1.098576504,0,0,0,0,0,0,0,5.415957758,5.653674256,5.479122139,5.227481751,3.385355532,2.069533795,2.795384697,1.933211842,0,0,0,0
YKT6,0.996370196,0.961347078,0,0,0,0,0,0,0,0,0,0,0,0,0,0,0,0,0,0,0,0,1.858228386,1.529484238,1.473143559,1,2.072868086,2.529815193,2.383995806,3.103821595,0,0,0,0,0,0,0,0
YTHDF3,0,0,0.864613417,0,0,0,0,0,0.90279184,0,0,0,0,0,0,0,0,0,0,0,0,0,0.90705003,1.529484238,0.916958742,0,0,0,0,0,0,0,0,0,0,0,0,0
YWHAB,3.800606572,4.013822575,3.544865169,4.023911454,3.84826838,4.094642998,5.035364569,4.426243371,4.934004092,3.844824317,3.814276912,4.086043188,4.192326201,3.95387427,3.814069025,5.128219809,5.09805419,4.875515913,2.745703037,3.551606284,3.085856525,2.338300494,5.335723518,4.962975508,5.043200573,5.087462841,4.646978729,4.726097906,4.638782042,4.825223333,4.06601068,2.886554086,3.309356743,2.7307681,0,0,0,0
YWHAE,3.800606572,3.513288396,3.326158875,4.520226243,4.332473679,5.012391479,5.87216654,5.830565195,6.276717994,4.743183871,4.936368817,5.270817342,5.334990485,5.21883351,5.094480012,6.34523122,6.599191531,6.279146321,4.429334296,3.901441717,5.009463116,4.94259963,7.46692603,7.116222409,7.196267279,7.577428828,5.70916816,5.742134157,5.231572187,5.105447314,4.314617226,2.886554086,3.986902457,3.617789703,0,0,0,0
YWHAG,3.452825167,3.734726159,3.068269276,3.63813725,3.84826838,4.094642998,4.597000907,4.426243371,4.561429755,3.844824317,4.203444751,4.163778281,4.587498857,4.134834924,4.254777207,4.947485184,5.3201458,5.022595905,3.87746897,3.793987451,3.457776598,3.387705307,5.718011556,5.20358086,5.155308149,5.209453366,4.551550277,4.8103507,4.718023325,4.972128369,4.314617226,2.069533795,2.795384697,2.7307681,0,0,0,0
YWHAH,3.578300868,3.513288396,4.052779486,3.109978656,3.84826838,3.935234957,4.184756539,3.991758476,4.267782425,2.750456577,3.279702347,3.242104959,3.269158334,3.214705715,3.466005187,4.209599094,4.321949729,4.154027448,1.098576504,2.076463354,0,1.889360771,4.459757716,4.379321162,4.421358596,4.321928095,4.339375044,4.08036687,4.16021177,4.375179769,2.053047961,0,1.989531496,1.933211842,0,0,0,0
YWHAQ,3.800606572,4.096022377,4.188866565,4.023911454,4.188405325,4.238176971,4.788597165,4.426243371,4.805297555,3.524028291,4.133559819,4.237538143,4.192326201,3.746915315,4.176753604,5.288812662,5.249846723,5.112928664,2.972434909,3.260114038,3.085856525,3.719314538,5.271795808,4.82573371,5.292399906,5.169925001,4.820760544,4.636617942,4.638782042,4.477120642,3.385355532,2.069533795,2.795384697,2.7307681,0,0,0,0
YWHAZ,4.16306102,4.173790108,3.979598316,4.579004779,4.583523545,5.267956809,5.913887698,5.732839191,6.581881256,4.579976752,5.128254847,5.497901882,4.943118734,5.136290526,5.292446585,6.656261876,6.845512625,6.624480092,4.706614804,4.681965718,5.064322944,4.80977991,7.50912491,7.367667025,7.675124069,7.62935662,6.4527767,6.150417422,6.03790207,6.147546001,5.494973884,4.086405932,4.63044284,3.617789703,2.69678497,0,2.598717113,0
ZC3H15,0,0,0.864613417,0.966587184,0.968891745,0.921132385,1.442864021,1.51783371,2.825330619,0.96708259,0.903929473,0.956200116,0.970922069,1.025359956,1.003619168,1.021139762,0,1.03574445,0,0,0,0,0,0,0,0,0,0,0,0,0,0,0,0,0,0,0,0
ZC3HAV1,0,0,0,0,0,0,0,0,0,0,0,0,0,0,0,0,0,0,0,0,0,0,0,0,0,0,2.072868086,2.064647663,2.383995806,2.013916734,0,0,0,0,0,0,0,0
ZDHHC20,3.315387858,3.388364695,2.754024153,0,0,0,0,0,0,1.540903575,0,1.526262086,0,0,0,0,0,0,0,0,0,1.234105921,0,0,0,0,3.789613418,3.937808665,3.913226003,3.717549031,3.76545739,3.404975348,3.687544579,3.241403097,0,0,0,0
ZDHHC5,0.996370196,0.961347078,0,0,0,0,0,0,0,0,0,0,0,0,0,0,0,0,0,0,0,0,0,0,0,0,1.380514028,1.373875901,1.931003366,2.013916734,0,0,0,0,0,0,0,0
ZDHHC9,0,0,0,0,0,0,0,0,0,0,0,0,0,0,0,0,0,0,0,0,0,0,0,0,0,0,0,0,0,0,0,2.886554086,3.309356743,2.7307681,0,0,0,0
ZFR,0,0,1.401468483,1.949586033,2.532736393,3.176707196,2.405039482,2.240990417,3.401423861,0,0,0,2.275117866,0,1.003619168,0,0.963485218,1.03574445,0,0,0,0,1.858228386,0.958592587,1.873574051,0,0,0,0,0,0,0,0,0,0,0,0,0
ZMYND8,0,0,1.401468483,0,0,0,0.894759661,0,0.90279184,0,0,0,0,0,0,0,0,0,0,0,0,0,0,0,0,1,0,0,0,0,0,0,0,0,0,0,0,0
ZNF207,0,0,0,0,0,0,0,0,1.453839514,0,0,0,0,0,0,0,0,0,0,0,0,0,0,0,0,0,0,0,0,0,0,0,0,0,0,0,0,0
ZNF638,0,0,0,0,0,0,0,0,0,0,0,0,0,0,0,0,0,0,0,0,0,0,0,0,0,0,0,0,0,0,0,0,0,0,0,0,0,0
ZNF732,0,0,0,0,0,0,0,0,0,0,0,0,0,0,0,0,0,0,0,0,0,0,0,0,0,0,0,0,0,0,0,0,0,0,0,0,0,0
ZW10,0,0.961347078,1.791837015,0,0.968891745,0,0,0,0,0,0,0,0,0,0,0,0,0,0,0,0,0,0,0,0,0,0,0,0,0,0,0,0,0,0,0,0,0
ZWILCH,0,0,0,0,0,0,0,0,0,0,0,0,0,0,0,0,0,0,0,0,0,0,0,0,0,0,0,0,0,0,0,0,0,0,0,0,0,0
ZZEF1,2.578907744,2.519953374,2.098758683,1.949586033,1.543333959,0.921132385,0,0,0,1.950337883,1.853383544,1.933791208,0,0,1.003619168,0,0,0,0,1.05142317,0,0,0,0,0,1,0,0,0,0,0,0,0,2.7307681,0,0,0,0