,Supermere_2D_S7,Supermere_2D_S8,Supermere_2D_S9,Supermere_3D_S16,Supermere_3D_S17,Supermere_3D_S18,Supermere_FPLC_S23,Supermere_FPLC_S24,Supermere_FPLC_S25,Supermere_FPLC_S26,S1_DiFi_FPLC_2uL,S2_DiFi_His_2uL,S3_CCCR_FPLC_2uL,S4_CCCR_His_2uL
TGFBI,8.64329251673108,8.36952629300792,8.558954251637,7.52855056270593,7.82036896477839,7.5570473424587,8.13181018321935,7.89504070608348,8.0500049961696,8.61569049702459,9.38165813718756,9.64782902141074,9.4078573373373,10.2669966342271
GPI,6.74555191810255,6.46877153668846,7.30950621381173,8.52076555350723,8.58018565180557,8.59514328815914,9.85081804472799,9.69963049959708,9.71266166476215,10.0097609544312,8.32112402249425,8.95774856848095,7.80684521314179,8.53091700545949
TKT,6.72322106632987,6.46877153668846,6.95923446757886,7.90049678246962,8.14682841227134,8.11869487926238,9.37698448498974,9.20671596664592,9.16111792875918,9.41134472908097,8.83647961947711,8.78455587350867,8.41285943870864,9.30638542805027
ENO1,6.98021629827693,6.81632337083637,7.10620153335125,8.11090615328919,8.32543652301842,8.17004304783899,8.25583241178956,8.31949885212608,8.00288072137796,8.21124530693553,7.70969684077074,6.94828872096954,8.14836936582561,6.26055033577755
ALDOA,6.33866616719255,6.10669660092957,6.00865087731172,7.68900478720172,7.73657134070163,7.89280722551026,8.01963578545725,8.57015135435705,8.57955773242816,7.00613218255848,8.29236028695268,8.51068523339028,8.09915840938832,8.32648371250021
LDHA,6.67749487304983,6.43936349650002,6.42742569350339,7.80818710052894,8.02596855570888,7.81106156352155,8.81657169903306,8.50697372153727,8.56665265037154,8.62272731374613,7.6655180700558,5.95992405207731,8.28037356080904,6.19996770983246
ACTN4,8.03466788043414,7.87175916410124,8.02907608939076,8.67856909879133,8.90204668737894,8.71062254312533,7.20006773504536,7.36417334017452,7.03684350441915,7.74721295905355,6.67260660199198,6.5273987125592,5.98928859793352,6.55471827092097
FLNB,7.73881370275787,7.65222513308852,7.58487808825798,7.77605632112487,7.7670608414035,7.7980638102104,7.24066592443078,7.28269196129744,7.30116538230099,7.54722930638134,7.47388777440187,7.29683755870571,5.79105723610292,5.92845883350099
LDHB,6.87273130503707,6.62060128970906,6.8170811057456,7.28545506816029,7.38993207041604,7.37646784429609,8.17853209022278,7.79867612807215,7.88827111983347,8.11970444948836,7.58479233822802,5.21909149385663,7.48433831306604,4.71274025418457
FLNA,7.02654558082172,7.13339519592592,7.0528278610413,7.19113562265538,7.06623502379583,7.25806787107921,6.60763928699579,6.82254338799602,6.86829120714813,6.81047459179525,7.52423397881695,7.43871315725982,7.0828738119022,7.14262639789927
CALR,4.97682740360042,5.48496874129076,5.329072195522,7.62550584114878,7.64760462344871,6.98740647233921,8.24389910105006,7.94885770479268,8.1657767257127,8.74385166205883,6.89934959714902,6.5468161549154,6.56666113552829,7.00775102191515
HSP90AA1,7.52954599900964,7.4384787280326,7.79991111012561,7.04778454943317,7.12391297000078,7.11865802549031,6.27384024604826,6.31670125732974,6.40031846088575,7.48680698582443,6.34863234560928,6.33977182855485,6.48144079876642,6.64838043854647
SPTAN1,7.86145984511009,7.73926604490382,7.44687249198078,8.53235312862319,8.43203044319991,8.40678187442626,6.59516901370998,6.51525914204944,6.47127978162392,7.08976417879773,5.85348944381222,5.5998353226857,4.59141921398203,4.79696315513653
YWHAE,5.81280216131732,5.77123161103569,6.21709619521258,6.28557253194126,6.53941040967152,6.21952318505323,7.40685735689582,7.05624968063272,7.13627055457094,7.51733444562587,7.5487631950295,6.33977182855485,7.24678212911767,7.37958182121838
PDIA4,5.81280216131732,5.67358153429534,5.69696020887404,7.04778454943317,7.07600957461008,6.95263908518367,7.0064711487639,6.8454246646072,6.97957638012428,7.28868924957318,7.19185794880139,6.88866476532617,6.7417816824866,7.26596349365776
TPI1,5.63283187346731,5.36497255488896,5.44409109583178,6.73661620471566,7.02646080023459,6.65396174899045,7.89291306983847,7.69541124030945,7.54436036314169,7.76640288469743,7.26770010837339,5.35747478365931,6.94643408068995,6.50550360693803
YWHAZ,5.85449331337311,5.67358153429534,6.52210781387669,6.59645608183422,6.78563165710713,6.56468791813291,7.44904618599801,7.30762318453742,7.61500854021923,7.56925081963535,7.29695473812489,5.95992405207731,6.43686539139705,6.13672911883829
SPTBN1,7.49041321250458,7.36999040171085,7.27107286621968,7.76954339247255,7.82036896477839,7.82394326026209,6.69203750475333,6.4420884258831,6.59082696324765,6.92875304969225,6.26227551500411,5.988606781751,4.59141921398203,4.42582070520397
P4HB,6.18374429499536,5.77123161103569,5.52471102297496,7.11097243995006,7.32583651007777,6.92898645021193,6.69203750475333,6.73947419520129,6.82559663255215,6.28019414959466,6.67260660199198,6.88866476532617,6.31900132789291,6.64838043854647
HSPA8,6.71192466991385,6.62060128970906,7.1407176166763,6.26719701439247,6.31016640622699,6.25800095029594,6.84732594504671,6.68976629758554,6.91994176310844,6.79809541181866,6.65011098885598,5.67234774246843,6.62742737715261,6.28991359816854
GGH,6.26328374240735,6.21478843941172,6.45511768692773,6.40803741710712,6.76160573165181,6.50194735331392,7.53643098416976,7.00636082227798,7.10090300141923,7.34933644897375,5.77249427949332,6.27138490101176,5.82604551579065,6.13672911883829
VCL,6.1506586341442,5.96941583638137,5.91204760303158,6.80190006115623,6.63508079151087,6.66831804909277,6.51799527087685,6.65132813683071,6.65319699889294,6.34969925509452,7.2073486972047,5.70728149544787,7.61011039219959,6.45455060851718
PGAM1,5.0858619687225,5.09012215322045,5.44409109583178,6.13156537265963,6.64824444309911,5.98732574134631,7.74271535562478,7.27428488407805,7.36218472872352,7.35779590578036,6.55644765313972,6.07138438802724,6.72334106110668,6.98996924039412
LCP1,6.46515948474268,6.43936349650002,6.28038311786139,6.44119937649702,6.32663615166098,6.51789013919073,6.77177007923263,6.5848972279045,6.62857159296381,6.82274845410557,6.78010589084424,7.03334445422839,5.18353074651929,5.77077831081318
QSOX1,7.0714332646309,7.11491296137509,6.53514049300544,6.13156537265963,6.03748478850771,6.07614464806321,5.70592355659935,6.007429601939,6.0934913649028,6.44805512181222,6.43011067290574,5.95992405207731,6.84773369419766,7.09351384375164
NME2,5.83379833151389,5.77123161103569,5.6010632248083,6.40803741710712,6.24234027682024,6.48582641803146,6.74943541494435,6.61183775801113,6.64093683676675,6.96242496823499,6.55644765313972,6.29454260568305,6.19064452712431,6.64838043854647
PDIA3,5.9915979638167,6.0687881565475,6.13387178038809,6.15173962427552,6.15281171681669,6.1598111306452,6.28940488553765,6.26672143742185,6.26306820104682,6.26228175819479,6.75923730376728,6.60354800737013,6.79573011378643,7.05981800543711
GOT2,5.0858619687225,4.84303945686884,5.35869795876996,6.26719701439247,6.40627738242931,6.41947854470912,7.31098225751447,7.07573199263267,6.9599707959873,7.36620604832565,6.62725904323512,6.33977182855485,6.10776487884125,6.64838043854647
EEF2,7.1149663635733,6.92640612118551,7.2315875676829,6.42471367779614,6.32663615166098,6.43635375480432,5.50727255914362,5.78877006727233,5.74968838816729,5.36728154810242,6.2916392364669,6.67587865552522,6.54582332509416,6.42838299132884
CTSC,5.95373649061607,5.77123161103569,5.87151924047698,5.47382236277501,6.11538447280866,5.81738055644988,7.35602522532558,7.0365006717432,7.15363441969214,7.33226725527195,5.93017811492412,6.6401665782073,6.04974257803595,5.92845883350099
CDH17,7.29985724522355,7.0482943051988,7.59735827970891,7.98162935084807,8.36184995787479,7.74486914239664,6.88878809860339,7.19633170262576,7.55746549099701,5.46448525955911,5.77249427949332,5.40080215820579,2.68640964602462,1.36536450103624
ECM1,5.89501343161551,5.96941583638137,4.70156915057604,6.85208020317664,6.83251548339673,6.63946115182341,6.49132521331258,6.36500742689824,6.47127978162392,6.85895568259039,6.55644765313972,6.24784940340365,6.04974257803595,6.42838299132884
HSPA5,5.89501343161551,5.92766772247686,5.329072195522,6.47361616760832,6.45203379092279,6.48582641803146,6.55709811036464,6.14289292734345,6.53891377425936,6.61261273569197,6.86068653616917,6.01673035860141,6.56666113552829,6.42838299132884
PCSK9,6.6060676988566,6.56722090341599,6.26481974967226,6.19126102214351,6.03748478850771,6.1598111306452,6.30480339528652,6.14289292734345,6.1976094191134,4.94150946297519,6.20169191185053,6.85790252595125,6.84773369419766,6.40173196404142
IQGAP1,6.9516873543311,6.89425418477362,6.80637054800936,6.32163598619272,6.39069697262191,6.54925671398307,5.99883640533992,5.94523958977001,6.12903885530196,6.64061548390082,6.07231293816096,5.90078898119267,5.33695940503851,5.27924613611351
PGK1,6.16729630763566,6.02985668321109,6.0636529491928,6.76308529160658,6.9327447635191,6.80453150585976,6.76064596760923,6.82254338799602,6.72464740325004,5.66866675745209,6.97369960274847,5.48373839452539,6.50322244714664,3.1508960348579
PNP,5.83379833151389,5.51347067823145,5.62564165646351,6.04792304847377,5.9121315006455,5.96423952393248,6.59516901370998,6.31670125732974,6.48506261627314,6.73455423343848,6.45627865467718,6.24784940340365,6.24336536300091,6.104039009383
IDH1,5.63283187346731,5.19941682543088,5.6010632248083,6.53634314804013,6.68702972639716,6.46952330692022,6.66842329562374,6.68976629758554,6.77038787523082,5.07062742236231,6.73806241647801,7.08738427172707,5.86020531153133,4.95195458495737
ACTB,6.41030459483856,6.16175461155309,6.18438025778889,6.69597913008651,6.66128907015248,6.45303385549124,5.4804016757228,5.71614232878519,5.81662183535097,5.43280617875318,5.77249427949332,6.42618652355804,6.24336536300091,6.31869112984166
GDI2,5.934426507437,5.88467542582324,5.76491863524682,6.1111050041356,6.03748478850771,6.13934498135135,6.17675205376984,6.04744849854457,6.01965567454159,6.34969925509452,6.84095938126944,4.30370560441847,6.96224707592268,5.27924613611351
DPP3,5.15422705251775,5.45589235104143,5.329072195522,6.1111050041356,6.15281171681669,6.0544472765727,6.74943541494435,6.5294582683963,6.45736400108551,6.7474883280249,6.53204985156213,6.1748476265176,6.01983221903388,4.19696541262012
HSP90AB1,6.50497385462231,6.5117892782645,6.44133813138176,5.76325400331911,5.84511877738475,5.79138204514302,5.17995307366999,5.31842470397621,5.32835028913916,5.46448525955911,6.34863234560928,6.27138490101176,6.21724575582076,6.64838043854647
LGMN,6.09956244362941,5.86268909415906,5.85081995777166,5.70982747651642,5.84511877738475,5.76490640867496,5.94088242261688,5.92389923547583,5.8595789070416,4.98584523080952,6.67260660199198,6.69340857073354,6.21724575582076,5.72851009150129
HEXB,4.77451480718447,4.7974083034535,4.99360403504851,5.83985783290113,6.09630032917745,5.84291883543697,6.69203750475333,6.06704921974318,6.4291231670143,6.76030749505226,5.93017811492412,5.5998353226857,6.07904540135176,6.64838043854647
UBA1,6.01016249640423,5.94869278537258,5.93189268102149,5.83985783290113,5.95513754472015,5.81738055644988,5.90091128238032,5.85791617247838,5.74968838816729,5.18913290837429,5.93017811492412,6.29454260568305,6.26902047872278,5.81184331989005
EGFR,5.12044942532123,5.42621787425945,4.74708521230034,6.22972857025682,6.01733442259898,6.19989249525596,6.30480339528652,6.04744849854457,6.05704582278494,6.64061548390082,6.65011098885598,6.33977182855485,5.07135796698214,5.54584513387568
ALDH1A1,6.50497385462231,6.33144133253856,6.44133813138176,6.77613992441701,6.73717290448517,6.73803177148545,5.4804016757228,6.30023295597366,6.21425465455798,4.19075386455819,6.32041720907885,7.43871315725982,4.59141921398203,2.05409420013722
KRT8,7.03563554319221,6.98863706804264,6.72908396932628,7.91827054505625,7.76101427196689,7.6754930869435,4.96417832980291,5.41336203715556,5.29743914611713,4.79968964035458,4.87822774264808,5.26670944509818,4.11364078561529,3.1508960348579
ACTN1,5.9915979638167,5.94869278537258,5.98984078802649,6.73661620471566,6.82093658935694,6.77829828284128,5.00245702695416,5.18126562263325,4.94531255448226,5.695612263813,5.93017811492412,5.87028692110189,5.01182180554989,6.07059096561057
LMNA,5.9915979638167,5.7946452451307,5.6010632248083,6.37409522326096,6.55347220063416,6.31385926772952,5.63459610341631,5.66560963949283,5.83826024921904,5.7986270170967,5.93017811492412,5.44286616393733,5.51903953873122,5.49632157658865
FABP1,4.53913075612885,4.54471301847084,5.23635988155354,5.70982747651642,5.72601227744116,5.33188106650672,8.71072858096095,9.12023375948612,8.93377123440126,5.72206371694831,6.20169191185053,4.9541197121943,3.3943653313673,3.58915210607507
MDH2,4.73041047552862,4.59891716394691,5.29882528933957,6.1716356508436,6.22487352119371,6.0975205315849,6.45037227281099,6.31670125732974,6.14648945199175,6.43212110800057,6.80067691292517,4.83281363994942,6.07904540135176,5.02362273599417
NPEPPS,4.93857109540826,5.19941682543088,4.95533302661282,6.04792304847377,5.9337947654316,5.96423952393248,6.07265571696539,5.92389923547583,6.01965567454159,5.91784157675661,6.34863234560928,6.3173344547518,5.89357495265356,5.49632157658865
ME1,4.89927263736643,4.75028660454556,4.83402340796427,6.520915230439,6.35902209913737,6.25800095029594,6.19339396026574,6.21494781899816,6.49871502123867,6.59840486310858,5.96704602845258,5.90078898119267,5.33695940503851,3.766734328091
GAPDH,6.21608817435903,6.00998975921617,6.11663487434017,6.22972857025682,6.01733442259898,5.91692834010715,4.61475322936219,4.90453502639386,4.82041281016273,3.94343374045177,5.39356915707257,8.39223850681955,5.56118262835157,5.77077831081318
GANAB,5.79149590634508,5.59574611294603,5.4161845720818,5.81477246518443,5.79864938036647,5.98732574134631,5.75158845093885,6.007429601939,5.98127064919571,3.85058071257757,5.44674526629005,6.87336563606444,5.98928859793352,5.59372495890403
TXNRD1,4.93857109540826,5.1274812896349,4.87560368211676,5.91259843972679,5.86780397348435,5.79138204514302,5.85980107253571,5.90223846905598,5.83826024921904,6.1692237423445,6.10576157762139,5.44286616393733,5.68069353659859,6.19996770983246
AGRN,5.81280216131732,5.81768495748174,4.50362313182852,6.91244631998433,6.82093658935694,6.77829828284128,5.68253738907135,5.18126562263325,5.35861299989349,5.66866675745209,5.73022510887823,5.16984804861902,5.01182180554989,5.09189851549475
CLSTN1,6.8210953154187,6.43936349650002,5.85081995777166,5.73678804016098,5.82207116896186,5.76490640867496,5.14615799425294,5.28533795026514,5.23355606723006,5.66866675745209,4.52960568260306,4.76810807796149,6.26902047872278,6.104039009383
CAP1,5.53366155178911,5.0517698113621,5.26793063526904,6.1111050041356,5.9121315006455,6.0975205315849,5.83879816054482,5.81218893544504,5.96168823278598,6.02795252905911,5.77249427949332,5.16984804861902,5.18353074651929,5.68496601973484
APP,5.79149590634508,5.98984542920362,5.23635988155354,6.97038767989919,6.67421680581563,6.69660904910517,5.17995307366999,5.55890273145458,5.77234633486457,5.96289935194989,5.49803084076277,5.11886419899052,4.32407832263601,3.92483407018895
MYH9,7.3805521747643,7.32245582655201,7.07976150840458,7.09021580109034,7.15190965322667,6.81747137976984,4.7558849074534,4.76749037574357,4.68366628745239,5.22656602685648,4.42748739122745,5.16984804861902,3.8671785171225,2.86901391440014
MET,6.13382684832216,6.21478843941172,5.91204760303158,5.59664544805642,5.51227532978917,5.56457970115654,4.96417832980291,5.14483688216414,5.29743914611713,5.91784157675661,4.19861812597937,4.55451306838085,6.41405034541798,6.87841446317305
HEXA,5.31218210555271,5.1274812896349,5.10267841992775,5.73678804016098,5.64952323176929,5.76490640867496,6.24219796286874,5.81218893544504,5.90129380463178,5.87133107917358,5.85348944381222,5.26670944509818,5.56118262835157,4.62329400757067
ALDOC,4.12772790829279,4.01711875952416,4.14406608441303,5.56690599438225,5.56875071601114,5.71045137920742,5.27683315324988,5.47335137281983,5.41729810186606,5.18913290837429,6.37630624015747,6.33977182855485,6.75998956638741,7.04267028863713
GSR,4.6379383992635,4.4297838373901,4.55571347988989,5.53654057074542,5.54078935170952,5.59495785940281,5.68253738907135,5.50243583564518,5.41729810186606,5.87133107917358,5.59543674972491,5.52348452525305,5.86020531153133,6.71484076903577
DLD,3.90775351066966,3.65725525038434,4.33501710622977,5.65434609455825,5.54078935170952,5.50183432612893,6.74943541494435,6.48643463754988,6.32568541286493,6.58405567647496,5.28094911618297,5.40080215820579,5.38467872984049,5.64006666946473
HSPA1A,5.50776596862044,5.30101153510763,6.02721887073585,5.86451446414807,5.64952323176929,5.73793580670991,6.01764835171113,5.38240525817388,5.3882539250756,5.07062742236231,5.33835777963731,5.52348452525305,5.38467872984049,4.19696541262012
PPIA,4.93857109540826,4.97186392020649,5.06722873321958,5.15199735442074,5.11723425100648,5.17984971432826,5.85980107253571,5.78877006727233,5.67949785766654,5.72206371694831,5.28094911618297,5.44286616393733,5.51903953873122,6.37457932930735
KRT18,6.77841318130271,6.72177884827571,6.37039419795845,6.80190006115623,7.15190965322667,6.72435592066824,5.14615799425294,4.94746875782833,4.82041281016273,5.07062742236231,4.42748739122745,3.61463715409214,3.3943653313673,4.06730666883819
SET,5.05042489500878,5.1274812896349,5.20408277328473,5.81477246518443,6.45203379092279,5.53354810026584,5.77389006459531,5.58632844924666,6.03847187475207,6.54013140317516,4.71442159914491,5.11886419899052,4.32407832263601,4.71274025418457
EEF1A1,6.83157142196207,6.56722090341599,7.1909911083319,6.09035028622732,5.99689862169291,5.98732574134631,4.34370462051082,5.92389923547583,5.20052144046555,2.94727461263241,4.62497109130796,5.44286616393733,4.22269306995326,3.92483407018895
GOT1,4.58938030761125,4.7974083034535,4.74708521230034,5.50552225810788,5.51227532978917,5.50183432612893,5.50727255914362,5.55890273145458,5.3882539250756,5.72206371694831,5.59543674972491,5.21909149385663,5.28760753853767,6.31869112984166
PLOD3,5.76987027007085,5.7946452451307,5.57605879544533,5.30394890551999,5.22658819103252,5.43623546989442,5.21297459067705,5.31842470397621,5.32835028913916,6.09019849185001,5.93017811492412,5.80727718398026,4.11364078561529,4.19696541262012
ACO1,3.90775351066966,3.93521424962126,3.84239492811885,5.86451446414807,5.596180439174,5.91692834010715,5.55955793643235,5.71614232878519,5.65532106320336,5.26305239418153,6.00299521569362,6.46752729293919,5.95808431881373,5.2194599212278
RNPEP,4.97682740360042,5.1638973665303,5.17106697816111,5.30394890551999,5.29514152288722,5.29534866928456,5.45302079531844,5.41336203715556,5.41729810186606,4.46582470286975,6.00299521569362,6.60354800737013,5.12853429293766,5.15708861310793
PYGL,4.77451480718447,4.88727147797044,4.70156915057604,4.84017775307851,4.62569971479279,4.96407544350416,5.21297459067705,5.10746441763421,5.20052144046555,5.3333683459022,5.85348944381222,6.38362608888663,6.56666113552829,6.23057700276824
DPP7,3.90775351066966,3.65725525038434,4.27413235447518,5.65434609455825,5.56875071601114,5.71045137920742,6.01764835171113,5.71614232878519,5.67949785766654,5.98491128530737,5.5475557040041,5.988606781751,5.7184273239436,5.2194599212278
CAPN1,4.85887365667674,4.97186392020649,4.95533302661282,5.26743492404581,5.29514152288722,5.29534866928456,5.5336520971397,5.47335137281983,5.41729810186606,5.52582996708882,5.5475557040041,6.07138438802724,4.81687984497183,5.15708861310793
PDIA6,4.81731073452589,4.59891716394691,4.74708521230034,5.06956551239555,5.1546141536775,5.219385716065,5.27683315324988,5.50243583564518,5.3882539250756,5.07062742236231,5.96704602845258,5.90078898119267,5.75519928471111,5.68496601973484
YWHAG,4.53913075612885,4.3686929603325,4.50362313182852,4.8890660277546,5.2612720044432,4.96407544350416,5.65876587539651,5.14483688216414,5.09662107733673,5.15070259414096,6.2916392364669,5.988606781751,5.95808431881373,6.16869488389041
DDB1,5.05042489500878,5.26793522826445,4.79120908351708,5.26743492404581,5.07886002366888,5.25786709941612,5.11155223828942,5.10746441763421,5.20052144046555,5.15070259414096,5.68668002750715,5.35747478365931,5.64194625205298,6.00127452247834
PLTP,4.58938030761125,4.59891716394691,4.33501710622977,5.26743492404581,5.22658819103252,5.29534866928456,5.45302079531844,5.55890273145458,5.63073219681813,5.98491128530737,5.33835777963731,5.35747478365931,5.28760753853767,5.81184331989005
EEF1G,6.0284911732191,5.88467542582324,6.3110150541095,5.22997273910113,5.42318744374644,5.50183432612893,4.84284294683703,4.71875479240327,4.90486895732129,4.94150946297519,4.87822774264808,5.44286616393733,4.22269306995326,5.33665304468102
MDH1,4.48706763888571,4.4297838373901,4.70156915057604,5.62578421954427,5.67547278879119,5.25786709941612,6.4224098752167,5.83523371600799,5.94183635275364,6.04900100268274,5.77249427949332,3.4593596628752,5.89357495265356,3.92483407018895
TALDO1,4.43305513104473,4.3686929603325,4.60598839746596,5.33956150083077,5.54078935170952,5.29534866928456,5.79585217469382,5.55890273145458,5.74968838816729,5.55555110047041,5.44674526629005,5.3128057950355,5.23650745851822,5.09189851549475
PLEC,6.92258285688551,6.88337564584944,6.68298719510607,6.42471367779614,6.29350646957296,6.34993170173004,4.08295191732015,4.25507849809621,4.17265649339427,4.03067032928669,4.19861812597937,4.83281363994942,4.32407832263601,3.766734328091
PRDX1,4.93857109540826,4.93018762015774,4.99360403504851,5.26743492404581,5.1546141536775,5.25786709941612,5.33798452598795,5.35076962774243,5.20052144046555,5.07062742236231,5.28094911618297,5.16984804861902,5.56118262835157,5.64006666946473
PEPD,4.48706763888571,4.30490036632992,4.74708521230034,4.98213677832128,5.22658819103252,5.00988938869079,5.99883640533992,5.25147453856762,5.44576908500026,5.77355468539393,5.68668002750715,5.63654706003636,5.01182180554989,5.49632157658865
ACY1,4.97682740360042,4.84303945686884,4.60598839746596,5.44141025689003,5.36058460145658,5.29534866928456,5.65876587539651,5.61324251396081,5.70327616426688,5.40041583291235,6.03807035379081,6.584884173703,4.32407832263601,3.1508960348579
NCL,5.9148545563757,5.67358153429534,5.20408277328473,6.02623217410753,6.15281171681669,5.86801289338066,4.92485624592757,5.78877006727233,5.8805871215925,4.11293134642858,5.85348944381222,4.30370560441847,5.18353074651929,2.05409420013722
ST14,5.42716779278884,5.36497255488896,4.60598839746596,5.06956551239555,5.03943712358959,5.00988938869079,5.24525716762193,5.35076962774243,5.32835028913916,5.55555110047041,5.28094911618297,4.83281363994942,5.38467872984049,5.27924613611351
LTA4H,4.97682740360042,4.65115831120052,4.87560368211676,5.44141025689003,5.45349878557851,5.40228250511442,5.94088242261688,5.69109722131056,5.63073219681813,5.66866675745209,5.89234328240144,3.88256926416918,6.10776487884125,3.1508960348579
SERPINB1,4.81731073452589,4.59891716394691,4.99360403504851,4.62615530720111,4.72843467910979,4.59474591163671,5.24525716762193,4.98916164523612,5.06025551651501,5.40041583291235,5.73022510887823,5.77470935379456,5.86020531153133,6.28991359816854
NME1,4.48706763888571,4.3686929603325,4.39343610288359,4.78957452873536,4.8699997933831,4.91675878936705,5.27683315324988,5.55890273145458,5.20052144046555,5.52582996708882,5.68668002750715,5.70728149544787,5.86020531153133,6.00127452247834
KRT19,5.79149590634508,5.72323260636695,5.47146804212419,6.91244631998433,6.80926401213228,6.72435592066824,4.51236044834734,5.06909802939974,4.94531255448226,4.84852842362986,5.09359525749728,4.10844989385587,3.19466101030515,3.38660193243663
CNDP2,5.12044942532123,4.93018762015774,5.06722873321958,5.50552225810788,5.77484106110817,5.53354810026584,5.75158845093885,5.98699602430982,5.94183635275364,5.36728154810242,5.77249427949332,6.5273987125592,2.68640964602462,2.51834436472457
AHCY,5.9915979638167,5.77123161103569,5.69696020887404,5.40825320059505,5.39222556147762,5.50183432612893,4.61475322936219,5.21679712905807,5.09662107733673,3.11634697017422,4.87822774264808,6.40506324556738,4.94972259667932,4.42582070520397
PLXNB2,4.97682740360042,4.84303945686884,4.14406608441303,5.65434609455825,5.39222556147762,5.50183432612893,5.61001450090794,5.38240525817388,5.60571696778874,5.84750118331937,5.49803084076277,5.11886419899052,3.8671785171225,4.95195458495737
GSS,4.53913075612885,4.3686929603325,4.21056448999441,5.47382236277501,5.54078935170952,5.40228250511442,5.70592355659935,5.47335137281983,5.58026032884832,5.87133107917358,5.81356018648035,4.10844989385587,5.28760753853767,4.95195458495737
YWHAB,4.97682740360042,4.3686929603325,4.87560368211676,5.06956551239555,5.03943712358959,4.81719889265512,5.27683315324988,4.90453502639386,4.98465322986051,5.02885903146385,6.23230170364803,5.48373839452539,5.56118262835157,5.68496601973484
YWHAQ,4.73041047552862,4.3686929603325,4.74708521230034,5.22997273910113,5.19104996132173,5.05429314200642,5.21297459067705,4.76749037574357,5.23355606723006,5.11122049728979,6.20169191185053,5.44286616393733,5.56118262835157,5.33665304468102
NPM1,5.42716779278884,5.67358153429534,5.4161845720818,5.30394890551999,5.19104996132173,5.29534866928456,4.28280040522502,4.86028432055812,4.63504372142169,5.36728154810242,5.02531699554732,5.21909149385663,4.41880416591194,5.72851009150129
ECH1,3.64809754388623,3.75597948588324,3.664046907934,6.24858442621234,6.05735758327689,6.25800095029594,6.45037227281099,6.45702246903457,6.40031846088575,4.52711367474365,5.64177960380201,5.74138931437323,5.60212952076111,1.36536450103624
TPP1,5.21949855856809,5.19941682543088,5.49833513661601,5.06956551239555,4.91426092784299,5.00988938869079,4.80001899942407,5.10746441763421,4.77625529630082,4.11293134642858,5.59543674972491,6.3173344547518,5.64194625205298,4.42582070520397
UGGT1,3.55000735441012,3.93521424962126,2.11638083409208,5.47382236277501,5.42318744374644,5.59495785940281,5.63459610341631,5.47335137281983,5.72666890623787,6.28019414959466,5.77249427949332,5.90078898119267,4.67055287832251,5.59372495890403
SPINT1,4.68491520564975,4.97186392020649,4.27413235447518,5.02651332741701,4.8243376548706,4.76471801527357,5.17995307366999,5.28533795026514,4.94531255448226,4.98584523080952,5.44674526629005,5.21909149385663,5.7184273239436,5.72851009150129
HSPG2,5.34179905929986,5.48496874129076,2.11638083409208,7.0585099300578,6.9327447635191,7.09759532601376,4.61475322936219,4.11144617124736,4.42229588705135,5.55555110047041,4.42748739122745,2.85791276130325,5.56118262835157,5.39186279900754
ILF2,5.48139706518579,5.23408275957934,5.52471102297496,4.84017775307851,5.03943712358959,5.219385716065,5.00245702695416,4.86028432055812,5.13209247558387,5.36728154810242,5.28094911618297,5.01115055826398,4.74557073913876,4.19696541262012
EZR,4.31855680513265,4.70157368473307,4.50362313182852,4.8890660277546,5.19104996132173,5.25786709941612,4.71035796969861,4.81463328128911,4.98465322986051,4.19075386455819,4.79864827802276,5.11886419899052,6.70466167531583,6.64838043854647
SFN,5.37082021981051,5.0123700089734,4.83402340796427,4.62615530720111,4.8699997933831,4.65365655765748,4.66334739839805,4.76749037574357,4.98465322986051,3.75133798498403,5.73022510887823,4.83281363994942,6.31900132789291,5.89062476314505
PKM,6.76754238231049,6.74600215280554,6.77375335636197,5.88875676815428,5.9121315006455,5.76490640867496,3.85089865728927,4.76749037574357,4.1028602072161,0.970107555577958,2.87052274241237,5.16984804861902,5.47562825337409,4.95195458495737
CTSA,5.05042489500878,4.65115831120052,4.79120908351708,4.93635179230109,4.91426092784299,4.76471801527357,5.21297459067705,5.06909802939974,5.20052144046555,4.52711367474365,5.15878761820372,5.35747478365931,4.81687984497183,4.79696315513653
GAA,4.19418193916621,4.30490036632992,3.22344120934214,5.81477246518443,5.67547278879119,5.73793580670991,4.92485624592757,5.18126562263325,5.16671262972191,2.5347920257034,4.71442159914491,6.72784204976039,6.19064452712431,4.79696315513653
PREP,4.85887365667674,4.93018762015774,5.03088599204817,4.62615530720111,4.67798147918931,4.71025573843205,4.7558849074534,4.71875479240327,4.77625529630082,4.52711367474365,5.44674526629005,5.35747478365931,5.18353074651929,5.15708861310793
GALNT6,4.77451480718447,5.0517698113621,4.50362313182852,4.50592560072479,4.4564243195121,4.46917649024981,4.84284294683703,4.81463328128911,4.73070343442243,5.22656602685648,4.71442159914491,4.62928066666994,5.56118262835157,6.42838299132884
CAPZB,4.48706763888571,4.4297838373901,4.74708521230034,4.98213677832128,5.07886002366888,5.05429314200642,5.36761489628838,5.14483688216414,5.44576908500026,3.85058071257757,5.15878761820372,5.40080215820579,5.01182180554989,4.52793344246309
TPM4,5.25105930823727,5.0123700089734,4.74708521230034,6.28557253194126,6.27665189770599,6.0324185990664,4.71035796969861,4.94746875782833,4.90486895732129,4.26459243231498,5.02531699554732,4.30370560441847,4.74557073913876,2.05409420013722
LY75,5.55910050763657,5.74743171760445,3.84239492811885,5.15199735442074,5.11723425100648,5.43623546989442,4.51236044834734,4.81463328128911,4.53258787840614,5.58467228406997,4.95364610918823,5.3128057950355,3.19466101030515,4.79696315513653
PRDX2,4.68491520564975,4.48839257352859,4.6545701756865,4.78957452873536,4.8699997933831,4.76471801527357,4.88443229712188,4.81463328128911,4.82041281016273,5.11122049728979,5.15878761820372,5.21909149385663,5.38467872984049,4.87653924732405
AIFM1,3.8262858305465,4.16817335250845,4.60598839746596,4.8890660277546,4.91426092784299,4.81719889265512,5.33798452598795,4.94746875782833,5.06025551651501,5.18913290837429,5.5475557040041,4.9541197121943,4.94972259667932,5.15708861310793
HSP90B1,5.74791553152466,5.69862065560348,5.69696020887404,5.91259843972679,6.01733442259898,5.84291883543697,4.51236044834734,4.4468234298324,4.68366628745239,4.40181607138109,4.31758648745847,3.75481421385341,4.11364078561529,3.1508960348579
NAMPT,4.81731073452589,4.75028660454556,5.06722873321958,4.78957452873536,4.8243376548706,5.05429314200642,4.45830329821357,4.98916164523612,4.82041281016273,3.64476072173517,5.02531699554732,5.06601240171736,5.82604551579065,5.15708861310793
APEH,3.98486564326738,4.09462213849059,3.92392931468173,4.68271029375163,4.77718291262639,4.91675878936705,5.30773281751927,5.31842470397621,5.67949785766654,5.29863872146175,5.44674526629005,5.63654706003636,4.50769177428424,4.31592623478702
PSAP,4.68491520564975,4.93018762015774,4.99360403504851,5.19151178842523,5.1546141536775,5.33188106650672,4.21921132336547,4.50546497727118,4.58472512190401,4.11293134642858,4.52960568260306,5.01115055826398,5.38467872984049,4.95195458495737
GUSB,1.79583841036722,0.921121929377462,3.08849929500469,5.11137009596969,5.22658819103252,5.09737093109336,6.70370122828147,6.38075661556314,6.49871502123867,6.96242496823499,5.59543674972491,5.5998353226857,3.5697570737608,4.52793344246309
PLS1,4.89927263736643,4.93018762015774,5.13727789183741,4.62615530720111,4.95720447627854,5.13919965580542,4.51236044834734,4.76749037574357,4.63504372142169,3.40461247780794,5.59543674972491,5.67234774246843,4.41880416591194,4.31592623478702
LANCL2,5.39926908584716,5.54142042139377,5.71997054533916,4.84017775307851,4.67798147918931,4.81719889265512,4.92485624592757,4.94746875782833,4.63504372142169,4.11293134642858,5.09359525749728,6.1748476265176,2.34420950104055,3.766734328091
ILF3,5.21949855856809,5.36497255488896,5.329072195522,5.06956551239555,5.11723425100648,5.17984971432826,4.28280040522502,4.61604792906374,5.0229495446986,4.52711367474365,4.95364610918823,4.47565783689629,4.88482969404354,2.86901391440014
CLSTN3,5.63283187346731,5.81768495748174,4.99360403504851,5.33956150083077,5.19104996132173,5.43623546989442,3.76443962443268,4.11144617124736,4.36381789964366,4.40181607138109,3.92646700946729,4.76810807796149,5.23650745851822,3.92483407018895
PSME1,4.48706763888571,4.48839257352859,4.83402340796427,4.84017775307851,5.19104996132173,4.71025573843205,5.17995307366999,4.98916164523612,5.13209247558387,4.26459243231498,5.15878761820372,5.56216494789513,5.12853429293766,2.86901391440014
GNPDA1,3.8262858305465,4.09462213849059,3.34683393700941,4.93635179230109,4.8699997933831,5.05429314200642,5.17995307366999,4.94746875782833,5.09662107733673,5.26305239418153,4.95364610918823,4.76810807796149,5.18353074651929,5.27924613611351
HSPA4,4.77451480718447,4.84303945686884,5.06722873321958,5.73678804016098,5.64952323176929,5.84291883543697,4.61475322936219,4.90453502639386,5.0229495446986,4.19075386455819,5.28094911618297,4.76810807796149,3.8671785171225,2.05409420013722
PSAT1,4.31855680513265,4.09462213849059,4.91601905629984,4.30441272035434,4.26461401992626,4.33162671797723,4.61475322936219,4.56181572041228,4.73070343442243,4.69675350651414,5.49803084076277,5.48373839452539,4.88482969404354,5.85177172833241
TXNDC5,4.12772790829279,4.09462213849059,3.75597511953115,4.62615530720111,4.72843467910979,4.53332693526043,5.00245702695416,4.94746875782833,4.90486895732129,5.02885903146385,5.73022510887823,5.11886419899052,4.88482969404354,5.02362273599417
PGM2,3.98486564326738,4.30490036632992,4.14406608441303,4.84017775307851,4.51508418404206,4.91675878936705,5.00245702695416,4.4468234298324,4.42229588705135,4.79968964035458,4.95364610918823,5.56216494789513,5.01182180554989,5.2194599212278
PTK7,3.64809754388623,3.84837850740358,3.08849929500469,5.98184684161941,5.9121315006455,5.71045137920742,4.96417832980291,5.06909802939974,4.98465322986051,5.84750118331937,5.59543674972491,5.40080215820579,2.34420950104055,3.58915210607507
PLS3,3.8262858305465,3.93521424962126,4.00110120739748,4.78957452873536,4.4564243195121,4.91675878936705,4.34370462051082,4.86028432055812,4.90486895732129,4.26459243231498,5.28094911618297,5.56216494789513,5.12853429293766,5.59372495890403
DAG1,5.01409541024914,5.0123700089734,4.44958131497775,5.11137009596969,5.07886002366888,4.76471801527357,4.21921132336547,4.32186543304007,4.1028602072161,4.69675350651414,4.79864827802276,3.88256926416918,5.28760753853767,4.95195458495737
PYGB,4.85887365667674,4.88727147797044,5.23635988155354,4.8890660277546,4.4564243195121,4.65365655765748,3.93246795663345,4.25507849809621,4.1028602072161,2.94727461263241,4.71442159914491,6.12404329511321,5.07135796698214,5.2194599212278
GSTP1,4.48706763888571,4.70157368473307,4.44958131497775,4.44183192522467,4.51508418404206,4.33162671797723,5.27683315324988,5.10746441763421,5.0229495446986,4.46582470286975,4.95364610918823,3.61463715409214,5.33695940503851,4.62329400757067
PTPRF,4.97682740360042,5.09012215322045,4.27413235447518,6.26719701439247,5.95513754472015,6.34993170173004,4.28280040522502,4.25507849809621,4.36381789964366,5.52582996708882,4.79864827802276,4.39224204046228,1.89473910179792,2.51834436472457
PGD,5.48139706518579,5.36497255488896,5.82981936061605,4.62615530720111,4.72843467910979,4.59474591163671,3.57422946304155,3.9519167873388,3.78404158811829,3.11634697017422,4.52960568260306,5.52348452525305,5.01182180554989,4.79696315513653
PRKCSH,3.64809754388623,4.01711875952416,4.14406608441303,5.53654057074542,5.32823410640409,5.219385716065,4.15268969831601,5.02968340270521,5.06025551651501,4.64239347301001,4.79864827802276,4.10844989385587,4.74557073913876,4.31592623478702
TXN,2.92456714260332,3.43688942971458,3.92392931468173,3.68342366980374,3.46225764988683,3.59432192266927,7.46968679345806,6.73947419520129,6.74769890616585,6.56956233645712,3.38818285510002,3.88256926416918,3.8671785171225,4.79696315513653
CST3,4.6379383992635,4.4297838373901,4.27413235447518,4.15251267662574,4.04333388556038,4.00957143200743,5.88050260412212,5.28533795026514,5.29743914611713,5.52582996708882,4.52960568260306,4.20937849266566,3.8671785171225,4.19696541262012
ERO1A,3.90775351066966,3.75597948588324,3.92392931468173,5.02651332741701,4.99890662133759,5.09737093109336,4.92485624592757,4.98916164523612,5.0229495446986,4.03067032928669,4.42748739122745,5.16984804861902,4.67055287832251,4.06730666883819
HMGB1,5.53366155178911,5.23408275957934,5.44409109583178,4.73713164966327,4.62569971479279,4.91675878936705,4.71035796969861,4.90453502639386,4.77625529630082,4.26459243231498,4.71442159914491,4.20937849266566,3.8671785171225,2.05409420013722
PAM,3.8262858305465,3.93521424962126,2.11638083409208,4.30441272035434,4.33142471590279,4.17956709654657,4.80001899942407,4.56181572041228,4.4784955844777,4.94150946297519,4.95364610918823,4.76810807796149,6.29422733508107,6.40173196404142
CS,3.20798235977364,3.31264672194125,3.46049946846037,4.62615530720111,4.91426092784299,4.86783749499708,5.50727255914362,5.18126562263325,5.32835028913916,5.18913290837429,5.02531699554732,5.988606781751,3.8671785171225,3.38660193243663
GNS,3.44475821908342,3.55127575438274,4.00110120739748,4.8890660277546,4.67798147918931,4.81719889265512,4.88443229712188,4.86028432055812,4.90486895732129,5.02885903146385,4.62497109130796,3.61463715409214,5.51903953873122,5.02362273599417
GLB1,4.05806441314603,3.84837850740358,3.92392931468173,4.68271029375163,4.67798147918931,4.71025573843205,4.56446504204112,4.90453502639386,4.63504372142169,4.69675350651414,4.95364610918823,5.26670944509818,4.59141921398203,4.06730666883819
CLSTN2,5.95373649061607,5.96941583638137,5.52471102297496,5.02651332741701,5.2612720044432,5.09737093109336,4.28280040522502,4.32186543304007,4.82041281016273,5.18913290837429,4.62497109130796,4.8947412723986,1.23834274816209,1.36536450103624
GDI1,2.75881510914874,2.45099647857302,3.34683393700941,4.62615530720111,4.62569971479279,4.71025573843205,4.80001899942407,5.02968340270521,4.98465322986051,4.98584523080952,5.96704602845258,3.88256926416918,6.41405034541798,4.79696315513653
ANP32A,3.8262858305465,3.84837850740358,4.21056448999441,4.50592560072479,4.91426092784299,4.33162671797723,5.90091128238032,5.25147453856762,5.41729810186606,5.11122049728979,4.62497109130796,3.4593596628752,4.94972259667932,2.86901391440014
SOD2,2.75881510914874,2.85899769615491,2.77359226354915,4.56729253781084,4.62569971479279,4.53332693526043,5.36761489628838,4.98916164523612,4.86325880907573,5.3333683459022,4.31758648745847,5.01115055826398,4.74557073913876,6.34690584251266
ATIC,4.53913075612885,4.3686929603325,4.83402340796427,5.40825320059505,5.22658819103252,5.29534866928456,4.34370462051082,4.76749037574357,4.63504372142169,3.94343374045177,5.49803084076277,4.55451306838085,4.22269306995326,1.36536450103624
PSME2,4.37694155349423,4.54471301847084,4.39343610288359,4.50592560072479,4.67798147918931,4.71025573843205,4.21921132336547,4.56181572041228,4.4784955844777,3.85058071257757,4.62497109130796,5.06601240171736,5.18353074651929,3.58915210607507
AKR1C3,4.6379383992635,4.7974083034535,4.79120908351708,4.37475788182817,4.4564243195121,4.53332693526043,4.96417832980291,4.81463328128911,4.73070343442243,3.52967766840395,4.79864827802276,5.52348452525305,2.96280221005881,3.766734328091
FUCA1,3.64809754388623,3.84837850740358,3.664046907934,3.88968434814537,4.26461401992626,4.25759936039531,4.7558849074534,4.66831514298034,4.4784955844777,4.74913943900482,4.42748739122745,4.30370560441847,5.38467872984049,6.23057700276824
SGSH,3.73994096057909,3.84837850740358,4.0743538223847,4.62615530720111,4.39527788896277,4.81719889265512,4.61475322936219,4.61604792906374,4.4784955844777,5.18913290837429,4.19861812597937,4.47565783689629,4.22269306995326,5.02362273599417
DPYSL2,4.53913075612885,4.70157368473307,4.14406608441303,4.73713164966327,4.72843467910979,4.86783749499708,5.0397462803403,4.81463328128911,5.0229495446986,5.3333683459022,5.39356915707257,5.63654706003636,1.89473910179792,1.36536450103624
XPNPEP1,3.98486564326738,3.84837850740358,3.75597511953115,4.23046095285169,4.39527788896277,4.76471801527357,4.51236044834734,4.86028432055812,5.0229495446986,4.79968964035458,5.33835777963731,5.11886419899052,4.41880416591194,3.1508960348579
CKB,1.40496558913105,1.47880337355778,2.77359226354915,5.11137009596969,5.22658819103252,4.96407544350416,5.77389006459531,5.74076006317939,5.5279585182973,5.64120839043813,4.79864827802276,4.30370560441847,4.88482969404354,4.52793344246309
PABPC1,4.6379383992635,4.65115831120052,4.50362313182852,4.62615530720111,4.57145184074501,4.65365655765748,4.34370462051082,4.25507849809621,4.58472512190401,3.26766758549116,4.79864827802276,4.83281363994942,4.22269306995326,4.19696541262012
NAGLU,3.73994096057909,4.09462213849059,3.75597511953115,4.30441272035434,4.19455846817798,4.71025573843205,4.61475322936219,4.81463328128911,4.86325880907573,5.46448525955911,5.02531699554732,4.83281363994942,2.96280221005881,4.62329400757067
ENO2,1.79583841036722,1.47880337355778,2.77359226354915,4.73713164966327,4.62569971479279,4.76471801527357,4.61475322936219,4.4468234298324,4.36381789964366,4.69675350651414,6.23230170364803,5.16984804861902,7.23381232782753,5.02362273599417
YWHAH,4.12772790829279,3.93521424962126,4.21056448999441,4.15251267662574,4.26461401992626,4.0970716835637,4.40214153567914,4.32186543304007,4.36381789964366,4.26459243231498,5.33835777963731,4.47565783689629,5.12853429293766,4.79696315513653
TAGLN2,3.8262858305465,4.30490036632992,4.21056448999441,4.44183192522467,4.51508418404206,4.46917649024981,4.71035796969861,4.98916164523612,4.77625529630082,5.02885903146385,4.52960568260306,3.08739300188541,4.74557073913876,4.06730666883819
SSB,4.68491520564975,4.97186392020649,4.99360403504851,4.23046095285169,4.12092670738867,4.00957143200743,4.51236044834734,4.56181572041228,4.58472512190401,3.64476072173517,4.62497109130796,3.9999257955625,4.41880416591194,4.31592623478702
CTSB,3.73994096057909,3.65725525038434,3.92392931468173,4.62615530720111,4.26461401992626,4.25759936039531,3.85089865728927,3.86500898675643,3.95223993047539,4.52711367474365,4.19861812597937,3.9999257955625,5.98928859793352,6.4802520403236
HADH,4.12772790829279,4.01711875952416,4.33501710622977,4.68271029375163,4.39527788896277,4.65365655765748,4.45830329821357,3.9519167873388,4.42229588705135,4.33483516071531,5.33835777963731,5.35747478365931,3.8671785171225,3.38660193243663
TLN1,6.26328374240735,6.17965004588742,5.87151924047698,4.56729253781084,4.62569971479279,4.81719889265512,3.09656686713733,3.56762411237549,3.69196718812032,0.970107555577958,4.19861812597937,4.39224204046228,4.81687984497183,4.19696541262012
UGP2,2.75881510914874,3.02656962360087,2.58594139324158,4.15251267662574,4.39527788896277,4.40204027147015,5.27683315324988,5.31842470397621,5.32835028913916,6.22577564720984,5.28094911618297,5.11886419899052,3.5697570737608,3.58915210607507
DSG2,4.68491520564975,4.97186392020649,4.6545701756865,4.56729253781084,4.57145184074501,4.59474591163671,4.51236044834734,4.4468234298324,4.53258787840614,3.26766758549116,4.42748739122745,3.28533118563263,4.32407832263601,4.06730666883819
HSPE1,3.55000735441012,3.65725525038434,4.0743538223847,4.93635179230109,5.39222556147762,5.09737093109336,5.30773281751927,5.38240525817388,5.44576908500026,3.85058071257757,5.49803084076277,3.08739300188541,3.5697570737608,2.05409420013722
LAP3,3.64809754388623,4.01711875952416,4.0743538223847,4.56729253781084,4.4564243195121,4.46917649024981,4.45830329821357,4.76749037574357,4.98465322986051,4.84852842362986,4.31758648745847,4.9541197121943,4.11364078561529,3.1508960348579
XRCC6,5.18723190695324,5.09012215322045,5.52471102297496,4.30441272035434,4.39527788896277,4.53332693526043,3.09656686713733,3.77252837041976,3.69196718812032,3.94343374045177,4.31758648745847,4.47565783689629,4.22269306995326,3.92483407018895
OLA1,4.73041047552862,4.70157368473307,4.60598839746596,4.15251267662574,3.87438143225559,4.17956709654657,4.08295191732015,4.11144617124736,4.42229588705135,3.26766758549116,4.71442159914491,4.39224204046228,4.41880416591194,4.79696315513653
APLP2,4.31855680513265,4.54471301847084,3.34683393700941,5.76325400331911,5.82207116896186,5.62470952793728,4.28280040522502,4.50546497727118,4.58472512190401,4.40181607138109,3.76835394492991,3.08739300188541,3.19466101030515,3.1508960348579
ARSA,3.33122231971088,3.84837850740358,3.34683393700941,4.30441272035434,4.04333388556038,4.25759936039531,4.45830329821357,4.61604792906374,4.53258787840614,5.02885903146385,4.95364610918823,4.8947412723986,4.11364078561529,4.62329400757067
SELENBP1,5.55910050763657,5.51347067823145,5.38772757784909,4.15251267662574,4.33142471590279,4.33162671797723,4.28280040522502,4.4468234298324,4.23923134879727,4.33483516071531,5.49803084076277,4.39224204046228,2.34420950104055,1.36536450103624
C1QBP,3.20798235977364,3.55127575438274,3.92392931468173,4.37475788182817,4.4564243195121,4.17956709654657,4.96417832980291,4.61604792906374,4.94531255448226,5.02885903146385,5.44674526629005,3.88256926416918,3.99566630003699,3.58915210607507
GDA,3.73994096057909,3.84837850740358,3.75597511953115,4.56729253781084,4.33142471590279,4.46917649024981,4.51236044834734,4.11144617124736,4.17265649339427,4.94150946297519,4.52960568260306,4.55451306838085,3.8671785171225,4.71274025418457
GRN,4.12772790829279,4.16817335250845,4.33501710622977,4.30441272035434,4.26461401992626,4.53332693526043,3.93246795663345,4.25507849809621,4.4784955844777,4.46582470286975,4.19861812597937,4.30370560441847,4.22269306995326,4.31592623478702
MAN2B1,2.35622457757371,1.47880337355778,3.34683393700941,4.37475788182817,4.39527788896277,4.25759936039531,4.96417832980291,4.66831514298034,4.90486895732129,5.26305239418153,4.62497109130796,5.26670944509818,4.94972259667932,4.95195458495737
PRDX4,2.75881510914874,2.66937237058984,2.77359226354915,4.56729253781084,4.51508418404206,4.91675878936705,4.40214153567914,4.76749037574357,4.77625529630082,5.36728154810242,4.62497109130796,4.76810807796149,4.11364078561529,4.71274025418457
PAICS,4.37694155349423,4.54471301847084,4.55571347988989,4.44183192522467,4.26461401992626,4.65365655765748,3.57422946304155,3.77252837041976,3.69196718812032,4.79968964035458,4.62497109130796,4.76810807796149,3.5697570737608,4.06730666883819
PEBP1,4.05806441314603,4.30490036632992,4.21056448999441,3.98271647697887,4.04333388556038,4.00957143200743,4.88443229712188,4.66831514298034,4.73070343442243,4.79968964035458,4.19861812597937,3.88256926416918,3.5697570737608,4.19696541262012
AZGP1,3.90775351066966,4.09462213849059,3.664046907934,4.50592560072479,4.57145184074501,4.59474591163671,4.71035796969861,4.38569690216851,4.4784955844777,4.74913943900482,4.95364610918823,2.85791276130325,4.67055287832251,3.1508960348579
MELTF,4.25770925331244,4.30490036632992,3.08849929500469,4.30441272035434,3.78185524220778,4.17956709654657,4.40214153567914,4.18504907148928,4.17265649339427,4.58590470920883,5.09359525749728,4.55451306838085,3.72611869406106,4.42582070520397
EIF4G1,3.07322314924793,3.55127575438274,3.92392931468173,3.44267489234056,3.87438143225559,3.81683549642601,4.56446504204112,4.25507849809621,4.36381789964366,4.64239347301001,4.62497109130796,4.9541197121943,4.67055287832251,5.09189851549475
CAPZA2,3.90775351066966,4.09462213849059,4.00110120739748,4.23046095285169,4.33142471590279,4.0970716835637,3.93246795663345,3.9519167873388,3.78404158811829,3.26766758549116,4.71442159914491,5.3128057950355,4.59141921398203,4.62329400757067
RPIA,3.73994096057909,4.01711875952416,3.92392931468173,3.98271647697887,3.78185524220778,4.33162671797723,4.34370462051082,4.32186543304007,4.4784955844777,4.74913943900482,4.87822774264808,4.39224204046228,3.72611869406106,3.766734328091
H4C1,4.25770925331244,3.75597948588324,3.92392931468173,4.37475788182817,4.57145184074501,4.25759936039531,4.00967112448003,3.9519167873388,3.95223993047539,4.84852842362986,4.0689504249173,3.75481421385341,4.11364078561529,4.42582070520397
GLOD4,3.64809754388623,3.65725525038434,3.56585998587379,3.98271647697887,3.87438143225559,3.91641962809647,4.28280040522502,4.18504907148928,3.87059057316192,4.52711367474365,4.95364610918823,4.62928066666994,4.11364078561529,4.95195458495737
FAH,3.07322314924793,2.85899769615491,2.77359226354915,4.37475788182817,3.96132947674934,4.0970716835637,4.28280040522502,4.11144617124736,4.30286906877823,4.52711367474365,4.42748739122745,4.62928066666994,4.88482969404354,5.77077831081318
ERP44,4.12772790829279,3.93521424962126,4.21056448999441,4.07011113047582,4.04333388556038,3.91641962809647,4.21921132336547,4.03388539871782,4.30286906877823,4.33483516071531,4.31758648745847,4.47565783689629,3.3943653313673,4.62329400757067
SEMA4B,4.05806441314603,3.84837850740358,3.46049946846037,4.23046095285169,4.26461401992626,4.17956709654657,4.40214153567914,3.86500898675643,4.17265649339427,4.58590470920883,3.76835394492991,4.20937849266566,4.32407832263601,4.52793344246309
CEACAM5,3.44475821908342,3.65725525038434,3.664046907934,4.8890660277546,5.03943712358959,5.00988938869079,4.7558849074534,4.61604792906374,4.63504372142169,5.40041583291235,3.92646700946729,3.9999257955625,1.89473910179792,2.86901391440014
G6PD,3.90775351066966,3.65725525038434,4.14406608441303,3.88968434814537,3.57683896563117,4.17956709654657,4.15268969831601,3.9519167873388,4.029514809433,3.40461247780794,4.52960568260306,4.10844989385587,5.12853429293766,5.09189851549475
SORD,4.89927263736643,5.1638973665303,4.91601905629984,4.23046095285169,3.68298581076959,4.17956709654657,3.57422946304155,3.32872237087975,3.37417170152042,1.54496666834525,5.22116099790494,5.52348452525305,3.72611869406106,4.06730666883819
FUCA2,3.73994096057909,3.55127575438274,4.00110120739748,3.3053399029244,3.46225764988683,3.59432192266927,4.15268969831601,4.03388539871782,3.95223993047539,4.11293134642858,3.92646700946729,4.70036361097552,5.07135796698214,5.81184331989005
CAPZA1,4.12772790829279,3.93521424962126,3.84239492811885,4.30441272035434,4.12092670738867,4.40204027147015,3.93246795663345,3.9519167873388,3.87059057316192,3.11634697017422,4.52960568260306,4.9541197121943,4.32407832263601,3.92483407018895
APEX1,4.37694155349423,4.54471301847084,4.39343610288359,3.44267489234056,3.57683896563117,3.81683549642601,3.67246702586082,4.25507849809621,3.87059057316192,4.19075386455819,4.62497109130796,5.01115055826398,3.99566630003699,3.38660193243663
PLCB3,4.25770925331244,4.59891716394691,4.00110120739748,4.50592560072479,4.57145184074501,4.40204027147015,4.80001899942407,4.50546497727118,4.68366628745239,5.07062742236231,4.19861812597937,3.4593596628752,2.68640964602462,1.36536450103624
THOP1,3.44475821908342,3.43688942971458,3.34683393700941,3.98271647697887,4.04333388556038,4.0970716835637,4.28280040522502,4.25507849809621,3.95223993047539,4.46582470286975,4.62497109130796,5.06601240171736,4.32407832263601,3.766734328091
EPHB2,3.73994096057909,3.84837850740358,3.664046907934,4.30441272035434,3.87438143225559,4.33162671797723,4.00967112448003,4.18504907148928,4.23923134879727,4.52711367474365,4.62497109130796,3.88256926416918,3.5697570737608,4.19696541262012
DDR1,4.19418193916621,4.23815598922913,3.22344120934214,3.79023698444984,3.68298581076959,3.70986437727204,4.00967112448003,4.03388539871782,3.87059057316192,4.52711367474365,4.52960568260306,3.88256926416918,4.41880416591194,4.87653924732405
PLBD2,3.20798235977364,3.55127575438274,3.34683393700941,4.15251267662574,3.68298581076959,4.17956709654657,4.51236044834734,4.32186543304007,4.42229588705135,4.46582470286975,5.15878761820372,2.24786502574996,5.38467872984049,4.31592623478702
PFN1,4.19418193916621,3.93521424962126,4.27413235447518,3.56806531410524,3.78185524220778,4.00957143200743,4.84284294683703,4.50546497727118,4.4784955844777,4.03067032928669,4.42748739122745,3.28533118563263,4.50769177428424,2.86901391440014
RBBP4,4.05806441314603,4.16817335250845,4.33501710622977,3.88968434814537,4.12092670738867,3.81683549642601,3.85089865728927,3.77252837041976,3.78404158811829,4.11293134642858,4.0689504249173,4.30370560441847,4.59141921398203,3.766734328091
XRCC5,5.21949855856809,5.09012215322045,5.17106697816111,4.07011113047582,4.33142471590279,4.33162671797723,2.5935622517618,3.9519167873388,3.95223993047539,3.11634697017422,3.76835394492991,4.47565783689629,3.99566630003699,2.51834436472457
ERAP1,1.79583841036722,1.47880337355778,0.875003141627423,4.44183192522467,4.19455846817798,4.71025573843205,4.66334739839805,4.66831514298034,4.58472512190401,5.29863872146175,4.52960568260306,4.30370560441847,5.38467872984049,5.59372495890403
STIP1,5.45453721610333,5.33334647515643,5.55061334059299,4.68271029375163,4.77718291262639,4.91675878936705,3.09656686713733,4.18504907148928,4.17265649339427,0.970107555577958,3.76835394492991,4.10844989385587,4.11364078561529,1.36536450103624
CORO1C,4.81731073452589,4.75028660454556,4.50362313182852,4.07011113047582,3.78185524220778,4.0970716835637,3.67246702586082,3.56762411237549,3.69196718812032,3.26766758549116,4.31758648745847,4.55451306838085,3.99566630003699,3.38660193243663
SERPINB6,2.92456714260332,3.02656962360087,3.08849929500469,4.07011113047582,4.12092670738867,3.81683549642601,3.93246795663345,4.03388539871782,3.95223993047539,4.33483516071531,4.95364610918823,4.30370560441847,4.81687984497183,5.02362273599417
EML2,3.90775351066966,3.75597948588324,3.92392931468173,3.98271647697887,3.87438143225559,4.17956709654657,4.08295191732015,3.45311269080306,3.78404158811829,3.40461247780794,4.87822774264808,5.3128057950355,3.99566630003699,3.766734328091
HDGF,3.55000735441012,3.55127575438274,3.75597511953115,4.30441272035434,4.04333388556038,3.70986437727204,4.51236044834734,4.66831514298034,4.63504372142169,4.33483516071531,5.02531699554732,3.61463715409214,3.72611869406106,2.86901391440014
HPRT1,3.20798235977364,3.31264672194125,3.22344120934214,4.07011113047582,3.96132947674934,4.00957143200743,4.21921132336547,4.03388539871782,4.1028602072161,4.11293134642858,4.42748739122745,4.20937849266566,4.22269306995326,5.02362273599417
GALNS,3.55000735441012,3.55127575438274,2.93962089333755,3.98271647697887,4.26461401992626,4.0970716835637,4.51236044834734,4.4468234298324,4.53258787840614,4.79968964035458,4.71442159914491,3.75481421385341,3.3943653313673,3.58915210607507
SIAE,2.75881510914874,3.43688942971458,3.46049946846037,3.98271647697887,3.78185524220778,3.81683549642601,4.00967112448003,4.03388539871782,3.69196718812032,4.79968964035458,4.79864827802276,4.10844989385587,4.59141921398203,4.71274025418457
PDXK,3.33122231971088,3.84837850740358,4.00110120739748,3.44267489234056,3.78185524220778,2.59347357073696,4.34370462051082,4.4468234298324,4.23923134879727,4.46582470286975,3.59075491016882,4.55451306838085,4.11364078561529,5.09189851549475
TSN,3.55000735441012,3.43688942971458,3.22344120934214,3.79023698444984,3.46225764988683,4.00957143200743,4.15268969831601,4.50546497727118,4.4784955844777,4.89576788690736,4.42748739122745,4.39224204046228,3.19466101030515,3.58915210607507
ANXA2,4.58938030761125,4.59891716394691,3.84239492811885,3.15354276915406,3.78185524220778,3.81683549642601,3.67246702586082,4.03388539871782,3.25051537152042,3.64476072173517,4.0689504249173,3.28533118563263,4.59141921398203,4.71274025418457
GCLC,3.98486564326738,3.84837850740358,4.44958131497775,3.56806531410524,3.57683896563117,3.91641962809647,3.76443962443268,4.25507849809621,4.1028602072161,3.64476072173517,3.59075491016882,4.83281363994942,3.72611869406106,3.766734328091
VBP1,3.73994096057909,3.75597948588324,3.75597511953115,3.98271647697887,3.96132947674934,3.91641962809647,3.93246795663345,3.67371097637403,4.17265649339427,3.52967766840395,4.0689504249173,4.20937849266566,3.8671785171225,3.766734328091
BCAM,4.25770925331244,4.23815598922913,3.08849929500469,4.07011113047582,4.19455846817798,4.17956709654657,2.78139836589901,2.68444247498666,2.96599568467055,3.40461247780794,3.59075491016882,3.4593596628752,5.47562825337409,5.81184331989005
IDE,4.53913075612885,4.65115831120052,4.14406608441303,3.44267489234056,3.46225764988683,3.91641962809647,3.93246795663345,4.25507849809621,4.1028602072161,4.19075386455819,2.87052274241237,3.75481421385341,3.99566630003699,2.86901391440014
GALNT2,4.19418193916621,3.93521424962126,3.56585998587379,2.98387517596422,3.20154998803994,3.33111788635302,3.46881062925699,3.45311269080306,3.37417170152042,3.64476072173517,4.71442159914491,3.88256926416918,5.23650745851822,5.09189851549475
PRDX6,3.64809754388623,3.43688942971458,3.84239492811885,3.44267489234056,3.33778484391684,3.46871393829317,4.51236044834734,4.38569690216851,4.4784955844777,4.26459243231498,4.52960568260306,3.75481421385341,4.74557073913876,2.05409420013722
ERP29,3.55000735441012,3.84837850740358,3.92392931468173,3.56806531410524,3.46225764988683,3.46871393829317,3.85089865728927,3.9519167873388,3.95223993047539,3.64476072173517,5.22116099790494,4.10844989385587,4.41880416591194,2.86901391440014
MANBA,2.75881510914874,3.02656962360087,2.37018113537312,3.98271647697887,3.78185524220778,3.81683549642601,3.67246702586082,3.9519167873388,4.17265649339427,2.7557250512015,4.95364610918823,4.83281363994942,4.88482969404354,4.71274025418457
IPO5,5.85449331337311,5.7946452451307,5.35869795876996,3.79023698444984,3.33778484391684,3.81683549642601,2.94757194825516,3.04225285179898,2.79948922561929,0.970107555577958,4.31758648745847,5.06601240171736,4.50769177428424,2.05409420013722
GALNT7,2.75881510914874,2.66937237058984,2.37018113537312,3.44267489234056,3.46225764988683,3.59432192266927,4.34370462051082,4.11144617124736,4.029514809433,4.74913943900482,3.76835394492991,3.4593596628752,5.12853429293766,5.72851009150129
NIBAN2,4.6379383992635,4.65115831120052,4.74708521230034,3.68342366980374,3.78185524220778,3.59432192266927,3.09656686713733,3.45311269080306,3.69196718812032,3.40461247780794,3.76835394492991,4.10844989385587,3.5697570737608,3.38660193243663
PFAS,3.64809754388623,3.43688942971458,2.93962089333755,4.78957452873536,4.67798147918931,4.71025573843205,4.00967112448003,4.4468234298324,4.30286906877823,0.970107555577958,3.76835394492991,5.67234774246843,4.11364078561529,2.05409420013722
GBE1,2.75881510914874,2.45099647857302,3.46049946846037,2.98387517596422,3.05109597513279,3.17900169483812,4.21921132336547,3.86500898675643,3.87059057316192,4.33483516071531,3.92646700946729,5.01115055826398,4.94972259667932,5.44503740258828
MAN2A1,2.75881510914874,2.19356649367957,0.875003141627423,3.44267489234056,3.57683896563117,3.81683549642601,4.40214153567914,4.32186543304007,4.30286906877823,4.98584523080952,2.87052274241237,3.75481421385341,5.95808431881373,6.23057700276824
LMAN2,3.90775351066966,4.30490036632992,4.21056448999441,3.56806531410524,3.05109597513279,3.0089353083393,3.67246702586082,3.67371097637403,3.78404158811829,3.94343374045177,4.42748739122745,3.61463715409214,4.11364078561529,4.19696541262012
PSMD2,4.43305513104473,4.23815598922913,4.21056448999441,3.79023698444984,3.33778484391684,3.81683549642601,3.76443962443268,3.32872237087975,3.4880608548379,4.11293134642858,4.19861812597937,4.47565783689629,3.72611869406106,2.51834436472457
XPO1,5.34179905929986,5.36497255488896,5.38772757784909,3.79023698444984,2.21543219554927,3.81683549642601,2.94757194825516,3.32872237087975,2.96599568467055,0,4.52960568260306,5.3128057950355,3.8671785171225,4.52793344246309
GSTO1,3.55000735441012,3.31264672194125,3.34683393700941,2.98387517596422,3.33778484391684,3.17900169483812,4.28280040522502,4.11144617124736,4.17265649339427,3.75133798498403,3.59075491016882,3.88256926416918,4.81687984497183,5.02362273599417
COPA,3.8262858305465,4.01711875952416,3.664046907934,3.56806531410524,3.05109597513279,3.46871393829317,3.35507721763994,3.56762411237549,3.69196718812032,3.52967766840395,4.42748739122745,4.55451306838085,4.59141921398203,3.92483407018895
WDR1,4.81731073452589,4.70157368473307,4.79120908351708,4.23046095285169,3.96132947674934,3.70986437727204,3.23160448319078,3.67371097637403,3.4880608548379,2.5347920257034,3.59075491016882,5.01115055826398,1.23834274816209,3.92483407018895
CAND1,5.39926908584716,5.0517698113621,5.03088599204817,3.98271647697887,3.33778484391684,4.0970716835637,2.37755694803547,2.87441215271289,2.79948922561929,0,3.38818285510002,5.44286616393733,4.59141921398203,4.52793344246309
ADSS2,3.64809754388623,3.31264672194125,3.664046907934,3.79023698444984,3.57683896563117,4.00957143200743,3.85089865728927,4.25507849809621,4.1028602072161,3.40461247780794,3.92646700946729,4.47565783689629,3.5697570737608,3.1508960348579
NAXE,2.92456714260332,3.02656962360087,3.34683393700941,3.56806531410524,3.46225764988683,3.70986437727204,4.40214153567914,4.18504907148928,3.69196718812032,4.26459243231498,4.87822774264808,3.08739300188541,4.59141921398203,3.38660193243663
PRDX5,3.98486564326738,4.3686929603325,4.60598839746596,4.23046095285169,4.19455846817798,4.00957143200743,4.34370462051082,4.71875479240327,4.30286906877823,2.27379829704961,3.15244730840954,3.08739300188541,2.34420950104055,2.86901391440014
MINPP1,3.90775351066966,3.84837850740358,3.92392931468173,2.79156098401869,3.57683896563117,3.0089353083393,3.57422946304155,3.32872237087975,3.69196718812032,3.75133798498403,3.76835394492991,3.61463715409214,4.94972259667932,4.71274025418457
CTSZ,3.64809754388623,3.75597948588324,3.92392931468173,3.3053399029244,3.33778484391684,3.33111788635302,3.46881062925699,3.45311269080306,3.4880608548379,3.52967766840395,4.52960568260306,3.75481421385341,4.41880416591194,4.31592623478702
ARHGDIA,3.44475821908342,3.1766874906299,3.56585998587379,3.3053399029244,3.57683896563117,3.33111788635302,4.80001899942407,4.32186543304007,4.36381789964366,4.11293134642858,3.76835394492991,2.85791276130325,3.8671785171225,3.766734328091
PPP1CA,3.64809754388623,3.75597948588324,3.75597511953115,3.88968434814537,3.33778484391684,3.81683549642601,3.23160448319078,3.45311269080306,3.78404158811829,3.11634697017422,4.31758648745847,4.47565783689629,3.8671785171225,3.58915210607507
IAH1,2.92456714260332,2.85899769615491,2.77359226354915,3.3053399029244,3.68298581076959,3.70986437727204,4.15268969831601,3.77252837041976,3.87059057316192,4.26459243231498,4.62497109130796,4.20937849266566,3.5697570737608,4.19696541262012
BTD,2.75881510914874,2.45099647857302,1.41577173093038,3.79023698444984,3.57683896563117,3.59432192266927,3.67246702586082,3.67371097637403,3.78404158811829,4.19075386455819,4.42748739122745,4.20937849266566,4.59141921398203,5.49632157658865
TFG,2.57151760075562,3.02656962360087,3.22344120934214,3.44267489234056,4.19455846817798,3.59432192266927,4.00967112448003,3.77252837041976,4.36381789964366,4.69675350651414,3.76835394492991,3.61463715409214,3.3943653313673,3.92483407018895
DDX39B,3.73994096057909,4.01711875952416,4.83402340796427,3.44267489234056,3.33778484391684,3.0089353083393,3.09656686713733,3.32872237087975,3.37417170152042,2.7557250512015,4.62497109130796,3.9999257955625,3.99566630003699,3.92483407018895
ACTR3,4.31855680513265,4.54471301847084,4.14406608441303,3.88968434814537,3.78185524220778,4.0970716835637,3.35507721763994,3.56762411237549,3.95223993047539,2.94727461263241,4.0689504249173,4.20937849266566,1.89473910179792,2.51834436472457
SMS,3.98486564326738,3.84837850740358,4.0743538223847,3.79023698444984,3.57683896563117,3.81683549642601,3.67246702586082,3.9519167873388,3.69196718812032,2.5347920257034,3.38818285510002,4.20937849266566,3.5697570737608,3.1508960348579
DDAH1,2.92456714260332,3.75597948588324,4.21056448999441,3.68342366980374,3.46225764988683,3.59432192266927,4.40214153567914,4.25507849809621,3.95223993047539,4.52711367474365,4.19861812597937,1.80729838568951,3.72611869406106,2.51834436472457
PPP1R7,3.07322314924793,3.31264672194125,2.93962089333755,3.68342366980374,3.57683896563117,3.59432192266927,4.00967112448003,4.11144617124736,3.87059057316192,3.52967766840395,3.92646700946729,4.20937849266566,3.3943653313673,3.766734328091
CAPNS1,3.07322314924793,3.65725525038434,3.56585998587379,3.68342366980374,3.78185524220778,3.91641962809647,3.35507721763994,3.86500898675643,3.4880608548379,3.64476072173517,4.0689504249173,4.30370560441847,3.8671785171225,2.51834436472457
FKBP4,4.37694155349423,4.65115831120052,4.95533302661282,3.3053399029244,3.20154998803994,3.33111788635302,3.35507721763994,2.87441215271289,3.11525809989854,2.94727461263241,4.19861812597937,2.24786502574996,4.11364078561529,4.06730666883819
RO60,3.07322314924793,3.1766874906299,3.08849929500469,3.56806531410524,3.20154998803994,3.46871393829317,3.57422946304155,3.1925863325403,2.96599568467055,3.85058071257757,3.38818285510002,3.61463715409214,4.88482969404354,5.68496601973484
ATRN,3.64809754388623,3.65725525038434,2.58594139324158,3.88968434814537,3.33778484391684,3.59432192266927,3.35507721763994,3.1925863325403,3.11525809989854,4.58590470920883,3.76835394492991,3.4593596628752,3.5697570737608,4.87653924732405
LMNB1,4.05806441314603,4.54471301847084,4.27413235447518,4.68271029375163,4.57145184074501,4.40204027147015,3.09656686713733,3.45311269080306,3.95223993047539,2.7557250512015,2.05542144898087,3.28533118563263,2.34420950104055,3.1508960348579
LGALS3,3.64809754388623,3.84837850740358,4.00110120739748,4.23046095285169,4.26461401992626,4.17956709654657,4.00967112448003,3.77252837041976,3.69196718812032,4.26459243231498,3.38818285510002,2.58489654140964,2.68640964602462,2.05409420013722
ECI1,1.40496558913105,0.921121929377462,2.93962089333755,3.79023698444984,3.68298581076959,3.59432192266927,4.15268969831601,3.9519167873388,4.029514809433,4.26459243231498,4.31758648745847,4.55451306838085,3.99566630003699,5.02362273599417
SYNCRIP,4.43305513104473,4.01711875952416,4.39343610288359,2.98387517596422,3.33778484391684,3.70986437727204,2.94757194825516,4.18504907148928,3.69196718812032,2.94727461263241,4.19861812597937,3.61463715409214,2.96280221005881,3.1508960348579
NUDT5,3.64809754388623,3.43688942971458,4.0743538223847,2.79156098401869,2.88310498825785,3.0089353083393,2.94757194825516,3.9519167873388,3.11525809989854,3.26766758549116,4.0689504249173,4.8947412723986,3.99566630003699,4.31592623478702
CLIC1,4.12772790829279,4.3686929603325,4.50362313182852,3.88968434814537,3.96132947674934,4.00957143200743,2.94757194825516,4.11144617124736,3.87059057316192,2.27379829704961,3.15244730840954,3.4593596628752,3.19466101030515,2.51834436472457
LAMA5,4.37694155349423,4.59891716394691,2.77359226354915,5.06956551239555,4.8699997933831,5.56457970115654,2.78139836589901,2.20754373973101,3.11525809989854,3.52967766840395,3.15244730840954,2.85791276130325,3.3943653313673,2.05409420013722
COPE,3.8262858305465,4.09462213849059,3.75597511953115,2.30719248234867,2.88310498825785,2.59347357073696,3.23160448319078,3.67371097637403,3.59361346823549,3.64476072173517,4.42748739122745,4.30370560441847,4.22269306995326,3.766734328091
KPNB1,5.28194438210548,5.0517698113621,5.35869795876996,4.15251267662574,4.4564243195121,4.40204027147015,1.42149211361405,3.32872237087975,2.39465901808086,0.970107555577958,3.38818285510002,4.70036361097552,3.99566630003699,1.36536450103624
CPOX,2.57151760075562,3.1766874906299,2.93962089333755,3.44267489234056,3.20154998803994,3.70986437727204,3.57422946304155,3.32872237087975,3.37417170152042,3.11634697017422,3.76835394492991,3.61463715409214,4.50769177428424,5.72851009150129
PTPA,3.33122231971088,3.1766874906299,3.92392931468173,3.44267489234056,2.6929426969253,2.81610842924801,3.57422946304155,3.67371097637403,3.37417170152042,3.52967766840395,4.0689504249173,4.20937849266566,3.5697570737608,4.62329400757067
DCPS,3.44475821908342,3.75597948588324,3.22344120934214,3.3053399029244,3.20154998803994,3.33111788635302,3.93246795663345,3.45311269080306,3.4880608548379,3.75133798498403,3.76835394492991,3.28533118563263,3.8671785171225,4.19696541262012
LMNB2,3.33122231971088,3.55127575438274,3.46049946846037,4.07011113047582,4.39527788896277,3.81683549642601,3.35507721763994,3.9519167873388,3.4880608548379,2.5347920257034,3.59075491016882,2.58489654140964,3.72611869406106,4.06730666883819
RNASET2,3.07322314924793,3.65725525038434,3.75597511953115,3.15354276915406,2.6929426969253,3.0089353083393,3.46881062925699,3.56762411237549,3.37417170152042,3.85058071257757,4.71442159914491,4.20937849266566,3.5697570737608,3.766734328091
NUDC,3.07322314924793,3.31264672194125,3.08849929500469,3.98271647697887,3.87438143225559,3.81683549642601,2.78139836589901,3.45311269080306,3.37417170152042,3.64476072173517,3.92646700946729,3.75481421385341,3.5697570737608,4.19696541262012
AK2,3.07322314924793,3.1766874906299,3.34683393700941,2.98387517596422,3.46225764988683,3.17900169483812,3.85089865728927,3.67371097637403,3.87059057316192,2.94727461263241,4.31758648745847,3.75481421385341,4.11364078561529,4.06730666883819
B4GALT1,2.92456714260332,3.31264672194125,2.93962089333755,3.56806531410524,3.33778484391684,3.46871393829317,3.46881062925699,3.32872237087975,3.69196718812032,3.64476072173517,3.92646700946729,3.4593596628752,4.67055287832251,4.06730666883819
RRM2,3.64809754388623,3.43688942971458,2.77359226354915,3.44267489234056,3.57683896563117,3.70986437727204,3.67246702586082,3.67371097637403,3.95223993047539,4.19075386455819,3.38818285510002,4.20937849266566,2.96280221005881,2.86901391440014
MGAT5,4.68491520564975,4.3686929603325,3.56585998587379,3.44267489234056,3.05109597513279,3.70986437727204,2.78139836589901,3.04225285179898,2.61122754728392,3.64476072173517,2.87052274241237,3.28533118563263,3.72611869406106,4.62329400757067
FASN,6.59381163968113,6.70951294998893,6.0636529491928,2.30719248234867,2.21543219554927,2.3300996844005,2.37755694803547,2.20754373973101,2.39465901808086,1.95492581589961,2.51978738675437,4.9541197121943,3.5697570737608,3.1508960348579
RCC2,4.12772790829279,4.09462213849059,4.39343610288359,2.98387517596422,2.6929426969253,3.46871393829317,2.94757194825516,3.32872237087975,3.4880608548379,3.64476072173517,3.15244730840954,3.4593596628752,3.5697570737608,3.766734328091
KPNA4,3.07322314924793,3.43688942971458,3.56585998587379,3.56806531410524,3.68298581076959,3.59432192266927,2.78139836589901,3.1925863325403,3.11525809989854,3.26766758549116,4.62497109130796,4.30370560441847,3.99566630003699,2.86901391440014
IPO9,4.48706763888571,4.3686929603325,3.56585998587379,3.15354276915406,2.88310498825785,2.59347357073696,2.94757194825516,2.68444247498666,3.37417170152042,2.7557250512015,4.19861812597937,4.39224204046228,4.11364078561529,3.38660193243663
HNRNPA1,3.55000735441012,3.1766874906299,4.14406608441303,3.3053399029244,3.33778484391684,3.17900169483812,3.93246795663345,3.56762411237549,3.69196718812032,2.94727461263241,3.38818285510002,3.08739300188541,4.11364078561529,3.38660193243663
PDCD6IP,4.81731073452589,4.65115831120052,4.44958131497775,3.88968434814537,3.68298581076959,3.81683549642601,3.23160448319078,3.04225285179898,3.25051537152042,0.970107555577958,4.19861812597937,4.47565783689629,2.96280221005881,1.36536450103624
ASS1,3.44475821908342,3.75597948588324,2.58594139324158,4.30441272035434,4.19455846817798,4.33162671797723,3.85089865728927,4.32186543304007,4.30286906877823,2.27379829704961,2.05542144898087,4.70036361097552,1.89473910179792,2.51834436472457
API5,3.64809754388623,3.43688942971458,4.14406608441303,3.79023698444984,3.57683896563117,3.81683549642601,3.35507721763994,3.67371097637403,3.78404158811829,0.970107555577958,4.71442159914491,4.47565783689629,3.72611869406106,1.36536450103624
ANP32B,2.57151760075562,2.45099647857302,2.11638083409208,4.15251267662574,3.57683896563117,3.46871393829317,3.76443962443268,4.03388539871782,4.1028602072161,3.85058071257757,3.92646700946729,3.4593596628752,3.72611869406106,3.1508960348579
SEPHS1,3.20798235977364,2.85899769615491,2.58594139324158,3.44267489234056,3.33778484391684,3.33111788635302,3.46881062925699,3.56762411237549,3.4880608548379,3.11634697017422,4.31758648745847,4.10844989385587,3.5697570737608,3.92483407018895
SF3B3,4.68491520564975,4.84303945686884,5.20408277328473,2.569609625994,2.21543219554927,2.81610842924801,3.23160448319078,3.32872237087975,3.11525809989854,2.7557250512015,3.59075491016882,3.4593596628752,2.96280221005881,3.38660193243663
WARS1,4.25770925331244,4.09462213849059,3.664046907934,4.30441272035434,3.57683896563117,4.33162671797723,2.78139836589901,2.68444247498666,2.39465901808086,0,4.19861812597937,4.9541197121943,3.19466101030515,3.58915210607507
PTPRK,4.48706763888571,4.4297838373901,4.55571347988989,4.15251267662574,4.19455846817798,4.17956709654657,2.94757194825516,3.04225285179898,2.79948922561929,2.94727461263241,2.51978738675437,2.24786502574996,1.89473910179792,3.58915210607507
AKR1A1,2.35622457757371,2.45099647857302,3.56585998587379,3.15354276915406,3.33778484391684,2.81610842924801,3.93246795663345,3.77252837041976,3.87059057316192,3.94343374045177,4.19861812597937,4.39224204046228,2.68640964602462,3.38660193243663
TINAGL1,2.57151760075562,3.02656962360087,1.80819401344782,4.15251267662574,4.26461401992626,4.81719889265512,2.94757194825516,3.04225285179898,2.96599568467055,4.03067032928669,2.51978738675437,1.80729838568951,4.81687984497183,5.09189851549475
SLC3A2,3.20798235977364,3.55127575438274,3.08849929500469,3.68342366980374,3.46225764988683,3.59432192266927,3.67246702586082,3.67371097637403,3.87059057316192,4.03067032928669,2.87052274241237,1.80729838568951,3.99566630003699,3.1508960348579
UBE2L3,3.20798235977364,3.1766874906299,3.22344120934214,3.15354276915406,3.20154998803994,3.17900169483812,3.35507721763994,3.45311269080306,3.25051537152042,3.40461247780794,3.15244730840954,3.61463715409214,3.72611869406106,4.52793344246309
KLK6,3.55000735441012,3.75597948588324,3.664046907934,2.30719248234867,2.21543219554927,2.3300996844005,3.09656686713733,2.68444247498666,3.11525809989854,3.26766758549116,4.62497109130796,4.10844989385587,4.74557073913876,4.06730666883819
HMGCS1,3.55000735441012,3.65725525038434,2.93962089333755,3.56806531410524,3.57683896563117,3.91641962809647,3.67246702586082,3.77252837041976,4.1028602072161,3.40461247780794,3.76835394492991,3.75481421385341,2.34420950104055,1.36536450103624
LGALS3BP,3.33122231971088,3.55127575438274,2.77359226354915,4.15251267662574,4.19455846817798,4.00957143200743,3.67246702586082,3.77252837041976,3.4880608548379,3.94343374045177,3.15244730840954,1.16988102890304,3.5697570737608,2.51834436472457
CFL1,4.6379383992635,4.70157368473307,4.6545701756865,4.23046095285169,4.4564243195121,4.33162671797723,2.78139836589901,3.77252837041976,3.25051537152042,0.970107555577958,2.05542144898087,3.08739300188541,2.96280221005881,1.36536450103624
CADM4,2.35622457757371,2.19356649367957,2.11638083409208,3.15354276915406,3.05109597513279,3.17900169483812,3.93246795663345,3.56762411237549,3.78404158811829,4.03067032928669,3.38818285510002,3.08739300188541,4.22269306995326,4.95195458495737
IFI30,2.75881510914874,2.85899769615491,2.77359226354915,2.79156098401869,2.47385402523252,3.0089353083393,3.35507721763994,3.45311269080306,3.4880608548379,3.40461247780794,3.92646700946729,3.4593596628752,4.81687984497183,4.42582070520397
NLN,1.40496558913105,1.88000441901047,2.11638083409208,3.56806531410524,2.88310498825785,3.59432192266927,4.08295191732015,3.9519167873388,3.78404158811829,4.11293134642858,4.31758648745847,4.30370560441847,2.96280221005881,3.766734328091
PGM2L1,3.73994096057909,4.01711875952416,3.664046907934,2.569609625994,1.90039543102159,3.0089353083393,2.94757194825516,3.45311269080306,3.4880608548379,3.11634697017422,3.59075491016882,4.39224204046228,3.3943653313673,3.38660193243663
SEMA3A,4.73041047552862,4.54471301847084,4.91601905629984,0.990807894861643,0.934366796607263,1.59177536882786,2.78139836589901,2.46560955367675,2.61122754728392,2.5347920257034,3.76835394492991,4.62928066666994,4.74557073913876,5.27924613611351
LTBP4,3.64809754388623,4.16817335250845,1.80819401344782,3.56806531410524,3.46225764988683,4.25759936039531,2.94757194825516,3.04225285179898,3.37417170152042,3.64476072173517,3.15244730840954,2.24786502574996,4.22269306995326,2.86901391440014
GARS1,4.89927263736643,4.70157368473307,4.74708521230034,3.56806531410524,3.46225764988683,3.59432192266927,2.37755694803547,2.87441215271289,2.96599568467055,0.970107555577958,2.51978738675437,3.88256926416918,2.34420950104055,3.38660193243663
B4GAT1,3.90775351066966,4.23815598922913,3.75597511953115,2.30719248234867,2.6929426969253,2.3300996844005,2.78139836589901,2.87441215271289,2.39465901808086,3.52967766840395,2.87052274241237,1.80729838568951,5.28760753853767,5.44503740258828
BCAT2,1.40496558913105,2.19356649367957,3.46049946846037,3.15354276915406,2.88310498825785,3.17900169483812,3.46881062925699,3.56762411237549,3.37417170152042,3.26766758549116,4.71442159914491,4.47565783689629,2.96280221005881,4.06730666883819
NIPSNAP3A,1.79583841036722,1.88000441901047,2.37018113537312,3.44267489234056,3.20154998803994,3.46871393829317,3.76443962443268,3.86500898675643,3.69196718812032,4.46582470286975,3.59075491016882,2.85791276130325,3.5697570737608,4.19696541262012
NIF3L1,1.79583841036722,2.19356649367957,1.80819401344782,2.79156098401869,3.57683896563117,3.81683549642601,3.76443962443268,4.32186543304007,4.36381789964366,4.19075386455819,4.31758648745847,4.10844989385587,3.72611869406106,1.36536450103624
GLA,3.90775351066966,4.16817335250845,3.84239492811885,2.30719248234867,1.90039543102159,2.3300996844005,2.37755694803547,2.68444247498666,2.96599568467055,2.27379829704961,4.0689504249173,4.39224204046228,4.59141921398203,4.31592623478702
TUBB,3.44475821908342,3.43688942971458,3.22344120934214,3.68342366980374,3.57683896563117,3.70986437727204,2.12341726605266,2.87441215271289,2.79948922561929,0.970107555577958,3.76835394492991,4.8947412723986,3.99566630003699,3.58915210607507
DTD1,2.92456714260332,2.85899769615491,2.77359226354915,2.98387517596422,3.05109597513279,3.33111788635302,2.78139836589901,2.87441215271289,3.11525809989854,3.26766758549116,4.0689504249173,4.10844989385587,3.8671785171225,4.06730666883819
PPIB,3.8262858305465,3.55127575438274,3.56585998587379,2.79156098401869,2.6929426969253,2.81610842924801,3.09656686713733,3.45311269080306,3.37417170152042,3.40461247780794,4.19861812597937,3.08739300188541,3.19466101030515,2.86901391440014
EPHB4,2.75881510914874,3.31264672194125,2.93962089333755,3.3053399029244,3.20154998803994,3.17900169483812,3.46881062925699,3.67371097637403,3.59361346823549,3.64476072173517,3.76835394492991,3.08739300188541,3.3943653313673,2.51834436472457
NANS,2.35622457757371,2.45099647857302,2.37018113537312,3.44267489234056,3.33778484391684,3.0089353083393,3.35507721763994,3.56762411237549,3.37417170152042,2.7557250512015,3.59075491016882,4.47565783689629,3.8671785171225,3.58915210607507
NRDC,3.98486564326738,4.16817335250845,3.08849929500469,2.569609625994,2.21543219554927,3.0089353083393,2.94757194825516,2.68444247498666,3.37417170152042,3.94343374045177,2.87052274241237,3.4593596628752,4.11364078561529,2.86901391440014
IPO7,5.28194438210548,4.88727147797044,5.329072195522,3.56806531410524,3.46225764988683,3.70986437727204,2.37755694803547,2.20754373973101,2.39465901808086,1.54496666834525,2.87052274241237,4.39224204046228,1.89473910179792,1.36536450103624
ARPC2,4.19418193916621,4.01711875952416,3.664046907934,2.569609625994,2.6929426969253,3.0089353083393,2.78139836589901,3.32872237087975,3.11525809989854,2.5347920257034,3.76835394492991,4.10844989385587,3.3943653313673,2.05409420013722
GPC1,3.55000735441012,3.55127575438274,0.875003141627423,4.78957452873536,4.26461401992626,4.40204027147015,2.78139836589901,2.20754373973101,2.61122754728392,3.26766758549116,1.36643426858247,1.80729838568951,4.94972259667932,4.79696315513653
CSE1L,4.81731073452589,4.88727147797044,5.35869795876996,2.98387517596422,2.6929426969253,2.81610842924801,2.12341726605266,3.04225285179898,3.11525809989854,0.970107555577958,1.36643426858247,3.75481421385341,3.19466101030515,4.06730666883819
ALAD,1.40496558913105,1.47880337355778,2.37018113537312,3.3053399029244,3.33778484391684,3.33111788635302,3.46881062925699,3.9519167873388,4.029514809433,4.79968964035458,3.59075491016882,3.61463715409214,3.5697570737608,2.86901391440014
BLMH,2.35622457757371,2.19356649367957,2.11638083409208,1.98618978584291,2.6929426969253,3.17900169483812,4.00967112448003,3.86500898675643,3.87059057316192,4.26459243231498,4.0689504249173,2.58489654140964,3.5697570737608,4.31592623478702
RNH1,4.37694155349423,4.30490036632992,4.60598839746596,2.98387517596422,3.46225764988683,3.33111788635302,1.42149211361405,3.04225285179898,2.96599568467055,0,2.87052274241237,4.20937849266566,3.8671785171225,3.58915210607507
CAPG,1.79583841036722,3.02656962360087,3.08849929500469,3.3053399029244,3.05109597513279,3.17900169483812,3.09656686713733,3.67371097637403,3.69196718812032,2.5347920257034,3.92646700946729,3.9999257955625,4.11364078561529,2.51834436472457
RBBP7,3.8262858305465,4.01711875952416,4.00110120739748,2.79156098401869,2.6929426969253,2.59347357073696,2.5935622517618,2.68444247498666,2.79948922561929,2.5347920257034,3.38818285510002,3.88256926416918,3.72611869406106,3.38660193243663
KRT1,4.25770925331244,3.02656962360087,2.37018113537312,4.56729253781084,1.49677083244156,3.59432192266927,2.94757194825516,1.49028314427186,2.13973876531186,2.7557250512015,4.62497109130796,4.10844989385587,1.89473910179792,5.39186279900754
MYL6,3.07322314924793,3.55127575438274,3.46049946846037,3.3053399029244,3.46225764988683,3.46871393829317,2.37755694803547,3.45311269080306,3.4880608548379,3.52967766840395,3.38818285510002,2.85791276130325,2.34420950104055,2.86901391440014
USP14,4.89927263736643,4.65115831120052,4.91601905629984,3.15354276915406,3.20154998803994,3.17900169483812,1.81472927128529,2.87441215271289,2.39465901808086,1.54496666834525,3.15244730840954,3.61463715409214,2.96280221005881,2.05409420013722
ASL,3.44475821908342,3.65725525038434,3.22344120934214,3.68342366980374,3.68298581076959,3.70986437727204,3.09656686713733,3.86500898675643,4.029514809433,0,2.87052274241237,5.16984804861902,1.89473910179792,2.05409420013722
PTBP1,4.05806441314603,3.93521424962126,4.14406608441303,2.569609625994,3.33778484391684,2.81610842924801,3.76443962443268,4.11144617124736,3.69196718812032,0,2.51978738675437,2.58489654140964,3.5697570737608,3.1508960348579
ERBB3,2.57151760075562,3.02656962360087,2.11638083409208,4.07011113047582,3.78185524220778,3.81683549642601,3.93246795663345,3.45311269080306,3.59361346823549,4.11293134642858,3.15244730840954,2.85791276130325,1.23834274816209,2.51834436472457
SEMA4D,3.98486564326738,3.84837850740358,3.664046907934,3.68342366980374,3.68298581076959,4.0970716835637,3.09656686713733,2.87441215271289,2.96599568467055,3.64476072173517,2.05542144898087,2.85791276130325,1.23834274816209,2.51834436472457
H6PD,3.07322314924793,2.85899769615491,2.11638083409208,1.98618978584291,2.21543219554927,3.0089353083393,2.94757194825516,3.32872237087975,3.78404158811829,4.19075386455819,3.15244730840954,3.28533118563263,3.5697570737608,4.62329400757067
PRSS8,2.35622457757371,2.85899769615491,2.37018113537312,3.3053399029244,2.88310498825785,3.46871393829317,3.23160448319078,3.45311269080306,3.4880608548379,3.85058071257757,3.38818285510002,3.08739300188541,2.96280221005881,3.38660193243663
HK1,3.64809754388623,4.09462213849059,4.0743538223847,3.15354276915406,2.6929426969253,3.46871393829317,2.12341726605266,2.87441215271289,2.96599568467055,0.970107555577958,3.15244730840954,4.76810807796149,3.5697570737608,2.51834436472457
STC2,3.33122231971088,3.02656962360087,2.93962089333755,3.15354276915406,3.05109597513279,2.81610842924801,3.23160448319078,3.04225285179898,3.11525809989854,3.26766758549116,2.87052274241237,3.08739300188541,3.3943653313673,3.58915210607507
OTUB1,3.33122231971088,3.43688942971458,4.00110120739748,2.79156098401869,2.88310498825785,2.81610842924801,2.5935622517618,3.45311269080306,3.25051537152042,0.970107555577958,3.38818285510002,3.88256926416918,3.72611869406106,3.38660193243663
ASAH1,2.75881510914874,2.66937237058984,2.77359226354915,2.79156098401869,2.47385402523252,2.00766221893124,2.37755694803547,2.87441215271289,2.39465901808086,3.11634697017422,4.31758648745847,3.28533118563263,4.81687984497183,5.15708861310793
UBA3,2.92456714260332,3.1766874906299,2.77359226354915,3.15354276915406,2.6929426969253,3.33111788635302,3.35507721763994,3.32872237087975,3.37417170152042,2.5347920257034,3.59075491016882,3.75481421385341,3.5697570737608,2.05409420013722
ISOC2,0.867151073132142,0,1.80819401344782,3.15354276915406,3.96132947674934,3.33111788635302,3.76443962443268,3.9519167873388,3.59361346823549,3.85058071257757,3.76835394492991,4.55451306838085,3.3943653313673,3.58915210607507
CYRIB,2.75881510914874,3.1766874906299,3.84239492811885,2.30719248234867,2.47385402523252,2.3300996844005,3.23160448319078,3.67371097637403,3.37417170152042,1.54496666834525,4.42748739122745,3.9999257955625,4.32407832263601,2.05409420013722
GALM,2.92456714260332,3.1766874906299,3.22344120934214,3.3053399029244,3.46225764988683,3.33111788635302,3.57422946304155,3.32872237087975,3.37417170152042,3.52967766840395,3.92646700946729,3.08739300188541,1.89473910179792,1.36536450103624
PPP2R1A,4.53913075612885,4.59891716394691,4.55571347988989,3.56806531410524,3.20154998803994,4.0970716835637,0,2.87441215271289,2.96599568467055,0,1.36643426858247,3.88256926416918,3.99566630003699,3.766734328091
GGCT,3.20798235977364,3.02656962360087,3.22344120934214,3.15354276915406,2.6929426969253,2.59347357073696,3.67246702586082,3.67371097637403,3.59361346823549,3.64476072173517,3.38818285510002,2.58489654140964,2.34420950104055,2.51834436472457
GFUS,2.10307100065347,2.45099647857302,2.77359226354915,3.15354276915406,3.05109597513279,3.17900169483812,2.94757194825516,3.04225285179898,2.79948922561929,3.64476072173517,3.38818285510002,3.61463715409214,3.3943653313673,3.58915210607507
SERPINA1,0,0,0.875003141627423,2.98387517596422,2.88310498825785,2.3300996844005,3.76443962443268,3.1925863325403,3.25051537152042,3.94343374045177,3.59075491016882,3.08739300188541,6.24336536300091,6.81922624166319
PRCP,2.92456714260332,2.85899769615491,2.37018113537312,2.98387517596422,2.6929426969253,2.81610842924801,3.09656686713733,2.87441215271289,2.79948922561929,1.95492581589961,3.15244730840954,3.61463715409214,4.22269306995326,4.52793344246309
S100A11,2.35622457757371,2.19356649367957,2.93962089333755,2.569609625994,3.78185524220778,2.3300996844005,3.76443962443268,4.11144617124736,4.029514809433,3.64476072173517,3.59075491016882,2.24786502574996,3.19466101030515,2.05409420013722
EFNB1,2.75881510914874,3.1766874906299,0.875003141627423,2.79156098401869,2.6929426969253,3.0089353083393,3.57422946304155,3.1925863325403,3.78404158811829,3.64476072173517,3.59075491016882,3.28533118563263,2.96280221005881,3.1508960348579
VPS26A,3.64809754388623,3.55127575438274,3.56585998587379,1.57269329934315,1.49677083244156,2.00766221893124,2.94757194825516,2.87441215271289,2.79948922561929,2.94727461263241,3.15244730840954,3.88256926416918,3.72611869406106,4.31592623478702
UGDH,4.19418193916621,3.75597948588324,4.44958131497775,4.15251267662574,3.78185524220778,4.17956709654657,1.81472927128529,3.32872237087975,2.79948922561929,0,2.87052274241237,3.88256926416918,1.89473910179792,1.36536450103624
MTAP,3.64809754388623,3.84837850740358,3.664046907934,2.30719248234867,1.90039543102159,2.3300996844005,2.5935622517618,2.87441215271289,2.39465901808086,0.970107555577958,4.79864827802276,4.55451306838085,3.19466101030515,3.38660193243663
PLAUR,2.92456714260332,3.02656962360087,2.58594139324158,1.98618978584291,2.21543219554927,2.59347357073696,2.94757194825516,3.1925863325403,2.96599568467055,3.11634697017422,2.87052274241237,2.85791276130325,4.32407832263601,4.62329400757067
TIMP1,2.92456714260332,3.31264672194125,2.58594139324158,2.569609625994,2.21543219554927,2.59347357073696,2.37755694803547,2.20754373973101,2.61122754728392,2.94727461263241,2.87052274241237,2.85791276130325,5.12853429293766,5.02362273599417
ACAT2,3.55000735441012,3.43688942971458,3.56585998587379,2.569609625994,2.6929426969253,2.81610842924801,2.5935622517618,2.87441215271289,2.79948922561929,1.54496666834525,2.87052274241237,3.61463715409214,4.32407832263601,2.86901391440014
FTO,1.40496558913105,1.47880337355778,1.80819401344782,2.79156098401869,2.88310498825785,2.81610842924801,2.94757194825516,3.04225285179898,2.96599568467055,3.64476072173517,3.76835394492991,4.10844989385587,3.72611869406106,4.71274025418457
TPT1,3.07322314924793,3.1766874906299,3.22344120934214,2.98387517596422,2.47385402523252,2.00766221893124,3.57422946304155,3.45311269080306,3.37417170152042,1.95492581589961,3.59075491016882,3.4593596628752,3.19466101030515,2.51834436472457
ACTR2,3.8262858305465,3.55127575438274,3.56585998587379,3.15354276915406,3.05109597513279,3.33111788635302,2.37755694803547,2.87441215271289,3.11525809989854,0.970107555577958,3.59075491016882,3.88256926416918,2.68640964602462,2.05409420013722
PPP5C,3.44475821908342,3.75597948588324,3.75597511953115,2.569609625994,2.47385402523252,2.81610842924801,3.09656686713733,2.68444247498666,2.79948922561929,2.94727461263241,2.87052274241237,2.85791276130325,2.68640964602462,3.1508960348579
UBE2I,2.57151760075562,2.45099647857302,3.22344120934214,2.79156098401869,2.88310498825785,2.81610842924801,3.23160448319078,2.87441215271289,3.11525809989854,3.11634697017422,2.51978738675437,3.08739300188541,3.19466101030515,3.92483407018895
NT5DC1,2.75881510914874,2.45099647857302,3.34683393700941,2.569609625994,1.90039543102159,2.81610842924801,2.78139836589901,2.68444247498666,2.61122754728392,2.27379829704961,3.15244730840954,3.28533118563263,4.32407832263601,4.79696315513653
CANT1,4.48706763888571,4.48839257352859,4.00110120739748,1.57269329934315,1.49677083244156,2.00766221893124,2.5935622517618,2.46560955367675,2.13973876531186,3.11634697017422,3.76835394492991,2.85791276130325,2.96280221005881,3.766734328091
TUBA1B,2.57151760075562,2.66937237058984,2.77359226354915,2.569609625994,2.6929426969253,3.0089353083393,2.12341726605266,2.87441215271289,2.13973876531186,1.95492581589961,2.87052274241237,4.8947412723986,4.22269306995326,4.31592623478702
GLO1,2.10307100065347,2.66937237058984,3.46049946846037,2.79156098401869,2.6929426969253,2.81610842924801,2.78139836589901,3.45311269080306,3.25051537152042,2.27379829704961,3.15244730840954,3.08739300188541,3.8671785171225,3.1508960348579
CAB39,2.75881510914874,2.85899769615491,2.77359226354915,1.98618978584291,1.90039543102159,2.59347357073696,3.35507721763994,2.87441215271289,3.11525809989854,2.94727461263241,3.59075491016882,3.61463715409214,3.3943653313673,3.766734328091
ISOC1,2.92456714260332,3.31264672194125,2.58594139324158,3.3053399029244,2.21543219554927,3.17900169483812,2.12341726605266,2.68444247498666,2.79948922561929,1.54496666834525,2.87052274241237,3.28533118563263,3.99566630003699,4.52793344246309
CSTB,1.79583841036722,2.19356649367957,2.11638083409208,2.79156098401869,2.88310498825785,2.81610842924801,3.57422946304155,3.56762411237549,3.69196718812032,3.75133798498403,3.15244730840954,2.85791276130325,2.96280221005881,3.1508960348579
HNRNPD,4.53913075612885,4.3686929603325,4.39343610288359,2.98387517596422,2.6929426969253,3.0089353083393,2.12341726605266,3.04225285179898,2.79948922561929,1.54496666834525,3.38818285510002,2.24786502574996,2.68640964602462,1.36536450103624
GPHN,2.10307100065347,2.66937237058984,2.93962089333755,2.98387517596422,3.20154998803994,3.46871393829317,3.09656686713733,2.68444247498666,3.11525809989854,3.64476072173517,2.87052274241237,3.75481421385341,1.23834274816209,3.38660193243663
NECTIN2,2.75881510914874,2.19356649367957,2.37018113537312,3.3053399029244,3.20154998803994,3.0089353083393,3.57422946304155,3.32872237087975,3.37417170152042,3.11634697017422,3.59075491016882,1.16988102890304,2.96280221005881,3.1508960348579
EIF5A,3.20798235977364,3.43688942971458,3.34683393700941,3.15354276915406,3.33778484391684,3.0089353083393,3.23160448319078,3.45311269080306,3.37417170152042,0.970107555577958,3.38818285510002,2.85791276130325,2.96280221005881,1.36536450103624
FNTA,2.10307100065347,1.88000441901047,2.37018113537312,3.15354276915406,2.6929426969253,3.33111788635302,3.35507721763994,2.87441215271289,3.11525809989854,2.5347920257034,4.31758648745847,3.61463715409214,3.3943653313673,2.05409420013722
DSC2,3.98486564326738,3.84837850740358,3.34683393700941,3.44267489234056,3.78185524220778,3.17900169483812,3.09656686713733,3.56762411237549,3.25051537152042,0.970107555577958,3.15244730840954,1.16988102890304,1.89473910179792,2.05409420013722
PAIP1,2.92456714260332,2.85899769615491,2.37018113537312,2.98387517596422,3.20154998803994,3.33111788635302,2.94757194825516,3.04225285179898,3.11525809989854,0.970107555577958,3.59075491016882,3.88256926416918,2.96280221005881,2.51834436472457
SUPT16H,3.73994096057909,3.43688942971458,3.56585998587379,0.990807894861643,1.90039543102159,1.59177536882786,2.78139836589901,2.68444247498666,2.61122754728392,2.7557250512015,3.38818285510002,2.58489654140964,3.8671785171225,4.62329400757067
PRDX3,3.07322314924793,3.43688942971458,3.92392931468173,2.569609625994,2.6929426969253,2.00766221893124,2.78139836589901,2.68444247498666,2.61122754728392,2.5347920257034,3.15244730840954,2.58489654140964,3.5697570737608,2.86901391440014
DNASE2,2.57151760075562,2.45099647857302,3.22344120934214,1.98618978584291,2.6929426969253,2.59347357073696,3.09656686713733,3.04225285179898,2.96599568467055,3.26766758549116,3.38818285510002,3.28533118563263,2.96280221005881,2.86901391440014
PTPN11,3.07322314924793,3.55127575438274,3.34683393700941,2.569609625994,1.90039543102159,2.59347357073696,3.35507721763994,3.56762411237549,3.4880608548379,2.7557250512015,3.59075491016882,2.24786502574996,2.96280221005881,1.36536450103624
ACTC1,2.92456714260332,2.19356649367957,1.80819401344782,2.30719248234867,2.88310498825785,2.3300996844005,0.879166244871832,2.20754373973101,1.82989696810661,0.970107555577958,4.62497109130796,5.26670944509818,5.28760753853767,4.79696315513653
PCBP1,3.73994096057909,4.30490036632992,4.14406608441303,2.569609625994,2.6929426969253,3.33111788635302,2.94757194825516,3.45311269080306,3.37417170152042,0.970107555577958,2.87052274241237,2.58489654140964,1.89473910179792,1.36536450103624
TP53I3,2.10307100065347,1.88000441901047,0.875003141627423,2.98387517596422,2.6929426969253,2.59347357073696,2.94757194825516,3.45311269080306,3.37417170152042,3.85058071257757,3.38818285510002,3.28533118563263,2.68640964602462,3.92483407018895
PVR,2.10307100065347,2.66937237058984,2.37018113537312,2.79156098401869,2.6929426969253,2.81610842924801,3.09656686713733,2.68444247498666,2.79948922561929,2.7557250512015,3.15244730840954,2.85791276130325,3.5697570737608,3.58915210607507
LAMP1,2.10307100065347,2.66937237058984,1.41577173093038,3.88968434814537,3.57683896563117,3.59432192266927,3.09656686713733,3.04225285179898,3.11525809989854,3.85058071257757,3.15244730840954,1.16988102890304,2.68640964602462,2.51834436472457
UBE2N,2.92456714260332,2.85899769615491,3.34683393700941,1.98618978584291,2.88310498825785,2.3300996844005,3.57422946304155,3.67371097637403,3.69196718812032,1.95492581589961,3.76835394492991,1.80729838568951,2.96280221005881,2.05409420013722
PLA2G15,2.35622457757371,2.19356649367957,2.58594139324158,1.98618978584291,2.21543219554927,2.59347357073696,2.78139836589901,3.04225285179898,2.96599568467055,3.52967766840395,2.87052274241237,2.85791276130325,3.5697570737608,4.19696541262012
TSNAX,2.10307100065347,2.66937237058984,1.41577173093038,2.569609625994,2.47385402523252,3.0089353083393,2.78139836589901,2.87441215271289,2.96599568467055,3.64476072173517,4.31758648745847,3.75481421385341,2.34420950104055,2.51834436472457
POFUT1,2.10307100065347,2.66937237058984,3.34683393700941,2.30719248234867,2.88310498825785,2.59347357073696,3.09656686713733,3.04225285179898,2.96599568467055,2.94727461263241,3.15244730840954,3.4593596628752,2.68640964602462,2.05409420013722
SERPINF1,3.07322314924793,3.1766874906299,1.41577173093038,2.79156098401869,1.90039543102159,1.59177536882786,3.09656686713733,2.68444247498666,2.39465901808086,3.40461247780794,4.19861812597937,1.16988102890304,4.74557073913876,3.58915210607507
EPHB3,2.10307100065347,2.66937237058984,1.41577173093038,3.15354276915406,3.20154998803994,3.33111788635302,3.46881062925699,2.87441215271289,2.96599568467055,3.75133798498403,3.38818285510002,3.08739300188541,1.23834274816209,2.51834436472457
AHSA1,2.10307100065347,2.19356649367957,3.46049946846037,1.98618978584291,1.49677083244156,2.81610842924801,3.85089865728927,3.1925863325403,3.4880608548379,3.26766758549116,2.87052274241237,2.85791276130325,2.96280221005881,2.51834436472457
MAT2A,2.75881510914874,3.02656962360087,3.34683393700941,2.79156098401869,2.6929426969253,2.81610842924801,2.37755694803547,2.87441215271289,2.39465901808086,1.54496666834525,3.15244730840954,3.28533118563263,3.3943653313673,2.51834436472457
PURB,2.35622457757371,2.45099647857302,2.58594139324158,2.79156098401869,2.88310498825785,3.0089353083393,3.09656686713733,3.32872237087975,3.37417170152042,2.27379829704961,3.38818285510002,2.85791276130325,3.19466101030515,1.36536450103624
REXO2,2.57151760075562,2.19356649367957,1.80819401344782,2.79156098401869,2.6929426969253,2.81610842924801,2.37755694803547,2.20754373973101,2.61122754728392,2.7557250512015,3.59075491016882,2.85791276130325,3.5697570737608,4.06730666883819
CACYBP,3.55000735441012,3.55127575438274,3.08849929500469,2.98387517596422,3.46225764988683,3.0089353083393,2.5935622517618,2.87441215271289,2.79948922561929,3.11634697017422,2.05542144898087,1.80729838568951,1.89473910179792,2.05409420013722
RPLP0,4.48706763888571,3.93521424962126,3.84239492811885,4.07011113047582,3.68298581076959,3.70986437727204,0,2.46560955367675,2.39465901808086,0.970107555577958,2.51978738675437,2.58489654140964,2.68640964602462,1.36536450103624
PGLS,1.40496558913105,2.66937237058984,2.77359226354915,0,1.49677083244156,0,3.23160448319078,3.45311269080306,3.4880608548379,3.75133798498403,3.92646700946729,4.10844989385587,3.72611869406106,4.62329400757067
CREG1,1.40496558913105,0.921121929377462,2.93962089333755,2.30719248234867,1.90039543102159,2.3300996844005,3.09656686713733,3.32872237087975,2.96599568467055,3.75133798498403,3.15244730840954,3.08739300188541,3.3943653313673,3.92483407018895
PSMA7,1.40496558913105,1.47880337355778,1.41577173093038,2.98387517596422,3.05109597513279,3.33111788635302,3.67246702586082,3.9519167873388,3.69196718812032,4.11293134642858,2.87052274241237,2.58489654140964,1.89473910179792,2.05409420013722
PSMA4,1.40496558913105,1.47880337355778,0,3.68342366980374,3.33778484391684,3.46871393829317,3.46881062925699,3.77252837041976,3.59361346823549,3.40461247780794,2.87052274241237,3.08739300188541,1.23834274816209,3.58915210607507
PSMA6,0.867151073132142,1.47880337355778,0.875003141627423,2.569609625994,3.05109597513279,3.17900169483812,3.93246795663345,3.77252837041976,3.25051537152042,4.03067032928669,3.15244730840954,2.85791276130325,2.34420950104055,2.86901391440014
SEC23A,4.12772790829279,3.55127575438274,3.84239492811885,2.30719248234867,0.934366796607263,1.59177536882786,2.94757194825516,2.20754373973101,2.39465901808086,1.54496666834525,3.38818285510002,4.10844989385587,3.72611869406106,1.36536450103624
PAFAH1B3,3.20798235977364,3.43688942971458,3.56585998587379,2.30719248234867,3.20154998803994,3.17900169483812,2.37755694803547,3.1925863325403,2.96599568467055,0,2.05542144898087,3.28533118563263,3.19466101030515,2.05409420013722
SNRPD1,3.20798235977364,3.43688942971458,3.664046907934,2.79156098401869,2.6929426969253,3.0089353083393,1.81472927128529,1.89303659490406,2.13973876531186,2.27379829704961,3.15244730840954,2.85791276130325,1.89473910179792,3.1508960348579
ERAP2,0.867151073132142,0,0.875003141627423,3.88968434814537,3.57683896563117,3.81683549642601,4.21921132336547,3.9519167873388,3.95223993047539,4.46582470286975,2.05542144898087,3.61463715409214,1.23834274816209,1.36536450103624
AGA,1.40496558913105,1.47880337355778,2.11638083409208,3.15354276915406,3.05109597513279,2.00766221893124,2.78139836589901,3.1925863325403,3.11525809989854,3.75133798498403,3.38818285510002,2.58489654140964,2.96280221005881,2.86901391440014
PGM3,3.07322314924793,3.31264672194125,3.22344120934214,2.30719248234867,2.21543219554927,2.59347357073696,1.42149211361405,1.49028314427186,1.43478097641253,0.970107555577958,3.59075491016882,4.9541197121943,3.99566630003699,3.1508960348579
CEACAM1,1.79583841036722,2.66937237058984,1.80819401344782,3.15354276915406,2.47385402523252,3.0089353083393,2.94757194825516,3.1925863325403,3.25051537152042,3.64476072173517,3.38818285510002,1.80729838568951,2.34420950104055,2.05409420013722
RNASE1,4.05806441314603,4.09462213849059,4.0743538223847,2.30719248234867,2.21543219554927,2.00766221893124,2.5935622517618,2.20754373973101,2.79948922561929,3.26766758549116,2.87052274241237,2.24786502574996,1.23834274816209,1.36536450103624
GALNT1,0,0,0.875003141627423,2.98387517596422,2.6929426969253,3.0089353083393,3.23160448319078,3.04225285179898,3.4880608548379,3.52967766840395,3.59075491016882,3.61463715409214,3.19466101030515,3.766734328091
CTSH,4.97682740360042,4.97186392020649,5.06722873321958,0.990807894861643,0,1.59177536882786,0.879166244871832,0.929579341525162,1.43478097641253,1.54496666834525,3.76835394492991,3.28533118563263,3.8671785171225,3.58915210607507
KLK1,1.40496558913105,2.19356649367957,2.11638083409208,2.30719248234867,2.21543219554927,2.3300996844005,2.78139836589901,2.87441215271289,2.79948922561929,3.26766758549116,4.19861812597937,3.61463715409214,1.89473910179792,2.86901391440014
CPPED1,1.79583841036722,2.85899769615491,2.58594139324158,1.98618978584291,1.90039543102159,2.3300996844005,2.5935622517618,2.46560955367675,2.61122754728392,2.5347920257034,3.15244730840954,3.4593596628752,3.3943653313673,3.1508960348579
PRMT1,3.90775351066966,4.01711875952416,4.0743538223847,1.98618978584291,2.21543219554927,2.59347357073696,2.37755694803547,2.46560955367675,2.61122754728392,0,1.36643426858247,3.08739300188541,2.96280221005881,2.86901391440014
MSLN,2.10307100065347,3.02656962360087,0,1.57269329934315,2.21543219554927,0,2.37755694803547,3.32872237087975,2.79948922561929,0,3.59075491016882,4.20937849266566,5.51903953873122,5.68496601973484
HNRNPA2B1,3.8262858305465,3.55127575438274,4.14406608441303,0.990807894861643,1.49677083244156,2.00766221893124,3.09656686713733,4.03388539871782,3.69196718812032,2.27379829704961,1.36643426858247,1.80729838568951,2.68640964602462,1.36536450103624
PSMB1,1.79583841036722,0.921121929377462,0,3.15354276915406,3.33778484391684,3.0089353083393,3.67246702586082,4.03388539871782,3.37417170152042,4.26459243231498,2.05542144898087,2.24786502574996,1.89473910179792,2.51834436472457
EFHD2,0.867151073132142,1.88000441901047,1.80819401344782,2.30719248234867,2.21543219554927,2.59347357073696,2.94757194825516,3.56762411237549,2.96599568467055,3.11634697017422,3.59075491016882,3.08739300188541,1.89473910179792,3.38660193243663
QSOX2,3.33122231971088,3.1766874906299,3.22344120934214,2.30719248234867,2.47385402523252,2.00766221893124,1.81472927128529,1.89303659490406,1.82989696810661,2.27379829704961,2.51978738675437,2.24786502574996,3.3943653313673,3.58915210607507
PSMA2,1.40496558913105,1.88000441901047,0,2.98387517596422,3.20154998803994,3.0089353083393,3.46881062925699,3.77252837041976,3.25051537152042,4.03067032928669,2.87052274241237,2.24786502574996,1.89473910179792,2.05409420013722
AP2B1,4.43305513104473,4.70157368473307,4.83402340796427,1.57269329934315,0.934366796607263,2.00766221893124,2.12341726605266,2.20754373973101,2.39465901808086,1.95492581589961,2.51978738675437,1.80729838568951,3.19466101030515,1.36536450103624
ANXA3,2.35622457757371,2.66937237058984,0.875003141627423,1.57269329934315,1.90039543102159,1.00511266488158,3.46881062925699,3.1925863325403,3.25051537152042,3.64476072173517,4.19861812597937,2.24786502574996,3.3943653313673,2.05409420013722
NCR3LG1,3.07322314924793,3.02656962360087,2.58594139324158,2.569609625994,2.21543219554927,2.3300996844005,2.78139836589901,2.87441215271289,2.79948922561929,2.27379829704961,2.51978738675437,2.24786502574996,1.89473910179792,2.51834436472457
ARPC4,3.44475821908342,3.31264672194125,3.46049946846037,2.30719248234867,2.47385402523252,2.3300996844005,3.09656686713733,2.46560955367675,3.25051537152042,0.970107555577958,2.05542144898087,2.58489654140964,1.89473910179792,2.05409420013722
MDK,3.64809754388623,3.31264672194125,3.22344120934214,2.30719248234867,1.90039543102159,2.3300996844005,1.81472927128529,1.89303659490406,1.43478097641253,1.54496666834525,3.59075491016882,2.24786502574996,3.19466101030515,3.1508960348579
FKBP10,2.10307100065347,2.19356649367957,2.37018113537312,2.98387517596422,2.88310498825785,2.81610842924801,2.5935622517618,2.87441215271289,2.96599568467055,3.52967766840395,2.51978738675437,3.08739300188541,1.23834274816209,1.36536450103624
SUB1,3.20798235977364,3.43688942971458,3.22344120934214,2.569609625994,2.88310498825785,2.3300996844005,1.81472927128529,2.20754373973101,2.61122754728392,2.27379829704961,2.87052274241237,2.24786502574996,1.23834274816209,2.51834436472457
CSTF3,3.64809754388623,3.43688942971458,3.46049946846037,2.30719248234867,1.49677083244156,1.59177536882786,2.12341726605266,1.49028314427186,2.13973876531186,1.54496666834525,2.87052274241237,3.08739300188541,2.68640964602462,3.38660193243663
RARS1,3.73994096057909,3.93521424962126,3.92392931468173,1.98618978584291,1.90039543102159,2.00766221893124,0.879166244871832,2.46560955367675,2.13973876531186,0,2.05542144898087,4.10844989385587,3.19466101030515,2.86901391440014
EIF4G2,1.79583841036722,1.88000441901047,0.875003141627423,2.569609625994,2.21543219554927,2.00766221893124,3.23160448319078,3.1925863325403,3.4880608548379,3.52967766840395,3.15244730840954,3.4593596628752,2.34420950104055,1.36536450103624
RPL10A,3.98486564326738,3.93521424962126,4.0743538223847,2.79156098401869,2.6929426969253,2.3300996844005,1.81472927128529,2.46560955367675,1.82989696810661,0,1.36643426858247,2.58489654140964,2.68640964602462,2.51834436472457
RAN,3.55000735441012,3.31264672194125,3.22344120934214,3.15354276915406,2.21543219554927,2.59347357073696,2.5935622517618,2.46560955367675,2.79948922561929,1.54496666834525,1.36643426858247,2.24786502574996,1.89473910179792,2.05409420013722
EXT1,4.31855680513265,4.30490036632992,3.664046907934,1.57269329934315,0.934366796607263,2.59347357073696,1.81472927128529,1.89303659490406,2.13973876531186,3.11634697017422,2.51978738675437,3.4593596628752,1.23834274816209,1.36536450103624
SERPINE2,6.08212015817514,6.12528371773725,5.38772757784909,2.30719248234867,0.934366796607263,2.81610842924801,0.879166244871832,0,0.888854750653448,1.54496666834525,2.05542144898087,2.58489654140964,1.23834274816209,2.05409420013722
GLG1,4.31855680513265,4.59891716394691,4.50362313182852,1.57269329934315,0.934366796607263,1.59177536882786,1.81472927128529,1.49028314427186,1.82989696810661,2.7557250512015,1.36643426858247,1.80729838568951,2.68640964602462,3.58915210607507
ARPC1B,2.75881510914874,2.85899769615491,2.58594139324158,2.79156098401869,2.6929426969253,3.0089353083393,1.81472927128529,2.20754373973101,2.79948922561929,1.95492581589961,2.05542144898087,3.61463715409214,2.34420950104055,1.36536450103624
ADPRS,1.79583841036722,1.88000441901047,2.93962089333755,1.98618978584291,1.90039543102159,2.00766221893124,2.12341726605266,2.20754373973101,2.13973876531186,2.5347920257034,2.51978738675437,3.75481421385341,3.3943653313673,3.58915210607507
GALNT10,3.33122231971088,3.1766874906299,2.11638083409208,0,0,1.00511266488158,1.81472927128529,2.20754373973101,1.82989696810661,2.7557250512015,3.15244730840954,3.61463715409214,4.41880416591194,5.33665304468102
G3BP1,2.75881510914874,2.85899769615491,2.93962089333755,2.30719248234867,1.90039543102159,2.00766221893124,1.81472927128529,2.68444247498666,2.39465901808086,2.27379829704961,1.36643426858247,3.28533118563263,2.96280221005881,2.86901391440014
TWF2,1.79583841036722,2.45099647857302,2.11638083409208,1.57269329934315,1.90039543102159,2.00766221893124,2.5935622517618,2.68444247498666,2.61122754728392,2.5347920257034,3.15244730840954,2.58489654140964,3.19466101030515,3.1508960348579
ADD1,2.57151760075562,2.66937237058984,2.93962089333755,2.30719248234867,3.05109597513279,2.59347357073696,2.37755694803547,2.68444247498666,2.79948922561929,1.54496666834525,2.05542144898087,3.4593596628752,1.89473910179792,1.36536450103624
NHLRC3,3.64809754388623,4.01711875952416,3.46049946846037,0,2.21543219554927,2.3300996844005,2.12341726605266,2.68444247498666,2.61122754728392,3.11634697017422,2.87052274241237,2.58489654140964,1.23834274816209,1.36536450103624
AP1G1,4.25770925331244,4.09462213849059,4.21056448999441,0.990807894861643,0.934366796607263,1.00511266488158,1.42149211361405,1.49028314427186,2.13973876531186,2.27379829704961,3.38818285510002,4.10844989385587,1.89473910179792,2.05409420013722
PURA,2.10307100065347,2.19356649367957,1.80819401344782,2.98387517596422,2.88310498825785,3.0089353083393,2.5935622517618,2.68444247498666,2.61122754728392,2.7557250512015,1.36643426858247,2.24786502574996,2.96280221005881,2.05409420013722
GNPTG,2.57151760075562,2.85899769615491,2.58594139324158,2.30719248234867,1.90039543102159,2.3300996844005,2.12341726605266,2.46560955367675,2.39465901808086,2.27379829704961,2.51978738675437,1.16988102890304,3.5697570737608,3.1508960348579
THUMPD1,2.10307100065347,2.19356649367957,2.37018113537312,2.30719248234867,2.21543219554927,2.00766221893124,1.81472927128529,1.89303659490406,1.82989696810661,1.54496666834525,3.59075491016882,3.61463715409214,3.19466101030515,3.38660193243663
ERBB2,2.57151760075562,2.66937237058984,0.875003141627423,2.98387517596422,2.6929426969253,2.81610842924801,1.81472927128529,2.46560955367675,2.61122754728392,3.40461247780794,2.05542144898087,2.24786502574996,1.89473910179792,2.86901391440014
MAPRE1,2.35622457757371,2.85899769615491,2.58594139324158,1.57269329934315,2.47385402523252,2.3300996844005,2.37755694803547,2.68444247498666,2.61122754728392,2.7557250512015,2.05542144898087,1.16988102890304,3.19466101030515,2.86901391440014
PCBD1,2.10307100065347,2.66937237058984,2.37018113537312,1.98618978584291,2.47385402523252,2.00766221893124,2.78139836589901,2.20754373973101,2.39465901808086,2.94727461263241,2.51978738675437,1.16988102890304,3.3943653313673,2.86901391440014
SEC23B,3.20798235977364,3.31264672194125,3.22344120934214,1.57269329934315,0.934366796607263,1.00511266488158,1.81472927128529,2.20754373973101,2.39465901808086,1.95492581589961,2.05542144898087,3.88256926416918,3.99566630003699,2.05409420013722
CRYZ,2.75881510914874,2.85899769615491,2.93962089333755,2.30719248234867,1.90039543102159,1.59177536882786,0.879166244871832,1.89303659490406,1.43478097641253,0,3.38818285510002,3.61463715409214,4.22269306995326,3.766734328091
UBE2V1,2.10307100065347,1.88000441901047,2.58594139324158,2.30719248234867,1.49677083244156,2.59347357073696,3.23160448319078,2.87441215271289,3.37417170152042,3.11634697017422,2.87052274241237,1.16988102890304,1.89473910179792,2.05409420013722
TXNRD2,0.867151073132142,1.47880337355778,2.77359226354915,0.990807894861643,2.21543219554927,2.59347357073696,3.35507721763994,2.68444247498666,2.79948922561929,3.85058071257757,3.15244730840954,3.28533118563263,1.23834274816209,2.05409420013722
TGFBR3,2.75881510914874,3.02656962360087,0.875003141627423,2.98387517596422,2.21543219554927,3.0089353083393,2.37755694803547,2.20754373973101,2.39465901808086,3.26766758549116,3.15244730840954,2.24786502574996,1.23834274816209,1.36536450103624
JMJD7,0.867151073132142,0.921121929377462,1.41577173093038,2.79156098401869,1.90039543102159,3.0089353083393,2.78139836589901,2.87441215271289,2.13973876531186,3.40461247780794,3.38818285510002,3.75481421385341,1.23834274816209,2.51834436472457
PLOD1,5.18723190695324,4.97186392020649,4.74708521230034,0,0.934366796607263,1.59177536882786,0,0,0,2.7557250512015,2.05542144898087,2.85791276130325,3.99566630003699,3.766734328091
SEC24C,3.33122231971088,3.75597948588324,3.46049946846037,1.57269329934315,1.49677083244156,2.00766221893124,0.879166244871832,1.89303659490406,1.82989696810661,0,4.0689504249173,4.20937849266566,2.96280221005881,1.36536450103624
HNRNPK,3.8262858305465,3.93521424962126,3.46049946846037,2.79156098401869,2.47385402523252,2.81610842924801,0,2.20754373973101,1.43478097641253,0,2.05542144898087,3.08739300188541,2.68640964602462,2.05409420013722
DDAH2,0,0,1.80819401344782,1.98618978584291,2.21543219554927,2.3300996844005,3.09656686713733,2.87441215271289,3.11525809989854,3.52967766840395,3.15244730840954,2.58489654140964,2.96280221005881,3.1508960348579
NAGA,2.10307100065347,1.88000441901047,2.11638083409208,1.98618978584291,1.49677083244156,1.59177536882786,2.12341726605266,1.49028314427186,1.82989696810661,2.5347920257034,3.15244730840954,2.85791276130325,3.99566630003699,3.58915210607507
FGFR4,0,0.921121929377462,0,2.98387517596422,2.6929426969253,3.17900169483812,3.35507721763994,3.1925863325403,3.11525809989854,3.40461247780794,2.87052274241237,2.85791276130325,1.23834274816209,2.86901391440014
NUTF2,1.40496558913105,1.88000441901047,2.37018113537312,1.98618978584291,2.47385402523252,1.59177536882786,2.12341726605266,2.87441215271289,2.61122754728392,2.94727461263241,3.38818285510002,2.24786502574996,2.68640964602462,2.05409420013722
PPP2CA,2.10307100065347,1.47880337355778,1.80819401344782,2.569609625994,2.21543219554927,2.3300996844005,1.42149211361405,2.68444247498666,2.79948922561929,2.27379829704961,1.36643426858247,3.4593596628752,2.68640964602462,3.38660193243663
HDHD2,2.10307100065347,1.88000441901047,2.11638083409208,2.79156098401869,2.6929426969253,3.17900169483812,1.42149211361405,2.68444247498666,2.39465901808086,0.970107555577958,3.76835394492991,3.28533118563263,1.89473910179792,1.36536450103624
COCH,5.81280216131732,5.72323260636695,5.80850854694232,0.990807894861643,0,1.59177536882786,0,0.929579341525162,0,0.970107555577958,2.51978738675437,2.85791276130325,1.89473910179792,3.38660193243663
AIMP1,1.40496558913105,1.88000441901047,2.58594139324158,1.57269329934315,1.90039543102159,2.00766221893124,2.37755694803547,2.20754373973101,2.96599568467055,2.7557250512015,2.87052274241237,3.08739300188541,2.34420950104055,2.51834436472457
CFB,1.40496558913105,1.47880337355778,0,0.990807894861643,0.934366796607263,1.00511266488158,1.81472927128529,0.929579341525162,0.888854750653448,2.5347920257034,3.59075491016882,2.85791276130325,6.58720225178251,7.37958182121838
NCSTN,2.10307100065347,0.921121929377462,1.80819401344782,2.569609625994,2.21543219554927,2.00766221893124,3.09656686713733,3.04225285179898,2.13973876531186,3.40461247780794,2.87052274241237,2.24786502574996,1.89473910179792,2.05409420013722
GMPR2,2.75881510914874,3.1766874906299,2.93962089333755,1.57269329934315,1.49677083244156,1.59177536882786,2.5935622517618,2.87441215271289,2.61122754728392,3.40461247780794,1.36643426858247,2.58489654140964,1.23834274816209,2.05409420013722
ETF1,3.33122231971088,3.65725525038434,4.00110120739748,0.990807894861643,0.934366796607263,1.00511266488158,1.42149211361405,1.49028314427186,2.13973876531186,2.7557250512015,2.05542144898087,2.58489654140964,2.96280221005881,2.86901391440014
CD44,2.35622457757371,2.19356649367957,1.80819401344782,3.44267489234056,3.20154998803994,2.81610842924801,2.12341726605266,1.49028314427186,2.13973876531186,2.27379829704961,2.05542144898087,1.80729838568951,1.89473910179792,2.51834436472457
MAN1B1,1.40496558913105,2.45099647857302,1.80819401344782,2.30719248234867,2.21543219554927,2.59347357073696,1.81472927128529,2.46560955367675,2.79948922561929,0.970107555577958,1.36643426858247,3.4593596628752,3.5697570737608,2.86901391440014
LAMP2,0.867151073132142,1.47880337355778,1.41577173093038,2.30719248234867,2.21543219554927,2.81610842924801,2.78139836589901,2.68444247498666,2.96599568467055,3.11634697017422,3.15244730840954,1.80729838568951,2.96280221005881,1.36536450103624
COPB2,4.31855680513265,4.16817335250845,4.14406608441303,0,0.934366796607263,1.00511266488158,1.42149211361405,0.929579341525162,1.82989696810661,2.7557250512015,2.87052274241237,3.08739300188541,1.89473910179792,2.51834436472457
FKBP1A,0.867151073132142,1.47880337355778,1.80819401344782,1.57269329934315,1.49677083244156,1.00511266488158,3.67246702586082,3.45311269080306,3.69196718812032,3.26766758549116,2.51978738675437,1.16988102890304,2.96280221005881,2.86901391440014
ADAM10,3.07322314924793,3.43688942971458,2.93962089333755,0.990807894861643,0,0,1.81472927128529,1.89303659490406,0.888854750653448,3.11634697017422,3.15244730840954,1.80729838568951,4.32407832263601,4.31592623478702
RAC1,2.57151760075562,2.45099647857302,2.93962089333755,2.569609625994,2.88310498825785,3.0089353083393,2.37755694803547,2.87441215271289,3.11525809989854,0,1.36643426858247,1.80729838568951,2.34420950104055,1.36536450103624
PRSS22,3.8262858305465,4.09462213849059,3.34683393700941,1.57269329934315,1.90039543102159,1.59177536882786,1.81472927128529,2.20754373973101,1.43478097641253,0.970107555577958,2.05542144898087,2.24786502574996,1.89473910179792,2.51834436472457
HSPBP1,2.57151760075562,3.31264672194125,3.56585998587379,2.79156098401869,1.90039543102159,2.3300996844005,1.42149211361405,2.20754373973101,1.82989696810661,0,2.05542144898087,3.61463715409214,2.34420950104055,1.36536450103624
GNPDA2,0,0.921121929377462,0,1.98618978584291,1.90039543102159,2.00766221893124,2.12341726605266,1.89303659490406,2.39465901808086,1.95492581589961,4.0689504249173,3.4593596628752,4.32407832263601,4.19696541262012
CDCP1,1.40496558913105,1.88000441901047,0.875003141627423,2.30719248234867,2.21543219554927,2.3300996844005,2.5935622517618,2.20754373973101,2.39465901808086,2.5347920257034,1.36643426858247,1.80729838568951,2.96280221005881,4.19696541262012
RPS12,3.07322314924793,3.02656962360087,3.08849929500469,2.569609625994,1.90039543102159,2.3300996844005,2.12341726605266,2.46560955367675,2.13973876531186,0.970107555577958,1.36643426858247,1.80729838568951,1.23834274816209,2.86901391440014
RPRD1B,2.35622457757371,2.85899769615491,2.58594139324158,1.57269329934315,1.49677083244156,1.59177536882786,2.78139836589901,2.46560955367675,2.61122754728392,1.95492581589961,2.05542144898087,2.85791276130325,1.23834274816209,2.51834436472457
S100A4,1.79583841036722,1.88000441901047,1.41577173093038,1.98618978584291,2.21543219554927,1.59177536882786,2.78139836589901,2.68444247498666,2.61122754728392,2.7557250512015,2.51978738675437,1.80729838568951,2.34420950104055,2.51834436472457
EPHA2,2.35622457757371,2.85899769615491,0.875003141627423,1.57269329934315,1.49677083244156,1.59177536882786,2.37755694803547,1.89303659490406,2.39465901808086,2.5347920257034,2.05542144898087,1.80729838568951,2.96280221005881,4.06730666883819
PRKAR2A,3.20798235977364,3.1766874906299,3.34683393700941,2.79156098401869,1.90039543102159,2.59347357073696,1.42149211361405,1.49028314427186,1.43478097641253,0.970107555577958,2.05542144898087,1.80729838568951,1.89473910179792,2.51834436472457
CAD,2.10307100065347,1.88000441901047,2.11638083409208,0,1.90039543102159,1.59177536882786,2.37755694803547,2.46560955367675,2.13973876531186,2.94727461263241,2.87052274241237,3.4593596628752,2.68640964602462,2.05409420013722
PPME1,2.10307100065347,2.45099647857302,2.93962089333755,2.569609625994,2.6929426969253,2.00766221893124,2.37755694803547,2.46560955367675,1.43478097641253,0,1.36643426858247,3.4593596628752,3.19466101030515,1.36536450103624
HLA.A,2.35622457757371,2.45099647857302,2.11638083409208,1.57269329934315,1.90039543102159,2.00766221893124,2.12341726605266,2.46560955367675,1.82989696810661,1.95492581589961,2.05542144898087,1.80729838568951,2.34420950104055,3.1508960348579
PPT1,3.8262858305465,3.84837850740358,3.46049946846037,1.57269329934315,1.49677083244156,1.59177536882786,0.879166244871832,0.929579341525162,1.43478097641253,0,2.51978738675437,3.4593596628752,3.5697570737608,1.36536450103624
PSMB3,1.79583841036722,1.47880337355778,0,1.98618978584291,1.49677083244156,2.3300996844005,3.09656686713733,3.45311269080306,2.39465901808086,3.85058071257757,2.51978738675437,1.80729838568951,2.34420950104055,1.36536450103624
SIL1,2.92456714260332,3.1766874906299,2.93962089333755,0.990807894861643,0.934366796607263,1.59177536882786,1.42149211361405,2.68444247498666,2.13973876531186,0,1.36643426858247,3.4593596628752,4.11364078561529,2.05409420013722
S100A6,0,0.921121929377462,2.37018113537312,0.990807894861643,1.49677083244156,1.00511266488158,3.09656686713733,2.46560955367675,2.79948922561929,3.26766758549116,2.87052274241237,4.10844989385587,1.23834274816209,3.1508960348579
HMGB2,2.35622457757371,3.02656962360087,2.77359226354915,0.990807894861643,1.49677083244156,1.59177536882786,2.5935622517618,2.20754373973101,2.13973876531186,1.54496666834525,1.36643426858247,1.80729838568951,2.96280221005881,2.51834436472457
EEF1D,3.73994096057909,4.01711875952416,3.75597511953115,2.569609625994,2.88310498825785,2.3300996844005,1.42149211361405,0.929579341525162,1.43478097641253,0,1.36643426858247,1.16988102890304,2.34420950104055,1.36536450103624
QARS1,4.12772790829279,3.84837850740358,4.50362313182852,1.57269329934315,1.49677083244156,2.00766221893124,0.879166244871832,1.89303659490406,1.82989696810661,0,2.05542144898087,1.80729838568951,1.89473910179792,1.36536450103624
ENOPH1,0.867151073132142,2.45099647857302,2.37018113537312,0,0.934366796607263,1.00511266488158,2.5935622517618,2.68444247498666,2.39465901808086,2.27379829704961,3.59075491016882,2.24786502574996,2.96280221005881,2.86901391440014
UBE2K,1.79583841036722,2.19356649367957,2.37018113537312,0.990807894861643,0.934366796607263,1.00511266488158,2.37755694803547,3.04225285179898,2.79948922561929,0,3.15244730840954,3.08739300188541,2.96280221005881,2.51834436472457
CALM1,0.867151073132142,1.88000441901047,2.11638083409208,0.990807894861643,1.90039543102159,1.00511266488158,2.12341726605266,2.20754373973101,2.39465901808086,1.54496666834525,3.59075491016882,2.58489654140964,3.8671785171225,2.05409420013722
NAA25,4.25770925331244,4.3686929603325,3.84239492811885,1.98618978584291,1.49677083244156,2.00766221893124,0.879166244871832,0.929579341525162,1.82989696810661,1.54496666834525,2.05542144898087,1.16988102890304,1.23834274816209,1.36536450103624
CEACAM6,0.867151073132142,1.88000441901047,0.875003141627423,1.98618978584291,1.49677083244156,2.3300996844005,2.37755694803547,2.46560955367675,2.13973876531186,2.94727461263241,3.92646700946729,2.24786502574996,1.89473910179792,1.36536450103624
TUBA1C,1.40496558913105,1.47880337355778,0.875003141627423,1.98618978584291,1.90039543102159,2.00766221893124,0.879166244871832,0.929579341525162,1.82989696810661,0,2.05542144898087,4.9541197121943,4.11364078561529,4.06730666883819
ITGB4,2.57151760075562,2.45099647857302,1.80819401344782,1.57269329934315,0.934366796607263,1.59177536882786,2.12341726605266,2.68444247498666,2.79948922561929,2.7557250512015,2.05542144898087,1.80729838568951,1.23834274816209,2.05409420013722
NECTIN3,2.57151760075562,2.19356649367957,1.80819401344782,2.30719248234867,2.21543219554927,2.3300996844005,1.42149211361405,1.49028314427186,1.82989696810661,1.95492581589961,2.05542144898087,1.80729838568951,1.89473910179792,2.51834436472457
SNRPE,2.75881510914874,2.45099647857302,3.34683393700941,1.98618978584291,1.90039543102159,2.00766221893124,0.879166244871832,1.89303659490406,1.82989696810661,1.95492581589961,2.05542144898087,1.80729838568951,1.89473910179792,1.36536450103624
CCT4,3.98486564326738,4.3686929603325,4.0743538223847,2.30719248234867,1.90039543102159,2.3300996844005,0.879166244871832,1.49028314427186,0.888854750653448,0,1.36643426858247,1.16988102890304,1.89473910179792,1.36536450103624
TIPRL,2.35622457757371,2.45099647857302,2.58594139324158,0,0,1.00511266488158,2.12341726605266,2.46560955367675,1.82989696810661,1.54496666834525,2.87052274241237,3.4593596628752,2.34420950104055,2.86901391440014
RANBP3,1.79583841036722,1.88000441901047,2.11638083409208,1.57269329934315,1.49677083244156,2.00766221893124,2.12341726605266,2.20754373973101,2.13973876531186,2.27379829704961,2.51978738675437,1.80729838568951,1.89473910179792,2.05409420013722
EPDR1,1.40496558913105,1.88000441901047,2.37018113537312,1.57269329934315,1.90039543102159,1.59177536882786,2.37755694803547,2.20754373973101,2.13973876531186,2.27379829704961,2.51978738675437,1.16988102890304,1.89473910179792,2.51834436472457
G3BP2,2.57151760075562,2.45099647857302,2.77359226354915,1.98618978584291,2.21543219554927,2.3300996844005,1.81472927128529,2.20754373973101,2.79948922561929,0,2.05542144898087,1.80729838568951,1.23834274816209,1.36536450103624
HLA.C,2.57151760075562,2.19356649367957,1.80819401344782,1.98618978584291,1.49677083244156,1.59177536882786,1.42149211361405,1.49028314427186,1.43478097641253,1.54496666834525,2.05542144898087,1.80729838568951,2.96280221005881,3.1508960348579
TIMM13,0,0,0.875003141627423,2.569609625994,2.6929426969253,2.59347357073696,2.37755694803547,2.46560955367675,2.61122754728392,2.7557250512015,2.87052274241237,3.08739300188541,1.23834274816209,1.36536450103624
GALNT12,3.44475821908342,3.1766874906299,2.93962089333755,0,0.934366796607263,0,2.78139836589901,2.20754373973101,2.13973876531186,2.27379829704961,2.05542144898087,1.80729838568951,1.23834274816209,2.05409420013722
NUDCD1,2.57151760075562,2.66937237058984,3.08849929500469,0.990807894861643,1.90039543102159,2.00766221893124,0.879166244871832,1.89303659490406,1.43478097641253,1.54496666834525,2.05542144898087,2.24786502574996,1.89473910179792,1.36536450103624
MACF1,2.75881510914874,2.19356649367957,2.11638083409208,0.990807894861643,0.934366796607263,1.00511266488158,0.879166244871832,1.49028314427186,0.888854750653448,0.970107555577958,2.51978738675437,1.16988102890304,3.99566630003699,4.62329400757067
SCRN1,0,0,0.875003141627423,2.569609625994,2.47385402523252,2.59347357073696,2.12341726605266,2.46560955367675,1.82989696810661,0.970107555577958,2.87052274241237,3.28533118563263,2.96280221005881,1.36536450103624
PSMA3,0.867151073132142,0.921121929377462,0,2.30719248234867,2.21543219554927,2.00766221893124,2.37755694803547,3.04225285179898,2.61122754728392,3.40461247780794,2.05542144898087,1.16988102890304,1.23834274816209,2.05409420013722
UBE2D3,1.79583841036722,1.88000441901047,1.80819401344782,1.98618978584291,1.49677083244156,2.00766221893124,2.37755694803547,1.89303659490406,1.82989696810661,1.95492581589961,2.05542144898087,1.16988102890304,1.89473910179792,2.05409420013722
IDUA,2.10307100065347,1.88000441901047,2.11638083409208,1.57269329934315,0.934366796607263,2.00766221893124,0.879166244871832,0,0,0,2.87052274241237,3.88256926416918,3.8671785171225,3.92483407018895
SNRPD2,2.75881510914874,2.85899769615491,3.08849929500469,1.57269329934315,1.49677083244156,1.59177536882786,0.879166244871832,1.49028314427186,1.82989696810661,1.95492581589961,2.05542144898087,1.80729838568951,1.23834274816209,1.36536450103624
UROD,3.33122231971088,3.02656962360087,3.34683393700941,1.57269329934315,1.49677083244156,1.00511266488158,1.42149211361405,0.929579341525162,1.43478097641253,0,2.05542144898087,3.75481421385341,1.23834274816209,1.36536450103624
B4GALT5,0.867151073132142,1.47880337355778,1.41577173093038,1.98618978584291,0.934366796607263,2.00766221893124,1.81472927128529,1.49028314427186,2.13973876531186,2.27379829704961,1.36643426858247,1.80729838568951,2.68640964602462,3.58915210607507
SGTA,1.79583841036722,2.45099647857302,2.58594139324158,0.990807894861643,1.49677083244156,1.00511266488158,1.42149211361405,2.20754373973101,1.82989696810661,0.970107555577958,1.36643426858247,2.24786502574996,3.3943653313673,2.05409420013722
CASP3,1.40496558913105,2.19356649367957,0.875003141627423,1.57269329934315,1.49677083244156,1.59177536882786,2.37755694803547,2.46560955367675,2.39465901808086,2.27379829704961,2.05542144898087,1.80729838568951,1.89473910179792,1.36536450103624
LIPA,2.92456714260332,2.45099647857302,2.77359226354915,0.990807894861643,0,1.00511266488158,0.879166244871832,1.49028314427186,0.888854750653448,0,2.51978738675437,3.28533118563263,2.96280221005881,3.58915210607507
EWSR1,1.40496558913105,0.921121929377462,1.41577173093038,0,0.934366796607263,1.00511266488158,2.37755694803547,2.20754373973101,2.39465901808086,2.27379829704961,2.87052274241237,2.24786502574996,2.68640964602462,2.86901391440014
S100P,0.867151073132142,1.47880337355778,0.875003141627423,1.98618978584291,2.47385402523252,1.59177536882786,1.81472927128529,2.46560955367675,2.61122754728392,2.7557250512015,1.36643426858247,1.80729838568951,1.89473910179792,1.36536450103624
FNTB,1.40496558913105,1.88000441901047,2.11638083409208,2.30719248234867,1.90039543102159,2.00766221893124,1.81472927128529,1.89303659490406,2.13973876531186,1.54496666834525,1.36643426858247,2.24786502574996,1.23834274816209,1.36536450103624
CUTC,0,0.921121929377462,1.41577173093038,1.57269329934315,1.90039543102159,1.59177536882786,2.5935622517618,2.46560955367675,2.79948922561929,2.94727461263241,1.36643426858247,2.24786502574996,1.23834274816209,2.05409420013722
SNRPD3,2.57151760075562,2.45099647857302,2.58594139324158,1.57269329934315,1.49677083244156,1.59177536882786,0.879166244871832,1.49028314427186,1.43478097641253,2.27379829704961,2.87052274241237,1.16988102890304,1.23834274816209,1.36536450103624
PIR,0.867151073132142,1.47880337355778,0.875003141627423,1.98618978584291,0.934366796607263,1.59177536882786,3.09656686713733,2.68444247498666,2.61122754728392,0.970107555577958,2.05542144898087,2.24786502574996,1.89473910179792,1.36536450103624
EPHA1,2.10307100065347,2.19356649367957,1.41577173093038,0.990807894861643,0.934366796607263,2.00766221893124,2.12341726605266,1.49028314427186,1.82989696810661,2.5347920257034,2.05542144898087,1.16988102890304,1.23834274816209,2.51834436472457
TNPO3,3.55000735441012,3.43688942971458,3.92392931468173,1.57269329934315,0,1.00511266488158,0,0,0.888854750653448,0,2.87052274241237,3.28533118563263,2.68640964602462,1.36536450103624
CRELD2,0,0.921121929377462,0.875003141627423,1.57269329934315,1.90039543102159,1.59177536882786,1.81472927128529,2.20754373973101,2.13973876531186,1.54496666834525,2.05542144898087,1.80729838568951,2.68640964602462,3.1508960348579
FSTL3,2.10307100065347,2.66937237058984,1.41577173093038,0,0,1.00511266488158,1.42149211361405,1.49028314427186,0.888854750653448,1.95492581589961,2.87052274241237,1.80729838568951,3.19466101030515,3.38660193243663
PPP6R3,2.10307100065347,2.45099647857302,2.58594139324158,0.990807894861643,0.934366796607263,1.59177536882786,0.879166244871832,1.49028314427186,1.43478097641253,0.970107555577958,2.05542144898087,1.80729838568951,2.68640964602462,2.05409420013722
KRT10,3.20798235977364,0,0,4.44183192522467,0,0,0.879166244871832,0,0,0,4.62497109130796,4.10844989385587,1.23834274816209,5.15708861310793
NAGK,0.867151073132142,1.47880337355778,1.41577173093038,1.98618978584291,0.934366796607263,1.59177536882786,1.42149211361405,2.46560955367675,2.39465901808086,0,1.36643426858247,2.24786502574996,2.34420950104055,2.86901391440014
PPP2R2A,1.40496558913105,0.921121929377462,2.11638083409208,1.57269329934315,1.49677083244156,2.00766221893124,0.879166244871832,1.49028314427186,1.43478097641253,0.970107555577958,1.36643426858247,1.16988102890304,2.68640964602462,3.766734328091
NSFL1C,2.57151760075562,3.31264672194125,2.11638083409208,0,0.934366796607263,0,1.42149211361405,2.68444247498666,1.82989696810661,0.970107555577958,2.05542144898087,1.16988102890304,2.68640964602462,1.36536450103624
TXNDC17,0.867151073132142,0.921121929377462,2.11638083409208,0.990807894861643,0.934366796607263,1.00511266488158,1.81472927128529,2.20754373973101,2.13973876531186,1.95492581589961,2.51978738675437,1.16988102890304,2.34420950104055,2.05409420013722
RPN2,0.867151073132142,0.921121929377462,0,1.57269329934315,0.934366796607263,1.59177536882786,2.5935622517618,2.46560955367675,2.39465901808086,1.95492581589961,1.36643426858247,2.24786502574996,2.68640964602462,1.36536450103624
SDHA,0.867151073132142,0.921121929377462,1.80819401344782,0.990807894861643,0.934366796607263,2.00766221893124,1.81472927128529,1.49028314427186,1.43478097641253,1.54496666834525,3.15244730840954,3.28533118563263,1.23834274816209,1.36536450103624
CXCL16,1.40496558913105,1.88000441901047,0,1.98618978584291,1.49677083244156,1.59177536882786,1.81472927128529,0.929579341525162,1.43478097641253,0,1.36643426858247,2.58489654140964,2.96280221005881,3.38660193243663
ADGRL1,0.867151073132142,0.921121929377462,0.875003141627423,1.98618978584291,0.934366796607263,1.59177536882786,1.81472927128529,1.89303659490406,0.888854750653448,2.94727461263241,2.51978738675437,2.24786502574996,1.23834274816209,2.05409420013722
PICALM,0.867151073132142,0.921121929377462,0,1.57269329934315,1.49677083244156,1.59177536882786,1.42149211361405,0.929579341525162,0.888854750653448,2.5347920257034,2.05542144898087,2.85791276130325,2.68640964602462,2.86901391440014
C1RL,1.79583841036722,1.88000441901047,0,1.57269329934315,0.934366796607263,1.00511266488158,1.42149211361405,1.49028314427186,0.888854750653448,1.54496666834525,2.05542144898087,1.16988102890304,3.19466101030515,3.58915210607507
PLPBP,0.867151073132142,1.47880337355778,2.11638083409208,1.57269329934315,1.49677083244156,1.59177536882786,1.81472927128529,1.89303659490406,1.43478097641253,0,2.87052274241237,1.16988102890304,2.68640964602462,1.36536450103624
PAFAH1B1,2.92456714260332,3.02656962360087,3.08849929500469,0.990807894861643,0,1.59177536882786,0,0,0.888854750653448,0,2.05542144898087,3.08739300188541,1.89473910179792,2.05409420013722
DLG1,1.40496558913105,2.19356649367957,2.11638083409208,0,0.934366796607263,0,1.42149211361405,1.49028314427186,0.888854750653448,1.54496666834525,3.38818285510002,2.24786502574996,1.89473910179792,2.05409420013722
PDCD10,1.79583841036722,1.88000441901047,2.11638083409208,0.990807894861643,0.934366796607263,1.00511266488158,1.42149211361405,1.49028314427186,0.888854750653448,0.970107555577958,1.36643426858247,1.80729838568951,2.34420950104055,2.51834436472457
PRRC1,0.867151073132142,1.47880337355778,0.875003141627423,0.990807894861643,0.934366796607263,1.00511266488158,1.42149211361405,0.929579341525162,1.82989696810661,0.970107555577958,2.87052274241237,2.58489654140964,1.89473910179792,2.86901391440014
NEU1,3.44475821908342,2.66937237058984,2.93962089333755,0.990807894861643,0,0,0.879166244871832,0,0,0,1.36643426858247,2.58489654140964,3.72611869406106,2.86901391440014
RBM8A,1.79583841036722,1.47880337355778,1.80819401344782,0.990807894861643,0.934366796607263,1.00511266488158,1.81472927128529,0.929579341525162,1.43478097641253,1.54496666834525,1.36643426858247,1.80729838568951,1.23834274816209,3.1508960348579
BUB3,2.10307100065347,2.45099647857302,2.58594139324158,0.990807894861643,0.934366796607263,1.00511266488158,1.42149211361405,0,0.888854750653448,0,1.36643426858247,3.08739300188541,2.34420950104055,1.36536450103624
LSM2,0.867151073132142,1.88000441901047,2.11638083409208,0.990807894861643,1.49677083244156,1.00511266488158,1.42149211361405,2.20754373973101,1.43478097641253,0,2.05542144898087,1.16988102890304,2.34420950104055,1.36536450103624
ELAVL1,0.867151073132142,1.47880337355778,1.80819401344782,0,0.934366796607263,0,2.5935622517618,2.46560955367675,2.61122754728392,0.970107555577958,1.36643426858247,1.16988102890304,1.89473910179792,2.05409420013722
PRKACA,0.867151073132142,1.88000441901047,2.77359226354915,0.990807894861643,0.934366796607263,1.00511266488158,1.42149211361405,0.929579341525162,0.888854750653448,0.970107555577958,1.36643426858247,1.16988102890304,2.68640964602462,1.36536450103624
NISCH,0,0.921121929377462,0.875003141627423,0.990807894861643,0.934366796607263,1.00511266488158,0.879166244871832,0.929579341525162,1.43478097641253,1.54496666834525,2.51978738675437,1.80729838568951,2.68640964602462,2.51834436472457
DNAJC8,0.867151073132142,1.47880337355778,1.80819401344782,0.990807894861643,0,1.00511266488158,1.81472927128529,1.89303659490406,0.888854750653448,0,1.36643426858247,1.16988102890304,2.34420950104055,2.86901391440014
OSBP,2.10307100065347,2.85899769615491,3.46049946846037,0,0,1.00511266488158,0,0,0,0.970107555577958,2.05542144898087,1.16988102890304,1.89473910179792,2.05409420013722
PSMD6,0.867151073132142,1.47880337355778,2.11638083409208,0.990807894861643,0.934366796607263,1.00511266488158,0.879166244871832,0.929579341525162,0.888854750653448,0.970107555577958,1.36643426858247,1.16988102890304,1.23834274816209,2.51834436472457
PFDN5,0.867151073132142,0.921121929377462,0,0.990807894861643,0.934366796607263,1.00511266488158,0.879166244871832,1.49028314427186,0.888854750653448,1.54496666834525,2.05542144898087,2.58489654140964,1.23834274816209,1.36536450103624
IMPA1,0.867151073132142,0.921121929377462,1.80819401344782,1.57269329934315,1.49677083244156,1.00511266488158,0.879166244871832,1.49028314427186,0.888854750653448,0,1.36643426858247,1.80729838568951,1.23834274816209,1.36536450103624
EXTL2,0.867151073132142,0.921121929377462,0,0,0,1.00511266488158,0.879166244871832,0.929579341525162,0.888854750653448,1.95492581589961,1.36643426858247,1.16988102890304,3.3943653313673,2.86901391440014
ADPGK,0.867151073132142,0,0.875003141627423,0.990807894861643,0,0,1.42149211361405,1.49028314427186,0.888854750653448,1.54496666834525,1.36643426858247,1.16988102890304,2.68640964602462,2.86901391440014
