2DEVP_S1;2DEVP_S2;2DEVP_S3;2DExomere_S1;2DExomere_S2;2DExomere_S3;2DSuper_S1;2DSuper_S2;2DSuper_S3;3DEVP_S1;3DEVP_S2;3DEVP_S3;3DExomere_S1;3DExomere_S2;3DExomere_S3;3DSuper_S1;3DSuper_S2;3DSuper_S3;FPLCExomere_S1;FPLCExomere_S2;FPLCExomere_S3;FPLCExomere_S4;FPLCSuper_S1;FPLCSuper_S2;FPLCSuper_S3;FPLCSuper_S4;3DEV_S1;3DEV_S2;3DEV_S3;3DEV_S4;3DhEV_S1;3DhEV_S2;3DhEV_S3;3DhEV_S4;3DNV_S1;3DNV_S2;3DNV_S3;3DNV_S4
2,32;2,52;2,35;3,26;3,27;3,03;0,00;0,00;0,00;0,00;0,00;0,00;0,00;0,00;0,00;0,00;0,00;0,00;0,00;0,00;0,00;0,00;0,00;0,00;0,00;0,00;0,00;0,00;0,00;0,00;0,00;0,00;0,00;0,00;0,00;0,00;0,00;0,00
1,58;0,96;2,10;0,00;0,00;0,00;0,00;0,00;0,00;2,53;2,99;1,53;1,55;0,00;1,00;0,00;0,96;1,04;0,00;0,00;0,00;0,00;0,91;1,53;0,92;0,00;0,00;0,00;0,00;0,00;0,00;0,00;0,00;0,00;0,00;0,00;0,00;0,00
4,45;4,32;5,04;4,89;4,85;5,23;3,50;3,49;4,66;5,29;5,36;5,04;4,03;3,95;4,25;2,62;1,94;3,06;1,71;4,00;2,25;3,39;0,00;0,00;0,00;0,00;0,00;1,37;1,27;1,33;0,00;0,00;0,00;0,00;0,00;0,00;0,00;0,00
1,00;1,94;0,00;0,00;0,00;0,00;0,00;0,00;0,00;0,00;0,00;0,00;0,00;0,00;0,00;0,00;0,00;0,00;0,00;1,05;1,17;1,23;0,00;0,00;0,00;0,00;1,38;3,60;3,24;2,01;2,05;0,00;0,00;0,00;0,00;0,00;0,00;0,00
0,00;0,00;0,00;0,00;0,00;0,00;0,00;0,00;0,00;0,00;0,00;0,00;0,00;0,00;0,00;0,00;0,00;0,00;0,00;0,00;0,00;0,00;0,00;0,00;0,00;0,00;1,38;2,53;1,93;2,01;4,53;4,34;2,80;3,62;2,70;0,00;0,00;0,00
1,00;0,96;0,86;0,00;0,00;0,00;0,00;0,00;0,00;0,00;0,00;0,00;0,00;0,00;0,00;0,00;0,00;0,00;0,00;0,00;0,00;0,00;0,00;0,00;0,00;0,00;3,95;3,94;4,47;3,88;0,00;0,00;0,00;0,00;0,00;0,00;0,00;0,00
0,00;0,96;0,00;0,00;0,00;0,00;0,00;0,00;0,00;0,97;0,00;0,96;0,00;0,00;0,00;0,00;0,00;0,00;0,00;0,00;0,00;0,00;0,00;0,00;0,00;0,00;4,74;4,44;4,55;4,57;4,71;2,89;3,69;3,24;0,00;0,00;0,00;0,00
3,99;4,25;4,81;2,94;3,11;3,76;1,44;1,52;2,42;4,58;4,13;4,24;2,28;1,03;1,00;0,00;0,00;0,00;2,15;2,40;2,25;3,56;0,00;0,00;0,00;0,00;0,00;0,00;1,27;1,33;0,00;0,00;0,00;0,00;0,00;0,00;0,00;0,00
2,58;2,74;3,73;0,00;1,54;1,48;0,00;0,00;0,00;2,27;1,46;1,53;0,97;0,00;1,00;0,00;0,00;0,00;0,00;0,00;0,00;1,23;0,00;0,00;0,00;0,00;0,00;0,00;0,00;0,00;0,00;0,00;0,00;0,00;0,00;0,00;0,00;0,00
0,00;0,00;1,40;0,00;0,00;0,00;0,00;0,00;1,85;2,75;2,83;2,51;0,97;1,03;0,00;0,00;0,00;1,04;0,00;1,05;0,00;0,00;0,00;0,00;0,00;0,00;0,00;0,00;0,00;0,00;0,00;0,00;0,00;0,00;0,00;0,00;0,00;0,00
1,58;0,00;2,10;0,00;1,95;1,48;2,41;2,50;2,83;2,75;2,42;2,25;0,00;0,00;0,00;0,00;0,00;0,00;1,10;1,65;1,81;1,89;0,00;1,53;0,92;0,00;2,07;2,06;1,27;0,00;0,00;0,00;0,00;0,00;0,00;0,00;0,00;0,00
1,99;2,26;1,40;1,95;1,95;0,92;0,00;0,00;0,00;1,54;1,46;0,96;0,00;0,00;0,00;0,00;0,00;0,00;0,00;0,00;0,00;0,00;0,00;0,00;0,00;0,00;2,07;2,06;1,93;1,33;0,00;0,00;0,00;0,00;0,00;0,00;0,00;0,00
2,58;2,74;2,57;2,27;2,53;1,48;0,89;0,95;0,00;2,27;2,42;2,51;0,00;0,00;1,00;0,00;0,00;0,00;0,00;1,05;0,00;1,89;0,00;0,00;0,00;0,00;0,00;0,00;0,00;0,00;0,00;0,00;0,00;0,00;0,00;0,00;0,00;0,00
0,00;0,00;1,40;1,95;1,54;0,92;0,89;1,52;2,16;3,11;2,83;2,51;0,00;0,00;0,00;0,00;0,00;0,00;0,00;0,00;0,00;1,89;0,00;0,00;0,00;0,00;0,00;0,00;0,00;0,00;0,00;0,00;0,00;0,00;0,00;0,00;0,00;0,00
1,58;1,53;1,79;4,89;4,94;5,40;4,79;4,66;4,85;5,61;5,51;5,34;4,34;4,63;4,86;4,04;3,39;3,65;4,18;4,90;3,46;4,22;0,91;1,53;0,92;0,00;0,00;0,00;0,00;0,00;0,00;0,00;0,00;0,00;0,00;0,00;0,00;0,00
3,32;3,25;2,92;0,00;0,00;0,00;0,00;0,00;0,00;2,53;2,64;1,93;0,00;0,00;0,00;0,00;0,00;0,00;0,00;1,05;0,00;1,23;0,00;0,00;0,00;0,00;0,00;0,00;1,27;1,33;0,00;0,00;0,00;0,00;0,00;0,00;0,00;0,00
1,99;1,53;2,35;2,94;2,95;3,31;3,61;3,49;3,62;3,11;3,14;3,09;2,54;2,36;2,33;2,62;2,74;2,87;1,71;2,08;1,17;2,96;2,64;2,93;2,85;1,58;1,38;0,00;1,27;0,00;0,00;0,00;0,00;0,00;0,00;0,00;0,00;0,00
0,00;0,00;0,00;0,00;0,00;0,00;0,89;0,95;1,45;0,00;1,85;3,09;4,34;4,22;4,01;4,90;5,06;4,82;1,10;1,05;1,17;0,00;5,30;5,53;5,16;5,55;4,34;4,54;4,72;4,15;4,07;2,07;1,99;3,62;0,00;0,00;0,00;0,00
5,75;5,62;5,87;5,98;5,96;6,03;2,98;3,08;3,40;5,69;5,48;5,37;6,19;6,03;6,33;2,62;2,52;2,87;5,74;5,62;5,87;5,47;3,41;3,25;3,43;3,91;1,38;2,06;1,93;1,33;0,00;0,00;0,00;0,00;0,00;0,00;0,00;0,00
2,58;2,74;3,20;3,64;3,40;4,02;3,96;3,99;3,90;5,22;5,39;5,37;5,47;5,72;5,71;5,92;5,66;5,98;4,18;5,00;4,11;4,88;5,62;5,78;5,71;5,32;0,00;2,06;1,93;0,00;0,00;0,00;0,00;0,00;0,00;0,00;0,00;0,00
0,00;0,00;0,00;0,97;0,00;2,19;0,89;1,52;2,16;4,64;4,71;4,67;4,47;4,80;4,65;4,68;4,32;4,82;2,75;4,18;2,25;4,58;3,41;4,17;3,30;2,32;0,00;0,00;0,00;0,00;0,00;0,00;0,00;0,00;0,00;0,00;0,00;0,00
3,16;2,74;3,44;1,95;1,54;0,92;0,00;0,00;0,00;0,97;1,46;1,53;0,97;1,03;0,00;0,00;0,00;0,00;1,10;1,05;1,17;1,23;0,00;0,00;0,00;0,00;0,00;0,00;0,00;0,00;0,00;0,00;0,00;0,00;0,00;0,00;0,00;0,00
2,32;2,74;3,20;2,53;2,95;2,67;2,15;1,52;1,45;3,75;3,62;3,62;2,28;2,04;2,33;1,02;0,00;1,04;3,34;3,41;3,28;3,72;0,91;0,96;0,92;0,00;0,00;0,00;0,00;0,00;0,00;0,00;0,00;0,00;0,00;0,00;0,00;0,00
0,00;0,00;0,00;0,00;0,97;0,00;0,00;0,00;0,00;1,95;1,46;0,96;3,65;3,85;3,47;1,02;0,96;1,63;0,00;0,00;0,00;0,00;2,43;2,52;2,19;2,32;0,00;0,00;0,00;0,00;0,00;0,00;0,00;0,00;0,00;0,00;0,00;0,00
0,00;0,00;0,00;0,00;0,00;0,00;0,00;0,00;0,00;0,00;0,00;0,00;0,00;0,00;0,00;0,00;0,00;0,00;0,00;0,00;0,00;0,00;0,00;0,00;0,00;0,00;0,00;0,00;0,00;0,00;0,00;0,00;0,00;0,00;0,00;0,00;0,00;0,00
1,58;1,94;2,35;1,95;1,54;2,19;0,89;1,52;1,45;1,95;2,42;1,53;0,97;2,04;2,01;0,00;0,00;0,00;0,00;0,00;0,00;0,00;0,00;0,00;0,92;0,00;0,00;0,00;0,00;0,00;0,00;0,00;0,00;0,00;0,00;0,00;0,00;0,00
8,58;8,75;9,19;7,77;7,60;7,30;6,47;6,22;6,24;8,09;8,60;8,26;7,07;7,04;7,23;6,76;6,72;6,51;7,40;8,18;6,40;7,78;5,54;5,78;5,88;5,49;6,94;6,85;6,81;6,94;5,68;5,04;5,41;5,61;5,30;5,81;5,19;5,19
1,58;1,53;2,10;0,97;1,95;0,92;0,00;0,00;0,00;1,95;2,64;1,53;1,96;2,04;2,01;1,02;1,54;1,63;1,10;2,40;0,00;1,89;0,00;0,00;0,92;0,00;2,07;2,06;1,93;2,47;0,00;0,00;0,00;0,00;0,00;0,00;0,00;0,00
4,64;4,63;4,72;3,64;3,85;3,18;2,98;2,24;1,85;3,75;4,13;4,31;2,76;2,63;3,01;2,36;2,94;2,38;2,15;3,79;2,25;3,39;0,91;2,26;1,87;1,00;3,17;2,88;3,01;3,34;2,05;0,00;2,80;1,93;0,00;0,00;0,00;0,00
3,45;3,83;4,12;3,26;2,95;2,86;3,61;3,49;3,28;3,11;3,14;2,73;0,00;1,03;0,00;0,00;0,00;0,00;1,71;2,08;0,00;3,19;0,00;0,00;0,00;0,00;0,00;0,00;0,00;0,00;0,00;0,00;0,00;0,00;0,00;0,00;0,00;0,00
2,80;1,94;1,79;5,66;5,87;6,01;6,05;6,01;6,05;4,18;5,05;5,27;6,63;6,71;6,48;6,80;6,88;6,84;7,80;7,39;7,60;5,95;5,06;5,24;5,00;5,75;1,38;3,60;3,01;2,82;2,05;0,00;4,94;5,53;5,30;4,27;4,72;4,02
5,52;5,76;5,18;7,53;7,74;7,70;8,09;7,93;8,09;6,20;6,93;7,26;8,46;8,37;8,32;8,74;8,96;8,77;9,63;9,24;9,59;7,75;7,26;7,42;7,10;7,81;5,62;5,98;5,84;5,59;6,43;6,65;6,87;7,63;7,05;8,61;6,99;7,26
1,00;0,00;0,00;0,97;0,97;0,92;0,89;0,95;0,90;1,54;1,46;0,96;0,00;0,00;0,00;0,00;0,00;0,00;0,00;1,05;0,00;1,89;0,00;0,00;0,00;0,00;0,00;0,00;0,00;0,00;0,00;0,00;0,00;0,00;0,00;0,00;0,00;0,00
4,32;4,01;4,12;3,64;3,40;3,03;2,81;2,91;0,90;4,11;3,81;3,62;2,28;3,04;3,18;1,61;0,00;1,63;3,34;3,68;2,58;2,96;0,00;0,00;0,00;0,00;0,00;0,00;0,00;0,00;0,00;0,00;0,00;0,00;0,00;0,00;0,00;0,00
1,99;1,53;2,10;0,97;0,97;0,92;0,00;0,00;0,00;2,53;2,42;1,93;0,00;0,00;0,00;0,00;0,00;0,00;0,00;0,00;0,00;0,00;0,00;0,00;0,00;0,00;0,00;0,00;0,00;0,00;0,00;0,00;0,00;0,00;0,00;0,00;0,00;0,00
4,39;4,25;4,48;4,84;4,75;4,43;3,88;3,61;3,62;4,11;4,27;4,24;4,27;4,22;4,25;3,21;3,10;3,39;3,34;3,55;3,09;4,22;2,43;2,93;3,17;1,00;1,38;1,37;1,93;2,47;0,00;0,00;0,00;0,00;0,00;0,00;0,00;0,00
4,39;4,10;4,53;5,26;4,89;4,89;4,38;4,60;4,20;4,58;4,67;4,31;4,70;4,69;4,65;3,95;3,84;4,15;3,63;4,00;4,21;4,11;3,41;3,62;4,01;3,00;2,07;2,88;3,01;2,82;0,00;0,00;0,00;0,00;0,00;0,00;0,00;0,00
0,00;0,00;0,00;0,00;0,00;0,00;0,00;0,00;0,00;0,00;0,00;0,00;0,00;0,00;0,00;0,00;0,00;0,00;0,00;0,00;0,00;0,00;0,00;0,00;0,00;0,00;2,07;2,06;1,93;2,01;2,87;0,00;0,00;0,00;0,00;0,00;0,00;0,00
3,45;3,51;3,98;4,02;4,03;3,76;5,04;4,90;4,66;2,94;4,06;4,24;4,47;4,44;4,59;5,50;5,42;5,35;0,00;1,65;0,00;2,68;5,72;5,67;5,76;5,46;0,00;0,00;1,27;1,33;0,00;0,00;0,00;3,62;2,70;2,83;2,60;0,00
1,58;1,53;0,00;0,00;0,00;0,00;0,00;0,00;0,00;0,00;0,00;0,00;1,55;1,03;1,00;0,00;0,00;0,00;0,00;0,00;0,00;0,00;0,00;0,00;0,00;1,00;0,00;0,00;0,00;0,00;0,00;0,00;0,00;0,00;0,00;0,00;0,00;0,00
5,52;5,60;4,77;3,84;3,27;3,31;3,13;3,49;2,99;3,75;2,99;3,38;0,00;0,00;0,00;1,02;0,00;0,00;1,71;1,05;1,81;1,89;1,86;1,94;0,92;3,17;6,22;6,15;6,32;6,12;6,20;5,41;5,84;5,53;2,70;0,00;0,00;0,00
2,58;2,52;0,86;1,54;0,97;0,92;2,15;2,50;2,16;0,97;0,00;0,00;0,00;0,00;0,00;1,02;0,96;0,00;0,00;0,00;0,00;0,00;0,00;0,00;0,00;1,00;3,79;3,94;4,27;3,88;3,77;2,07;3,69;3,24;0,00;0,00;0,00;0,00
3,58;4,10;2,10;3,26;2,53;2,19;2,15;1,92;2,42;0,00;0,00;0,00;0,00;0,00;0,00;0,00;0,00;0,00;0,00;0,00;0,00;0,00;0,91;0,00;0,00;0,00;4,45;4,33;4,04;4,38;0,00;0,00;0,00;1,93;0,00;0,00;0,00;0,00
3,99;4,01;3,07;2,27;1,54;0,92;2,62;2,24;2,16;2,27;0,90;2,51;0,00;0,00;0,00;0,00;0,00;0,00;0,00;0,00;1,17;1,23;0,00;0,00;0,00;0,00;4,55;4,44;4,47;4,27;5,39;4,90;5,20;4,87;2,70;0,00;0,00;0,00
0,00;0,00;1,79;1,95;2,53;2,45;2,62;2,72;2,99;2,94;3,28;2,51;3,27;3,51;3,81;2,36;3,10;2,64;1,71;2,40;1,81;1,89;2,43;2,74;2,85;1,58;0,00;1,37;1,27;0,00;0,00;0,00;0,00;0,00;0,00;0,00;0,00;0,00
0,00;0,00;0,00;1,95;2,53;2,67;2,15;2,24;1,85;2,75;2,64;2,73;2,54;3,21;3,59;2,03;2,26;2,38;1,10;1,65;0,00;1,89;1,46;2,52;2,44;1,00;0,00;0,00;0,00;0,00;0,00;0,00;0,00;0,00;0,00;0,00;0,00;0,00
4,58;4,25;3,33;0,00;0,97;0,00;0,00;0,00;0,00;3,40;1,85;3,09;0,00;0,00;0,00;0,00;0,00;1,04;1,10;1,05;1,17;1,89;0,91;0,96;0,92;1,00;4,82;5,35;5,52;5,49;5,02;3,79;5,20;4,56;0,00;0,00;0,00;0,00
1,58;1,53;0,86;0,00;0,00;0,00;1,84;1,92;1,45;0,97;0,00;0,00;0,00;0,00;0,00;0,00;0,00;0,00;0,00;0,00;0,00;2,34;1,46;0,96;0,92;1,00;2,07;2,06;2,38;2,47;2,87;0,00;1,99;1,93;0,00;0,00;0,00;0,00
0,00;0,00;0,00;0,00;0,00;0,00;0,89;0,95;0,90;0,00;0,00;0,00;0,00;0,00;0,00;2,03;0,96;1,63;0,00;0,00;0,00;0,00;1,86;1,94;0,92;3,00;0,00;0,00;0,00;0,00;0,00;0,00;0,00;0,00;0,00;0,00;0,00;0,00
3,45;3,25;4,12;3,11;2,75;3,76;2,41;2,72;4,13;3,40;3,72;3,24;2,76;2,36;2,81;2,62;3,10;2,87;1,10;1,65;1,17;2,68;1,86;2,74;2,66;0,00;0,00;2,06;1,27;0,00;0,00;0,00;0,00;0,00;0,00;0,00;0,00;0,00
0,00;0,00;0,00;0,00;0,00;0,00;0,89;0,00;0,90;0,00;0,00;0,00;0,00;0,00;0,00;1,02;0,00;0,00;0,00;0,00;0,00;0,00;1,46;1,53;0,92;1,58;0,00;0,00;0,00;0,00;0,00;0,00;0,00;0,00;0,00;0,00;0,00;0,00
1,99;1,94;1,79;0,97;0,00;0,92;0,00;0,00;0,00;1,54;1,46;0,00;0,00;0,00;0,00;0,00;0,00;0,00;0,00;0,00;0,00;0,00;0,00;0,00;0,00;0,00;0,00;0,00;0,00;0,00;0,00;0,00;0,00;0,00;0,00;0,00;0,00;0,00
1,99;2,52;2,57;3,40;3,11;3,18;3,70;3,37;3,72;4,18;4,13;4,09;4,03;3,63;3,81;3,85;3,63;4,07;2,48;3,55;3,09;3,56;3,91;4,31;4,16;3,46;0,00;1,37;1,27;1,33;0,00;0,00;0,00;0,00;0,00;0,00;0,00;0,00
1,00;1,53;0,86;1,54;1,54;1,48;1,44;1,52;1,45;0,97;1,46;0,96;0,00;1,03;1,00;0,00;0,00;0,00;1,10;1,05;0,00;1,89;0,91;0,00;0,00;0,00;4,65;4,64;4,72;4,27;2,05;0,00;0,00;0,00;0,00;0,00;0,00;0,00
0,00;0,00;0,00;0,00;0,00;0,00;1,44;1,52;2,16;0,00;0,90;0,00;0,00;0,00;0,00;3,21;3,10;2,05;0,00;0,00;0,00;0,00;2,83;3,25;3,17;3,81;0,00;0,00;0,00;0,00;0,00;0,00;0,00;0,00;0,00;0,00;0,00;0,00
1,00;0,00;0,00;1,54;0,97;0,92;0,00;0,00;0,00;0,00;0,00;0,00;0,00;0,00;0,00;0,00;0,00;0,00;0,00;0,00;0,00;0,00;0,91;0,00;0,00;0,00;0,00;0,00;0,00;0,00;0,00;0,00;0,00;0,00;0,00;0,00;0,00;0,00
0,00;0,00;0,00;1,54;1,54;3,18;0,00;0,00;0,00;1,95;1,46;1,93;3,75;3,85;4,01;1,61;1,54;2,05;0,00;0,00;0,00;0,00;2,83;2,93;3,02;3,00;0,00;0,00;0,00;0,00;0,00;0,00;0,00;0,00;0,00;0,00;0,00;0,00
0,00;0,96;0,00;2,27;1,54;3,31;1,84;2,50;2,83;0,97;1,46;0,96;0,00;1,03;1,00;0,00;0,00;0,00;0,00;0,00;0,00;0,00;0,00;0,00;0,00;0,00;0,00;0,00;0,00;0,00;0,00;0,00;0,00;0,00;0,00;0,00;2,60;0,00
5,85;5,76;5,11;6,62;6,75;5,95;5,87;5,88;4,56;5,43;5,36;5,82;6,42;6,75;6,76;6,97;6,88;6,84;7,71;7,40;7,90;8,35;5,74;5,24;5,42;5,73;0,00;3,94;3,44;2,01;5,68;7,75;7,11;6,79;7,37;8,84;8,43;7,99
5,64;5,68;5,67;6,33;6,35;6,25;6,05;5,83;5,76;5,79;5,69;5,59;6,07;5,96;6,03;5,47;5,45;5,56;5,14;5,42;4,47;5,89;4,67;5,28;5,16;3,17;3,95;3,94;4,16;4,15;2,87;0,00;3,31;0,00;2,70;0,00;0,00;0,00
1,00;0,96;2,10;0,00;0,00;0,00;0,00;0,00;0,90;0,97;2,42;1,93;0,00;0,00;0,00;0,00;0,00;0,00;1,10;0,00;1,17;0,00;0,00;0,00;0,00;0,00;2,89;2,06;2,38;2,47;2,05;0,00;0,00;0,00;0,00;0,00;0,00;0,00
0,00;0,00;0,00;0,00;0,00;0,00;0,89;0,00;0,00;0,00;0,00;0,00;0,00;0,00;0,00;1,02;0,00;0,00;0,00;0,00;1,17;1,23;0,00;0,96;0,00;1,00;2,89;4,21;3,24;3,34;0,00;0,00;0,00;0,00;0,00;0,00;0,00;0,00
1,58;1,94;2,75;2,27;0,97;2,45;2,15;2,24;3,52;2,94;3,14;3,09;1,96;1,03;2,33;2,03;1,54;2,87;1,10;1,65;1,17;1,23;3,91;3,25;3,54;3,32;0,00;0,00;0,00;0,00;0,00;0,00;0,00;0,00;0,00;0,00;0,00;0,00
0,00;0,00;0,00;0,00;0,97;0,92;1,44;0,95;1,45;0,00;0,00;0,00;0,00;0,00;0,00;0,00;0,00;0,00;0,00;0,00;0,00;0,00;0,00;0,96;0,00;0,00;0,00;0,00;0,00;0,00;0,00;0,00;0,00;0,00;0,00;0,00;0,00;0,00
0,00;0,00;0,86;1,54;1,95;3,31;3,88;4,23;4,66;1,95;2,99;3,72;2,95;3,21;3,18;4,95;4,97;4,88;0,00;1,05;0,00;1,89;5,40;5,01;5,12;5,25;0,00;0,00;0,00;0,00;0,00;0,00;0,00;0,00;0,00;0,00;0,00;0,00
0,00;0,00;2,35;1,54;0,97;2,67;1,44;1,92;2,64;2,27;2,16;2,51;1,96;2,36;3,01;1,61;1,94;2,05;1,10;1,65;2,25;2,68;2,43;2,26;3,02;2,81;0,00;0,00;0,00;0,00;0,00;2,07;3,31;3,24;2,70;0,00;2,60;3,48
3,58;3,39;3,98;3,40;3,27;3,18;1,44;0,95;1,45;3,40;3,62;3,50;0,97;1,03;1,00;1,02;0,00;1,04;1,71;2,08;2,25;1,89;0,91;0,96;0,92;1,00;0,00;0,00;0,00;0,00;0,00;0,00;0,00;0,00;0,00;0,00;0,00;0,00
0,00;0,00;0,00;0,00;0,00;0,00;1,44;0,00;1,85;0,00;0,00;0,00;0,00;0,00;0,00;0,00;0,00;0,00;0,00;0,00;0,00;0,00;0,00;0,96;0,92;0,00;0,00;1,37;0,00;0,00;0,00;0,00;0,00;0,00;0,00;0,00;0,00;0,00
1,99;0,96;0,00;0,97;0,97;0,92;1,44;1,92;1,85;2,94;2,83;2,92;0,00;0,00;1,00;1,02;0,00;1,04;1,10;1,05;0,00;1,23;0,00;0,00;0,00;0,00;0,00;2,06;1,27;0,00;0,00;0,00;0,00;0,00;0,00;0,00;0,00;0,00
1,00;0,96;0,86;0,97;0,97;0,92;3,13;3,23;3,40;0,97;0,90;0,96;0,97;1,62;1,59;3,04;3,52;3,23;0,00;1,05;0,00;0,00;3,91;3,73;3,93;3,00;0,00;0,00;0,00;0,00;0,00;0,00;0,00;0,00;0,00;0,00;0,00;0,00
0,00;0,00;0,00;0,00;0,00;0,00;0,89;0,95;2,42;0,00;0,00;0,00;0,00;0,00;0,00;0,00;0,00;0,00;0,00;0,00;0,00;0,00;0,91;0,96;0,92;0,00;0,00;0,00;0,00;0,00;0,00;0,00;0,00;0,00;0,00;0,00;0,00;0,00
0,00;0,96;2,10;0,00;0,00;0,00;2,41;2,50;3,62;0,00;0,00;1,53;0,00;0,00;0,00;3,21;3,39;2,87;0,00;0,00;0,00;0,00;3,99;3,83;3,93;4,00;2,07;2,06;1,93;2,47;0,00;0,00;0,00;0,00;0,00;0,00;0,00;0,00
0,00;0,00;0,00;0,00;0,00;0,00;0,00;0,00;0,00;0,00;0,00;0,00;0,00;0,00;0,00;2,36;1,94;2,38;0,00;0,00;0,00;0,00;2,64;3,10;3,17;2,32;0,00;0,00;0,00;0,00;0,00;0,00;0,00;0,00;0,00;0,00;0,00;0,00
0,00;0,00;0,00;0,00;0,00;0,00;0,00;0,00;0,90;1,54;1,46;1,53;0,00;0,00;0,00;2,62;2,26;1,63;1,10;1,05;0,00;1,23;2,64;2,52;2,19;1,00;0,00;0,00;0,00;0,00;0,00;0,00;0,00;0,00;0,00;0,00;0,00;0,00
1,00;0,96;0,86;0,00;0,00;0,00;0,00;0,00;0,90;2,27;2,83;2,25;0,97;1,03;1,59;1,61;1,54;1,63;1,71;2,08;1,17;1,89;1,46;1,53;1,47;0,00;0,00;1,37;1,93;0,00;0,00;0,00;0,00;0,00;0,00;0,00;0,00;0,00
3,99;3,93;4,12;3,84;3,85;4,09;4,70;4,86;4,85;4,11;4,27;4,09;3,85;3,85;4,01;4,43;4,51;4,59;3,34;4,00;3,75;4,22;5,02;4,87;4,79;3,58;4,09;4,33;3,91;4,15;2,87;0,00;1,99;1,93;0,00;0,00;0,00;0,00
2,80;2,93;3,54;0,97;0,97;0,00;0,00;0,00;0,00;2,94;2,64;2,73;0,00;1,03;2,01;1,02;0,00;1,04;1,71;2,08;1,17;2,34;0,00;0,96;0,00;0,00;0,00;0,00;0,00;0,00;0,00;0,00;0,00;0,00;0,00;0,00;0,00;0,00
0,00;0,00;0,00;2,27;2,53;3,31;1,44;1,52;2,42;2,53;2,42;2,73;4,59;4,22;4,33;3,36;3,39;3,39;0,00;1,05;0,00;1,89;3,52;4,01;4,09;4,86;2,89;0,00;0,00;0,00;0,00;0,00;0,00;0,00;0,00;0,00;0,00;0,00
0,00;0,00;0,00;0,00;0,00;0,00;3,39;3,49;2,83;0,00;1,85;2,92;1,55;1,62;1,59;5,13;4,79;4,93;2,75;2,89;0,00;0,00;4,07;4,09;4,42;5,32;2,07;0,00;0,00;1,33;0,00;0,00;1,99;0,00;0,00;0,00;0,00;0,00
2,58;3,10;3,82;1,95;1,54;2,45;0,00;0,00;0,00;2,27;2,83;0,96;0,00;0,00;0,00;0,00;0,00;0,00;0,00;0,00;0,00;1,23;0,00;0,00;0,00;0,00;0,00;0,00;0,00;0,00;0,00;0,00;0,00;0,00;0,00;0,00;0,00;0,00
5,48;5,62;5,81;7,03;7,07;7,41;6,56;6,39;6,50;7,70;7,86;7,61;7,25;7,14;7,30;6,84;6,80;6,80;7,00;7,51;6,90;8,03;5,54;6,36;6,27;4,25;5,42;5,51;5,23;5,63;4,07;0,00;1,99;1,93;0,00;0,00;0,00;0,00
1,00;1,53;3,33;0,97;0,00;1,88;0,89;0,00;2,42;1,54;2,42;1,93;2,28;2,85;3,01;2,36;2,26;3,39;0,00;1,05;0,00;0,00;3,29;3,51;3,43;3,32;0,00;0,00;0,00;0,00;0,00;0,00;0,00;0,00;0,00;0,00;0,00;0,00
3,90;4,01;3,07;6,24;6,45;6,75;6,40;6,17;6,07;5,61;5,91;6,20;8,12;8,06;8,01;7,75;7,80;7,95;5,92;6,42;6,04;5,75;8,08;8,63;8,64;7,07;5,30;5,46;5,23;5,44;4,71;4,34;5,07;5,00;3,58;4,27;4,41;4,02
1,00;1,53;0,00;4,58;4,46;4,65;4,18;4,07;4,20;4,58;4,39;4,82;5,70;5,91;5,84;5,63;5,63;5,77;4,50;4,74;4,55;4,41;5,34;5,53;5,48;5,25;3,17;3,40;3,01;3,10;3,77;0,00;1,99;2,73;0,00;0,00;0,00;0,00
0,00;0,00;0,00;2,53;1,95;2,86;3,50;3,99;3,90;3,40;3,52;3,50;3,12;2,36;2,59;2,84;2,74;3,06;2,48;2,40;2,58;3,56;2,43;2,74;2,66;1,00;0,00;0,00;0,00;0,00;0,00;0,00;0,00;0,00;0,00;0,00;0,00;0,00
0,00;0,00;0,00;0,00;0,00;0,00;0,89;0,95;0,00;0,00;0,00;0,00;0,00;0,00;0,00;2,84;1,54;1,63;0,00;0,00;0,00;0,00;2,43;2,26;2,44;2,58;1,38;1,37;1,27;1,33;0,00;0,00;0,00;0,00;0,00;0,00;0,00;0,00
2,80;2,26;2,92;0,00;0,00;0,00;0,00;0,00;0,00;0,97;0,00;0,96;0,00;0,00;0,00;0,00;0,00;0,00;0,00;0,00;0,00;1,23;0,00;0,00;0,00;0,00;4,45;4,33;5,06;4,75;5,49;2,07;4,45;4,56;0,00;0,00;0,00;0,00
1,00;1,94;0,86;0,00;0,00;0,00;0,00;0,00;0,00;0,00;0,00;0,00;0,00;0,00;0,00;0,00;0,00;0,00;0,00;0,00;0,00;0,00;0,00;0,00;0,00;0,00;0,00;0,00;0,00;0,00;0,00;0,00;0,00;0,00;0,00;0,00;0,00;0,00
1,58;1,53;0,00;0,00;0,00;0,00;0,00;0,00;0,00;0,00;0,00;0,00;0,00;0,00;0,00;0,00;0,00;0,00;0,00;0,00;0,00;0,00;0,00;0,00;0,00;0,00;3,41;3,60;3,77;3,54;4,07;2,07;3,69;3,62;0,00;0,00;0,00;0,00
0,00;0,00;0,00;0,00;0,00;1,88;3,88;3,90;4,27;1,54;2,83;3,38;1,96;2,36;2,33;4,56;4,97;4,39;0,00;1,65;1,81;0,00;5,96;5,31;5,48;5,17;3,17;0,00;0,00;0,00;0,00;2,89;0,00;0,00;0,00;0,00;0,00;0,00
1,00;0,00;0,00;0,00;0,00;0,00;0,89;0,95;0,00;0,97;0,00;0,00;0,00;0,00;0,00;0,00;0,00;0,00;0,00;0,00;0,00;0,00;0,00;0,00;0,00;0,00;3,41;3,40;3,62;3,72;0,00;0,00;2,80;0,00;0,00;0,00;0,00;0,00
4,08;3,83;2,92;0,00;0,00;0,00;0,00;0,00;0,00;0,97;0,00;0,00;0,00;0,00;0,00;0,00;0,00;0,00;0,00;0,00;0,00;0,00;0,00;0,00;0,00;0,00;4,82;5,04;4,79;5,11;5,39;2,07;4,23;4,72;2,70;0,00;0,00;0,00
0,00;0,96;0,00;0,00;0,00;0,00;0,00;0,00;0,00;1,54;0,00;0,96;0,00;0,00;0,00;0,00;0,00;0,00;0,00;0,00;0,00;0,00;0,00;0,00;0,00;0,00;5,42;5,46;5,23;5,49;4,07;2,89;4,23;3,24;0,00;0,00;0,00;0,00
5,16;4,63;4,43;2,27;2,27;1,88;4,65;4,66;3,90;4,64;4,20;4,67;1,96;0,00;0,00;3,21;3,84;3,87;1,71;2,08;1,81;2,68;3,73;4,09;3,30;3,70;7,01;6,87;6,68;7,06;6,95;7,59;6,97;6,79;6,86;5,81;6,52;5,95
3,90;3,73;2,92;0,00;0,00;0,00;2,41;2,72;0,90;3,26;2,16;3,09;0,00;0,00;0,00;1,61;1,94;1,04;0,00;0,00;0,00;0,00;3,52;3,25;3,30;3,70;5,71;5,56;5,43;5,68;4,88;3,79;5,20;4,56;0,00;0,00;2,60;0,00
3,80;3,63;3,54;0,00;0,00;0,00;0,89;1,52;0,00;3,52;2,42;3,24;0,00;0,00;0,00;0,00;0,00;0,00;0,00;0,00;0,00;1,23;0,00;0,00;0,00;0,00;6,03;5,94;5,65;6,12;6,26;5,30;5,69;5,34;4,83;4,27;4,72;4,41
0,00;0,00;0,00;0,00;0,00;0,00;0,00;0,00;0,00;0,00;0,00;0,00;0,00;0,00;0,00;0,00;0,00;0,00;0,00;0,00;0,00;0,00;0,00;0,00;0,00;0,00;3,41;3,94;4,16;4,02;3,39;0,00;3,31;0,00;0,00;0,00;0,00;0,00
0,00;0,00;0,00;0,00;0,00;0,00;0,00;0,00;0,00;0,97;0,00;0,96;0,00;0,00;0,00;0,00;0,00;0,00;0,00;0,00;0,00;0,00;0,00;0,00;0,00;0,00;4,98;5,23;5,18;5,28;4,07;0,00;2,80;1,93;0,00;0,00;0,00;0,00
2,58;2,52;1,40;0,00;0,00;0,00;0,00;0,00;0,00;0,00;0,00;0,00;0,00;0,00;0,00;0,00;0,00;0,00;0,00;0,00;0,00;0,00;0,00;0,00;0,00;0,00;4,55;4,73;4,64;4,66;3,77;2,89;3,31;1,93;0,00;0,00;0,00;0,00
5,39;5,38;4,97;6,85;6,88;5,84;5,99;6,05;5,16;4,84;5,05;5,12;6,45;6,35;6,27;6,04;6,06;6,05;7,05;6,65;7,19;7,99;4,46;4,17;4,30;4,70;1,38;2,88;0,00;2,82;0,00;0,00;4,23;6,64;6,99;7,62;7,16;6,81
2,99;2,52;1,79;4,58;4,40;4,24;3,61;4,23;4,39;4,02;3,72;3,82;3,41;3,51;3,59;1,02;0,96;2,64;1,10;2,40;1,17;1,89;2,17;2,74;2,66;2,81;2,07;2,06;2,38;2,01;0,00;0,00;0,00;0,00;0,00;0,00;0,00;0,00
2,32;2,26;1,79;4,74;4,80;4,65;4,32;4,15;4,27;3,75;3,72;3,38;3,94;4,13;4,25;1,02;0,96;1,04;1,10;2,08;2,25;2,96;1,46;1,53;2,19;2,32;0,00;0,00;0,00;0,00;0,00;0,00;1,99;1,93;2,70;0,00;0,00;2,60
0,00;0,00;0,00;3,11;3,64;3,76;1,84;2,50;3,28;1,95;2,42;1,53;2,28;2,04;2,33;0,00;0,00;0,00;0,00;0,00;0,00;0,00;0,00;0,00;0,92;0,00;0,00;0,00;0,00;0,00;0,00;0,00;0,00;0,00;0,00;0,00;0,00;0,00
1,58;1,94;1,40;3,84;4,19;3,66;3,50;3,49;3,14;2,94;2,99;2,92;2,95;2,36;2,81;1,02;0,00;1,04;1,10;1,05;1,17;0,00;0,00;0,00;0,92;1,58;1,38;1,37;1,27;1,33;0,00;0,00;0,00;0,00;0,00;0,00;0,00;0,00
0,00;0,00;0,00;2,53;1,95;1,88;2,41;0,95;1,85;0,97;0,90;0,96;0,00;1,03;1,00;0,00;0,00;0,00;0,00;0,00;0,00;0,00;0,00;0,00;0,00;0,00;0,00;0,00;0,00;0,00;0,00;0,00;0,00;0,00;0,00;0,00;0,00;0,00
4,95;4,88;5,01;4,93;4,75;4,80;3,61;3,71;4,13;4,64;4,51;4,37;0,00;0,00;0,00;0,00;0,00;0,00;1,71;1,65;1,81;3,19;0,00;0,00;0,00;0,00;5,36;5,41;5,39;5,34;2,87;0,00;3,31;1,93;2,70;0,00;4,72;2,60
3,16;3,10;2,92;3,52;3,27;3,55;1,44;1,52;2,16;2,94;2,99;2,51;0,97;1,03;1,00;0,00;0,00;0,00;1,10;1,05;1,17;0,00;0,00;0,00;0,00;0,00;3,17;3,94;4,04;3,72;0,00;0,00;0,00;0,00;0,00;0,00;0,00;0,00
5,45;5,35;5,15;5,58;5,52;5,46;4,49;4,76;4,89;4,69;4,85;4,50;3,12;3,21;3,47;1,61;0,96;2,05;2,48;3,68;2,58;3,86;2,17;2,26;2,44;2,00;6,06;5,94;5,97;5,95;3,39;0,00;1,99;1,93;3,58;2,83;2,60;2,60
3,99;3,93;4,12;4,02;4,33;4,30;2,62;2,72;3,14;3,26;3,40;2,73;0,97;0,00;0,00;0,00;0,00;0,00;1,10;1,65;1,17;2,68;0,00;0,00;0,00;0,00;3,79;3,60;3,77;4,02;2,05;0,00;2,80;1,93;3,58;4,67;4,97;4,41
2,32;2,74;2,57;2,75;2,95;2,86;0,89;0,95;1,45;2,53;2,42;2,51;0,00;0,00;0,00;0,00;0,00;0,00;0,00;0,00;0,00;0,00;0,00;0,00;0,00;0,00;2,07;2,06;2,73;2,47;0,00;0,00;0,00;0,00;0,00;0,00;3,47;0,00
2,32;2,74;2,92;3,11;2,27;3,03;2,15;2,24;1,45;2,75;2,83;2,25;0,00;1,03;1,00;0,00;0,00;0,00;0,00;0,00;1,17;1,23;0,00;0,00;0,00;0,00;0,00;0,00;0,00;0,00;0,00;0,00;0,00;0,00;0,00;0,00;2,60;0,00
1,99;1,94;1,79;1,54;0,97;0,00;0,00;0,00;0,00;1,54;1,46;0,00;0,00;0,00;0,00;0,00;0,00;0,00;0,00;0,00;0,00;0,00;0,00;0,00;0,00;0,00;0,00;0,00;0,00;0,00;0,00;0,00;0,00;0,00;0,00;0,00;0,00;0,00
3,80;3,93;3,07;6,14;6,19;6,36;4,04;4,15;3,98;5,14;4,98;4,72;7,16;6,59;6,76;4,74;4,84;4,98;4,43;4,49;3,61;4,32;5,37;5,38;5,74;5,36;2,54;1,37;1,93;1,33;5,49;5,52;5,60;5,69;5,08;3,72;4,02;4,41
1,99;2,26;3,20;2,94;3,27;3,85;4,43;4,60;4,45;1,95;1,85;2,25;2,76;3,37;2,33;3,50;3,63;3,87;0,00;1,05;1,17;1,89;3,73;4,31;3,93;4,25;0,00;0,00;0,00;0,00;0,00;0,00;2,80;1,93;2,70;3,72;3,47;2,60
0,00;0,00;0,00;0,00;0,00;0,00;0,00;0,00;0,00;0,00;0,00;0,00;0,00;0,00;0,00;0,00;0,00;0,00;0,00;0,00;0,00;0,00;0,00;0,00;0,00;0,00;0,00;0,00;0,00;0,00;0,00;0,00;0,00;0,00;0,00;0,00;0,00;0,00
0,00;0,96;0,00;3,74;3,94;3,44;4,38;4,60;3,40;2,27;3,72;3,92;3,65;4,44;4,18;5,82;5,88;5,68;6,19;6,10;6,25;4,58;4,34;4,56;4,64;4,46;0,00;0,00;1,27;1,33;0,00;0,00;2,80;2,73;0,00;0,00;0,00;0,00
1,00;0,00;0,00;0,97;0,00;0,00;0,00;0,00;0,00;1,54;0,00;0,00;0,00;0,00;0,00;0,00;0,00;0,00;0,00;0,00;0,00;0,00;0,00;0,00;0,00;0,00;3,79;3,94;3,77;4,02;2,87;2,07;4,63;4,56;4,13;2,83;3,47;0,00
0,00;0,00;2,10;0,00;0,00;0,00;0,00;0,00;0,00;2,94;2,16;2,73;2,28;1,03;1,59;0,00;0,00;0,00;2,97;2,67;1,81;2,34;0,00;0,00;0,00;0,00;0,00;0,00;0,00;0,00;0,00;0,00;0,00;0,00;0,00;0,00;0,00;0,00
0,00;0,00;0,00;0,00;0,00;0,00;0,00;0,00;0,00;0,00;0,00;0,00;0,00;0,00;0,00;0,00;0,00;1,04;0,00;0,00;0,00;0,00;0,91;1,53;1,87;2,81;0,00;0,00;0,00;0,00;0,00;0,00;0,00;0,00;0,00;0,00;0,00;0,00
1,58;2,26;0,00;4,79;5,19;5,05;5,85;6,05;5,30;4,52;4,94;5,50;5,78;5,88;5,89;7,03;6,73;6,76;7,37;7,14;7,31;5,28;5,24;5,62;5,83;6,02;1,38;0,00;1,27;2,01;2,87;4,34;4,79;4,72;4,83;5,64;5,37;4,72
3,80;3,25;3,98;2,27;1,54;2,19;0,00;0,00;0,90;3,84;4,20;3,82;1,96;2,04;2,01;1,02;1,54;1,63;3,49;3,90;3,46;3,72;0,91;1,53;1,47;0,00;2,54;2,06;1,93;2,01;0,00;0,00;0,00;0,00;0,00;0,00;0,00;0,00
3,32;3,10;3,98;0,00;0,00;0,00;0,00;0,00;0,00;0,00;0,00;0,00;0,00;0,00;0,00;0,00;0,00;0,00;0,00;0,00;0,00;0,00;0,00;0,00;0,00;0,00;0,00;0,00;0,00;0,00;0,00;0,00;0,00;0,00;0,00;0,00;0,00;0,00
0,00;0,00;0,00;0,00;0,00;0,00;0,00;0,00;0,00;0,00;0,00;0,00;0,00;0,00;0,00;0,00;0,00;0,00;0,00;0,00;0,00;0,00;0,00;0,00;0,00;0,00;1,38;1,37;1,93;2,01;2,05;2,07;2,80;3,24;0,00;0,00;0,00;0,00
0,00;0,00;0,00;0,00;0,00;0,00;0,00;0,00;0,00;0,00;0,00;0,00;0,00;0,00;0,00;0,00;0,00;0,00;0,00;0,00;0,00;0,00;0,00;0,00;0,00;0,00;0,00;0,00;0,00;0,00;0,00;0,00;0,00;0,00;0,00;0,00;0,00;0,00
3,69;3,93;3,73;2,75;2,53;2,67;1,44;1,92;2,64;4,26;4,20;3,92;3,12;3,21;3,01;2,84;2,94;2,38;3,99;4,09;3,46;3,86;2,17;2,93;2,66;1,00;5,42;5,46;5,00;5,28;4,53;2,89;4,23;4,16;3,58;0,00;0,00;0,00
1,58;1,94;2,35;0,00;0,00;0,92;0,00;0,00;0,00;2,75;2,64;2,73;1,55;1,62;1,00;0,00;0,00;0,00;1,71;1,65;2,25;2,34;0,91;0,00;0,00;0,00;2,54;2,06;2,38;2,47;0,00;0,00;0,00;0,00;0,00;0,00;0,00;2,60
1,99;0,96;1,40;0,00;0,00;0,92;0,00;0,00;0,00;2,27;1,85;1,93;0,00;0,00;0,00;0,00;0,00;0,00;1,10;1,05;1,17;1,23;0,00;0,00;0,00;0,00;1,38;2,06;1,27;2,01;0,00;0,00;0,00;0,00;0,00;0,00;0,00;0,00
3,45;3,10;2,57;0,00;0,00;0,00;0,00;0,00;0,00;3,11;2,83;2,73;0,00;0,00;0,00;0,00;0,00;0,00;0,00;1,05;0,00;0,00;0,00;0,00;0,00;0,00;4,74;4,64;4,64;4,57;4,07;0,00;3,69;3,62;0,00;0,00;0,00;0,00
0,00;0,00;1,79;0,97;0,00;0,00;0,00;0,00;0,00;2,27;2,42;1,53;0,00;1,62;1,00;0,00;0,00;0,00;1,10;1,65;1,81;0,00;0,00;0,00;0,00;0,00;0,00;0,00;0,00;0,00;0,00;0,00;0,00;0,00;0,00;0,00;0,00;0,00
1,00;1,53;1,79;0,00;0,00;0,00;0,00;0,00;0,00;0,97;1,46;0,96;0,00;0,00;0,00;0,00;0,00;0,00;0,00;1,05;0,00;0,00;0,00;0,00;0,00;0,00;0,00;0,00;0,00;0,00;0,00;0,00;0,00;0,00;0,00;0,00;0,00;0,00
0,00;0,00;0,00;0,00;0,00;0,00;0,00;0,00;0,00;0,00;0,00;0,00;0,00;0,00;0,00;0,00;0,00;0,00;0,00;0,00;0,00;0,00;0,00;0,00;0,00;0,00;0,00;0,00;0,00;0,00;0,00;0,00;0,00;0,00;0,00;0,00;0,00;0,00
3,16;3,10;3,20;1,54;2,27;2,67;3,61;3,71;4,20;0,00;0,90;0,96;0,00;0,00;0,00;1,02;1,54;2,38;0,00;0,00;0,00;0,00;2,43;2,74;2,85;2,32;0,00;0,00;0,00;0,00;0,00;0,00;0,00;0,00;0,00;0,00;0,00;0,00
0,00;0,00;0,00;0,00;0,00;0,00;0,00;0,00;0,00;0,00;0,00;0,00;0,00;0,00;0,00;0,00;0,00;0,00;0,00;0,00;0,00;0,00;0,00;0,00;0,00;0,00;0,00;0,00;0,00;0,00;0,00;0,00;0,00;0,00;0,00;0,00;0,00;0,00
2,32;2,26;1,79;0,00;0,00;0,00;3,50;3,23;3,62;1,54;2,64;2,92;1,55;1,62;1,00;3,36;3,63;3,39;0,00;1,05;0,00;1,23;4,86;4,38;4,42;4,17;3,41;3,78;3,62;3,34;0,00;0,00;0,00;0,00;0,00;0,00;0,00;0,00
0,00;0,00;0,00;0,00;0,00;0,00;0,00;0,95;0,90;0,97;0,90;0,96;0,00;1,03;0,00;0,00;0,00;0,00;0,00;0,00;0,00;0,00;0,00;0,00;0,00;0,00;2,07;2,53;2,73;2,01;0,00;0,00;1,99;0,00;0,00;0,00;0,00;0,00
1,58;0,96;0,86;0,00;0,00;0,00;0,00;0,00;0,00;0,97;1,46;0,96;0,00;0,00;0,00;0,00;0,00;0,00;0,00;0,00;0,00;0,00;0,00;0,00;0,00;0,00;0,00;0,00;1,27;0,00;0,00;0,00;0,00;0,00;0,00;0,00;0,00;0,00
2,58;2,52;0,00;0,00;0,00;0,00;0,00;0,00;0,00;0,00;0,00;0,00;0,00;0,00;0,00;0,00;0,00;0,00;0,00;0,00;0,00;0,00;0,00;0,00;0,00;0,00;2,89;0,00;2,38;1,33;0,00;0,00;0,00;0,00;0,00;0,00;0,00;0,00
0,00;0,00;0,00;0,00;0,97;1,48;2,81;2,50;2,64;0,00;0,00;0,00;0,00;0,00;0,00;0,00;0,00;0,00;0,00;0,00;0,00;0,00;0,00;1,53;0,00;1,00;0,00;0,00;0,00;0,00;0,00;0,00;0,00;0,00;0,00;0,00;0,00;0,00
0,00;0,00;0,00;0,00;0,00;0,00;0,00;0,00;0,00;1,95;1,46;0,96;0,00;0,00;0,00;0,00;0,00;0,00;0,00;0,00;0,00;0,00;0,00;0,00;0,00;0,00;0,00;0,00;0,00;0,00;0,00;0,00;0,00;0,00;0,00;0,00;0,00;0,00
0,00;0,00;0,00;0,00;0,00;0,00;0,00;0,00;0,00;0,00;0,00;0,00;0,00;0,00;0,00;0,00;0,00;0,00;0,00;0,00;0,00;0,00;0,00;0,00;0,00;0,00;0,00;0,00;0,00;0,00;0,00;0,00;0,00;0,00;0,00;0,00;0,00;0,00
2,32;2,26;2,92;0,00;0,00;0,92;0,00;0,00;0,00;2,53;1,85;2,51;0,00;0,00;0,00;0,00;0,00;0,00;0,00;0,00;0,00;0,00;0,00;0,00;0,00;0,00;2,54;3,60;3,24;3,10;4,07;2,07;3,69;3,62;0,00;0,00;0,00;0,00
1,58;1,94;1,79;0,97;0,97;0,92;0,00;0,00;0,00;1,95;1,85;1,53;0,00;0,00;1,00;0,00;0,00;0,00;0,00;0,00;0,00;0,00;0,00;0,00;0,00;0,00;0,00;0,00;0,00;0,00;0,00;0,00;0,00;0,00;0,00;0,00;0,00;0,00
1,99;0,96;2,10;3,11;2,95;3,03;2,15;2,50;1,85;2,53;2,83;2,73;1,96;1,62;2,33;1,02;0,96;1,04;1,10;2,08;1,17;2,34;0,91;0,96;0,92;0,00;0,00;0,00;0,00;1,33;0,00;0,00;0,00;0,00;0,00;0,00;0,00;0,00
3,58;2,93;3,07;3,74;4,03;3,31;2,81;2,91;2,64;3,40;2,83;2,92;2,76;3,04;3,01;2,84;2,74;3,06;2,15;2,67;2,58;2,68;1,86;2,26;2,85;2,00;1,38;2,06;2,38;3,10;0,00;0,00;1,99;1,93;3,58;3,72;4,02;4,41
3,16;3,39;3,20;4,33;4,46;4,30;4,25;4,07;3,72;2,53;2,99;2,51;4,19;3,75;4,33;2,62;2,74;3,06;2,48;2,08;2,25;2,68;2,83;3,38;3,17;2,58;1,38;2,06;2,38;1,33;0,00;0,00;0,00;0,00;0,00;0,00;0,00;0,00
2,32;2,26;2,35;3,84;3,75;3,66;2,41;2,50;1,85;2,75;2,42;1,93;2,95;3,21;3,33;1,61;1,94;2,05;1,10;1,65;1,81;2,68;1,46;1,53;2,19;1,00;1,38;2,53;0,00;1,33;0,00;0,00;0,00;0,00;0,00;0,00;0,00;0,00
2,58;2,74;2,92;3,26;3,53;2,86;3,50;3,37;3,52;3,11;2,16;1,93;2,76;2,36;2,59;2,36;2,52;2,38;1,71;1,65;1,81;2,34;3,15;2,52;3,30;1,00;1,38;1,37;1,93;2,01;0,00;0,00;0,00;0,00;0,00;0,00;0,00;0,00
1,00;0,96;0,86;3,11;2,95;2,86;2,41;2,24;1,85;0,97;1,46;1,93;2,28;2,85;2,59;1,02;0,96;1,63;0,00;1,05;0,00;0,00;0,91;1,94;1,47;1,00;0,00;0,00;0,00;0,00;0,00;0,00;0,00;0,00;0,00;0,00;0,00;0,00
1,00;0,00;0,00;0,97;1,54;0,92;1,44;0,95;0,90;0,00;0,00;0,00;1,55;1,62;1,59;0,00;0,00;0,00;0,00;1,05;0,00;0,00;0,00;0,96;0,00;0,00;0,00;1,37;0,00;1,33;0,00;0,00;0,00;0,00;0,00;0,00;0,00;0,00
3,45;3,51;2,92;3,52;3,11;2,45;3,26;3,08;2,16;0,00;0,00;0,00;0,00;0,00;0,00;0,00;0,00;0,00;0,00;0,00;0,00;0,00;0,00;0,00;0,00;0,00;0,00;0,00;0,00;0,00;0,00;0,00;0,00;0,00;0,00;0,00;0,00;0,00
5,04;5,09;4,53;2,94;3,11;1,88;0,00;0,00;0,00;3,52;2,64;2,73;0,00;0,00;0,00;0,00;0,00;0,00;0,00;0,00;1,17;1,89;0,00;0,00;0,00;0,00;5,42;5,41;5,52;5,39;5,77;4,55;4,79;4,72;0,00;0,00;0,00;0,00
0,00;0,00;0,00;3,11;2,53;2,67;3,39;3,90;3,40;0,00;1,46;2,51;3,94;3,85;3,81;4,36;4,10;4,31;0,00;0,00;0,00;0,00;4,52;4,67;4,59;5,09;0,00;0,00;0,00;0,00;0,00;0,00;0,00;2,73;0,00;0,00;0,00;0,00
0,00;0,00;0,00;0,00;0,00;0,92;2,81;2,72;2,83;0,97;0,90;0,96;1,96;1,62;1,00;2,84;2,52;2,05;0,00;0,00;0,00;0,00;2,43;2,93;2,44;3,17;0,00;0,00;0,00;0,00;0,00;0,00;0,00;1,93;0,00;0,00;0,00;0,00
0,00;0,00;0,86;3,11;2,95;3,44;3,50;3,71;3,28;2,75;3,52;3,24;4,11;3,51;3,81;3,74;3,74;3,77;0,00;1,65;1,17;2,34;3,15;3,92;4,09;0,00;0,00;0,00;0,00;0,00;0,00;0,00;0,00;0,00;0,00;0,00;0,00;0,00
1,00;0,96;2,10;0,00;0,00;0,92;0,00;0,00;0,00;1,54;0,90;1,53;0,00;1,03;1,00;0,00;0,00;0,00;0,00;0,00;0,00;1,23;0,91;1,53;0,92;0,00;0,00;0,00;0,00;0,00;0,00;0,00;0,00;0,00;0,00;0,00;0,00;0,00
0,00;0,00;0,00;0,00;0,00;0,00;0,89;0,95;1,45;0,97;0,00;0,00;0,97;0,00;1,00;0,00;0,00;0,00;1,10;1,05;0,00;0,00;0,00;0,00;0,00;0,00;0,00;0,00;0,00;0,00;0,00;0,00;0,00;0,00;0,00;0,00;0,00;0,00
0,00;0,00;0,86;0,00;0,97;0,92;0,89;0,95;1,45;0,97;0,90;0,00;0,00;0,00;0,00;0,00;0,00;0,00;0,00;0,00;0,00;0,00;0,00;0,00;0,00;0,00;0,00;0,00;0,00;0,00;0,00;0,00;0,00;0,00;0,00;0,00;0,00;0,00
5,12;5,09;4,93;4,52;4,64;4,09;3,50;3,81;2,64;4,46;4,33;4,50;4,94;4,96;5,01;4,36;4,25;4,39;3,49;3,79;3,88;4,41;3,91;4,38;4,36;2,32;1,38;1,37;1,93;2,47;0,00;0,00;0,00;0,00;0,00;0,00;0,00;0,00
1,58;1,53;1,79;1,95;0,97;1,48;1,44;1,52;0,00;0,97;1,85;0,96;0,00;0,00;0,00;0,00;0,00;0,00;0,00;0,00;0,00;0,00;0,00;0,00;0,00;0,00;0,00;0,00;0,00;0,00;0,00;0,00;0,00;0,00;0,00;0,00;0,00;0,00
5,35;5,35;5,93;5,18;4,85;5,48;4,60;4,43;4,89;4,58;4,76;4,82;5,26;5,44;5,36;5,47;5,29;5,35;3,17;4,18;3,09;3,19;4,40;4,83;4,69;4,00;3,17;4,21;3,77;4,27;0,00;0,00;0,00;0,00;0,00;0,00;0,00;0,00
1,99;2,26;2,35;1,54;0,00;1,48;0,00;0,00;0,00;1,54;0,00;0,00;0,00;0,00;0,00;0,00;0,00;0,00;0,00;0,00;0,00;0,00;0,00;0,00;0,00;0,00;0,00;0,00;0,00;0,00;0,00;0,00;0,00;0,00;0,00;0,00;0,00;0,00
6,04;6,03;5,25;0,97;0,97;0,92;0,00;0,00;0,00;5,52;4,13;5,12;0,97;0,00;0,00;0,00;0,00;0,00;2,97;2,40;3,46;4,74;0,00;0,00;0,92;0,00;7,70;7,57;7,61;7,87;7,87;7,49;7,25;6,83;2,70;0,00;0,00;0,00
3,99;3,63;2,57;0,00;0,00;0,00;0,00;0,00;0,00;2,53;1,85;2,73;0,00;0,00;0,00;0,00;0,00;0,00;0,00;0,00;0,00;2,96;0,00;0,00;0,00;0,00;5,30;5,11;4,93;5,44;5,49;5,70;5,69;5,12;4,52;0,00;2,60;0,00
2,99;2,93;2,35;0,00;0,00;0,00;0,00;0,00;0,00;2,75;1,85;2,51;0,00;0,00;0,00;0,00;0,00;0,00;0,00;0,00;0,00;1,89;0,00;0,00;0,00;0,00;4,65;4,54;4,55;4,83;5,16;5,61;5,07;4,87;4,13;0,00;0,00;0,00
0,00;0,00;0,00;0,00;0,00;0,00;0,00;0,00;0,00;0,00;0,00;0,00;0,00;0,00;0,00;0,00;0,00;0,00;0,00;0,00;0,00;0,00;0,00;0,00;0,00;0,00;1,38;1,37;1,27;1,33;0,00;0,00;2,80;1,93;0,00;0,00;2,60;0,00
1,00;0,00;0,00;0,00;0,00;0,00;0,00;0,00;0,00;0,00;0,00;0,00;0,00;0,00;0,00;0,00;0,00;0,00;0,00;0,00;0,00;0,00;0,00;0,00;0,00;0,00;4,45;4,54;4,86;4,38;2,87;0,00;0,00;0,00;0,00;0,00;0,00;0,00
2,80;2,52;1,40;0,00;0,00;0,00;0,00;0,00;0,00;0,00;0,00;0,00;0,00;0,00;0,00;0,00;0,00;0,00;0,00;0,00;0,00;0,00;0,00;0,00;0,00;0,00;5,12;5,11;5,06;5,39;4,53;2,07;2,80;1,93;0,00;0,00;0,00;0,00
0,00;0,00;0,00;0,00;0,00;0,00;0,00;0,00;0,00;0,00;0,00;0,00;0,00;0,00;0,00;0,00;0,00;0,00;0,00;0,00;0,00;0,00;0,00;0,00;0,00;0,00;0,00;0,00;0,00;0,00;0,00;0,00;0,00;0,00;0,00;0,00;0,00;0,00
3,16;2,52;2,35;1,54;0,97;0,00;0,00;0,00;0,00;1,95;1,85;1,93;0,00;0,00;0,00;0,00;0,00;0,00;0,00;0,00;0,00;1,89;0,00;0,00;0,00;0,00;2,07;2,06;1,93;2,01;2,05;3,40;2,80;1,93;4,83;4,67;4,02;4,02
4,80;4,83;4,77;4,52;3,94;4,09;1,84;1,52;2,42;3,26;2,99;2,73;0,97;0,00;0,00;1,02;1,54;1,04;0,00;1,05;1,17;2,68;0,00;0,00;0,00;0,00;1,38;2,06;1,93;2,01;2,87;0,00;1,99;1,93;3,58;0,00;4,41;4,41
3,45;2,52;1,79;3,26;2,75;2,19;3,70;3,81;3,14;0,00;0,00;0,00;0,00;0,00;0,00;0,00;0,00;0,00;0,00;0,00;0,00;0,00;0,00;0,00;0,00;0,00;0,00;0,00;0,00;0,00;0,00;0,00;0,00;0,00;0,00;0,00;0,00;0,00
0,00;0,00;0,00;0,00;0,00;0,00;0,00;0,00;0,00;0,00;0,00;0,00;0,00;0,00;0,00;0,00;0,00;0,00;0,00;0,00;0,00;0,00;0,00;0,00;0,00;0,00;0,00;0,00;0,00;1,33;3,39;2,07;1,99;1,93;0,00;0,00;0,00;0,00
0,00;0,00;0,00;0,00;0,00;0,00;0,00;0,00;0,00;0,00;0,00;0,00;0,00;0,00;0,00;0,00;0,00;0,00;0,00;0,00;0,00;0,00;0,00;0,00;0,00;0,00;0,00;0,00;0,00;1,33;4,07;0,00;3,99;3,62;0,00;0,00;0,00;0,00
0,00;0,00;0,00;0,00;0,00;0,00;0,00;0,00;0,00;0,00;0,00;0,00;0,00;0,00;0,00;0,00;0,00;0,00;0,00;0,00;0,00;0,00;0,00;0,00;0,00;0,00;0,00;0,00;0,00;0,00;0,00;0,00;0,00;0,00;0,00;0,00;0,00;0,00
3,58;2,74;3,07;3,52;3,53;3,66;2,81;2,91;3,14;4,40;4,51;4,24;3,53;3,37;3,33;2,36;2,52;2,38;3,17;3,55;2,58;3,39;0,91;1,53;1,47;0,00;0,00;1,37;1,27;0,00;4,07;0,00;3,31;1,93;0,00;0,00;0,00;0,00
1,58;0,96;2,35;3,11;1,54;3,18;0,89;0,95;1,85;4,18;3,90;3,72;0,00;0,00;1,59;0,00;0,00;0,00;1,10;2,89;0,00;2,34;0,00;0,00;0,00;0,00;0,00;0,00;0,00;0,00;2,05;0,00;0,00;0,00;0,00;0,00;0,00;0,00
0,00;0,00;0,00;0,00;0,00;0,00;0,00;0,00;0,00;0,00;0,00;0,00;0,00;0,00;0,00;0,00;0,00;0,00;0,00;0,00;0,00;0,00;0,00;0,00;0,00;0,00;0,00;0,00;0,00;0,00;0,00;0,00;0,00;0,00;0,00;0,00;0,00;0,00
0,00;0,96;0,00;0,97;0,97;0,92;0,00;0,95;0,90;0,97;1,46;1,53;0,97;1,03;1,00;0,00;0,00;0,00;1,10;0,00;0,00;1,23;0,00;0,00;0,00;0,00;0,00;0,00;0,00;0,00;2,05;0,00;1,99;1,93;0,00;0,00;0,00;0,00
1,58;0,96;0,86;1,95;1,95;1,48;0,00;0,00;0,00;2,53;2,16;2,51;0,00;0,00;0,00;0,00;0,00;0,00;0,00;1,05;0,00;0,00;0,00;0,00;0,00;0,00;0,00;0,00;0,00;0,00;0,00;0,00;0,00;0,00;0,00;0,00;0,00;0,00
0,00;0,00;0,00;0,00;0,00;0,00;0,00;0,00;0,00;0,00;0,00;0,00;0,00;0,00;0,00;0,00;0,00;0,00;0,00;0,00;0,00;0,00;0,00;0,00;0,00;0,00;2,89;2,88;3,24;2,47;0,00;0,00;0,00;0,00;0,00;0,00;0,00;0,00
0,00;0,96;0,00;0,00;0,00;0,00;0,00;0,00;0,00;0,00;0,00;0,00;0,00;0,00;0,00;0,00;0,00;0,00;0,00;0,00;0,00;0,00;0,00;0,00;0,00;0,00;4,22;4,54;4,72;4,15;3,39;2,07;3,99;3,62;0,00;0,00;0,00;0,00
0,00;0,00;0,00;4,02;4,19;3,55;3,70;3,71;2,64;0,00;0,00;1,53;4,03;4,13;4,18;3,95;3,39;3,65;0,00;0,00;0,00;0,00;3,41;3,25;3,17;4,64;3,61;3,94;3,24;3,88;4,31;3,40;4,63;5,12;2,70;0,00;0,00;0,00
1,58;1,94;2,35;2,53;2,75;2,19;2,15;2,50;2,42;1,54;1,85;1,93;0,00;0,00;0,00;0,00;0,00;0,00;0,00;0,00;0,00;1,23;0,00;0,00;0,00;0,00;0,00;0,00;0,00;0,00;0,00;0,00;0,00;0,00;0,00;0,00;0,00;0,00
0,00;0,00;0,00;0,00;0,00;0,00;0,00;0,00;0,00;0,00;0,00;0,00;0,00;0,00;0,00;0,00;0,00;0,00;0,00;0,00;0,00;0,00;0,00;0,00;0,00;0,00;0,00;0,00;0,00;0,00;0,00;0,00;0,00;0,00;0,00;0,00;0,00;0,00
0,00;0,00;0,00;0,97;0,97;2,19;3,96;4,15;3,72;0,00;3,14;3,82;0,97;1,03;1,59;4,56;4,63;4,65;0,00;0,00;0,00;1,23;4,77;4,44;4,54;4,81;0,00;0,00;0,00;0,00;2,87;2,07;1,99;3,24;4,13;2,83;2,60;4,02
0,00;0,00;0,00;0,00;0,00;0,00;0,89;1,52;1,85;0,00;0,00;0,00;0,00;0,00;0,00;0,00;0,00;0,00;0,00;0,00;0,00;0,00;0,00;0,00;0,00;0,00;0,00;0,00;0,00;0,00;0,00;0,00;0,00;0,00;0,00;0,00;0,00;0,00
2,58;2,93;2,57;2,75;2,95;2,45;2,98;2,91;3,14;0,00;0,00;0,00;0,00;0,00;0,00;0,00;0,00;0,00;0,00;0,00;0,00;0,00;0,00;0,00;0,00;0,00;0,00;0,00;0,00;0,00;0,00;0,00;0,00;0,00;0,00;0,00;0,00;0,00
1,58;1,53;0,86;0,97;0,97;1,48;2,98;3,37;2,99;0,00;2,16;2,73;1,96;1,62;1,59;3,62;3,39;3,52;0,00;0,00;0,00;1,23;3,52;3,38;3,75;3,70;1,38;0,00;0,00;1,33;0,00;0,00;0,00;0,00;0,00;0,00;0,00;0,00
1,58;0,96;0,86;0,97;0,97;0,00;0,89;1,52;0,90;0,97;0,90;0,96;0,97;1,03;1,00;1,02;0,96;2,05;0,00;0,00;0,00;0,00;0,91;0,96;0,92;0,00;1,38;1,37;1,93;1,33;0,00;0,00;0,00;0,00;0,00;0,00;0,00;0,00
1,00;1,53;1,40;2,27;1,54;1,88;0,89;0,95;0,90;0,97;1,46;0,96;0,97;1,03;1,00;1,02;0,96;1,04;1,10;1,05;1,17;0,00;0,00;0,00;0,00;0,00;0,00;0,00;0,00;0,00;0,00;0,00;0,00;0,00;0,00;0,00;0,00;0,00
1,58;1,94;0,00;0,00;0,00;0,00;0,00;0,00;0,00;1,95;0,00;0,96;0,00;0,00;0,00;0,00;0,00;0,00;0,00;0,00;0,00;0,00;0,00;0,00;0,00;0,00;4,74;4,97;4,72;4,97;2,87;0,00;0,00;1,93;0,00;0,00;0,00;0,00
0,00;0,96;0,00;0,00;0,00;0,00;0,00;0,00;0,00;0,97;0,90;0,96;0,00;0,00;0,00;0,00;0,00;0,00;0,00;0,00;0,00;0,00;0,00;0,00;0,00;0,00;3,95;4,21;4,16;4,02;2,05;0,00;0,00;0,00;0,00;0,00;0,00;0,00
0,00;0,00;0,00;0,00;0,00;0,00;0,00;0,00;0,00;0,00;0,00;0,00;0,00;0,00;0,00;0,00;0,00;0,00;0,00;0,00;0,00;0,00;0,00;0,00;0,00;0,00;2,07;1,37;1,93;1,33;0,00;0,00;0,00;0,00;0,00;0,00;0,00;0,00
1,58;1,53;0,00;1,95;2,27;0,00;4,32;4,30;3,14;0,00;0,00;1,53;1,96;1,62;1,59;4,13;4,25;4,24;4,27;4,09;4,55;4,11;2,83;2,74;3,02;3,46;1,38;1,37;1,27;2,82;0,00;0,00;0,00;1,93;0,00;0,00;0,00;0,00
2,32;1,94;1,79;1,54;0,97;1,48;0,00;0,00;0,00;2,53;1,85;1,93;0,00;1,03;0,00;0,00;0,00;0,00;1,10;1,05;1,17;1,23;0,00;0,00;0,00;0,00;2,07;2,06;1,93;2,47;2,87;2,89;3,99;3,62;3,58;2,83;3,47;2,60
0,00;0,00;0,00;0,00;0,00;2,86;1,44;2,24;3,52;0,97;2,16;1,53;2,28;2,63;2,59;3,21;2,94;3,23;0,00;0,00;0,00;0,00;3,52;3,62;3,43;3,32;0,00;0,00;0,00;0,00;0,00;0,00;0,00;0,00;0,00;0,00;0,00;0,00
1,00;1,53;0,86;1,54;1,95;1,88;1,84;1,92;2,42;0,97;0,90;0,96;0,00;0,00;0,00;0,00;0,00;0,00;0,00;0,00;0,00;0,00;0,00;0,00;0,00;0,00;0,00;0,00;0,00;0,00;0,00;0,00;0,00;0,00;0,00;0,00;0,00;0,00
0,00;0,00;0,00;0,00;0,00;0,00;1,44;2,24;0,90;0,00;0,00;0,00;0,00;0,00;0,00;1,61;1,94;2,05;0,00;1,05;0,00;0,00;0,91;0,96;0,92;1,00;0,00;0,00;0,00;0,00;0,00;0,00;0,00;0,00;0,00;0,00;0,00;0,00
0,00;0,00;0,00;3,84;3,85;4,43;2,41;2,24;2,16;2,75;2,16;2,51;5,07;5,00;4,81;2,03;2,74;3,23;0,00;0,00;0,00;1,23;4,07;3,92;3,93;4,32;0,00;0,00;0,00;0,00;0,00;0,00;1,99;4,37;2,70;2,83;2,60;2,60
0,00;0,00;0,00;0,00;0,97;0,00;0,00;1,52;0,90;0,00;0,00;0,00;0,00;0,00;0,00;0,00;0,00;0,00;0,00;0,00;0,00;0,00;0,00;0,00;0,00;0,00;0,00;0,00;0,00;0,00;0,00;0,00;0,00;0,00;0,00;0,00;0,00;0,00
4,75;4,57;3,98;4,18;4,11;3,31;2,41;2,24;2,16;0,00;0,00;0,00;0,00;0,00;0,00;0,00;0,00;0,00;0,00;0,00;0,00;0,00;0,00;0,00;0,00;0,00;0,00;0,00;0,00;0,00;0,00;0,00;0,00;0,00;0,00;0,00;0,00;0,00
0,00;0,00;0,00;0,00;0,00;0,00;0,00;0,00;0,00;0,00;0,00;0,00;0,00;0,00;0,00;0,00;0,00;0,00;0,00;0,00;0,00;0,00;0,00;0,00;0,00;0,00;0,00;0,00;0,00;0,00;0,00;0,00;0,00;0,00;0,00;0,00;0,00;0,00
0,00;0,00;0,00;0,00;0,00;0,00;0,00;0,00;0,00;0,00;0,00;0,00;0,00;0,00;0,00;0,00;0,00;0,00;0,00;0,00;0,00;0,00;0,00;0,00;0,00;0,00;2,07;2,53;2,73;2,47;0,00;0,00;0,00;0,00;0,00;0,00;0,00;0,00
0,00;0,00;0,00;0,00;0,00;0,92;2,62;2,50;2,83;1,54;2,83;0,96;0,00;0,00;0,00;1,02;0,00;1,04;0,00;1,05;0,00;1,23;2,83;2,26;2,44;1,58;0,00;0,00;0,00;0,00;0,00;0,00;0,00;0,00;0,00;0,00;0,00;0,00
1,00;0,96;0,86;0,97;1,95;1,48;0,89;0,95;0,90;1,95;1,46;1,53;0,97;1,03;1,00;0,00;0,00;0,00;1,10;1,05;1,17;1,89;0,00;0,00;0,00;0,00;0,00;0,00;0,00;0,00;0,00;0,00;0,00;0,00;0,00;0,00;0,00;0,00
3,99;4,01;3,44;0,00;0,00;0,00;0,00;0,00;0,00;3,40;2,16;2,73;0,00;0,00;0,00;0,00;0,00;0,00;1,10;0,00;1,17;3,19;1,46;0,00;0,92;0,00;5,18;5,51;5,52;5,39;5,02;3,79;4,94;4,87;2,70;0,00;0,00;0,00
0,00;0,00;0,00;1,54;2,27;2,45;2,41;2,72;2,42;2,27;2,16;2,51;2,76;3,04;3,01;2,84;2,74;2,64;1,71;2,40;1,17;0,00;1,46;1,53;1,47;0,00;0,00;0,00;0,00;0,00;0,00;0,00;0,00;0,00;0,00;0,00;0,00;0,00
3,80;3,93;3,73;3,26;3,11;3,18;2,15;2,50;2,64;2,53;2,64;1,93;1,55;1,03;1,00;1,02;0,96;1,04;0,00;0,00;1,81;2,34;1,46;0,00;0,92;0,00;0,00;0,00;0,00;0,00;0,00;0,00;0,00;0,00;0,00;0,00;0,00;0,00
1,00;0,96;0,86;0,00;0,00;1,48;1,84;2,24;2,42;2,75;2,64;2,73;0,97;1,03;1,00;1,61;1,94;1,63;1,10;1,05;1,17;1,23;0,00;0,00;0,00;1,00;0,00;0,00;1,27;1,33;0,00;0,00;0,00;0,00;0,00;0,00;0,00;0,00
1,00;1,94;1,79;2,53;1,95;2,19;2,98;2,72;2,99;3,26;2,99;2,92;1,96;2,04;2,59;2,03;1,54;1,63;1,71;2,08;1,81;2,34;0,00;0,00;0,92;0,00;0,00;0,00;0,00;1,33;0,00;0,00;0,00;0,00;0,00;0,00;0,00;0,00
0,00;0,00;0,00;2,94;2,95;3,44;3,26;3,61;3,98;1,54;2,99;3,38;4,11;3,95;3,91;4,43;4,51;4,24;2,75;1,65;1,17;1,23;5,02;4,67;5,00;5,09;0,00;0,00;0,00;0,00;0,00;0,00;0,00;0,00;0,00;0,00;0,00;0,00
0,00;0,00;0,86;1,95;2,53;0,00;2,15;2,24;0,00;0,00;0,00;0,00;0,00;0,00;0,00;0,00;0,00;0,00;0,00;0,00;0,00;0,00;0,00;0,00;0,00;0,00;0,00;0,00;0,00;0,00;0,00;0,00;0,00;0,00;0,00;0,00;0,00;0,00
0,00;0,00;0,00;0,00;0,00;0,00;0,00;0,00;0,00;0,00;0,00;0,00;0,00;0,00;0,00;0,00;0,00;0,00;0,00;0,00;0,00;0,00;0,00;0,00;0,00;0,00;1,38;1,37;1,93;1,33;0,00;0,00;0,00;0,00;0,00;0,00;0,00;0,00
0,00;0,96;0,86;1,54;0,97;0,92;1,84;1,92;2,16;0,00;0,00;0,00;0,00;0,00;0,00;0,00;0,00;0,00;0,00;0,00;0,00;0,00;0,00;0,00;0,00;0,00;0,00;0,00;0,00;0,00;0,00;0,00;0,00;0,00;0,00;0,00;0,00;0,00
0,00;0,00;0,00;0,00;0,00;0,00;0,00;0,00;0,00;0,00;0,00;1,53;0,00;0,00;0,00;3,36;3,52;3,23;2,15;2,08;2,86;2,34;3,52;3,25;3,43;4,17;2,54;2,88;3,62;2,82;2,05;0,00;0,00;0,00;0,00;0,00;0,00;0,00
2,58;2,52;1,40;0,00;0,00;0,00;2,81;2,91;2,83;0,00;0,00;0,96;0,00;0,00;0,00;2,03;1,94;2,64;0,00;0,00;0,00;0,00;3,41;2,93;3,17;3,00;3,79;3,40;3,77;4,02;2,05;0,00;0,00;0,00;0,00;0,00;0,00;0,00
1,99;0,96;2,10;0,97;1,54;2,19;3,61;3,61;3,14;1,95;2,64;2,73;2,54;2,63;2,59;3,04;3,52;3,06;0,00;0,00;1,17;2,68;2,64;2,93;2,85;3,17;0,00;0,00;0,00;1,33;0,00;0,00;1,99;1,93;4,13;2,83;4,72;2,60
6,10;6,13;6,02;4,46;4,40;3,85;2,15;1,92;2,16;6,38;6,31;6,23;3,41;3,21;4,53;0,00;1,94;1,63;5,23;5,27;4,89;5,51;2,43;2,52;2,19;3,00;0,00;0,00;0,00;0,00;0,00;0,00;0,00;0,00;5,30;2,83;3,47;4,41
0,00;0,00;0,00;0,00;0,00;0,00;2,41;2,24;2,16;0,00;0,00;1,53;0,00;0,00;0,00;3,21;3,10;3,23;0,00;0,00;0,00;0,00;3,99;3,62;3,84;4,09;1,38;1,37;1,27;0,00;0,00;0,00;0,00;0,00;0,00;0,00;0,00;0,00
0,00;0,00;0,00;0,00;0,00;0,00;0,00;0,00;0,00;0,00;0,00;0,00;0,00;0,00;0,00;0,00;0,00;0,00;0,00;0,00;0,00;0,00;0,00;0,00;0,00;0,00;0,00;0,00;0,00;0,00;0,00;0,00;0,00;0,00;0,00;0,00;0,00;0,00
0,00;0,00;0,86;0,00;0,00;0,92;0,89;1,92;2,16;0,97;0,90;0,96;0,00;0,00;1,00;1,02;1,94;1,04;0,00;0,00;0,00;0,00;2,17;2,26;2,44;1,58;1,38;1,37;1,27;0,00;0,00;0,00;0,00;0,00;0,00;0,00;0,00;0,00
1,58;1,94;1,40;3,11;2,75;3,94;5,04;5,54;5,39;3,94;5,20;5,47;4,53;4,57;4,53;7,69;7,71;7,05;3,63;3,79;4,00;3,56;8,30;8,01;8,23;8,80;3,95;4,33;4,16;4,02;4,07;3,40;4,45;4,37;4,83;4,98;5,19;4,72
0,00;0,00;0,00;0,00;0,00;0,00;1,84;3,23;3,72;0,00;0,00;0,96;0,00;0,00;0,00;0,00;0,00;0,00;0,00;0,00;0,00;0,00;0,00;0,00;0,00;0,00;0,00;0,00;0,00;0,00;0,00;0,00;0,00;0,00;0,00;0,00;0,00;0,00
2,32;2,26;2,35;2,75;1,95;3,03;0,00;0,00;0,00;3,11;3,52;2,92;2,28;2,63;2,59;1,02;0,00;1,04;1,71;2,67;2,58;2,96;0,00;0,00;0,00;1,58;0,00;0,00;0,00;0,00;0,00;2,07;2,80;3,92;4,13;2,83;3,47;0,00
3,80;4,17;4,58;5,58;5,55;5,60;5,46;5,11;5,09;5,58;5,87;5,61;4,99;4,69;5,05;4,04;3,39;4,15;4,35;5,05;4,30;5,38;2,43;2,93;2,85;0,00;1,38;2,53;2,73;2,47;0,00;0,00;0,00;0,00;0,00;0,00;0,00;0,00
2,58;1,53;0,00;3,40;3,64;3,31;4,54;4,55;4,06;0,00;0,00;0,00;0,00;0,00;0,00;1,61;1,54;2,05;0,00;0,00;0,00;0,00;2,64;2,52;2,19;3,17;0,00;0,00;0,00;0,00;0,00;0,00;0,00;0,00;0,00;0,00;0,00;0,00
0,00;0,00;0,00;0,00;0,00;0,00;0,00;1,52;1,45;0,00;0,00;0,96;0,00;0,00;0,00;3,21;3,10;3,06;0,00;0,00;0,00;0,00;3,52;3,38;3,65;3,58;3,17;3,60;3,62;3,72;0,00;0,00;2,80;1,93;0,00;0,00;0,00;0,00
4,24;4,25;4,72;4,98;4,98;5,20;5,59;5,11;5,33;3,75;4,27;4,61;5,78;5,83;5,79;6,17;5,97;6,16;5,27;5,46;4,39;3,39;5,90;5,87;6,02;6,09;3,41;2,88;2,73;2,82;0,00;2,89;4,45;5,61;4,13;4,98;3,47;3,48
0,00;0,00;0,00;0,00;0,00;0,00;1,84;3,08;3,14;0,97;1,85;2,51;1,55;1,03;1,00;3,36;3,10;3,23;0,00;0,00;0,00;0,00;3,15;3,73;3,75;2,58;2,89;2,88;2,73;2,82;0,00;0,00;0,00;0,00;0,00;0,00;0,00;0,00
4,08;4,17;4,63;4,52;4,80;4,65;4,92;5,03;5,01;4,98;5,02;5,00;5,43;5,18;5,18;5,33;5,35;5,35;3,63;4,00;4,21;4,22;5,59;5,53;5,48;5,58;3,17;4,21;3,91;4,15;0,00;0,00;4,23;4,16;5,08;4,67;4,72;5,38
0,00;0,00;1,79;0,00;0,00;0,00;0,00;0,00;0,00;3,52;3,90;3,50;3,85;3,63;3,47;3,50;3,63;3,97;2,15;2,67;2,58;3,39;3,41;3,51;3,43;2,00;0,00;1,37;0,00;0,00;0,00;0,00;0,00;0,00;0,00;0,00;0,00;0,00
4,75;4,83;3,73;0,00;0,00;0,00;0,00;0,00;0,00;3,11;2,16;2,92;0,00;0,00;0,00;0,00;0,00;0,00;1,10;1,05;1,17;2,96;0,00;0,00;0,00;0,00;6,43;6,24;6,37;6,38;5,59;4,09;5,31;4,56;0,00;0,00;0,00;0,00
3,45;3,10;2,35;0,00;0,00;0,00;0,00;0,00;0,00;0,00;0,00;0,00;0,00;0,00;0,00;0,00;0,00;0,00;0,00;0,00;0,00;0,00;0,00;0,00;0,00;0,00;5,24;5,23;5,23;4,97;3,39;0,00;0,00;0,00;0,00;0,00;0,00;0,00
1,99;1,94;2,35;2,75;2,75;2,86;3,13;3,71;3,62;2,75;3,40;3,38;3,12;3,63;3,59;3,74;3,84;3,97;1,10;1,65;2,25;0,00;3,41;3,92;3,54;3,70;1,38;2,06;2,73;2,47;0,00;0,00;0,00;0,00;3,58;3,72;4,41;3,48
0,00;0,96;0,86;2,53;2,95;3,18;4,04;3,90;3,28;2,53;2,64;3,62;3,75;3,95;3,59;4,36;4,32;4,24;4,64;4,62;4,63;2,34;3,15;3,51;3,54;4,00;0,00;0,00;0,00;0,00;0,00;0,00;0,00;0,00;0,00;0,00;0,00;0,00
2,80;2,52;1,79;3,64;3,64;3,66;4,18;3,99;3,90;3,52;3,40;4,00;3,94;4,22;4,01;4,36;4,18;4,46;1,71;3,09;1,81;3,19;3,99;4,01;3,93;3,17;1,38;1,37;2,73;2,01;0,00;0,00;0,00;0,00;0,00;0,00;0,00;0,00
2,99;3,10;3,20;3,52;3,75;3,85;3,96;4,15;4,06;3,75;3,62;3,82;4,11;4,13;4,33;4,29;4,39;4,15;2,97;3,41;3,28;3,56;3,99;4,01;3,84;3,32;2,07;2,53;1,93;2,01;0,00;0,00;0,00;0,00;0,00;0,00;0,00;0,00
2,80;2,52;2,75;3,74;4,03;4,02;4,54;4,49;4,81;3,84;4,20;4,00;4,53;4,44;4,40;5,04;5,14;5,11;3,63;3,90;3,46;3,72;5,43;5,20;5,50;3,91;2,07;2,06;1,93;2,82;0,00;0,00;0,00;0,00;0,00;0,00;0,00;0,00
1,99;1,94;2,35;2,27;1,95;0,92;0,00;0,00;0,00;0,00;0,00;0,00;0,00;0,00;0,00;0,00;0,00;0,00;0,00;0,00;0,00;0,00;0,00;0,00;0,00;0,00;0,00;0,00;0,00;0,00;0,00;0,00;0,00;0,00;0,00;0,00;0,00;0,00
0,00;0,00;0,86;3,52;3,75;3,44;3,70;3,71;3,81;1,95;2,99;3,24;4,47;4,37;4,65;4,29;4,18;4,31;2,48;3,26;3,09;0,00;3,52;3,51;3,84;4,58;0,00;0,00;0,00;0,00;0,00;0,00;0,00;0,00;0,00;0,00;0,00;0,00
4,69;4,88;4,25;3,74;3,75;3,18;4,11;4,15;3,81;4,02;2,83;3,72;1,55;0,00;1,59;0,00;0,00;0,00;1,71;1,05;2,25;2,96;1,86;1,53;1,47;1,00;6,78;6,81;6,68;6,96;6,07;4,34;5,41;5,00;2,70;0,00;0,00;0,00
0,00;0,00;0,00;0,00;0,00;0,00;0,00;0,00;0,00;0,00;0,00;0,00;0,00;0,00;0,00;0,00;0,00;0,00;0,00;0,00;0,00;0,00;0,00;0,00;0,00;0,00;0,00;0,00;0,00;0,00;0,00;0,00;0,00;0,00;0,00;0,00;0,00;0,00
0,00;0,00;0,00;0,97;0,00;0,92;1,44;2,24;0,90;0,00;0,90;0,96;0,97;1,03;0,00;1,61;1,54;1,63;0,00;0,00;0,00;0,00;2,43;2,52;2,44;2,32;0,00;0,00;0,00;0,00;0,00;0,00;0,00;0,00;0,00;0,00;0,00;0,00
1,58;1,53;1,79;2,53;2,53;2,19;2,41;2,72;3,28;2,53;2,42;2,25;1,55;1,62;1,59;1,02;0,96;1,63;1,71;2,89;3,09;3,19;1,46;1,94;1,47;1,58;0,00;0,00;0,00;0,00;0,00;0,00;3,31;3,24;2,70;0,00;0,00;0,00
0,00;0,00;0,00;0,00;0,00;0,00;0,00;0,00;0,00;0,00;0,00;0,00;0,00;0,00;0,00;0,00;0,00;0,00;0,00;0,00;0,00;0,00;0,00;0,00;0,00;0,00;0,00;0,00;0,00;0,00;0,00;0,00;0,00;0,00;0,00;0,00;0,00;0,00
2,32;1,94;0,00;0,00;0,00;0,00;0,00;0,00;0,00;0,00;0,00;0,00;0,00;0,00;0,00;0,00;0,00;0,00;0,00;0,00;0,00;0,00;0,00;0,00;0,00;0,00;3,95;3,60;3,91;3,54;0,00;0,00;0,00;0,00;0,00;0,00;0,00;0,00
1,00;0,00;0,00;0,00;0,00;0,00;0,00;0,00;0,00;0,00;0,00;0,00;0,00;0,00;0,00;0,00;0,00;0,00;0,00;0,00;0,00;0,00;0,00;0,00;0,00;0,00;1,38;1,37;1,93;1,33;0,00;0,00;0,00;0,00;0,00;0,00;0,00;0,00
3,58;3,51;3,82;2,53;2,27;3,31;3,13;3,23;3,98;4,18;4,33;4,00;2,54;2,63;3,47;1,61;1,94;1,63;3,49;4,00;3,46;3,86;0,91;0,96;0,92;0,00;2,07;2,06;2,73;2,82;0,00;0,00;0,00;0,00;0,00;0,00;0,00;0,00
1,99;1,53;1,40;2,53;2,53;2,45;1,84;1,92;2,16;0,97;1,46;0,00;0,00;0,00;0,00;0,00;0,00;0,00;0,00;0,00;0,00;0,00;0,00;0,00;0,00;0,00;0,00;0,00;0,00;0,00;0,00;0,00;0,00;0,00;0,00;0,00;0,00;0,00
0,00;0,00;0,00;0,00;0,00;0,00;0,00;0,00;0,00;0,00;0,00;0,00;0,00;0,00;0,00;0,00;0,00;0,00;0,00;0,00;0,00;0,00;0,00;0,00;0,00;0,00;0,00;0,00;0,00;0,00;0,00;0,00;0,00;0,00;0,00;0,00;0,00;0,00
2,80;2,74;3,33;3,26;3,27;3,18;1,84;1,92;2,16;1,54;0,00;0,96;1,55;1,03;0,00;0,00;0,00;0,00;0,00;0,00;0,00;0,00;0,00;0,00;0,00;0,00;0,00;0,00;0,00;0,00;0,00;0,00;0,00;0,00;0,00;0,00;0,00;0,00
2,58;1,94;3,33;2,27;2,75;2,86;2,15;2,24;1,45;2,27;2,16;2,25;2,28;2,36;2,01;0,00;0,00;1,04;1,71;2,08;1,81;1,23;0,00;0,00;0,00;0,00;0,00;0,00;0,00;0,00;0,00;0,00;0,00;0,00;0,00;0,00;0,00;0,00
0,00;0,00;0,00;0,97;0,00;0,00;1,84;2,50;1,45;1,95;1,85;1,53;0,00;1,62;1,00;0,00;1,54;1,04;0,00;1,05;0,00;0,00;0,00;0,00;0,00;0,00;0,00;0,00;0,00;0,00;0,00;0,00;0,00;0,00;0,00;0,00;0,00;0,00
0,00;0,00;0,00;0,00;0,00;1,48;0,00;0,95;0,90;0,00;0,00;0,00;0,00;0,00;0,00;0,00;0,00;0,00;0,00;0,00;0,00;0,00;0,00;0,00;0,00;0,00;0,00;0,00;0,00;0,00;0,00;0,00;0,00;0,00;0,00;0,00;0,00;0,00
0,00;0,00;0,00;0,00;0,00;0,00;0,00;0,00;0,00;0,00;0,00;0,00;0,00;0,00;0,00;0,00;0,00;0,00;0,00;0,00;0,00;0,00;0,00;0,00;0,00;0,00;2,07;2,88;3,24;2,47;0,00;0,00;0,00;0,00;0,00;0,00;0,00;0,00
4,90;4,92;5,21;4,98;4,89;4,70;4,79;4,76;4,76;5,49;5,64;5,47;3,41;3,75;4,18;2,84;2,52;2,87;3,63;4,68;3,28;4,32;0,00;0,96;0,00;0,00;0,00;0,00;0,00;0,00;0,00;0,00;0,00;0,00;0,00;0,00;0,00;0,00
4,90;4,83;5,15;5,02;4,75;5,05;4,25;4,36;4,39;5,36;5,42;5,16;3,53;3,63;3,91;0,00;0,00;0,00;4,50;4,96;4,00;4,94;0,00;0,00;0,00;0,00;0,00;0,00;0,00;0,00;0,00;0,00;0,00;0,00;0,00;0,00;0,00;0,00
4,24;4,01;4,68;4,33;4,19;4,02;4,04;4,43;4,13;4,74;5,05;4,61;2,76;3,37;2,81;2,36;1,94;2,38;3,34;3,55;3,09;3,39;0,91;1,53;0,92;0,00;1,38;1,37;1,27;1,33;0,00;0,00;0,00;0,00;0,00;0,00;0,00;0,00
4,75;4,68;5,08;5,10;4,94;4,65;4,49;4,36;4,33;5,58;5,45;5,24;3,12;3,37;3,81;1,02;0,96;1,04;3,88;4,56;3,28;4,32;0,00;0,00;0,92;0,00;0,00;0,00;0,00;0,00;0,00;0,00;0,00;0,00;0,00;0,00;0,00;0,00
4,75;4,51;4,68;4,39;4,11;4,24;4,74;4,30;3,98;5,11;5,16;4,77;3,27;3,04;3,18;2,03;2,52;2,05;3,63;4,09;2,86;3,39;0,00;0,96;0,92;0,00;0,00;0,00;0,00;1,33;0,00;0,00;0,00;0,00;0,00;0,00;0,00;0,00
4,39;4,38;4,81;4,46;4,64;4,65;4,74;4,86;4,71;5,49;5,59;5,40;3,75;3,85;4,18;3,04;2,52;2,64;4,57;4,96;4,39;5,23;0,00;0,00;0,00;0,00;0,00;0,00;1,27;1,33;0,00;0,00;0,00;0,00;0,00;0,00;0,00;0,00
4,64;4,68;5,04;4,74;4,98;4,84;4,96;5,07;5,05;5,33;5,20;5,34;3,41;3,85;4,18;3,85;3,52;4,07;3,99;4,74;2,25;4,50;0,00;2,52;1,87;0,00;0,00;0,00;0,00;0,00;0,00;0,00;0,00;0,00;0,00;0,00;0,00;0,00
0,00;0,00;0,00;0,00;0,00;0,00;0,00;0,00;0,00;0,00;0,00;1,93;4,47;4,69;4,47;3,36;2,94;3,52;2,15;2,40;1,17;2,34;3,29;2,93;2,66;4,09;0,00;0,00;0,00;0,00;0,00;0,00;1,99;1,93;0,00;0,00;0,00;0,00
3,16;3,63;2,75;0,00;1,54;0,00;0,00;0,00;0,00;2,27;2,16;3,24;0,97;0,00;0,00;0,00;0,00;0,00;1,10;1,65;1,81;1,89;0,00;0,00;0,00;0,00;4,22;4,44;4,27;4,57;3,77;3,79;3,99;4,37;4,13;2,83;2,60;0,00
3,32;3,10;1,40;0,00;0,00;0,00;0,00;0,00;0,00;0,97;0,00;0,96;0,00;0,00;0,00;1,61;0,00;1,04;0,00;0,00;0,00;0,00;1,46;0,00;0,92;2,58;3,61;3,94;3,77;4,15;3,77;0,00;2,80;3,24;0,00;0,00;0,00;0,00
0,00;0,00;0,00;0,00;0,00;0,00;0,89;1,52;0,00;0,00;0,00;0,00;1,55;1,62;1,00;0,00;0,00;0,00;0,00;0,00;0,00;0,00;0,00;0,00;0,00;0,00;1,38;0,00;0,00;0,00;0,00;0,00;0,00;0,00;0,00;0,00;0,00;0,00
0,00;0,00;0,00;0,00;0,00;0,00;0,00;0,00;0,00;0,00;0,00;0,00;0,00;0,00;0,00;0,00;0,00;0,00;0,00;0,00;0,00;0,00;0,00;0,00;0,00;1,00;2,54;2,88;2,73;2,47;0,00;0,00;0,00;0,00;0,00;0,00;0,00;0,00
3,69;3,73;3,44;1,95;1,54;1,88;2,41;2,24;1,85;2,27;1,85;2,73;0,97;1,62;2,01;3,50;3,26;2,87;3,34;3,09;3,61;3,99;2,17;1,53;2,19;2,32;4,98;5,11;4,79;4,83;4,31;3,40;3,31;2,73;0,00;0,00;0,00;0,00
2,58;3,39;2,57;1,54;1,95;1,88;3,13;3,23;2,99;1,95;1,85;3,24;1,55;2,04;1,59;3,62;3,63;3,52;0,00;1,65;0,00;2,34;4,14;3,62;3,65;4,25;4,82;4,44;4,93;4,38;4,53;4,73;4,94;4,56;3,58;0,00;2,60;0,00
1,00;0,96;0,86;0,00;0,00;0,00;0,00;0,00;0,00;0,00;0,00;0,00;0,00;0,00;0,00;0,00;0,00;0,00;0,00;0,00;0,00;0,00;0,00;0,00;0,00;0,00;2,54;2,53;3,24;2,82;3,77;0,00;2,80;1,93;3,58;0,00;0,00;0,00
1,99;1,53;0,86;0,00;0,97;0,00;0,89;0,00;0,00;0,00;0,00;0,00;0,00;0,00;0,00;2,62;2,52;2,05;0,00;1,65;1,17;0,00;1,86;1,53;2,19;3,58;3,95;3,94;4,16;4,02;2,05;2,07;3,31;3,24;2,70;0,00;0,00;0,00
2,80;2,52;2,10;0,00;0,00;0,00;0,00;0,00;0,00;2,27;1,46;1,53;0,00;0,00;0,00;0,00;0,00;0,00;1,10;0,00;1,17;0,00;0,00;0,00;0,00;0,00;4,34;4,08;3,91;4,15;3,77;4,09;4,23;3,92;2,70;0,00;2,60;0,00
2,99;2,52;2,35;1,54;0,97;0,92;0,00;0,00;0,00;1,95;1,46;1,93;0,97;1,03;1,00;0,00;0,00;0,00;1,10;1,05;2,25;2,34;0,00;0,00;0,00;0,00;4,09;4,33;4,47;4,38;5,59;7,47;5,60;5,77;5,30;0,00;2,60;0,00
5,52;6,13;5,34;2,94;3,11;2,45;0,00;0,00;0,00;4,33;3,28;4,31;2,95;3,04;2,81;0,00;0,00;0,00;3,49;3,26;4,00;5,63;0,00;0,00;0,00;0,00;4,65;4,54;5,18;5,95;5,77;8,37;7,92;7,81;4,83;3,72;4,02;2,60
3,80;3,83;1,79;0,97;0,97;0,00;0,00;0,00;0,00;1,54;0,00;0,96;0,00;0,00;0,00;0,00;0,00;0,00;0,00;0,00;0,00;0,00;0,00;0,00;0,00;0,00;3,41;3,16;3,62;3,10;3,39;0,00;3,31;2,73;0,00;0,00;0,00;0,00
5,48;4,92;4,53;3,11;3,53;2,86;0,00;0,00;0,00;4,40;3,14;4,09;2,28;2,36;2,59;0,00;0,00;0,00;3,99;3,41;4,00;4,58;0,00;0,00;0,00;1,00;6,96;6,93;7,17;6,97;6,84;6,94;6,29;6,51;5,49;5,96;4,72;5,19
1,58;1,53;0,86;0,00;0,00;0,00;0,00;0,00;0,00;0,00;0,00;0,00;0,00;0,00;0,00;0,00;0,00;0,00;0,00;0,00;0,00;0,00;0,00;0,00;0,00;0,00;1,38;1,37;1,27;2,01;0,00;0,00;0,00;0,00;0,00;0,00;0,00;0,00
1,00;1,94;1,40;0,97;0,97;1,88;3,80;3,49;3,28;2,27;2,16;1,53;1,55;1,62;1,59;1,02;0,96;1,04;1,10;1,05;0,00;1,23;0,91;0,96;1,47;0,00;1,38;0,00;1,27;0,00;0,00;0,00;0,00;0,00;0,00;0,00;0,00;0,00
3,90;3,63;3,33;2,53;2,53;2,45;1,84;2,24;2,16;3,40;3,52;3,50;2,28;2,63;2,59;2,62;2,52;3,06;1,71;2,08;1,81;3,39;0,91;1,94;1,87;0,00;5,18;5,04;4,93;5,23;4,31;3,79;4,23;3,24;0,00;0,00;0,00;0,00
1,00;0,96;0,86;0,00;0,00;0,00;0,00;0,00;0,00;0,97;0,90;0,96;0,00;0,00;0,00;0,00;0,00;0,00;0,00;0,00;0,00;0,00;0,00;0,00;0,00;0,00;4,09;4,44;4,55;4,48;0,00;0,00;0,00;0,00;0,00;0,00;0,00;0,00
0,00;0,00;0,00;0,00;0,00;0,00;1,44;1,52;0,90;0,00;0,00;0,00;0,00;0,00;0,00;0,00;0,00;0,00;0,00;0,00;0,00;0,00;1,46;0,96;1,47;0,00;0,00;0,00;0,00;0,00;0,00;0,00;0,00;0,00;0,00;0,00;0,00;0,00
4,69;4,83;4,72;5,49;5,40;5,77;7,36;7,11;7,66;4,52;5,51;6,37;5,92;5,69;5,94;8,04;8,42;7,81;5,65;5,59;4,00;1,23;6,95;7,26;7,62;5,52;3,41;4,33;3,91;4,27;2,87;0,00;2,80;3,24;0,00;4,67;0,00;0,00
1,99;0,96;0,86;2,94;2,27;1,88;2,62;2,72;1,85;0,97;0,90;1,53;0,00;0,00;0,00;1,61;0,96;1,04;0,00;0,00;0,00;0,00;0,00;0,00;0,00;0,00;0,00;0,00;0,00;0,00;0,00;0,00;0,00;0,00;0,00;0,00;0,00;0,00
2,99;3,25;3,07;0,97;0,97;0,00;0,00;0,00;0,00;1,54;1,46;1,53;0,00;0,00;1,00;0,00;0,00;0,00;0,00;0,00;0,00;0,00;0,00;0,00;0,00;0,00;0,00;0,00;0,00;0,00;0,00;0,00;0,00;0,00;0,00;0,00;0,00;0,00
1,00;0,96;2,10;0,00;0,00;0,00;0,00;0,00;0,90;0,00;0,00;0,00;0,00;0,00;0,00;0,00;0,00;0,00;0,00;0,00;0,00;0,00;0,00;0,00;0,00;0,00;0,00;0,00;0,00;0,00;0,00;0,00;0,00;0,00;0,00;0,00;0,00;0,00
1,99;1,94;1,40;0,97;1,54;1,48;1,84;2,72;1,85;1,54;1,85;2,25;2,95;2,85;3,18;3,21;2,52;3,06;2,97;2,08;2,86;1,89;3,00;3,25;3,30;3,70;4,22;4,21;4,04;3,54;4,31;3,79;3,99;4,16;3,58;0,00;2,60;0,00
3,69;3,93;3,82;2,53;3,27;2,67;3,50;3,71;3,72;3,84;4,06;4,24;4,80;4,75;4,76;4,95;5,10;5,07;5,09;4,85;5,12;5,18;4,81;4,67;4,69;5,46;5,47;5,51;5,23;5,23;6,07;6,69;5,84;6,04;5,65;5,64;4,72;4,97
2,32;2,52;1,40;0,00;1,54;0,92;0,89;1,92;0,90;1,54;1,85;2,25;0,97;1,62;1,00;2,03;1,54;2,38;0,00;0,00;1,17;2,34;2,43;2,52;2,19;3,00;4,55;4,21;4,27;4,27;4,31;4,73;4,23;4,16;4,52;0,00;3,47;0,00
0,00;0,00;0,00;0,00;0,00;0,00;0,00;0,00;0,00;2,27;2,16;2,51;2,76;3,04;2,81;3,36;2,74;3,39;3,76;3,26;3,46;2,96;2,17;2,74;1,87;2,81;3,61;3,94;3,44;4,02;3,39;2,07;2,80;1,93;0,00;0,00;0,00;0,00
6,69;6,57;6,04;5,74;5,52;4,70;3,70;3,61;3,40;0,00;0,90;0,00;0,00;0,00;0,00;0,00;0,00;0,00;0,00;0,00;0,00;0,00;0,00;0,00;0,00;0,00;0,00;0,00;0,00;0,00;0,00;0,00;0,00;0,00;0,00;0,00;0,00;0,00
3,58;3,93;2,10;0,00;0,00;0,92;0,00;0,00;0,00;0,97;0,00;0,00;0,00;0,00;0,00;0,00;0,00;0,00;0,00;0,00;0,00;0,00;0,00;0,00;0,00;0,00;4,22;4,81;4,86;4,90;2,05;0,00;2,80;1,93;0,00;2,83;0,00;0,00
0,00;0,00;0,00;0,00;0,00;0,00;0,00;0,00;0,00;0,00;0,00;0,00;0,00;0,00;0,00;0,00;0,00;0,00;0,00;0,00;0,00;0,00;0,00;0,00;0,00;0,00;0,00;0,00;0,00;0,00;0,00;0,00;0,00;0,00;0,00;0,00;0,00;0,00
0,00;0,00;0,00;0,00;0,00;0,00;0,00;0,00;0,00;0,00;0,90;0,96;1,96;2,36;2,01;4,13;4,02;4,07;0,00;0,00;0,00;0,00;4,14;4,38;4,01;5,00;0,00;0,00;0,00;0,00;0,00;0,00;0,00;0,00;0,00;0,00;0,00;0,00
0,00;0,00;0,00;0,00;0,00;0,00;0,00;0,00;0,00;0,00;0,90;1,93;2,76;2,63;2,81;3,50;3,39;3,23;0,00;0,00;0,00;0,00;2,83;3,10;3,02;2,81;0,00;0,00;0,00;0,00;0,00;0,00;0,00;0,00;0,00;0,00;0,00;0,00
0,00;0,00;1,40;0,00;0,00;0,00;0,89;0,95;1,45;0,00;0,00;0,00;0,00;0,00;0,00;0,00;0,00;0,00;0,00;0,00;0,00;0,00;0,00;0,00;0,00;0,00;0,00;0,00;0,00;0,00;0,00;0,00;0,00;0,00;0,00;0,00;0,00;0,00
4,16;4,25;4,05;4,11;4,19;3,85;4,70;4,76;4,71;4,69;4,81;4,96;4,19;4,22;4,40;4,29;4,51;4,39;4,50;4,80;4,21;4,66;2,83;3,83;3,30;1,00;4,65;4,81;4,79;4,83;3,39;0,00;3,69;3,24;0,00;0,00;0,00;0,00
0,00;0,00;0,00;0,00;0,97;0,00;2,41;3,08;2,83;0,00;0,00;1,53;0,97;1,62;1,00;4,36;4,25;4,15;5,47;5,46;6,02;1,23;0,00;0,00;0,00;0,00;0,00;0,00;0,00;0,00;0,00;0,00;0,00;0,00;0,00;0,00;0,00;0,00
2,80;2,52;3,33;2,75;2,53;3,03;3,50;3,49;3,62;1,95;2,16;1,93;1,55;2,36;1,00;1,61;1,54;2,05;1,10;1,05;1,17;1,89;0,91;1,53;1,47;1,00;0,00;0,00;0,00;0,00;0,00;0,00;0,00;0,00;0,00;0,00;0,00;0,00
0,00;0,96;1,40;1,54;1,54;1,88;3,70;3,71;3,40;0,97;0,90;0,96;0,00;0,00;0,00;0,00;0,00;0,00;0,00;0,00;0,00;0,00;0,00;0,00;0,00;0,00;0,00;0,00;0,00;0,00;0,00;0,00;0,00;0,00;0,00;0,00;0,00;0,00
1,58;1,53;0,00;0,00;0,00;0,00;0,00;0,00;0,00;0,00;0,00;0,00;0,00;0,00;0,00;0,00;0,00;0,00;0,00;0,00;0,00;0,00;0,00;0,00;0,00;0,00;1,38;2,53;3,01;2,47;0,00;0,00;0,00;0,00;0,00;0,00;0,00;0,00
1,00;1,53;0,00;0,00;0,00;0,00;0,00;0,00;0,00;1,54;0,90;0,00;0,00;0,00;0,00;0,00;0,00;0,00;1,10;1,05;1,17;1,23;0,00;0,96;0,00;0,00;1,38;1,37;1,27;1,33;2,05;3,40;1,99;1,93;0,00;0,00;0,00;0,00
2,32;2,93;2,10;0,00;0,00;0,00;0,00;0,00;0,00;1,54;0,00;0,00;0,00;0,00;0,00;0,00;0,00;0,00;0,00;0,00;0,00;0,00;0,00;0,00;0,00;0,00;4,74;4,21;3,91;4,38;2,05;2,07;2,80;2,73;0,00;0,00;0,00;0,00
1,99;0,96;0,00;0,00;0,00;0,00;0,00;0,00;0,00;0,00;0,00;0,00;0,00;0,00;0,00;0,00;0,00;0,00;0,00;0,00;0,00;0,00;0,00;0,00;0,00;0,00;2,54;1,37;2,38;2,47;0,00;0,00;0,00;0,00;0,00;0,00;0,00;0,00
0,00;0,00;0,00;0,00;0,00;0,00;0,00;0,00;0,00;0,00;0,00;0,00;0,00;0,00;0,00;0,00;0,00;0,00;0,00;0,00;0,00;0,00;0,00;0,00;0,00;0,00;0,00;0,00;0,00;0,00;0,00;0,00;0,00;0,00;0,00;0,00;0,00;0,00
3,45;3,25;2,35;0,00;0,00;0,00;0,00;0,95;0,90;0,97;0,90;1,53;0,00;0,00;0,00;0,00;0,00;1,04;0,00;0,00;0,00;0,00;0,00;1,53;0,00;0,00;3,61;3,60;3,77;3,88;2,05;2,89;1,99;0,00;0,00;0,00;0,00;0,00
0,00;0,00;0,00;0,00;0,00;0,00;0,00;0,00;0,00;0,00;0,00;0,00;0,00;0,00;0,00;0,00;0,00;0,00;0,00;0,00;0,00;0,00;0,00;0,00;0,00;0,00;2,07;2,06;1,93;2,01;0,00;0,00;0,00;0,00;0,00;0,00;0,00;0,00
2,32;2,26;2,10;0,00;0,00;0,00;0,00;0,00;0,00;0,00;0,00;0,00;0,00;0,00;0,00;0,00;0,00;0,00;0,00;0,00;0,00;0,00;0,00;0,00;0,00;0,00;4,65;3,94;4,04;4,57;2,05;0,00;0,00;0,00;0,00;0,00;0,00;0,00
1,00;0,96;0,86;0,00;0,00;0,00;0,00;0,00;0,00;0,00;0,00;0,00;0,00;0,00;0,00;0,00;0,00;0,00;0,00;0,00;0,00;0,00;0,00;0,00;0,00;0,00;2,07;2,06;2,73;1,33;2,05;0,00;0,00;0,00;0,00;0,00;0,00;0,00
2,58;2,93;1,40;0,00;0,00;0,00;0,00;0,00;0,00;0,00;0,00;0,00;0,00;0,00;0,00;0,00;0,00;0,00;0,00;0,00;0,00;0,00;0,00;0,00;0,00;0,00;4,65;4,33;4,37;3,54;2,05;0,00;0,00;0,00;0,00;0,00;0,00;0,00
0,00;1,53;1,79;2,53;2,27;3,55;3,80;3,81;4,39;1,95;2,83;0,96;0,97;2,04;0,00;0,00;0,00;0,00;0,00;1,05;0,00;1,23;0,91;0,96;0,00;0,00;0,00;0,00;0,00;0,00;0,00;0,00;0,00;0,00;0,00;0,00;0,00;0,00
0,00;0,00;0,00;0,00;0,00;1,48;1,44;1,52;2,83;2,75;3,14;3,92;4,11;4,37;4,25;5,17;5,29;5,02;0,00;1,05;1,17;1,23;5,83;5,80;5,59;5,70;1,38;0,00;0,00;0,00;0,00;0,00;0,00;0,00;0,00;0,00;0,00;0,00
3,16;3,10;2,75;3,84;4,11;4,17;4,04;4,30;4,39;4,33;3,90;4,50;3,85;4,13;3,91;1,02;0,00;1,04;4,50;4,56;4,89;3,56;1,46;1,53;1,47;1,58;0,00;0,00;0,00;0,00;3,39;4,73;5,41;5,23;5,08;3,72;4,02;4,02
3,80;3,63;2,57;0,97;0,00;0,00;0,00;0,00;0,00;3,26;2,16;2,25;0,00;0,00;0,00;0,00;0,00;0,00;1,10;1,05;1,81;2,34;0,00;0,00;0,00;0,00;5,05;5,61;5,39;5,34;4,88;5,52;4,94;4,72;4,13;0,00;2,60;0,00
0,00;0,00;0,00;0,00;0,00;0,00;0,00;0,00;0,00;0,97;0,00;0,00;0,00;0,00;0,00;0,00;0,00;0,00;0,00;0,00;0,00;0,00;0,00;0,00;0,00;0,00;0,00;1,37;1,93;1,33;2,05;2,07;2,80;1,93;0,00;0,00;0,00;0,00
2,32;2,52;0,86;0,00;0,00;0,00;0,00;0,00;0,00;0,00;0,00;0,00;0,00;0,00;0,00;0,00;0,00;0,00;0,00;0,00;0,00;0,00;0,00;0,00;0,00;0,00;0,00;0,00;0,00;0,00;0,00;0,00;0,00;0,00;0,00;0,00;0,00;0,00
3,69;3,39;3,20;1,54;0,97;0,92;0,00;0,00;0,00;2,75;1,85;3,09;1,55;1,03;1,00;0,00;0,00;0,00;2,48;2,67;2,86;2,68;0,00;0,00;0,00;0,00;5,42;5,11;5,48;5,59;5,28;5,30;4,45;3,92;4,13;3,72;4,02;3,48
1,58;1,94;1,79;0,00;0,00;0,00;0,00;0,00;0,00;0,97;0,90;0,96;0,00;0,00;0,00;0,00;0,00;0,00;1,10;0,00;1,17;1,23;0,00;0,00;0,00;0,00;3,41;3,40;3,77;4,15;3,39;2,07;1,99;2,73;2,70;0,00;2,60;0,00
3,45;3,63;2,75;0,00;0,00;0,00;0,00;0,00;0,00;3,11;1,46;2,92;0,00;0,00;0,00;0,00;0,00;0,00;1,71;1,05;1,81;2,34;0,00;0,00;0,00;0,00;4,90;5,11;5,18;4,97;5,28;5,04;4,79;4,87;3,58;0,00;0,00;0,00
1,99;2,26;0,00;0,00;0,00;0,00;0,00;0,00;0,00;0,00;0,00;0,00;0,00;0,00;0,00;0,00;0,00;0,00;0,00;0,00;0,00;0,00;0,00;0,00;0,00;0,00;3,17;2,88;3,01;2,47;3,39;2,07;2,80;1,93;0,00;0,00;0,00;0,00
4,16;4,25;4,53;4,18;4,19;4,30;4,18;4,43;4,56;4,58;4,62;4,24;3,65;3,95;3,71;3,95;4,02;4,07;4,09;4,62;3,75;4,22;3,00;4,17;3,93;2,32;4,22;4,33;4,04;4,27;3,77;0,00;0,00;0,00;0,00;0,00;0,00;0,00
1,00;0,96;0,86;0,00;0,00;0,00;2,15;1,52;2,42;1,54;1,46;0,00;0,97;1,03;1,00;0,00;0,00;0,00;1,71;1,65;1,17;1,23;0,00;0,00;0,00;0,00;0,00;0,00;0,00;0,00;0,00;0,00;0,00;0,00;0,00;0,00;0,00;0,00
0,00;0,00;0,86;0,00;0,00;0,00;0,00;0,00;0,00;0,97;0,00;0,96;0,00;0,00;0,00;0,00;0,00;0,00;0,00;0,00;0,00;1,23;0,00;0,00;0,00;0,00;1,38;2,06;1,93;2,01;4,07;3,79;3,31;3,24;2,70;0,00;0,00;0,00
0,00;0,00;0,00;0,00;0,00;0,00;0,89;1,52;0,90;0,00;0,00;0,00;0,00;0,00;0,00;1,61;0,00;1,04;0,00;0,00;0,00;0,00;1,86;1,94;1,47;2,00;0,00;0,00;0,00;0,00;0,00;0,00;0,00;0,00;0,00;0,00;0,00;0,00
1,58;1,94;2,75;0,00;0,00;1,48;0,00;0,00;1,45;0,00;0,00;0,00;0,00;0,00;0,00;0,00;0,00;0,00;0,00;0,00;0,00;0,00;0,00;0,00;0,00;0,00;0,00;0,00;0,00;0,00;0,00;0,00;0,00;0,00;0,00;0,00;0,00;0,00
0,00;0,00;0,00;0,00;0,00;0,00;0,00;0,00;0,00;0,00;0,00;0,00;0,00;0,00;0,00;0,00;0,00;0,00;0,00;0,00;0,00;0,00;0,00;0,00;0,00;0,00;0,00;0,00;0,00;0,00;0,00;0,00;0,00;0,00;0,00;0,00;0,00;0,00
1,00;0,96;0,86;5,55;5,75;4,97;6,88;6,50;5,91;3,75;3,90;4,44;5,30;5,26;5,25;5,80;5,88;5,82;3,88;4,18;3,09;3,86;5,20;5,34;5,29;5,73;0,00;0,00;0,00;0,00;2,05;0,00;1,99;0,00;2,70;4,27;4,97;5,19
1,58;1,94;0,86;4,79;4,80;4,24;6,01;6,03;5,58;3,84;3,81;4,00;4,70;4,63;4,59;5,09;5,32;5,16;3,99;4,00;4,11;2,96;4,34;4,38;4,88;5,25;0,00;0,00;0,00;0,00;0,00;0,00;0,00;1,93;0,00;2,83;4,41;2,60
0,00;0,00;0,00;5,10;4,85;3,85;5,69;5,88;5,05;2,53;3,28;3,62;4,85;4,69;4,71;5,40;5,25;5,50;3,49;3,55;1,81;0,00;3,82;4,17;4,42;4,46;0,00;0,00;0,00;0,00;0,00;0,00;0,00;0,00;0,00;0,00;0,00;0,00
2,58;2,52;2,35;2,27;1,95;1,48;1,44;1,52;1,85;2,94;3,14;2,92;0,00;0,00;0,00;0,00;0,00;0,00;1,71;2,08;1,17;1,89;0,00;0,00;0,00;0,00;0,00;0,00;0,00;0,00;0,00;0,00;0,00;0,00;0,00;0,00;0,00;0,00
7,61;7,60;7,66;6,96;6,86;6,96;5,97;5,97;6,61;7,76;7,68;7,60;4,03;4,80;4,76;1,61;0,96;1,63;6,58;6,84;6,62;6,87;0,00;0,00;2,19;0,00;3,61;4,73;4,64;4,66;0,00;0,00;0,00;0,00;0,00;0,00;0,00;0,00
1,00;0,96;2,10;1,95;1,95;2,67;0,00;0,00;0,90;0,00;0,00;0,00;0,00;0,00;0,00;0,00;0,00;0,00;0,00;0,00;0,00;0,00;0,00;0,00;0,00;0,00;0,00;0,00;0,00;0,00;0,00;0,00;0,00;0,00;0,00;0,00;0,00;4,97
3,45;3,25;3,82;3,11;3,27;3,44;1,44;1,52;2,83;1,95;2,16;0,96;0,00;0,00;0,00;0,00;0,00;0,00;0,00;0,00;0,00;0,00;0,00;0,00;0,00;0,00;0,00;0,00;0,00;0,00;0,00;0,00;0,00;0,00;0,00;0,00;0,00;0,00
1,00;0,96;1,40;0,00;0,97;2,19;3,26;3,49;3,81;2,53;2,64;2,92;0,97;1,62;1,59;2,62;2,52;2,64;0,00;1,65;0,00;0,00;3,15;3,62;3,65;1,00;2,07;2,88;2,38;2,47;0,00;0,00;0,00;0,00;0,00;0,00;0,00;0,00
3,99;4,25;4,37;4,26;4,46;4,30;5,18;4,99;5,13;4,69;4,76;5,08;5,15;5,09;4,96;5,56;5,83;5,59;3,63;4,18;4,47;4,50;5,81;6,05;6,00;5,43;1,38;2,06;1,93;2,82;0,00;0,00;0,00;0,00;0,00;0,00;0,00;0,00
3,69;3,83;3,82;3,52;3,75;3,66;2,15;2,50;1,85;2,94;2,64;2,51;0,00;0,00;1,59;0,00;0,00;0,00;0,00;1,65;1,17;1,23;0,00;0,00;0,00;1,00;0,00;0,00;0,00;0,00;0,00;0,00;0,00;0,00;0,00;0,00;0,00;0,00
1,58;1,53;1,40;1,95;1,95;1,48;1,44;1,52;1,45;0,97;0,90;0,00;0,00;0,00;0,00;0,00;0,00;0,00;0,00;0,00;0,00;1,23;0,00;0,00;0,00;0,00;0,00;0,00;0,00;0,00;0,00;0,00;0,00;0,00;0,00;0,00;0,00;0,00
4,32;4,17;3,44;0,97;0,97;0,92;0,89;0,95;1,45;2,75;1,46;2,25;0,97;0,00;0,00;0,00;0,00;0,00;0,00;0,00;0,00;0,00;0,00;0,00;0,00;0,00;5,71;5,74;5,61;5,95;5,02;2,07;3,31;3,62;0,00;0,00;0,00;0,00
3,45;3,51;3,44;5,14;5,30;5,36;5,87;5,78;5,87;0,00;0,00;0,00;2,95;2,63;2,59;1,02;0,00;1,63;1,10;2,08;1,81;1,89;0,00;0,96;0,00;1,00;0,00;0,00;0,00;0,00;0,00;0,00;0,00;0,00;0,00;3,72;2,60;0,00
0,00;0,00;0,00;2,27;2,27;0,00;3,26;3,81;2,16;0,00;0,00;0,00;0,00;0,00;1,00;1,61;1,94;2,38;2,97;2,89;3,09;2,68;0,00;0,00;0,00;0,00;1,38;1,37;1,27;0,00;0,00;0,00;0,00;0,00;0,00;0,00;0,00;0,00
0,00;0,00;0,00;0,00;0,00;0,00;0,00;0,00;0,00;0,00;0,00;0,00;0,00;0,00;0,00;1,02;0,96;1,04;0,00;0,00;0,00;0,00;1,86;0,96;0,92;2,00;0,00;0,00;0,00;0,00;0,00;0,00;0,00;0,00;0,00;0,00;0,00;0,00
3,58;3,73;3,90;3,11;2,95;3,03;2,62;2,72;3,52;3,52;3,81;3,24;0,97;2,04;2,01;2,03;1,54;2,05;2,75;2,89;2,58;2,68;0,00;1,53;0,92;0,00;2,07;2,88;1,27;1,33;0,00;0,00;0,00;0,00;0,00;0,00;0,00;0,00
5,69;5,54;5,34;4,52;4,33;3,85;3,88;4,07;3,72;5,55;5,48;5,12;2,76;2,63;3,47;3,62;3,10;3,52;2,97;3,90;4,47;4,66;3,41;3,62;3,75;3,58;0,00;1,37;1,27;1,33;0,00;0,00;1,99;3,24;4,52;0,00;4,72;4,02
5,08;5,13;5,15;4,69;4,85;4,37;3,70;3,90;3,52;4,58;4,71;4,31;2,28;2,36;2,81;1,02;0,00;1,04;2,75;3,26;1,17;3,72;0,00;0,00;0,00;0,00;0,00;0,00;0,00;0,00;0,00;0,00;0,00;0,00;0,00;0,00;0,00;0,00
5,16;4,97;4,77;4,58;4,85;4,43;4,38;4,23;4,20;4,79;4,62;4,44;1,55;1,62;2,01;0,00;0,96;1,04;1,71;3,26;2,86;3,39;1,46;0,96;1,87;2,81;0,00;0,00;0,00;1,33;0,00;0,00;2,80;1,93;0,00;0,00;2,60;2,60
2,80;2,93;1,79;2,75;3,27;3,03;3,88;4,15;3,81;3,26;2,99;3,09;2,28;1,03;2,01;2,36;2,94;2,64;1,10;2,08;1,17;2,68;3,29;3,73;3,65;3,70;0,00;0,00;0,00;0,00;0,00;0,00;0,00;0,00;0,00;0,00;0,00;0,00
4,85;4,97;5,01;4,46;4,52;4,24;3,39;3,61;3,40;4,18;4,39;4,16;2,54;2,04;2,81;1,02;1,54;1,04;2,48;2,89;2,86;3,56;0,91;0,96;0,92;0,00;0,00;0,00;0,00;0,00;0,00;0,00;0,00;0,00;0,00;0,00;0,00;0,00
3,16;2,74;3,44;2,27;2,53;1,48;2,15;0,95;1,45;2,27;3,14;2,25;0,97;1,03;1,00;0,00;0,00;0,00;0,00;1,65;0,00;1,89;0,00;0,00;0,00;0,00;0,00;0,00;0,00;0,00;0,00;0,00;0,00;0,00;0,00;0,00;0,00;0,00
2,32;2,93;3,20;4,11;4,11;4,24;0,00;0,95;0,00;2,94;2,64;2,92;4,03;3,21;3,18;0,00;0,00;0,00;3,34;2,67;2,86;3,19;0,00;0,00;0,00;0,00;0,00;0,00;0,00;0,00;0,00;0,00;0,00;0,00;0,00;0,00;0,00;0,00
1,99;1,53;1,79;3,52;3,53;3,94;2,41;2,50;2,16;0,97;2,42;1,93;2,54;2,04;3,01;1,02;0,00;0,00;2,48;2,08;2,86;2,34;0,00;0,96;0,00;0,00;0,00;0,00;0,00;0,00;0,00;0,00;0,00;0,00;0,00;0,00;0,00;0,00
2,32;2,52;2,10;4,26;3,94;4,17;0,00;0,95;0,00;2,53;1,85;2,92;3,53;3,75;3,47;0,00;0,00;0,00;3,49;2,89;1,17;2,34;0,00;0,00;0,00;0,00;1,38;0,00;0,00;0,00;0,00;0,00;0,00;0,00;0,00;0,00;0,00;0,00
1,58;1,53;1,40;3,40;3,27;3,18;0,89;0,00;0,00;1,95;1,46;0,96;1,96;2,04;2,59;0,00;0,00;0,00;1,10;1,05;1,17;1,23;0,00;0,00;0,00;0,00;0,00;0,00;0,00;0,00;0,00;0,00;0,00;0,00;0,00;0,00;0,00;0,00
1,99;1,94;1,40;3,40;3,64;3,31;0,00;0,95;0,00;2,53;2,16;1,93;2,76;2,63;2,59;0,00;0,00;0,00;2,15;2,08;1,81;2,34;0,00;0,00;0,00;0,00;0,00;0,00;0,00;0,00;0,00;0,00;0,00;0,00;0,00;0,00;0,00;0,00
1,00;0,96;0,86;2,27;2,27;2,67;0,89;0,00;0,90;0,97;0,90;0,96;0,97;0,00;0,00;0,00;0,00;0,00;1,10;1,05;0,00;0,00;0,00;0,00;0,00;0,00;0,00;0,00;0,00;0,00;0,00;0,00;0,00;0,00;0,00;0,00;0,00;0,00
1,00;0,00;0,86;2,27;2,75;2,45;0,00;0,95;0,00;1,54;0,90;0,96;2,28;2,36;2,01;0,00;0,00;0,00;1,71;2,40;2,58;2,34;0,00;0,00;0,00;0,00;0,00;0,00;0,00;0,00;0,00;0,00;0,00;0,00;0,00;0,00;0,00;0,00
3,32;3,10;2,92;2,94;2,95;1,88;3,13;3,08;1,85;3,40;3,52;2,73;2,54;2,04;2,33;0,00;0,00;0,00;1,10;2,08;1,17;2,96;0,00;0,00;0,00;0,00;0,00;0,00;0,00;0,00;0,00;0,00;0,00;0,00;0,00;0,00;0,00;0,00
3,58;3,73;3,98;4,26;4,11;4,30;4,88;4,55;5,01;4,02;4,06;3,82;3,65;3,37;3,47;3,95;4,02;4,07;2,75;3,26;1,81;2,34;3,41;3,51;3,43;3,00;2,54;2,88;2,73;2,47;0,00;0,00;0,00;0,00;0,00;0,00;0,00;0,00
3,32;3,25;3,07;4,26;4,26;4,30;4,88;4,81;4,56;3,94;3,98;4,00;4,27;4,37;4,40;4,13;3,84;4,15;2,75;3,41;2,86;4,11;3,73;3,62;3,75;3,32;0,00;2,06;0,00;1,33;0,00;0,00;0,00;0,00;0,00;0,00;0,00;0,00
0,00;0,00;0,00;0,00;0,00;0,00;1,44;0,95;1,85;0,00;0,90;0,00;0,00;0,00;0,00;1,02;0,00;0,00;0,00;0,00;0,00;0,00;2,83;2,52;2,66;2,81;0,00;1,37;1,27;0,00;0,00;0,00;0,00;0,00;0,00;0,00;0,00;0,00
0,00;0,00;0,00;0,00;0,00;0,00;0,00;0,00;0,00;1,54;0,90;2,25;0,97;0,00;0,00;2,62;2,26;2,64;0,00;0,00;0,00;0,00;0,91;0,96;1,47;1,00;3,79;3,40;3,91;3,88;4,88;2,89;3,31;0,00;0,00;0,00;0,00;0,00
3,69;3,63;3,33;2,27;2,27;1,88;1,84;1,52;0,00;2,53;2,16;1,53;0,00;0,00;0,00;0,00;0,00;0,00;0,00;1,05;0,00;0,00;0,00;0,00;0,00;0,00;4,65;4,54;4,55;4,48;3,39;0,00;0,00;2,73;0,00;0,00;0,00;0,00
2,99;3,39;3,07;0,00;0,00;0,00;0,00;0,95;0,00;1,54;1,46;1,53;0,00;0,00;0,00;0,00;0,00;0,00;0,00;0,00;0,00;0,00;0,00;0,00;0,00;0,00;4,98;4,81;4,86;4,90;3,39;0,00;3,31;1,93;4,13;4,27;4,72;4,02
0,00;0,00;0,00;1,54;1,95;2,19;2,62;3,23;2,99;1,54;2,64;2,25;3,41;3,37;3,33;3,50;3,26;3,77;1,10;1,05;2,86;2,34;3,63;3,38;3,43;3,17;0,00;0,00;0,00;0,00;0,00;0,00;0,00;1,93;2,70;0,00;0,00;0,00
0,00;0,00;0,00;0,00;0,00;0,92;1,84;2,91;2,64;0,00;0,00;0,00;0,00;0,00;0,00;2,03;1,94;2,38;0,00;0,00;0,00;0,00;2,64;2,52;2,66;2,58;0,00;0,00;0,00;0,00;0,00;0,00;0,00;0,00;0,00;0,00;0,00;0,00
0,00;0,00;0,00;0,00;0,00;0,00;0,00;0,00;0,00;0,97;0,90;0,96;0,00;0,00;0,00;0,00;0,00;0,00;0,00;0,00;0,00;0,00;0,00;0,00;0,00;0,00;0,00;2,06;1,27;1,33;0,00;0,00;1,99;1,93;0,00;0,00;0,00;0,00
0,00;0,00;0,00;0,97;0,97;0,92;1,44;0,95;2,99;0,97;0,90;0,96;0,97;1,03;1,00;2,36;1,94;2,38;1,10;1,05;1,17;0,00;3,15;3,38;3,02;3,81;1,38;0,00;0,00;1,33;2,05;2,89;1,99;1,93;2,70;0,00;2,60;0,00
0,00;0,00;0,00;0,00;0,00;0,00;0,00;0,95;0,90;0,00;0,00;0,00;0,00;0,00;0,00;1,61;1,94;1,63;0,00;0,00;0,00;0,00;1,86;2,26;2,19;1,58;0,00;0,00;0,00;0,00;0,00;0,00;0,00;0,00;0,00;0,00;0,00;0,00
1,58;1,53;0,86;0,00;0,00;0,00;0,00;0,00;0,90;0,00;0,00;0,00;0,00;0,00;0,00;0,00;0,00;0,00;0,00;0,00;0,00;0,00;1,46;0,96;1,87;1,58;3,95;3,40;3,62;3,72;2,05;0,00;0,00;0,00;0,00;0,00;0,00;0,00
1,99;1,53;0,00;0,00;0,00;0,00;0,00;0,00;0,00;0,00;0,00;0,00;0,00;0,00;0,00;0,00;0,00;0,00;0,00;0,00;0,00;0,00;2,17;1,94;1,87;1,58;3,61;3,16;3,01;2,47;0,00;0,00;0,00;0,00;0,00;0,00;0,00;0,00
2,58;2,74;2,57;3,40;2,95;3,03;3,13;3,37;3,81;4,11;3,90;3,72;2,76;3,37;3,01;3,21;2,94;3,23;2,75;3,41;2,25;2,34;1,46;2,74;2,19;0,00;0,00;0,00;0,00;0,00;0,00;0,00;0,00;0,00;0,00;0,00;0,00;0,00
3,69;3,51;4,25;3,11;2,75;3,31;3,26;3,37;3,52;2,53;3,28;3,92;4,40;4,69;4,47;4,68;4,97;4,93;0,00;0,00;0,00;0,00;5,57;5,24;5,39;5,25;0,00;0,00;0,00;0,00;0,00;0,00;0,00;2,73;0,00;0,00;0,00;0,00
0,00;0,00;0,00;0,00;0,00;0,00;0,89;1,52;1,45;0,00;0,00;0,00;0,00;0,00;0,00;0,00;0,00;0,00;0,00;0,00;0,00;0,00;0,00;0,00;0,00;0,00;0,00;0,00;0,00;0,00;0,00;0,00;0,00;0,00;0,00;0,00;0,00;0,00
1,58;1,53;1,79;0,00;0,97;0,00;0,00;0,00;0,00;0,97;0,00;0,00;0,00;0,00;0,00;0,00;0,00;0,00;0,00;0,00;0,00;0,00;0,91;0,96;0,92;0,00;0,00;1,37;1,93;1,33;0,00;0,00;0,00;0,00;0,00;0,00;0,00;0,00
2,80;2,74;2,10;0,00;0,00;0,00;0,00;0,00;0,90;0,97;0,00;0,00;0,00;0,00;0,00;0,00;0,00;0,00;0,00;0,00;0,00;0,00;0,00;0,00;0,00;0,00;2,89;3,16;3,44;3,10;0,00;0,00;0,00;0,00;0,00;0,00;0,00;0,00
1,99;1,53;0,86;0,00;0,00;0,00;0,00;0,00;0,00;1,54;0,90;0,96;0,00;1,03;1,00;0,00;0,00;0,00;1,10;1,05;1,17;2,34;0,00;0,00;0,00;0,00;0,00;0,00;0,00;0,00;0,00;0,00;0,00;0,00;0,00;0,00;3,47;0,00
1,99;2,26;1,79;0,00;0,97;0,00;0,00;0,00;0,00;1,54;1,85;1,53;0,97;0,00;1,59;0,00;0,00;0,00;1,71;1,65;3,09;2,96;0,00;0,00;0,00;0,00;0,00;0,00;0,00;1,33;0,00;0,00;0,00;0,00;0,00;2,83;4,02;2,60
0,00;0,00;0,00;0,00;0,00;0,00;0,00;0,00;0,00;0,97;1,85;0,96;0,00;1,03;0,00;0,00;0,00;0,00;0,00;0,00;0,00;0,00;0,00;0,00;0,00;0,00;0,00;0,00;0,00;0,00;0,00;0,00;0,00;0,00;0,00;0,00;0,00;0,00
0,00;0,96;0,00;1,54;0,97;2,45;4,70;4,49;4,33;2,75;2,16;2,51;4,64;4,51;4,53;4,21;4,10;4,07;2,97;2,67;3,28;2,68;5,94;5,34;5,36;5,58;1,38;1,37;1,27;0,00;2,05;4,73;4,45;4,56;4,52;4,27;3,47;2,60
0,00;0,96;0,00;0,97;0,97;0,92;2,15;1,52;1,85;0,97;0,90;0,96;0,97;1,03;1,00;1,02;1,54;1,04;0,00;0,00;0,00;0,00;1,46;1,53;1,47;1,58;0,00;0,00;0,00;0,00;0,00;0,00;1,99;0,00;2,70;2,83;2,60;0,00
0,00;0,00;0,00;1,54;1,54;1,88;1,84;2,24;2,16;1,54;2,42;2,25;3,12;3,21;3,18;2,84;2,94;2,87;2,15;2,67;2,58;3,19;3,63;3,62;3,75;3,81;2,54;2,53;2,38;2,47;2,05;2,07;2,80;3,92;4,52;3,72;3,47;3,48
2,80;2,74;3,20;2,53;2,53;2,86;1,84;1,92;2,64;2,53;2,64;2,25;0,00;0,00;0,00;0,00;0,00;0,00;0,00;0,00;0,00;0,00;0,00;0,00;0,00;0,00;0,00;0,00;0,00;0,00;0,00;0,00;0,00;0,00;0,00;0,00;0,00;0,00
3,69;3,63;3,64;2,75;1,95;3,18;1,84;1,52;2,16;3,11;2,83;2,73;0,00;0,00;0,00;0,00;0,00;0,00;0,00;1,05;0,00;1,89;0,00;0,00;0,00;0,00;0,00;0,00;0,00;0,00;0,00;0,00;0,00;0,00;0,00;0,00;0,00;0,00
0,00;0,00;0,00;0,00;0,00;0,00;0,00;0,95;1,85;0,00;0,00;0,00;0,00;0,00;0,00;1,02;1,54;1,04;0,00;0,00;0,00;0,00;3,00;2,74;2,44;3,00;0,00;0,00;0,00;0,00;0,00;0,00;0,00;0,00;0,00;0,00;0,00;0,00
1,00;0,96;0,00;0,97;0,97;0,92;2,62;2,72;2,83;0,97;1,46;1,53;1,55;0,00;1,00;1,02;0,96;1,04;0,00;0,00;0,00;0,00;1,46;1,94;2,19;2,00;0,00;0,00;1,27;0,00;0,00;0,00;0,00;0,00;0,00;0,00;0,00;0,00
4,75;4,68;4,31;3,64;3,53;3,31;3,70;3,37;3,40;4,33;4,51;4,44;2,76;2,63;3,18;0,00;0,96;0,00;3,17;3,41;3,09;4,11;0,00;0,00;0,00;0,00;4,55;4,54;4,64;4,66;2,87;0,00;0,00;0,00;0,00;0,00;0,00;0,00
1,58;1,94;1,40;0,00;0,00;0,00;0,00;0,00;0,00;2,27;2,16;1,93;0,97;0,00;1,59;0,00;0,00;0,00;0,00;1,05;0,00;0,00;0,00;0,00;0,00;0,00;4,55;4,64;4,55;4,38;2,05;0,00;0,00;0,00;0,00;0,00;0,00;0,00
3,45;2,74;3,64;2,27;0,97;2,67;0,89;0,00;1,85;3,11;3,62;3,09;0,00;1,03;1,00;0,00;0,00;0,00;1,10;2,40;1,81;2,68;0,00;0,00;0,00;0,00;0,00;0,00;0,00;0,00;0,00;0,00;0,00;0,00;0,00;0,00;0,00;0,00
3,32;3,10;3,82;3,11;2,53;3,03;1,44;1,52;1,45;4,18;4,13;3,82;1,96;2,36;3,01;0,00;0,00;0,00;2,15;2,67;2,58;3,39;0,00;0,00;0,00;0,00;0,00;0,00;0,00;0,00;0,00;0,00;0,00;0,00;0,00;0,00;0,00;0,00
2,58;2,74;2,92;4,46;4,33;4,70;5,11;4,71;4,85;3,64;3,40;3,50;4,85;4,75;4,47;4,99;4,97;4,82;3,34;3,41;3,28;3,56;5,27;5,13;5,26;4,58;0,00;0,00;0,00;0,00;3,39;0,00;2,80;3,24;0,00;2,83;0,00;2,60
0,00;0,00;0,00;1,95;2,53;3,44;3,80;3,71;3,98;1,54;1,85;2,92;3,75;4,22;3,81;4,68;4,32;4,31;3,63;3,26;3,09;0,00;3,91;3,92;4,01;4,58;0,00;0,00;0,00;0,00;2,87;0,00;1,99;0,00;0,00;0,00;0,00;0,00
3,90;3,63;3,90;5,18;5,26;4,93;6,01;5,83;5,93;4,74;4,56;4,77;6,84;6,26;6,29;5,53;6,17;5,88;4,18;4,09;4,30;4,32;7,42;7,10;7,21;7,39;2,54;2,06;1,27;1,33;3,77;3,40;5,51;5,44;6,47;4,67;5,37;5,38
1,99;0,96;2,75;2,27;2,53;2,67;0,89;0,95;1,45;0,00;0,00;0,00;0,00;0,00;0,00;0,00;0,00;0,00;0,00;0,00;0,00;0,00;0,00;0,00;0,00;0,00;0,00;0,00;0,00;0,00;0,00;0,00;0,00;0,00;0,00;0,00;0,00;0,00
4,75;4,73;4,77;4,74;4,64;4,65;5,04;5,03;5,13;0,00;0,00;0,00;0,00;0,00;0,00;1,02;0,00;1,63;0,00;0,00;0,00;0,00;0,91;0,96;1,47;1,58;0,00;0,00;0,00;0,00;0,00;0,00;0,00;0,00;0,00;0,00;0,00;0,00
0,00;0,00;0,00;3,11;2,95;3,55;4,38;4,30;3,98;0,00;0,00;0,96;1,55;2,04;1,59;3,50;3,39;3,52;0,00;0,00;0,00;0,00;3,52;3,83;3,43;3,91;0,00;0,00;0,00;0,00;0,00;0,00;0,00;0,00;0,00;0,00;0,00;0,00
0,00;0,00;2,10;1,54;2,27;2,19;3,70;3,61;3,81;1,54;0,90;0,96;1,55;2,04;1,59;2,03;1,94;1,63;0,00;1,05;1,17;0,00;0,00;1,53;0,92;0,00;0,00;0,00;0,00;0,00;0,00;2,07;1,99;0,00;4,13;2,83;4,41;4,41
0,00;0,00;0,86;2,94;2,53;3,03;3,70;3,81;3,98;0,00;1,46;1,53;1,55;2,04;2,01;3,36;3,39;3,39;0,00;0,00;0,00;0,00;3,52;3,51;3,54;3,58;0,00;0,00;0,00;0,00;2,05;0,00;0,00;0,00;0,00;0,00;0,00;0,00
2,99;2,93;2,92;4,69;4,85;4,70;3,61;3,90;3,52;3,40;3,62;2,92;2,95;2,63;3,18;0,00;0,00;0,00;1,10;2,67;2,58;3,39;0,00;0,00;0,00;0,00;0,00;0,00;0,00;0,00;0,00;0,00;0,00;1,93;0,00;0,00;0,00;0,00
1,00;0,96;2,75;3,26;2,75;3,44;3,39;3,23;2,99;2,75;2,64;2,25;1,96;1,03;2,01;0,00;0,00;0,00;0,00;1,05;0,00;2,34;0,00;0,00;0,00;0,00;0,00;0,00;0,00;0,00;0,00;0,00;0,00;0,00;0,00;0,00;0,00;0,00
1,00;0,00;0,00;1,95;2,53;2,67;1,84;2,24;1,85;1,95;1,46;1,53;0,00;0,00;0,00;0,00;0,00;0,00;0,00;0,00;0,00;0,00;0,00;0,00;0,00;0,00;0,00;0,00;1,27;0,00;0,00;0,00;0,00;0,00;0,00;0,00;0,00;0,00
4,39;4,32;4,53;4,46;4,40;4,24;3,26;3,61;2,99;3,84;3,90;3,72;2,95;3,51;3,71;0,00;0,00;0,00;2,75;2,67;2,86;3,39;0,00;0,00;0,00;0,00;0,00;0,00;1,27;0,00;0,00;0,00;0,00;0,00;0,00;0,00;0,00;0,00
0,00;0,00;1,40;3,94;4,19;3,76;2,15;2,50;1,85;3,26;3,62;2,73;2,54;1,62;2,81;0,00;0,00;0,00;1,10;1,05;1,81;2,34;0,00;0,00;0,00;0,00;0,00;0,00;0,00;0,00;0,00;0,00;0,00;0,00;0,00;0,00;0,00;0,00
1,00;0,96;0,86;1,54;0,00;0,00;0,89;0,95;0,90;0,00;0,00;0,00;0,97;0,00;0,00;0,00;0,00;0,00;0,00;0,00;0,00;0,00;0,00;0,00;0,00;0,00;0,00;0,00;0,00;0,00;0,00;0,00;0,00;0,00;0,00;0,00;0,00;0,00
2,32;2,26;2,35;0,00;0,00;0,00;0,00;0,00;0,00;1,95;0,90;1,53;0,00;0,00;0,00;0,00;0,00;0,00;0,00;0,00;0,00;1,89;0,91;0,96;0,92;1,00;5,05;4,97;4,86;5,04;5,85;5,30;5,31;5,23;0,00;0,00;0,00;0,00
5,28;5,28;5,11;5,06;5,03;4,60;1,84;1,92;1,85;4,74;4,81;4,44;2,28;2,63;2,33;0,00;0,00;0,00;2,48;2,89;2,86;4,11;0,00;0,00;0,00;0,00;5,36;5,56;5,57;5,34;3,77;0,00;1,99;2,73;0,00;0,00;0,00;0,00
0,00;0,00;0,00;0,00;0,00;0,00;0,00;0,00;0,00;2,27;0,90;0,96;0,00;0,00;0,00;0,00;0,00;0,00;0,00;0,00;0,00;0,00;0,00;0,00;0,00;0,00;2,07;2,53;2,38;3,34;0,00;2,07;3,99;3,92;3,58;0,00;0,00;0,00
0,00;0,00;0,00;0,00;0,00;0,00;0,00;0,00;0,00;1,54;1,85;1,53;1,55;1,62;1,59;1,02;0,96;1,04;0,00;1,05;0,00;1,23;0,91;0,96;1,47;0,00;0,00;0,00;0,00;0,00;0,00;0,00;0,00;0,00;0,00;0,00;0,00;0,00
2,80;3,10;2,10;1,54;0,97;2,86;5,07;5,07;4,51;0,97;2,42;3,24;1,55;1,62;1,59;5,17;5,14;4,82;5,23;4,62;5,22;3,72;4,28;4,38;4,16;4,75;2,07;2,53;1,93;2,01;2,05;0,00;0,00;0,00;0,00;0,00;3,47;2,60
1,00;0,96;0,86;0,00;0,00;0,00;0,00;0,00;0,00;0,97;0,90;0,96;0,00;0,00;0,00;0,00;0,00;0,00;0,00;0,00;0,00;0,00;0,00;0,00;0,00;0,00;0,00;0,00;0,00;2,47;0,00;0,00;0,00;0,00;0,00;0,00;0,00;0,00
4,75;4,78;4,77;4,46;4,40;4,09;3,13;2,50;2,83;4,58;4,39;4,31;3,12;3,63;3,91;0,00;0,00;0,00;3,34;3,68;3,28;3,72;0,00;0,00;0,00;0,00;0,00;0,00;0,00;0,00;0,00;0,00;0,00;0,00;0,00;0,00;0,00;0,00
0,00;0,00;0,00;0,00;0,00;0,00;0,00;0,00;0,00;0,00;0,00;0,00;0,00;0,00;0,00;0,00;0,00;0,00;0,00;0,00;0,00;0,00;0,00;0,00;0,00;0,00;0,00;0,00;0,00;0,00;0,00;0,00;0,00;0,00;0,00;0,00;0,00;0,00
0,00;0,00;0,00;0,00;0,00;0,00;0,00;0,00;0,00;0,00;0,00;0,00;0,00;0,00;0,00;0,00;0,00;0,00;0,00;0,00;0,00;0,00;0,00;0,00;0,00;0,00;0,00;0,00;0,00;0,00;0,00;0,00;0,00;0,00;0,00;0,00;0,00;0,00
2,58;2,52;2,10;3,26;3,27;2,86;3,50;3,81;3,28;0,97;2,42;2,51;2,95;2,63;2,81;3,36;3,26;3,39;0,00;0,00;0,00;0,00;3,99;3,51;3,54;3,81;0,00;0,00;0,00;0,00;0,00;0,00;0,00;0,00;0,00;0,00;0,00;0,00
2,58;2,26;2,57;1,95;1,95;2,19;2,62;2,50;1,45;2,75;2,99;2,73;1,96;3,04;2,33;1,02;1,54;2,05;3,88;3,09;3,88;2,34;0,91;0,96;0,92;0,00;0,00;0,00;0,00;0,00;0,00;0,00;0,00;0,00;0,00;0,00;0,00;0,00
0,00;0,00;0,00;0,00;0,00;0,00;0,00;0,00;0,00;0,00;0,00;0,00;0,00;0,00;0,00;0,00;0,00;0,00;0,00;0,00;0,00;0,00;0,00;0,00;0,00;0,00;0,00;0,00;0,00;0,00;0,00;0,00;0,00;0,00;0,00;0,00;0,00;0,00
0,00;0,00;0,00;0,00;0,00;0,00;0,89;0,00;2,83;0,00;0,00;0,96;0,00;0,00;0,00;0,00;0,00;0,00;0,00;0,00;0,00;0,00;0,00;0,00;0,00;0,00;0,00;0,00;0,00;0,00;0,00;0,00;0,00;0,00;0,00;0,00;0,00;0,00
1,00;0,00;1,40;0,97;0,00;1,48;1,44;1,52;2,16;0,97;0,90;0,96;1,55;1,62;1,00;1,02;0,96;1,04;0,00;0,00;0,00;0,00;2,64;2,26;2,85;2,32;0,00;0,00;0,00;0,00;0,00;0,00;0,00;0,00;0,00;0,00;0,00;0,00
1,58;0,96;0,86;0,00;0,00;0,92;2,98;3,81;4,27;0,00;1,46;1,53;0,00;0,00;0,00;3,74;3,52;3,65;0,00;0,00;0,00;0,00;4,46;4,31;4,01;4,58;4,34;4,33;4,16;4,15;0,00;0,00;0,00;0,00;0,00;0,00;0,00;0,00
0,00;0,00;0,86;0,00;0,00;0,00;0,00;0,00;1,85;0,00;0,90;1,53;0,00;0,00;0,00;2,03;2,26;2,38;0,00;0,00;0,00;0,00;3,15;2,93;3,17;3,58;4,22;3,78;3,91;3,72;2,05;0,00;0,00;0,00;0,00;0,00;0,00;0,00
3,58;4,17;3,90;5,63;5,58;5,75;5,11;5,33;4,85;4,52;4,51;4,56;5,50;5,48;5,59;5,33;5,14;5,32;3,88;3,79;4,11;4,41;5,17;5,17;5,26;5,21;0,00;0,00;0,00;0,00;2,87;0,00;5,07;4,72;2,70;2,83;4,02;2,60
0,00;0,00;0,00;2,53;2,95;3,44;3,13;3,23;3,28;0,00;0,00;0,00;0,00;0,00;0,00;0,00;0,00;0,00;0,00;0,00;0,00;0,00;1,46;0,00;1,47;1,00;0,00;0,00;0,00;0,00;0,00;0,00;0,00;0,00;0,00;0,00;0,00;0,00
2,80;2,52;0,86;1,54;1,95;1,88;4,25;4,30;3,28;0,00;0,00;2,25;0,97;0,00;1,00;3,85;3,74;3,77;0,00;0,00;0,00;0,00;4,07;4,09;3,93;4,58;2,89;3,16;3,24;3,10;2,87;0,00;0,00;0,00;0,00;0,00;0,00;0,00
4,08;3,63;4,37;3,11;3,11;3,94;3,26;3,37;4,39;4,46;4,51;4,09;0,00;1,03;0,00;0,00;0,96;1,04;1,10;1,05;1,81;1,23;0,91;0,00;0,00;0,00;1,38;1,37;1,27;1,33;0,00;0,00;0,00;0,00;0,00;2,83;4,41;2,60
4,39;4,25;5,04;2,94;3,40;3,76;2,81;2,91;3,72;4,02;3,62;3,24;0,97;1,03;0,00;0,00;0,00;0,00;1,10;1,65;0,00;1,89;0,00;0,00;0,00;0,00;0,00;0,00;0,00;0,00;0,00;0,00;0,00;0,00;0,00;0,00;0,00;0,00
1,00;0,00;1,40;0,00;0,00;0,00;0,00;0,00;0,90;0,97;0,90;0,00;0,00;0,00;0,00;0,00;0,00;0,00;0,00;1,05;0,00;0,00;0,00;0,00;0,00;0,00;0,00;0,00;0,00;0,00;0,00;0,00;0,00;0,00;0,00;0,00;0,00;0,00
1,58;2,26;3,07;0,97;0,00;0,92;0,00;0,00;0,00;2,94;2,16;0,96;0,00;1,03;0,00;0,00;0,00;0,00;0,00;0,00;0,00;0,00;0,00;0,00;0,00;0,00;0,00;0,00;0,00;0,00;0,00;0,00;0,00;0,00;0,00;0,00;0,00;0,00
2,80;2,52;3,33;2,75;2,75;2,86;0,89;1,52;2,42;1,95;1,46;0,96;0,00;0,00;0,00;0,00;0,00;0,00;0,00;0,00;0,00;0,00;0,00;0,00;0,00;0,00;0,00;0,00;0,00;0,00;0,00;0,00;0,00;0,00;0,00;0,00;0,00;0,00
0,00;0,96;1,79;0,97;0,97;1,48;1,44;0,00;1,85;0,00;0,00;0,00;0,00;0,00;0,00;0,00;0,00;0,00;0,00;0,00;0,00;0,00;0,00;0,00;0,00;0,00;0,00;0,00;0,00;0,00;0,00;0,00;0,00;0,00;0,00;0,00;0,00;0,00
1,00;0,96;1,79;0,00;0,00;0,00;0,00;0,00;0,00;0,00;0,00;0,00;0,00;0,00;0,00;0,00;0,00;0,00;0,00;0,00;0,00;0,00;0,00;0,00;0,00;0,00;0,00;0,00;0,00;0,00;0,00;0,00;0,00;0,00;0,00;0,00;0,00;0,00
1,99;1,53;2,35;1,54;1,54;1,48;2,15;1,52;2,16;1,54;2,16;1,53;0,00;0,00;0,00;0,00;0,00;0,00;0,00;0,00;0,00;0,00;0,00;0,00;0,00;0,00;0,00;0,00;0,00;0,00;0,00;0,00;0,00;0,00;0,00;0,00;0,00;0,00
3,45;3,63;3,54;3,64;3,75;4,09;3,80;4,07;4,89;2,75;2,99;2,51;2,54;2,85;2,81;3,50;3,39;3,06;2,15;2,67;2,25;3,19;3,15;3,38;3,43;2,81;0,00;0,00;0,00;0,00;0,00;0,00;0,00;0,00;0,00;0,00;0,00;0,00
3,58;3,63;3,98;1,95;1,54;2,19;0,89;1,52;1,45;3,64;3,81;3,38;0,00;1,03;1,59;0,00;0,00;0,00;1,10;1,05;1,17;1,89;0,00;0,00;0,00;0,00;2,54;3,40;3,01;3,10;0,00;0,00;0,00;0,00;0,00;0,00;0,00;0,00
1,99;0,96;2,92;0,97;0,97;0,92;0,00;0,00;0,00;0,00;0,90;0,96;0,00;0,00;0,00;0,00;0,00;0,00;0,00;1,05;0,00;0,00;0,00;0,00;0,00;0,00;0,00;0,00;0,00;0,00;0,00;0,00;0,00;0,00;0,00;0,00;0,00;0,00
3,32;3,10;3,73;1,95;0,97;1,48;1,44;0,95;2,83;1,95;1,46;0,96;0,00;0,00;0,00;0,00;0,00;0,00;0,00;0,00;0,00;0,00;0,00;0,00;0,00;0,00;0,00;0,00;0,00;0,00;0,00;0,00;0,00;0,00;0,00;0,00;0,00;0,00
2,80;2,93;4,05;2,27;2,75;2,67;2,62;2,50;3,28;2,53;2,83;2,25;1,55;1,03;1,00;0,00;0,00;0,00;0,00;0,00;0,00;1,89;0,91;0,00;0,00;0,00;0,00;0,00;0,00;0,00;0,00;0,00;0,00;0,00;0,00;0,00;0,00;0,00
0,00;0,00;1,40;0,00;0,00;0,00;0,00;0,00;0,00;0,97;0,90;0,96;0,00;0,00;0,00;0,00;0,00;0,00;0,00;0,00;0,00;0,00;0,00;0,00;0,00;0,00;0,00;0,00;0,00;0,00;0,00;0,00;0,00;0,00;0,00;0,00;0,00;0,00
0,00;0,00;2,10;1,95;1,54;3,03;1,44;1,92;1,85;2,53;2,16;1,93;1,55;1,03;1,59;0,00;0,00;0,00;0,00;0,00;0,00;0,00;0,00;0,00;0,00;0,00;0,00;0,00;0,00;0,00;0,00;0,00;0,00;0,00;2,70;0,00;4,41;0,00
0,00;0,00;0,00;0,00;0,00;0,00;0,89;0,00;0,90;0,97;0,90;1,93;0,00;1,03;0,00;0,00;0,00;0,00;0,00;0,00;0,00;0,00;0,00;0,00;0,00;0,00;0,00;0,00;0,00;0,00;0,00;0,00;0,00;0,00;0,00;0,00;0,00;0,00
3,45;3,39;3,64;3,11;3,27;3,66;0,00;0,00;0,00;3,26;3,14;2,92;0,00;0,00;1,00;0,00;0,00;0,00;2,15;2,89;2,86;3,56;0,00;0,00;0,00;0,00;0,00;0,00;0,00;0,00;0,00;0,00;0,00;0,00;0,00;0,00;0,00;0,00
0,00;0,00;0,00;1,95;0,97;1,48;1,44;1,92;0,00;1,95;1,85;0,96;0,00;1,03;1,00;1,61;1,54;1,63;0,00;0,00;0,00;0,00;0,00;0,00;0,92;0,00;0,00;0,00;0,00;0,00;0,00;0,00;0,00;0,00;0,00;0,00;0,00;0,00
4,90;4,97;5,21;4,39;4,26;4,49;3,50;3,81;3,81;4,18;4,06;3,50;2,28;2,85;2,81;0,00;0,00;0,00;2,15;2,89;2,25;2,96;0,00;0,00;0,00;0,00;0,00;0,00;0,00;0,00;0,00;0,00;0,00;0,00;0,00;0,00;0,00;0,00
1,58;0,96;1,79;0,00;0,00;0,00;0,00;0,00;0,00;0,00;0,00;0,00;0,00;0,00;0,00;0,00;0,00;0,00;0,00;0,00;0,00;0,00;0,00;0,00;0,00;0,00;0,00;0,00;0,00;0,00;0,00;0,00;0,00;0,00;0,00;0,00;0,00;0,00
1,58;1,53;2,10;0,97;0,00;0,00;0,00;0,00;0,00;0,00;0,00;0,00;0,00;0,00;0,00;0,00;0,00;0,00;0,00;0,00;0,00;0,00;0,00;0,00;0,00;0,00;0,00;0,00;0,00;0,00;0,00;0,00;0,00;0,00;0,00;0,00;0,00;0,00
1,99;1,53;1,79;0,00;0,00;0,00;0,00;0,00;0,00;0,97;0,00;0,00;0,00;0,00;0,00;0,00;0,00;0,00;0,00;0,00;0,00;0,00;0,00;0,00;0,00;0,00;0,00;0,00;0,00;0,00;0,00;0,00;0,00;0,00;0,00;0,00;0,00;0,00
2,58;2,26;3,07;2,75;2,53;2,19;0,89;0,00;0,90;0,97;0,90;0,96;0,00;0,00;0,00;0,00;0,00;0,00;0,00;0,00;0,00;0,00;0,00;0,00;0,00;0,00;0,00;0,00;0,00;0,00;0,00;0,00;0,00;0,00;0,00;0,00;0,00;0,00
5,99;5,88;6,21;5,74;5,58;5,60;5,11;5,19;5,09;5,36;5,36;5,12;3,41;3,85;4,09;1,02;0,00;0,00;2,48;3,90;3,09;4,22;1,46;1,53;1,87;1,00;0,00;0,00;0,00;0,00;0,00;0,00;0,00;0,00;2,70;2,83;4,02;3,48
1,99;1,94;2,35;2,53;2,75;3,03;2,15;2,50;2,16;2,53;1,85;1,93;2,95;2,85;3,01;1,02;0,96;1,63;3,17;2,08;3,09;1,89;0,00;0,00;0,00;0,00;1,38;2,06;1,93;1,33;0,00;0,00;0,00;0,00;0,00;0,00;0,00;0,00
0,00;0,00;1,40;1,95;0,00;2,45;0,89;1,92;1,85;1,54;1,46;1,53;1,96;2,04;1,59;0,00;0,00;0,00;0,00;0,00;0,00;0,00;0,00;0,00;0,00;0,00;0,00;0,00;0,00;0,00;0,00;0,00;0,00;1,93;0,00;0,00;0,00;0,00
2,80;2,93;0,00;0,00;0,00;0,00;0,00;0,00;0,00;0,00;0,00;0,00;0,00;0,00;0,00;0,00;0,00;0,00;0,00;0,00;0,00;0,00;0,00;0,00;0,00;0,00;4,22;4,73;4,72;4,57;0,00;0,00;0,00;0,00;0,00;0,00;0,00;0,00
5,39;5,51;4,19;0,00;0,00;0,00;0,00;0,00;0,00;2,27;0,90;0,96;0,00;0,00;0,00;0,00;0,00;0,00;0,00;0,00;0,00;0,00;0,00;0,00;0,00;0,00;6,31;6,21;6,37;6,12;4,53;2,89;3,31;3,24;0,00;0,00;0,00;0,00
3,45;3,39;3,73;1,95;2,53;2,19;1,84;1,92;1,85;2,53;2,16;1,93;0,00;0,00;0,00;0,00;0,00;0,00;0,00;0,00;0,00;0,00;0,91;0,00;0,92;0,00;0,00;0,00;0,00;0,00;0,00;0,00;0,00;0,00;3,58;4,67;5,37;3,48
0,00;0,00;0,00;3,26;3,27;4,09;3,96;3,71;4,39;3,64;3,90;4,37;5,47;5,44;5,29;5,71;5,60;5,56;3,63;3,79;3,88;4,11;6,81;6,55;6,39;6,64;2,07;0,00;0,00;0,00;2,05;0,00;2,80;3,24;3,58;2,83;3,47;2,60
3,45;3,51;2,10;0,00;0,00;0,00;1,44;2,24;2,16;0,97;0,00;0,00;0,00;0,00;0,00;0,00;0,96;0,00;0,00;0,00;0,00;0,00;1,46;1,53;0,92;1,58;5,80;5,74;5,73;5,84;4,07;2,07;3,99;2,73;0,00;0,00;0,00;0,00
1,58;0,00;0,00;0,00;0,00;0,00;0,00;0,00;0,00;0,00;0,00;0,00;0,00;0,00;0,00;0,00;0,00;0,00;0,00;0,00;0,00;0,00;0,00;0,00;0,00;0,00;3,41;3,40;3,77;3,72;0,00;0,00;0,00;0,00;0,00;0,00;0,00;0,00
0,00;0,00;0,00;2,75;2,27;1,88;0,00;0,00;0,00;0,97;1,46;1,53;0,97;2,04;1,59;0,00;0,00;0,00;0,00;1,65;1,81;2,34;0,00;0,00;0,00;0,00;1,38;1,37;1,27;1,33;2,87;0,00;2,80;2,73;2,70;2,83;3,47;2,60
1,00;0,96;0,00;0,00;0,00;0,00;0,00;0,00;0,00;0,97;0,00;0,00;0,00;0,00;0,00;0,00;0,00;0,00;1,10;1,05;1,17;1,89;0,00;0,00;0,00;0,00;1,38;1,37;1,93;1,33;2,05;3,40;3,31;2,73;4,52;3,72;3,47;3,48
1,99;2,26;0,86;0,00;0,00;0,00;0,00;0,00;0,00;0,00;0,00;0,00;0,00;0,00;0,00;1,61;0,00;1,04;0,00;0,00;0,00;0,00;0,91;0,96;1,87;2,00;5,36;5,41;5,43;5,23;2,05;0,00;0,00;0,00;0,00;0,00;0,00;0,00
3,58;3,83;4,05;3,26;2,95;3,31;2,15;2,24;2,83;3,11;2,83;2,92;0,00;0,00;0,00;0,00;0,00;0,00;1,10;1,05;1,81;2,34;0,00;0,00;0,00;0,00;3,79;3,16;3,91;4,15;2,05;2,07;1,99;2,73;0,00;0,00;0,00;0,00
3,69;3,93;4,05;3,11;3,40;3,31;2,41;2,24;2,16;1,95;1,46;0,96;0,00;0,00;0,00;0,00;0,00;0,00;1,10;1,05;1,81;1,23;0,00;0,00;0,00;0,00;3,17;3,94;3,62;3,10;2,05;2,07;0,00;0,00;0,00;0,00;0,00;0,00
1,58;1,94;2,57;0,00;0,00;0,92;0,00;0,00;0,00;2,27;2,42;1,53;0,00;0,00;0,00;0,00;0,00;0,00;1,10;1,05;0,00;1,89;0,00;0,00;0,00;0,00;0,00;0,00;0,00;0,00;0,00;0,00;0,00;0,00;0,00;0,00;0,00;0,00
4,45;4,25;3,98;4,52;4,26;4,17;4,49;4,71;4,45;1,95;1,46;0,96;0,00;0,00;0,00;0,00;0,00;0,00;0,00;0,00;0,00;0,00;0,00;0,00;0,00;0,00;0,00;0,00;0,00;0,00;0,00;0,00;0,00;0,00;0,00;0,00;0,00;0,00
0,00;0,00;0,00;0,97;0,97;1,48;1,44;1,52;2,64;0,97;0,00;0,00;0,00;0,00;0,00;0,00;0,00;0,00;0,00;0,00;0,00;0,00;1,46;0,00;0,00;1,58;0,00;0,00;0,00;0,00;0,00;0,00;0,00;0,00;0,00;0,00;0,00;0,00
3,45;3,51;2,10;3,40;3,64;2,86;4,70;4,49;4,33;0,97;0,00;0,96;0,00;0,00;0,00;0,00;0,00;0,00;0,00;0,00;0,00;0,00;0,00;0,00;0,00;0,00;0,00;0,00;0,00;0,00;0,00;0,00;0,00;0,00;0,00;0,00;0,00;0,00
1,58;2,52;1,79;0,00;0,00;0,00;0,00;0,00;0,00;0,97;0,00;0,00;0,00;0,00;0,00;0,00;0,00;0,00;0,00;0,00;0,00;0,00;0,00;0,00;0,00;0,00;2,54;2,53;2,73;3,10;3,77;0,00;2,80;1,93;0,00;0,00;0,00;0,00
0,00;0,00;0,00;2,94;3,40;3,18;3,80;3,37;2,64;0,00;0,00;0,00;2,76;2,04;2,01;2,03;2,52;2,05;0,00;0,00;0,00;0,00;3,15;2,74;2,66;3,17;0,00;0,00;0,00;0,00;0,00;0,00;0,00;0,00;0,00;0,00;0,00;0,00
3,32;2,74;0,86;0,00;0,00;0,00;0,00;0,00;0,00;0,97;0,00;0,00;0,00;0,00;0,00;0,00;0,00;0,00;0,00;0,00;0,00;0,00;0,00;0,00;0,00;0,00;3,79;4,08;3,91;3,88;2,87;0,00;2,80;2,73;0,00;0,00;0,00;0,00
0,00;0,00;0,00;0,00;0,00;1,88;2,62;2,50;3,28;0,00;0,00;0,96;1,55;1,03;0,00;2,03;2,74;2,64;0,00;0,00;0,00;0,00;3,15;3,10;3,02;3,32;0,00;0,00;0,00;0,00;0,00;0,00;0,00;0,00;0,00;0,00;0,00;0,00
2,58;1,94;3,33;2,27;1,95;1,88;1,44;1,52;1,45;3,26;3,14;2,51;2,28;2,63;2,59;2,03;1,54;2,05;1,71;1,65;1,17;1,89;0,00;0,96;0,92;0,00;0,00;0,00;0,00;0,00;0,00;0,00;0,00;0,00;0,00;0,00;0,00;0,00
4,08;3,83;3,44;2,53;1,54;1,48;0,89;0,95;1,45;4,52;4,45;4,37;0,97;1,62;2,59;0,00;0,00;0,00;1,71;3,68;2,58;3,56;0,00;0,00;0,00;0,00;3,41;3,78;4,04;3,34;0,00;0,00;2,80;1,93;5,30;2,83;5,37;4,72
3,90;4,17;4,31;5,18;4,94;5,30;2,41;2,72;0,00;5,87;5,51;5,87;6,45;6,42;6,62;1,02;1,94;1,04;5,92;5,65;6,07;5,67;4,34;4,67;4,64;5,39;0,00;0,00;1,27;0,00;0,00;0,00;0,00;6,04;7,59;7,79;7,16;8,07
2,32;2,52;2,75;0,00;0,97;0,92;0,00;0,00;0,00;0,00;0,90;0,00;0,00;0,00;0,00;0,00;0,00;0,00;0,00;0,00;0,00;0,00;0,00;0,00;0,00;0,00;0,00;0,00;0,00;0,00;0,00;2,07;0,00;0,00;0,00;0,00;0,00;0,00
0,00;0,96;0,00;0,00;0,00;0,00;0,00;0,00;0,00;0,00;0,90;0,00;0,00;0,00;0,00;0,00;0,00;0,00;0,00;0,00;0,00;0,00;0,00;0,00;0,00;0,00;2,07;2,53;3,24;3,10;0,00;0,00;0,00;0,00;0,00;0,00;0,00;0,00
7,41;7,57;6,56;5,22;4,94;4,43;3,88;3,90;3,14;6,72;5,87;6,42;5,64;5,37;5,43;4,99;4,97;5,24;6,34;5,53;6,38;6,87;5,17;5,01;4,96;5,55;10,52;10,45;10,46;10,41;10,27;9,43;9,37;9,65;7,55;6,71;6,44;6,44
1,99;0,00;2,35;3,74;3,94;4,49;5,21;5,51;5,39;0,00;4,13;4,77;5,03;4,96;5,01;6,17;6,21;6,11;0,00;0,00;0,00;0,00;6,81;6,59;6,52;6,81;0,00;0,00;1,27;1,33;0,00;2,07;1,99;4,56;0,00;0,00;2,60;2,60
4,45;4,51;3,33;1,54;1,54;1,48;0,00;0,00;0,00;3,26;1,85;3,09;5,03;4,96;4,96;3,95;3,84;3,97;0,00;0,00;1,17;1,89;4,21;4,09;4,30;4,86;5,95;6,05;5,97;5,80;5,77;4,34;5,07;5,34;0,00;0,00;0,00;0,00
0,00;0,00;0,86;3,26;3,11;4,30;3,96;3,71;4,33;2,75;3,14;4,61;5,64;5,44;5,40;5,71;5,63;5,77;0,00;1,05;1,17;2,34;6,08;5,78;5,74;6,04;0,00;1,37;0,00;0,00;2,87;2,07;3,31;3,92;3,58;3,72;4,02;2,60
2,32;2,26;3,54;3,94;4,03;3,76;3,88;3,81;3,52;1,54;1,85;0,00;1,96;2,04;1,59;0,00;0,00;1,04;0,00;0,00;0,00;1,89;0,91;0,96;0,92;0,00;0,00;0,00;0,00;0,00;0,00;0,00;0,00;0,00;0,00;0,00;0,00;0,00
4,39;4,01;3,54;5,06;4,80;4,49;4,60;4,76;4,20;5,06;4,98;4,87;5,64;5,66;5,59;4,80;4,79;4,93;3,34;4,18;3,61;4,22;5,10;4,87;5,08;5,39;0,00;1,37;1,93;2,47;0,00;0,00;0,00;0,00;0,00;0,00;0,00;0,00
1,99;2,74;2,92;2,27;2,27;3,18;3,70;3,61;3,90;1,95;2,16;2,25;2,28;1,62;1,59;1,02;0,96;1,04;0,00;0,00;1,81;1,23;0,91;1,53;0,92;2,00;0,00;0,00;0,00;0,00;0,00;0,00;0,00;0,00;0,00;0,00;0,00;0,00
1,00;0,96;0,00;2,53;2,95;1,88;4,04;3,90;3,40;0,97;1,85;1,93;2,54;2,85;2,33;3,50;3,84;3,23;0,00;0,00;0,00;0,00;3,15;3,62;3,30;1,00;0,00;0,00;0,00;0,00;0,00;0,00;0,00;0,00;0,00;0,00;0,00;0,00
0,00;0,00;0,00;0,00;0,00;0,00;0,00;0,00;0,00;0,00;0,00;0,00;0,00;0,00;0,00;0,00;0,00;0,00;0,00;0,00;0,00;0,00;0,00;0,00;0,00;0,00;0,00;0,00;0,00;0,00;0,00;0,00;0,00;0,00;0,00;0,00;0,00;0,00
4,08;3,39;2,75;3,11;2,95;2,86;4,74;5,03;4,71;1,95;3,28;4,24;2,54;2,63;2,81;4,63;4,63;4,65;0,00;0,00;0,00;1,89;4,57;4,50;4,59;3,32;4,22;4,21;4,79;4,38;4,31;0,00;0,00;1,93;0,00;0,00;0,00;0,00
4,32;4,38;3,33;3,94;3,75;3,18;4,11;4,15;3,72;4,02;3,98;3,50;0,97;1,62;1,59;3,36;3,26;3,06;4,64;4,49;5,01;3,19;0,91;1,53;0,92;1,00;2,07;2,53;2,73;2,47;0,00;0,00;0,00;0,00;0,00;0,00;0,00;4,02
3,58;3,39;2,75;3,52;3,11;2,45;3,50;3,71;3,90;4,18;3,81;4,09;2,95;3,21;3,47;2,84;2,74;2,64;2,15;2,89;3,28;3,99;2,43;3,38;3,02;0,00;2,89;3,40;3,24;3,34;2,05;0,00;0,00;0,00;0,00;0,00;0,00;0,00
0,00;0,00;0,00;0,00;0,00;0,00;0,00;0,00;0,00;0,00;0,00;0,00;0,00;0,00;0,00;0,00;0,00;0,00;0,00;0,00;0,00;0,00;0,00;0,00;0,00;0,00;0,00;2,53;2,38;2,47;0,00;0,00;0,00;0,00;0,00;0,00;0,00;0,00
0,00;0,00;0,00;0,00;0,00;0,00;0,00;0,00;0,00;0,00;0,00;0,00;0,00;0,00;0,00;0,00;0,00;0,00;0,00;0,00;0,00;0,00;0,00;0,00;0,00;0,00;0,00;0,00;0,00;0,00;0,00;0,00;0,00;0,00;0,00;0,00;0,00;0,00
6,98;7,08;7,32;6,22;5,80;5,48;2,41;2,50;2,16;7,75;7,71;7,46;5,15;5,33;6,22;0,00;0,00;0,00;5,23;6,62;5,90;6,73;0,00;0,00;0,00;0,00;0,00;1,37;1,93;0,00;0,00;0,00;0,00;0,00;0,00;0,00;2,60;0,00
3,16;3,10;3,64;2,27;1,95;1,48;0,00;0,00;0,00;3,40;3,52;2,92;0,00;1,03;1,00;0,00;0,00;0,00;0,00;0,00;0,00;0,00;0,00;0,00;0,00;0,00;0,00;0,00;0,00;0,00;0,00;0,00;0,00;0,00;0,00;0,00;0,00;0,00
2,58;2,52;2,57;0,97;0,97;1,48;0,00;0,95;0,90;2,75;3,28;2,92;0,97;1,03;1,00;0,00;0,00;0,00;0,00;2,40;1,17;1,89;0,00;0,00;0,00;0,00;0,00;0,00;0,00;0,00;0,00;0,00;0,00;0,00;0,00;0,00;0,00;0,00
0,00;0,00;0,86;0,00;0,00;1,88;0,00;0,00;0,00;2,75;2,64;2,25;0,00;0,00;0,00;0,00;0,00;0,00;0,00;0,00;0,00;0,00;0,00;0,00;0,00;0,00;0,00;0,00;0,00;0,00;0,00;0,00;0,00;0,00;0,00;0,00;0,00;0,00
1,99;1,53;1,79;1,54;1,54;1,48;0,00;0,00;0,00;1,95;1,85;1,93;0,97;0,00;1,00;0,00;0,00;0,00;1,71;2,08;2,25;1,89;0,00;1,53;0,92;0,00;1,38;1,37;1,27;1,33;0,00;0,00;0,00;0,00;0,00;0,00;0,00;0,00
1,58;1,53;1,40;0,97;0,97;0,92;0,00;0,95;0,90;1,54;1,46;0,96;0,97;0,00;0,00;0,00;0,00;0,00;1,10;1,05;1,17;0,00;0,00;0,00;0,00;0,00;0,00;0,00;0,00;0,00;0,00;0,00;0,00;0,00;0,00;0,00;0,00;0,00
1,00;0,96;1,40;0,97;0,97;0,92;0,00;0,00;0,00;2,27;2,42;2,51;0,97;1,03;1,00;0,00;0,00;0,00;1,10;1,05;1,81;1,89;0,00;0,00;0,00;0,00;0,00;0,00;0,00;0,00;0,00;0,00;0,00;0,00;0,00;0,00;0,00;0,00
1,99;1,53;0,86;0,00;0,00;0,00;0,00;0,00;0,00;0,00;0,90;0,96;0,00;0,00;0,00;0,00;0,00;0,00;0,00;0,00;0,00;0,00;0,91;0,96;0,00;1,00;4,22;4,44;4,16;4,38;3,77;0,00;3,69;3,24;0,00;0,00;0,00;0,00
0,00;0,00;0,00;4,58;4,52;4,89;3,70;3,81;3,72;4,64;4,20;4,67;7,29;7,17;7,06;6,31;6,12;6,32;0,00;3,09;1,81;2,34;6,51;6,52;6,46;4,58;2,07;1,37;0,00;0,00;0,00;0,00;0,00;0,00;0,00;0,00;0,00;0,00
0,00;0,00;0,00;1,54;1,95;0,92;0,89;0,95;0,00;2,94;2,83;2,51;0,00;0,00;0,00;0,00;0,00;0,00;0,00;0,00;0,00;1,23;0,00;0,00;0,00;0,00;0,00;0,00;0,00;0,00;0,00;0,00;0,00;0,00;0,00;0,00;0,00;0,00
0,00;0,00;0,00;0,00;0,00;0,92;1,44;0,95;2,99;1,54;2,16;2,51;2,54;2,85;2,81;3,85;3,74;3,65;0,00;0,00;0,00;0,00;4,21;4,01;4,09;4,32;2,07;1,37;0,00;1,33;0,00;0,00;0,00;0,00;0,00;0,00;0,00;0,00
1,58;1,53;0,00;4,64;4,94;3,76;5,95;6,03;4,76;3,84;5,27;5,77;5,80;5,88;5,84;6,91;6,89;6,70;5,61;5,49;5,67;4,94;6,55;6,42;6,53;6,92;0,00;0,00;0,00;0,00;0,00;0,00;1,99;0,00;0,00;4,27;4,72;0,00
4,45;4,32;4,63;4,84;4,89;4,89;2,81;2,72;3,14;4,79;4,76;4,31;2,76;2,04;3,33;0,00;0,00;0,00;2,15;2,89;1,81;3,19;0,00;0,00;0,00;0,00;0,00;0,00;0,00;0,00;0,00;0,00;0,00;0,00;0,00;0,00;0,00;0,00
6,72;6,78;7,02;6,59;6,62;6,73;6,89;6,63;7,25;6,82;7,03;6,79;6,17;5,96;6,09;6,15;6,06;6,05;5,65;6,25;5,44;5,92;4,40;5,98;5,26;3,00;5,57;5,51;5,61;5,63;4,71;3,40;3,69;3,62;4,83;3,72;4,02;0,00
2,58;2,93;2,75;3,11;3,40;3,03;2,98;3,37;2,99;2,94;3,28;3,50;3,12;3,37;3,33;1,61;1,94;2,05;1,10;2,08;1,17;1,23;0,00;0,96;0,92;0,00;1,38;1,37;1,27;1,33;0,00;0,00;0,00;0,00;0,00;0,00;0,00;0,00
3,32;3,63;3,98;3,11;3,27;2,86;3,80;4,07;3,81;3,52;3,52;3,50;3,12;2,85;3,18;2,62;2,94;2,38;2,15;2,89;1,81;0,00;1,46;0,96;1,47;0,00;0,00;0,00;0,00;0,00;0,00;0,00;0,00;0,00;0,00;0,00;0,00;0,00
2,99;2,52;2,92;2,94;1,95;2,45;1,84;1,52;2,16;2,53;2,42;2,73;0,00;1,03;0,00;0,00;0,00;0,00;0,00;2,08;0,00;0,00;0,00;0,96;0,00;0,00;0,00;0,00;0,00;0,00;0,00;0,00;0,00;0,00;0,00;0,00;0,00;0,00
5,90;6,05;6,38;5,61;5,64;5,57;6,09;5,94;6,37;5,66;5,51;5,40;5,96;5,63;5,68;5,29;5,48;5,56;5,92;6,08;5,96;5,75;4,90;4,78;4,96;5,00;3,17;4,21;4,04;4,15;4,53;6,34;5,41;5,34;6,06;6,09;5,54;6,17
6,90;6,99;7,37;7,02;7,04;7,10;7,17;6,99;7,29;6,65;6,84;6,73;6,42;6,35;6,58;6,48;6,39;6,50;6,38;6,77;6,56;6,70;5,57;5,85;5,81;5,43;5,30;5,29;5,43;5,54;2,87;2,07;4,63;4,56;4,83;5,45;6,17;5,19
1,00;1,53;2,57;0,00;0,00;0,92;0,00;0,00;0,00;1,54;0,00;1,53;0,00;0,00;1,00;0,00;0,00;0,00;0,00;0,00;0,00;0,00;0,00;0,00;0,00;0,00;0,00;0,00;0,00;0,00;0,00;0,00;0,00;0,00;0,00;0,00;0,00;0,00
0,00;0,00;0,00;0,00;0,00;0,00;0,89;1,92;1,85;0,97;1,46;1,53;2,28;2,04;1,59;2,36;2,26;2,64;0,00;0,00;0,00;0,00;3,00;3,62;3,02;3,17;2,54;2,88;2,38;2,82;0,00;0,00;0,00;1,93;0,00;0,00;0,00;0,00
1,00;0,96;1,40;1,54;1,54;2,19;0,00;0,95;0,00;0,97;0,90;0,00;0,00;0,00;0,00;0,00;0,00;0,00;0,00;0,00;0,00;0,00;0,00;0,00;0,00;0,00;0,00;0,00;0,00;0,00;0,00;0,00;0,00;0,00;0,00;0,00;0,00;0,00
2,99;3,25;1,40;0,00;0,00;0,00;2,81;3,23;0,90;1,95;1,85;2,73;0,00;0,00;0,00;2,84;2,74;3,06;0,00;0,00;0,00;1,89;3,63;3,25;3,84;3,70;3,95;3,94;3,91;4,15;3,39;0,00;2,80;1,93;0,00;0,00;0,00;0,00
3,90;4,01;1,40;0,00;0,00;0,00;2,62;3,37;2,16;0,00;0,00;1,53;0,00;0,00;0,00;3,04;2,74;3,23;0,00;0,00;0,00;0,00;2,64;2,74;2,85;3,46;3,41;2,88;3,62;2,01;0,00;0,00;0,00;1,93;0,00;0,00;0,00;0,00
8,30;8,34;7,37;5,29;5,22;5,20;5,18;5,49;4,81;7,01;6,25;6,87;5,59;5,60;5,62;6,29;6,08;6,26;6,32;6,17;6,45;7,13;6,36;6,11;6,12;6,70;10,20;10,09;10,12;10,11;9,97;10,07;9,44;9,28;8,19;7,48;7,21;6,68
4,08;3,73;3,33;1,54;1,54;0,92;0,00;0,00;0,90;3,64;2,83;2,73;0,97;1,03;1,00;0,00;0,00;0,00;1,10;0,00;1,17;1,23;0,00;0,00;0,00;0,00;5,30;5,65;5,43;5,68;3,77;0,00;0,00;0,00;0,00;0,00;0,00;0,00
3,69;3,10;2,92;0,00;0,00;0,00;0,00;0,00;0,00;3,52;3,28;2,51;0,00;0,00;0,00;0,00;0,00;0,00;0,00;0,00;0,00;1,23;0,00;0,00;0,00;0,00;5,47;5,46;5,48;5,63;3,77;0,00;0,00;1,93;0,00;0,00;0,00;0,00
1,58;1,94;2,10;1,54;0,97;0,92;0,00;0,00;1,45;1,95;1,85;1,93;0,00;0,00;0,00;0,00;0,00;0,00;0,00;0,00;0,00;0,00;0,00;0,00;0,00;0,00;0,00;0,00;0,00;0,00;0,00;0,00;0,00;0,00;0,00;0,00;0,00;0,00
2,32;1,53;2,10;0,97;0,97;1,88;2,98;3,61;3,52;1,54;2,42;1,53;0,00;0,00;0,00;0,00;0,00;0,00;0,00;1,05;0,00;1,89;0,00;0,00;0,00;0,00;0,00;0,00;0,00;0,00;0,00;0,00;0,00;0,00;0,00;0,00;0,00;0,00
1,00;1,53;0,86;0,00;0,00;0,00;0,00;0,00;0,00;1,95;1,85;0,00;0,00;0,00;0,00;0,00;0,00;0,00;0,00;0,00;0,00;0,00;0,00;0,00;0,00;0,00;0,00;0,00;0,00;0,00;0,00;0,00;0,00;0,00;0,00;0,00;0,00;0,00
1,58;2,26;1,79;1,54;1,95;2,19;2,41;1,92;2,42;1,95;2,16;2,25;1,55;1,03;1,59;0,00;0,00;0,00;0,00;0,00;0,00;2,68;0,00;0,00;0,00;0,00;0,00;0,00;0,00;0,00;0,00;0,00;0,00;0,00;0,00;0,00;0,00;0,00
1,58;0,96;2,10;1,95;1,95;1,88;0,89;0,95;0,90;1,95;2,16;0,96;0,97;1,03;1,00;0,00;0,00;0,00;0,00;1,05;0,00;0,00;0,00;0,00;0,00;0,00;0,00;0,00;0,00;0,00;0,00;0,00;0,00;0,00;0,00;0,00;0,00;0,00
1,00;0,96;3,07;0,00;0,00;0,92;0,00;0,00;0,00;0,97;1,85;0,96;0,00;1,03;1,00;0,00;0,00;0,00;0,00;0,00;0,00;1,23;0,00;0,00;0,00;0,00;0,00;0,00;0,00;0,00;0,00;0,00;0,00;0,00;0,00;0,00;0,00;0,00
0,00;0,00;2,35;0,00;0,00;0,00;0,00;0,00;0,00;0,97;0,90;0,96;0,00;0,00;0,00;0,00;0,00;0,00;0,00;0,00;0,00;0,00;0,00;0,00;0,00;0,00;0,00;0,00;0,00;0,00;0,00;0,00;0,00;0,00;0,00;0,00;0,00;0,00
3,58;3,63;3,90;3,40;3,27;3,31;3,61;3,49;3,62;2,27;2,64;1,93;0,00;0,00;0,00;0,00;0,00;1,04;0,00;0,00;1,17;0,00;1,86;0,00;0,92;2,00;0,00;0,00;0,00;0,00;0,00;0,00;1,99;1,93;4,52;5,45;6,06;5,54
1,99;1,53;3,07;2,75;2,27;2,67;1,44;1,92;2,64;2,94;2,83;2,92;0,00;1,03;0,00;0,00;0,00;0,00;0,00;0,00;0,00;1,23;0,00;0,96;0,00;0,00;0,00;0,00;0,00;0,00;0,00;0,00;0,00;0,00;0,00;0,00;2,60;0,00
3,90;4,25;4,31;4,33;4,40;4,37;4,11;3,90;3,90;3,75;3,62;3,38;2,28;2,36;2,01;0,00;0,00;1,04;1,71;2,40;2,58;3,19;0,00;0,00;0,00;0,00;0,00;0,00;0,00;0,00;0,00;0,00;0,00;0,00;0,00;0,00;0,00;0,00
4,69;4,83;4,77;5,10;5,03;5,05;3,26;3,37;1,85;4,52;4,45;4,56;4,53;4,57;4,59;0,00;0,00;0,00;4,64;4,74;4,47;4,58;0,00;0,00;0,00;0,00;0,00;0,00;0,00;0,00;0,00;0,00;0,00;0,00;0,00;0,00;0,00;0,00
4,16;4,45;3,98;4,52;4,46;4,65;4,74;4,66;4,51;4,11;3,98;4,00;4,80;4,57;4,65;1,61;2,94;2,87;4,27;3,90;4,89;3,99;0,00;0,00;0,00;0,00;0,00;0,00;0,00;0,00;0,00;0,00;0,00;0,00;0,00;4,27;5,82;4,41
4,32;4,25;4,43;5,10;4,80;4,80;2,98;3,23;2,64;4,33;4,39;4,24;4,59;4,69;4,33;0,00;0,96;1,04;4,09;4,34;4,30;4,32;0,00;0,96;0,92;0,00;0,00;0,00;0,00;0,00;0,00;0,00;0,00;0,00;0,00;0,00;0,00;0,00
3,45;3,51;3,73;3,74;4,03;3,66;2,62;1,92;1,85;3,84;3,40;3,38;3,65;3,75;3,59;0,00;0,00;0,00;3,76;3,55;3,28;2,34;0,00;0,00;0,00;0,00;0,00;0,00;0,00;0,00;0,00;0,00;0,00;1,93;2,70;4,27;4,97;3,48
4,64;4,32;3,98;4,79;4,85;4,60;2,98;3,23;2,42;4,46;4,20;4,31;4,40;4,75;4,71;0,00;0,00;0,00;3,34;4,09;4,11;3,86;0,00;0,00;0,00;0,00;0,00;0,00;0,00;0,00;0,00;0,00;0,00;0,00;0,00;0,00;0,00;0,00
3,45;3,39;3,33;3,74;3,94;3,55;2,62;2,50;1,85;3,40;3,28;3,62;3,53;3,75;3,18;0,00;0,00;0,00;3,34;3,09;3,46;3,72;0,00;0,00;0,00;0,00;0,00;0,00;0,00;0,00;0,00;0,00;0,00;0,00;0,00;0,00;0,00;0,00
0,00;0,00;0,00;0,00;0,00;0,00;0,00;0,00;0,90;2,27;1,46;1,53;0,97;2,36;1,59;0,00;0,00;0,00;1,10;2,67;2,25;0,00;1,46;0,00;0,92;0,00;0,00;0,00;0,00;0,00;0,00;0,00;0,00;0,00;0,00;0,00;0,00;0,00
3,45;3,51;3,20;4,02;4,11;4,17;2,62;2,50;2,64;3,64;3,28;3,24;3,53;3,51;3,47;0,00;0,00;0,00;2,97;2,89;2,86;2,34;0,00;0,00;0,00;0,00;0,00;0,00;0,00;0,00;0,00;0,00;0,00;0,00;0,00;0,00;0,00;0,00
4,16;4,01;4,05;3,26;3,40;3,18;3,13;2,91;2,42;3,84;3,14;3,09;3,41;3,37;3,47;1,02;1,54;1,04;3,49;3,79;3,28;2,96;0,00;0,00;0,00;0,00;0,00;0,00;0,00;0,00;0,00;0,00;0,00;0,00;0,00;0,00;0,00;0,00
0,00;0,00;0,00;0,00;0,00;0,00;0,89;1,92;1,85;0,97;1,85;1,53;2,54;2,63;2,59;1,61;1,54;2,05;0,00;1,05;0,00;0,00;0,91;0,96;0,92;1,00;0,00;0,00;0,00;0,00;0,00;0,00;0,00;0,00;0,00;0,00;0,00;0,00
2,32;2,26;2,35;3,40;3,64;3,31;2,15;2,91;2,64;3,40;3,28;3,09;3,27;3,37;3,18;0,00;0,00;1,63;1,71;2,89;3,09;3,39;0,00;0,96;0,00;0,00;0,00;0,00;0,00;0,00;0,00;0,00;0,00;0,00;0,00;0,00;0,00;0,00
4,39;4,32;4,37;4,84;4,80;4,75;3,39;3,61;3,14;4,11;3,81;4,16;4,27;4,22;4,09;1,02;0,96;1,04;4,18;3,79;4,47;4,41;1,46;1,53;0,92;2,00;0,00;0,00;0,00;0,00;0,00;0,00;0,00;0,00;0,00;0,00;0,00;0,00
3,45;3,39;3,20;4,39;4,26;4,02;2,98;3,49;3,28;3,40;3,40;3,62;3,75;3,63;3,59;0,00;0,00;0,00;3,49;3,68;4,11;3,39;0,00;0,00;0,00;0,00;0,00;0,00;0,00;0,00;0,00;0,00;0,00;0,00;0,00;0,00;0,00;0,00
4,90;4,88;4,89;4,11;3,64;3,66;2,98;3,08;3,90;5,29;5,39;5,31;4,34;4,44;4,09;3,04;2,52;2,87;4,57;4,56;4,63;5,18;1,86;2,52;2,66;0,00;2,07;3,16;3,24;3,34;0,00;0,00;0,00;0,00;0,00;0,00;0,00;0,00
1,00;0,96;2,35;0,00;0,00;1,48;0,00;0,95;1,85;3,26;2,99;2,51;1,55;1,62;1,59;1,02;0,96;1,04;1,71;2,40;1,81;2,34;1,86;0,00;1,47;0,00;0,00;0,00;0,00;0,00;0,00;0,00;0,00;0,00;0,00;0,00;0,00;0,00
4,58;4,25;5,37;4,02;3,64;3,85;2,41;2,24;3,14;3,64;3,81;3,09;2,28;2,04;2,01;0,00;0,00;0,00;1,10;2,89;0,00;3,39;0,00;0,00;0,00;0,00;0,00;0,00;0,00;0,00;0,00;0,00;0,00;0,00;0,00;0,00;0,00;0,00
1,58;2,26;2,57;1,95;1,95;1,48;0,89;1,52;1,45;1,95;0,90;0,96;1,55;1,62;1,59;1,61;1,54;2,05;0,00;1,05;1,81;1,23;0,91;0,96;1,47;0,00;0,00;0,00;0,00;0,00;0,00;0,00;0,00;0,00;0,00;0,00;0,00;0,00
1,00;0,96;1,40;0,97;0,97;0,92;1,44;1,92;1,45;0,00;0,00;0,00;0,00;0,00;0,00;0,00;0,00;0,00;0,00;0,00;0,00;0,00;1,46;1,53;1,47;0,00;0,00;0,00;0,00;0,00;0,00;0,00;0,00;0,00;0,00;0,00;0,00;0,00
1,58;0,96;2,35;1,95;2,27;1,48;3,13;3,61;3,98;2,94;3,14;3,24;3,27;3,37;3,18;3,50;3,93;3,87;1,10;1,05;1,17;2,34;4,62;4,31;4,42;4,70;0,00;0,00;0,00;0,00;0,00;0,00;0,00;0,00;0,00;0,00;0,00;0,00
1,00;0,96;0,00;0,00;0,00;0,00;1,84;1,92;0,90;0,97;0,90;0,96;0,00;1,03;0,00;2,62;2,26;2,05;0,00;0,00;0,00;0,00;3,29;3,25;3,54;3,58;1,38;0,00;1,93;2,01;0,00;0,00;0,00;0,00;0,00;0,00;0,00;0,00
1,58;1,53;2,92;1,54;1,54;1,48;1,84;2,24;2,42;2,27;2,16;2,51;2,28;3,04;2,81;0,00;0,00;1,04;0,00;0,00;0,00;0,00;0,00;0,00;0,00;0,00;0,00;0,00;0,00;0,00;0,00;0,00;0,00;0,00;0,00;0,00;0,00;0,00
2,80;2,52;2,35;2,75;2,53;2,86;3,26;3,49;3,40;2,94;3,14;3,09;2,54;2,85;2,33;3,21;3,39;3,06;1,10;1,05;1,81;1,23;3,29;3,51;3,43;1,00;2,89;4,08;3,44;3,54;2,05;2,07;1,99;0,00;0,00;0,00;0,00;0,00
1,00;1,94;2,75;2,53;2,75;2,67;3,26;3,37;3,52;3,11;3,14;2,73;0,97;0,00;1,00;0,00;0,00;0,00;0,00;0,00;0,00;0,00;0,91;0,96;0,92;1,00;0,00;0,00;0,00;0,00;0,00;0,00;0,00;0,00;0,00;0,00;0,00;0,00
3,45;3,51;3,82;3,52;3,40;3,18;3,70;3,49;3,81;2,53;2,42;2,25;0,97;1,62;2,01;2,03;1,94;2,64;0,00;1,65;0,00;1,23;0,00;1,53;0,92;0,00;1,38;1,37;1,93;1,33;0,00;0,00;0,00;0,00;0,00;0,00;0,00;0,00
1,00;0,96;1,40;0,97;1,95;0,92;0,00;1,52;1,45;1,54;1,46;0,96;0,00;0,00;0,00;0,00;0,00;0,00;0,00;1,05;0,00;0,00;0,00;1,53;1,47;0,00;0,00;0,00;0,00;0,00;0,00;0,00;0,00;0,00;0,00;0,00;0,00;0,00
0,00;0,00;0,00;1,54;0,00;1,88;0,89;0,95;0,90;0,97;0,00;0,00;0,00;0,00;0,00;0,00;0,00;0,00;0,00;0,00;1,17;0,00;0,00;0,00;0,00;0,00;0,00;0,00;0,00;0,00;0,00;0,00;0,00;0,00;0,00;0,00;0,00;0,00
0,00;0,00;0,00;0,97;1,95;2,19;0,00;0,95;0,90;0,00;0,00;0,00;0,00;0,00;0,00;0,00;0,00;0,00;0,00;0,00;0,00;0,00;0,00;0,00;0,00;0,00;0,00;0,00;0,00;0,00;0,00;0,00;0,00;0,00;0,00;0,00;0,00;0,00
0,00;0,00;0,00;2,27;2,27;2,86;3,96;3,81;3,98;4,33;4,27;3,92;3,27;3,63;3,81;4,04;3,93;4,24;1,10;3,55;2,58;2,68;4,14;3,51;3,84;3,46;0,00;0,00;0,00;0,00;0,00;0,00;0,00;0,00;0,00;0,00;0,00;0,00
0,00;0,00;1,79;1,54;0,97;2,45;0,00;0,95;0,90;1,54;1,46;1,53;0,00;0,00;0,00;0,00;0,00;0,00;1,10;0,00;1,17;0,00;0,00;0,00;0,00;0,00;0,00;0,00;0,00;0,00;0,00;0,00;0,00;0,00;0,00;0,00;0,00;0,00
3,90;3,83;4,63;4,46;4,40;4,54;4,25;4,43;4,56;3,75;3,98;3,72;3,65;3,85;3,81;1,02;1,54;2,38;1,10;2,08;1,17;3,56;1,86;2,26;2,19;1,00;0,00;0,00;0,00;0,00;0,00;0,00;0,00;0,00;3,58;4,27;5,37;3,48
4,99;4,97;5,01;6,10;6,07;6,16;7,04;6,88;7,17;6,33;6,50;6,61;6,76;6,72;6,65;8,17;8,39;8,23;4,99;5,98;4,70;5,89;8,32;8,38;8,06;8,27;6,03;5,74;5,73;5,84;4,07;2,89;3,69;5,23;5,65;6,79;5,54;5,54
0,00;0,00;0,00;0,00;0,00;0,00;1,84;1,52;2,83;0,00;2,64;3,50;3,53;4,05;3,47;4,80;4,68;4,82;0,00;0,00;0,00;0,00;4,67;4,50;4,42;4,75;0,00;0,00;0,00;0,00;0,00;0,00;0,00;0,00;0,00;0,00;0,00;0,00
0,00;0,00;0,00;0,97;0,97;1,48;1,44;1,52;1,85;0,97;1,46;0,96;0,97;1,03;1,00;1,02;0,96;1,04;0,00;0,00;0,00;0,00;1,46;1,94;1,87;1,00;0,00;0,00;0,00;0,00;0,00;0,00;0,00;0,00;0,00;0,00;0,00;0,00
0,00;0,00;0,00;0,00;0,00;0,00;0,00;0,00;0,00;0,97;0,90;0,96;0,00;1,03;0,00;0,00;0,00;0,00;0,00;0,00;0,00;0,00;0,00;0,00;0,00;0,00;3,95;4,81;4,72;4,90;2,05;0,00;1,99;1,93;0,00;0,00;0,00;0,00
0,00;0,00;0,00;0,00;0,00;0,00;0,00;0,00;0,00;0,00;0,00;0,00;0,00;0,00;0,00;0,00;0,00;0,00;0,00;0,00;0,00;0,00;0,00;0,00;0,00;0,00;0,00;2,06;1,27;1,33;0,00;0,00;0,00;0,00;0,00;0,00;0,00;0,00
1,58;0,96;0,86;0,00;0,00;0,00;0,00;0,00;0,00;0,00;0,00;0,96;0,00;0,00;0,00;1,61;1,94;1,63;0,00;0,00;0,00;0,00;1,86;1,94;1,87;2,32;2,89;3,16;3,24;2,82;3,77;2,07;4,23;3,92;3,58;0,00;0,00;0,00
0,00;0,00;1,40;0,00;0,00;0,92;1,44;0,95;1,85;1,95;1,85;1,93;0,00;0,00;0,00;0,00;0,00;0,00;1,10;1,05;2,25;1,23;0,00;0,00;0,00;0,00;0,00;0,00;0,00;0,00;0,00;0,00;0,00;0,00;0,00;0,00;0,00;0,00
3,69;3,73;3,07;0,97;0,00;0,92;0,00;0,00;0,00;0,97;0,00;0,00;0,00;0,00;0,00;0,00;0,00;0,00;0,00;0,00;0,00;0,00;0,00;0,00;0,00;0,00;4,34;4,08;4,27;4,66;2,05;0,00;0,00;0,00;0,00;0,00;0,00;0,00
3,90;3,83;4,05;2,75;2,53;2,67;0,89;0,95;1,45;2,94;2,99;3,24;3,12;3,21;2,81;1,02;0,96;1,63;1,71;2,08;1,81;1,89;1,46;2,26;1,47;1,00;5,24;5,35;5,34;5,39;3,39;0,00;2,80;1,93;0,00;0,00;0,00;0,00
2,99;3,25;1,40;0,00;0,00;0,00;0,00;0,00;0,00;0,97;0,00;0,96;0,00;0,00;0,00;0,00;0,00;0,00;0,00;0,00;0,00;0,00;0,00;0,00;0,00;0,00;4,65;4,64;4,79;4,97;2,05;0,00;1,99;1,93;0,00;0,00;0,00;0,00
1,00;0,96;0,00;0,00;0,00;0,00;0,00;0,00;0,00;0,00;0,00;0,00;0,00;0,00;0,00;0,00;0,00;0,00;0,00;0,00;0,00;0,00;0,00;0,00;0,00;0,00;4,09;4,08;4,27;3,54;2,05;0,00;0,00;0,00;0,00;0,00;0,00;0,00
5,69;5,85;5,39;3,52;3,75;3,31;3,13;3,23;3,14;4,94;4,06;4,91;3,53;2,85;3,18;2,84;2,74;2,87;4,71;4,34;4,89;5,00;3,52;3,25;3,17;3,46;7,35;7,16;6,98;7,30;7,36;7,79;7,11;7,06;5,94;3,72;4,97;4,02
0,00;0,00;0,00;0,00;0,97;1,88;1,44;1,92;2,42;0,00;0,00;0,00;1,55;0,00;0,00;1,61;1,94;1,63;0,00;0,00;1,17;1,23;2,43;2,26;2,19;2,32;0,00;0,00;0,00;0,00;0,00;0,00;0,00;0,00;3,58;3,72;2,60;2,60
1,99;1,94;0,00;0,00;0,00;0,00;2,15;2,24;1,45;0,97;0,00;0,00;0,00;0,00;0,00;1,02;0,96;2,05;0,00;0,00;0,00;0,00;2,17;1,53;1,87;2,58;0,00;0,00;1,27;0,00;0,00;0,00;0,00;0,00;0,00;0,00;0,00;0,00
4,52;4,51;3,33;0,97;0,97;0,92;2,41;2,91;0,90;0,00;0,00;0,00;0,00;0,00;0,00;1,61;1,54;1,63;0,00;0,00;0,00;0,00;2,43;1,94;2,44;2,58;4,34;4,21;4,37;3,72;2,05;0,00;1,99;0,00;0,00;0,00;0,00;0,00
0,00;0,00;0,00;0,00;0,00;0,00;0,00;0,00;0,00;0,00;0,00;0,00;0,00;0,00;0,00;1,02;1,54;1,63;0,00;0,00;0,00;0,00;1,46;0,96;1,47;2,00;1,38;1,37;1,27;0,00;0,00;0,00;0,00;0,00;0,00;0,00;0,00;0,00
3,45;3,10;0,00;0,00;0,00;0,00;2,62;2,24;0,90;0,00;0,00;0,00;0,00;0,00;0,00;0,00;0,00;0,00;0,00;0,00;0,00;0,00;0,00;0,00;0,00;0,00;0,00;0,00;1,27;0,00;0,00;0,00;0,00;0,00;0,00;0,00;0,00;0,00
5,12;5,35;3,82;2,53;2,95;2,19;3,80;3,90;3,72;1,95;1,85;3,09;2,76;2,85;3,33;4,36;3,93;4,39;1,10;0,00;1,17;1,89;4,07;4,24;4,30;4,58;6,28;6,18;6,29;6,24;5,85;4,09;4,79;4,72;0,00;3,72;0,00;0,00
4,16;4,25;2,10;0,00;0,00;0,00;2,15;2,72;1,45;1,95;0,00;0,00;0,00;0,00;0,00;3,21;3,26;3,39;0,00;0,00;0,00;0,00;3,52;2,93;3,02;3,81;5,80;5,74;5,73;5,72;4,07;0,00;3,31;1,93;0,00;0,00;0,00;0,00
2,58;3,10;1,40;0,00;0,00;0,00;2,81;3,37;2,99;0,00;0,00;1,93;0,00;0,00;0,00;3,36;3,26;3,23;0,00;0,00;0,00;0,00;3,52;3,73;3,65;3,70;4,34;4,33;4,04;4,48;2,05;0,00;0,00;0,00;0,00;0,00;0,00;0,00
1,58;1,53;0,86;0,00;0,00;0,00;0,00;0,00;0,00;0,00;0,00;0,00;0,00;0,00;0,00;0,00;0,00;0,00;0,00;0,00;0,00;0,00;0,00;0,00;0,00;0,00;2,07;1,37;1,27;2,01;0,00;0,00;0,00;0,00;0,00;0,00;0,00;0,00
1,00;1,53;1,40;1,54;0,97;0,00;0,89;0,00;0,00;2,27;1,46;1,53;0,00;0,00;0,00;0,00;0,00;0,00;1,10;1,05;0,00;0,00;0,00;0,00;0,00;0,00;0,00;0,00;1,27;1,33;0,00;0,00;0,00;0,00;0,00;0,00;0,00;0,00
6,16;6,11;6,40;5,98;5,82;5,72;4,79;4,60;4,89;6,22;6,21;6,02;4,80;5,26;5,40;1,02;1,54;1,63;5,23;5,88;5,36;4,81;0,91;0,00;1,47;0,00;0,00;0,00;0,00;0,00;0,00;0,00;0,00;0,00;0,00;3,72;2,60;0,00
0,00;0,00;0,00;0,00;0,00;0,00;0,89;1,92;0,90;0,00;0,00;0,00;0,00;0,00;0,00;1,02;0,00;0,00;0,00;0,00;0,00;0,00;0,00;0,00;0,00;0,00;0,00;0,00;0,00;0,00;0,00;0,00;0,00;0,00;0,00;0,00;0,00;0,00
0,00;0,00;0,00;0,00;0,00;0,00;0,00;0,00;0,00;0,00;0,00;0,00;0,00;0,00;0,00;0,00;0,00;0,00;0,00;0,00;0,00;0,00;0,00;0,00;0,00;0,00;5,05;5,56;5,28;5,17;0,00;0,00;0,00;0,00;0,00;0,00;0,00;0,00
0,00;0,00;0,00;0,00;0,00;0,00;0,00;0,00;0,00;0,00;0,00;0,00;0,00;0,00;0,00;0,00;0,00;0,00;0,00;0,00;0,00;0,00;0,00;0,00;0,00;0,00;3,41;3,40;3,01;2,82;0,00;0,00;0,00;0,00;0,00;0,00;0,00;0,00
0,00;0,00;0,86;0,00;0,00;0,00;0,89;0,00;0,90;0,97;0,90;0,00;0,97;0,00;0,00;0,00;0,00;0,00;0,00;0,00;0,00;0,00;0,00;0,00;0,00;0,00;2,07;2,88;3,01;2,47;0,00;0,00;0,00;0,00;0,00;0,00;0,00;0,00
3,16;3,10;0,86;0,00;0,00;0,00;0,00;0,00;0,00;2,53;0,90;1,53;0,00;0,00;0,00;0,00;0,00;0,00;0,00;0,00;0,00;1,23;0,00;0,00;0,00;0,00;6,28;6,42;6,32;6,40;4,71;2,07;3,31;2,73;0,00;0,00;0,00;0,00
0,00;0,00;0,00;0,00;0,00;0,00;1,84;1,52;0,90;0,00;0,90;0,96;4,11;4,22;4,18;4,50;4,25;4,77;0,00;0,00;0,00;0,00;4,72;4,73;4,64;5,36;0,00;0,00;0,00;0,00;0,00;0,00;0,00;0,00;0,00;0,00;0,00;0,00
0,00;0,00;0,00;0,00;0,00;0,00;0,89;0,00;0,90;0,00;0,00;0,96;2,95;3,21;3,18;3,95;3,63;3,87;0,00;0,00;0,00;0,00;4,28;4,01;4,01;4,52;0,00;0,00;0,00;0,00;0,00;0,00;0,00;0,00;0,00;0,00;0,00;0,00
2,99;2,93;1,40;0,97;0,97;0,92;2,62;2,72;0,90;0,97;0,00;0,96;0,97;1,03;1,59;3,04;2,74;2,87;0,00;0,00;0,00;0,00;1,86;2,52;2,66;3,46;4,65;4,33;4,72;4,75;3,39;2,07;3,31;3,24;0,00;0,00;0,00;0,00
1,00;0,96;0,86;0,97;1,54;0,92;2,62;3,08;2,16;0,97;0,90;1,93;1,55;2,36;2,01;4,13;3,84;3,87;0,00;0,00;0,00;0,00;3,99;3,51;3,65;4,17;4,74;4,44;4,37;4,27;2,05;2,07;2,80;2,73;0,00;0,00;0,00;0,00
1,00;0,00;0,00;0,00;0,00;0,00;0,00;0,00;0,00;0,00;0,00;0,00;0,00;0,00;0,00;0,00;0,00;0,00;0,00;0,00;0,00;0,00;0,00;0,00;0,00;0,00;2,89;3,40;3,01;2,82;0,00;0,00;0,00;0,00;0,00;0,00;0,00;0,00
0,00;0,96;0,00;2,27;2,95;3,55;3,96;3,81;3,98;3,11;3,72;4,00;4,40;4,80;4,71;5,09;5,06;5,16;0,00;1,65;1,17;1,89;4,98;5,05;5,08;4,09;0,00;0,00;1,27;0,00;0,00;0,00;1,99;2,73;0,00;0,00;0,00;0,00
0,00;0,00;0,00;0,97;0,97;1,88;3,61;3,90;3,98;0,97;1,85;2,25;0,97;2,04;1,59;3,62;3,52;3,52;0,00;0,00;0,00;0,00;3,91;4,01;4,01;3,70;0,00;0,00;0,00;1,33;0,00;0,00;0,00;0,00;0,00;0,00;0,00;0,00
2,80;2,52;2,35;3,74;3,85;3,85;4,18;3,99;4,27;3,75;3,72;4,00;3,94;3,75;3,71;4,13;4,10;3,97;3,76;3,79;3,75;4,11;4,28;4,09;4,36;4,39;3,61;3,16;3,01;3,54;2,87;2,07;3,99;3,62;3,58;0,00;2,60;0,00
4,08;4,10;4,12;3,74;3,27;3,18;3,80;3,81;3,90;5,02;4,71;4,67;3,85;3,95;3,91;3,21;1,94;2,64;4,18;4,74;4,11;4,50;1,46;1,94;1,87;0,00;2,54;2,53;2,73;2,47;0,00;0,00;0,00;0,00;0,00;0,00;0,00;0,00
1,99;1,53;2,35;0,97;0,97;1,48;3,39;3,71;4,06;1,54;2,16;1,93;0,97;0,00;1,00;1,02;0,96;1,04;0,00;0,00;0,00;1,89;1,46;1,53;2,19;2,81;0,00;0,00;0,00;0,00;0,00;0,00;0,00;0,00;0,00;0,00;0,00;0,00
3,32;3,10;3,64;2,75;2,27;2,86;1,84;2,24;2,99;2,75;2,83;2,92;0,00;0,00;1,00;0,00;0,00;0,00;1,71;2,67;0,00;2,96;0,00;0,96;0,00;0,00;0,00;0,00;0,00;0,00;0,00;0,00;0,00;0,00;0,00;0,00;0,00;0,00
1,99;1,53;1,79;0,00;0,00;0,00;0,00;0,00;0,00;1,54;1,85;1,53;0,00;0,00;0,00;0,00;0,00;0,00;0,00;0,00;0,00;0,00;0,00;0,00;0,00;0,00;0,00;1,37;1,27;1,33;0,00;0,00;0,00;0,00;0,00;0,00;0,00;0,00
0,00;0,00;0,00;0,00;0,00;0,00;0,00;0,00;0,00;0,97;1,46;0,00;0,00;0,00;0,00;0,00;0,00;0,00;0,00;0,00;0,00;0,00;0,00;0,00;0,00;0,00;0,00;0,00;1,27;0,00;0,00;0,00;0,00;0,00;0,00;0,00;0,00;0,00
3,80;3,73;2,92;2,75;2,75;3,31;4,38;4,76;4,56;4,02;3,81;4,16;4,75;4,91;4,76;4,95;5,25;5,32;2,97;3,26;3,75;2,34;4,77;4,87;5,04;4,25;5,80;5,56;5,77;5,72;4,88;2,07;3,69;4,37;2,70;0,00;4,72;2,60
0,00;0,00;1,79;0,00;0,00;0,00;0,00;0,00;0,90;0,00;0,00;0,00;0,00;0,00;0,00;0,00;0,00;0,00;0,00;0,00;0,00;0,00;0,00;0,96;0,92;1,00;0,00;0,00;0,00;0,00;0,00;0,00;0,00;0,00;0,00;0,00;0,00;0,00
3,32;3,51;2,57;0,00;0,00;0,00;1,44;1,92;1,45;2,53;1,85;2,25;0,00;0,00;0,00;0,00;0,00;0,00;0,00;0,00;1,17;2,68;1,46;1,53;1,47;2,00;5,36;5,23;5,06;5,44;5,59;5,70;5,31;5,00;2,70;0,00;0,00;0,00
2,99;2,52;2,10;2,75;3,27;1,48;1,84;2,24;0,00;0,00;0,00;0,00;0,00;0,00;0,00;0,00;0,00;0,00;0,00;0,00;0,00;0,00;0,00;0,00;0,00;0,00;0,00;0,00;0,00;0,00;0,00;0,00;0,00;0,00;0,00;0,00;0,00;0,00
1,58;1,94;0,00;0,00;0,00;0,00;0,00;0,00;0,00;0,00;0,00;0,00;0,00;0,00;0,00;0,00;0,00;0,00;0,00;0,00;0,00;0,00;0,00;0,00;0,00;0,00;0,00;0,00;0,00;0,00;0,00;0,00;0,00;0,00;0,00;0,00;0,00;0,00
2,80;3,10;3,33;1,54;1,54;2,86;1,44;2,24;3,40;0,00;0,00;0,00;0,00;0,00;0,00;0,00;0,00;0,00;0,00;0,00;0,00;0,00;0,00;0,00;0,00;0,00;0,00;0,00;0,00;0,00;0,00;0,00;0,00;0,00;0,00;0,00;0,00;0,00
3,58;3,39;3,33;0,00;0,00;2,45;4,60;4,60;5,30;3,11;3,62;3,92;1,55;2,04;1,00;5,77;5,79;5,39;1,71;2,67;2,25;1,89;8,77;9,18;8,99;5,78;5,80;5,51;5,39;5,44;5,39;5,18;4,94;5,12;4,52;4,98;4,41;4,72
1,58;2,26;1,79;0,00;0,00;0,92;2,98;3,37;3,90;1,54;2,42;2,73;0,00;0,00;0,00;3,36;3,39;3,06;0,00;0,00;0,00;0,00;3,99;4,44;4,23;4,32;3,95;4,08;4,04;4,15;0,00;0,00;1,99;0,00;0,00;0,00;0,00;0,00
0,00;0,00;0,00;0,00;0,97;2,19;3,13;2,91;2,83;0,00;0,90;2,25;3,75;4,05;3,71;4,43;4,02;4,15;0,00;0,00;0,00;0,00;4,34;4,17;4,36;4,58;0,00;0,00;0,00;0,00;0,00;0,00;0,00;0,00;0,00;0,00;0,00;0,00
1,00;0,00;0,00;0,00;0,00;0,00;0,89;0,95;0,00;0,97;0,00;0,96;0,00;0,00;0,00;0,00;0,00;0,00;0,00;0,00;0,00;0,00;0,00;0,00;0,00;0,00;5,05;5,17;5,18;4,97;3,39;2,07;2,80;2,73;0,00;0,00;0,00;0,00
3,16;2,93;2,35;0,00;0,00;0,00;0,00;0,00;0,00;1,95;0,00;0,96;0,00;0,00;0,00;0,00;0,00;0,00;0,00;0,00;0,00;0,00;1,46;0,00;0,00;0,00;3,17;3,78;2,73;3,34;0,00;0,00;0,00;2,73;0,00;0,00;0,00;0,00
1,58;1,53;2,35;0,00;0,00;0,00;2,15;1,92;1,85;0,97;0,00;0,00;0,00;0,00;0,00;0,00;0,00;0,00;0,00;0,00;0,00;0,00;0,00;0,00;0,00;0,00;2,07;1,37;1,27;2,01;2,05;0,00;3,69;4,16;4,52;0,00;0,00;0,00
0,00;0,00;0,00;0,00;0,00;0,00;0,00;0,00;0,00;0,00;0,00;0,00;0,00;0,00;0,00;0,00;0,00;0,00;0,00;0,00;0,00;0,00;0,00;0,00;0,00;0,00;0,00;0,00;0,00;0,00;0,00;0,00;0,00;0,00;0,00;0,00;0,00;0,00
2,80;3,25;2,35;0,00;0,00;0,00;0,00;0,00;0,00;2,94;1,46;2,73;0,00;0,00;0,00;0,00;0,00;0,00;0,00;0,00;0,00;0,00;0,00;0,00;0,00;0,00;6,16;6,27;6,21;6,08;4,53;0,00;3,31;3,24;0,00;0,00;0,00;0,00
3,80;3,25;2,10;0,00;0,00;0,00;0,00;0,00;0,00;0,97;0,00;0,96;0,00;0,00;0,00;0,00;0,00;0,00;0,00;0,00;0,00;0,00;0,00;0,00;0,00;0,00;4,65;4,97;5,12;4,75;2,87;0,00;1,99;1,93;0,00;0,00;0,00;0,00
4,32;4,32;4,12;2,94;3,11;0,92;0,00;0,00;0,00;4,02;3,62;2,92;0,00;1,03;1,00;0,00;0,00;0,00;1,10;2,08;1,81;0,00;0,00;0,96;0,92;0,00;0,00;0,00;0,00;0,00;0,00;0,00;0,00;0,00;0,00;0,00;0,00;0,00
3,69;3,73;4,05;3,40;3,11;2,19;0,89;1,52;0,90;3,26;3,40;3,09;0,00;1,62;1,00;0,00;0,00;0,00;0,00;2,08;1,17;2,96;0,00;0,00;0,00;0,00;0,00;0,00;0,00;0,00;0,00;0,00;0,00;0,00;0,00;0,00;0,00;0,00
8,44;8,41;8,37;8,37;8,30;7,94;6,65;6,77;6,12;8,07;8,22;7,92;6,66;6,63;7,07;2,36;2,26;2,38;7,36;7,57;7,31;7,87;2,43;2,26;2,44;2,00;5,18;5,41;5,57;5,44;0,00;0,00;0,00;0,00;0,00;0,00;0,00;0,00
6,14;6,23;4,19;7,18;7,06;6,32;5,00;5,11;3,52;0,97;0,90;0,00;0,00;1,62;1,00;0,00;0,00;0,00;0,00;1,05;0,00;0,00;0,00;0,00;0,00;0,00;0,00;0,00;0,00;0,00;0,00;0,00;0,00;0,00;0,00;0,00;0,00;0,00
0,00;0,00;0,00;0,00;0,00;0,00;0,00;0,00;0,00;1,54;1,85;1,53;0,00;0,00;0,00;0,00;0,00;0,00;0,00;0,00;0,00;0,00;0,00;0,00;0,00;0,00;0,00;0,00;0,00;0,00;0,00;0,00;0,00;0,00;0,00;0,00;0,00;0,00
0,00;0,00;0,00;3,94;4,03;4,02;3,88;4,07;4,13;2,53;2,99;3,09;2,76;3,51;3,47;2,03;2,26;3,06;0,00;2,40;1,81;2,68;1,46;2,26;2,19;2,00;0,00;0,00;0,00;0,00;0,00;0,00;0,00;0,00;0,00;0,00;0,00;0,00
0,00;0,00;0,00;0,00;0,00;0,00;0,00;0,00;0,00;0,00;0,00;0,00;0,00;0,00;0,00;0,00;0,00;0,00;0,00;0,00;0,00;0,00;0,00;0,00;0,00;0,00;0,00;0,00;0,00;0,00;0,00;0,00;0,00;0,00;0,00;0,00;0,00;0,00
0,00;0,00;0,00;0,97;0,97;3,76;0,00;0,00;0,00;4,98;3,81;4,77;6,77;6,87;6,71;2,36;1,94;2,38;6,63;6,56;6,74;7,21;0,00;0,96;0,00;2,32;0,00;0,00;0,00;0,00;4,31;6,28;6,18;7,31;7,89;6,79;5,19;6,36
1,00;0,96;0,86;0,00;0,00;0,00;0,89;0,00;0,90;0,97;0,00;0,00;0,00;0,00;0,00;0,00;0,00;0,00;0,00;0,00;0,00;0,00;0,00;0,00;0,00;0,00;1,38;2,06;2,38;2,82;0,00;0,00;0,00;0,00;0,00;0,00;0,00;0,00
4,39;4,32;4,48;1,95;1,54;2,67;0,00;0,00;1,45;3,26;3,14;2,51;1,55;1,62;1,00;0,00;0,00;0,00;0,00;1,05;0,00;1,23;0,00;0,00;0,00;0,00;5,30;5,35;5,12;5,54;2,05;0,00;0,00;0,00;0,00;0,00;0,00;0,00
0,00;0,00;0,00;0,00;0,00;0,00;0,00;0,95;0,00;0,97;0,90;1,53;2,95;2,36;2,81;3,04;2,74;3,23;1,10;1,65;3,09;1,89;3,41;3,25;3,17;3,46;2,07;2,06;1,93;2,01;0,00;0,00;0,00;0,00;0,00;0,00;0,00;0,00
3,32;3,39;1,79;0,97;0,00;0,00;0,00;0,00;0,00;0,00;0,00;0,00;0,00;0,00;0,00;0,00;0,00;0,00;0,00;0,00;0,00;0,00;0,00;0,00;0,00;0,00;0,00;0,00;0,00;0,00;0,00;0,00;0,00;0,00;0,00;0,00;0,00;0,00
0,00;0,00;0,00;4,18;3,85;3,94;3,61;3,99;3,62;3,11;3,40;4,00;5,11;5,33;5,36;4,85;4,84;5,16;0,00;1,05;0,00;0,00;5,46;5,62;5,45;5,17;0,00;0,00;0,00;0,00;0,00;0,00;0,00;0,00;0,00;0,00;0,00;0,00
0,00;0,00;0,00;0,00;0,00;0,00;0,00;0,00;0,00;0,00;0,00;0,00;0,00;0,00;0,00;0,00;0,00;0,00;0,00;0,00;0,00;0,00;0,00;0,00;0,00;0,00;2,07;1,37;1,93;2,01;0,00;0,00;0,00;0,00;0,00;0,00;0,00;0,00
0,00;0,00;0,00;0,00;0,97;1,48;2,15;2,24;2,42;0,97;0,90;1,93;1,96;2,04;2,01;3,04;2,94;2,87;0,00;0,00;0,00;0,00;2,64;2,93;3,02;3,58;0,00;0,00;0,00;0,00;0,00;0,00;0,00;0,00;0,00;0,00;0,00;0,00
1,58;1,53;0,00;0,00;0,00;0,00;0,89;1,52;1,85;0,00;0,00;0,00;0,00;0,00;0,00;1,61;1,54;1,04;0,00;0,00;0,00;0,00;3,73;3,51;3,75;3,32;2,89;2,53;3,01;2,01;0,00;0,00;0,00;0,00;0,00;0,00;0,00;0,00
2,80;2,74;2,92;3,52;3,27;4,09;4,43;4,71;5,01;4,40;4,33;4,16;3,53;3,04;3,33;3,36;3,26;3,39;3,76;4,42;4,55;4,81;3,41;2,93;3,17;3,00;1,38;2,06;1,93;2,47;0,00;0,00;1,99;2,73;3,58;0,00;3,47;2,60
0,00;0,00;0,00;0,00;0,00;0,00;1,44;2,50;2,42;0,00;0,00;0,96;0,00;1,03;0,00;3,04;3,74;3,23;0,00;0,00;0,00;0,00;3,82;3,10;3,43;4,25;0,00;0,00;0,00;0,00;0,00;0,00;0,00;0,00;0,00;0,00;0,00;0,00
0,00;0,00;0,00;0,00;0,00;0,00;0,00;0,00;0,00;0,00;0,00;0,00;0,00;0,00;0,00;0,00;0,00;0,00;0,00;0,00;0,00;0,00;0,91;0,00;0,00;1,00;2,07;0,00;0,00;0,00;0,00;2,07;0,00;0,00;0,00;0,00;0,00;2,60
3,99;3,93;4,19;3,11;2,95;2,67;1,84;1,92;1,45;3,26;3,40;2,25;2,28;2,63;2,81;0,00;0,00;0,00;2,48;2,40;1,81;1,23;0,00;0,00;0,00;0,00;0,00;0,00;0,00;0,00;0,00;0,00;0,00;0,00;2,70;2,83;2,60;2,60
5,64;5,62;5,55;6,89;7,03;6,95;7,09;7,19;7,11;6,41;6,56;6,60;6,76;6,83;6,78;7,25;7,13;7,32;7,29;7,12;7,31;6,56;6,67;6,88;6,93;6,87;2,07;2,06;0,00;2,01;2,05;3,40;4,79;4,56;5,30;4,67;4,97;4,72
5,92;6,03;5,91;7,33;7,39;7,24;7,80;7,71;7,64;6,58;6,70;6,93;7,29;7,26;7,36;7,84;7,83;7,86;8,14;7,96;8,18;7,61;7,30;7,34;7,36;7,61;2,54;2,88;2,38;2,01;3,39;3,40;4,23;4,87;2,70;3,72;0,00;2,60
1,99;1,94;0,86;0,00;0,00;0,00;0,00;0,00;0,00;0,97;0,00;0,96;0,00;0,00;0,00;0,00;0,00;0,00;0,00;0,00;0,00;0,00;0,00;0,00;0,00;0,00;4,98;4,73;4,55;4,75;3,77;0,00;3,31;2,73;0,00;0,00;0,00;0,00
1,00;0,96;0,86;0,00;0,00;0,00;0,00;0,00;0,00;0,97;0,00;0,00;0,00;0,00;0,00;0,00;0,00;0,00;0,00;0,00;0,00;0,00;0,00;0,00;0,00;0,00;4,82;4,97;4,72;4,83;2,87;2,07;1,99;1,93;0,00;0,00;0,00;0,00
0,00;0,00;0,00;0,00;0,00;0,00;0,89;0,95;0,00;0,00;0,00;0,00;0,00;0,00;0,00;1,02;0,00;1,63;0,00;0,00;0,00;0,00;0,00;0,96;0,92;2,00;0,00;0,00;0,00;0,00;0,00;0,00;0,00;0,00;0,00;0,00;0,00;0,00
0,00;0,00;0,00;0,00;0,00;0,00;0,00;0,00;0,00;0,00;0,00;0,00;0,00;0,00;0,00;0,00;0,00;0,00;0,00;0,00;0,00;0,00;0,00;0,00;0,00;0,00;2,54;2,53;2,73;1,33;0,00;0,00;0,00;0,00;0,00;0,00;0,00;0,00
1,00;0,96;1,79;1,54;0,97;0,92;0,00;0,00;0,00;1,95;1,46;1,93;4,75;4,44;4,18;2,36;1,94;2,38;5,14;4,85;5,40;5,92;0,00;0,00;0,00;0,00;0,00;0,00;0,00;0,00;3,39;2,07;4,23;3,92;0,00;0,00;0,00;0,00
0,00;0,00;0,86;0,00;0,97;0,92;1,44;0,95;0,90;0,00;0,00;0,00;0,97;0,00;0,00;0,00;0,00;0,00;0,00;0,00;0,00;0,00;0,00;0,00;0,00;0,00;1,38;2,06;1,27;2,01;0,00;0,00;0,00;0,00;0,00;0,00;0,00;0,00
1,00;0,96;1,40;0,97;0,97;0,92;2,15;1,92;2,42;1,54;1,46;1,53;1,96;2,04;2,59;3,21;2,74;3,39;1,10;1,05;0,00;1,23;3,41;2,93;3,17;2,58;0,00;0,00;0,00;0,00;0,00;0,00;0,00;0,00;0,00;0,00;0,00;0,00
1,58;1,53;2,75;4,02;4,26;4,02;0,00;0,00;0,00;2,27;2,64;1,53;0,00;1,62;1,00;0,00;0,00;0,00;0,00;0,00;1,17;0,00;0,00;0,00;0,00;0,00;0,00;0,00;0,00;0,00;0,00;0,00;0,00;0,00;0,00;0,00;0,00;0,00
1,00;1,53;0,00;0,00;0,00;0,00;0,00;0,00;0,00;0,97;0,00;0,00;0,00;0,00;0,00;0,00;0,00;0,00;0,00;0,00;0,00;0,00;0,00;0,00;0,00;0,00;3,61;3,94;4,04;4,57;2,87;0,00;2,80;2,73;0,00;0,00;0,00;0,00
2,32;2,52;0,00;5,93;5,87;4,70;4,04;4,23;0,90;1,54;0,90;0,96;3,65;3,51;3,59;1,02;0,96;1,04;4,35;3,68;3,75;1,89;0,00;0,00;0,00;0,00;0,00;0,00;0,00;0,00;0,00;0,00;0,00;0,00;0,00;0,00;0,00;0,00
1,00;0,96;0,86;0,00;0,00;0,00;0,00;0,00;0,00;2,27;2,64;2,25;1,55;2,04;2,01;1,61;1,54;1,63;0,00;1,65;0,00;2,34;0,00;1,94;0,92;0,00;0,00;0,00;1,27;2,01;0,00;0,00;0,00;0,00;0,00;0,00;0,00;0,00
0,00;0,00;0,00;0,97;0,00;0,00;2,15;2,72;1,45;0,00;0,00;0,00;0,00;0,00;0,00;0,00;0,00;1,04;0,00;0,00;0,00;0,00;1,46;1,53;0,92;2,00;0,00;0,00;0,00;0,00;0,00;0,00;0,00;0,00;0,00;0,00;0,00;0,00
1,58;0,96;0,86;1,95;0,97;1,88;0,00;0,00;0,00;6,27;5,45;6,14;6,09;6,53;6,35;1,61;1,54;1,04;4,94;4,85;5,22;5,00;4,77;4,87;5,19;6,11;3,79;3,94;4,04;2,82;6,20;6,34;6,54;6,72;11,04;11,17;11,00;11,20
1,58;1,94;2,35;3,26;3,11;3,44;0,00;0,00;0,00;6,10;5,48;5,84;5,90;6,35;6,16;3,04;3,26;3,39;4,77;4,80;5,17;4,74;4,81;5,01;5,08;5,83;4,65;4,33;4,27;3,72;5,93;7,36;6,63;6,97;12,09;11,38;12,00;12,10
0,00;0,00;0,00;3,26;3,11;3,18;3,70;3,90;3,72;0,97;1,85;1,93;4,03;3,51;3,33;3,95;4,32;4,31;0,00;0,00;0,00;1,23;4,81;4,73;4,54;4,81;0,00;0,00;0,00;0,00;0,00;0,00;0,00;1,93;0,00;0,00;0,00;0,00
1,99;2,26;1,40;3,52;3,27;3,31;3,80;3,61;4,06;0,00;0,00;2,25;2,95;3,37;3,59;3,36;3,52;3,65;0,00;0,00;0,00;0,00;4,21;4,09;4,01;4,17;0,00;0,00;0,00;0,00;0,00;0,00;0,00;1,93;0,00;0,00;0,00;0,00
1,58;1,94;0,86;0,00;0,00;0,00;0,00;0,00;0,00;0,00;0,00;0,00;0,00;0,00;0,00;0,00;0,00;0,00;0,00;0,00;0,00;0,00;0,00;0,00;0,00;0,00;4,09;4,08;3,77;3,88;2,05;0,00;1,99;1,93;0,00;0,00;0,00;0,00
2,32;2,26;2,10;1,95;1,54;1,88;2,81;2,91;2,99;1,54;1,46;2,25;0,00;0,00;0,00;2,36;1,94;2,05;1,10;1,65;0,00;0,00;1,86;2,74;2,44;2,32;0,00;0,00;0,00;0,00;0,00;0,00;0,00;0,00;0,00;0,00;0,00;0,00
1,00;0,96;1,79;1,54;1,95;1,48;2,62;2,50;2,83;0,00;0,90;0,96;0,00;0,00;0,00;2,03;2,26;2,38;0,00;0,00;0,00;0,00;1,86;2,26;2,85;0,00;0,00;0,00;0,00;0,00;0,00;0,00;0,00;0,00;0,00;0,00;0,00;0,00
3,80;3,63;4,05;3,84;3,64;3,85;3,96;3,71;4,20;3,11;2,99;3,24;3,85;4,05;4,01;3,95;3,63;4,24;2,15;2,40;1,81;2,68;4,21;4,01;4,09;3,46;0,00;2,06;1,93;1,33;0,00;0,00;0,00;0,00;0,00;0,00;0,00;0,00
2,32;2,26;3,07;4,18;3,85;3,76;4,25;4,36;3,28;5,98;5,95;5,80;5,82;5,78;5,84;5,87;5,73;5,80;5,19;5,93;4,89;5,95;4,98;5,24;5,23;2,58;2,07;1,37;2,73;2,47;4,07;0,00;0,00;0,00;0,00;0,00;0,00;0,00
1,00;1,94;1,40;0,00;0,00;0,92;0,00;0,00;0,00;1,95;0,90;1,53;0,00;0,00;1,00;0,00;0,00;0,00;0,00;1,05;0,00;0,00;0,00;0,00;0,00;0,00;0,00;1,37;1,27;0,00;0,00;0,00;0,00;0,00;0,00;0,00;0,00;0,00
0,00;0,00;0,86;0,00;1,54;0,00;0,00;0,00;0,00;0,00;0,00;0,00;0,00;0,00;0,00;0,00;0,00;0,00;0,00;0,00;0,00;0,00;0,00;0,00;0,00;0,00;0,00;0,00;0,00;0,00;0,00;0,00;0,00;0,00;0,00;0,00;0,00;0,00
2,99;3,39;4,12;1,95;1,95;2,45;1,44;1,92;2,83;2,94;3,40;2,92;1,55;1,62;1,59;1,02;0,96;1,63;2,15;2,67;1,17;2,34;0,00;0,96;0,00;0,00;0,00;0,00;0,00;0,00;0,00;0,00;0,00;0,00;0,00;0,00;0,00;0,00
1,58;1,53;2,92;0,00;0,00;0,00;0,00;0,00;0,00;3,40;3,52;3,24;1,55;0,00;1,00;0,00;0,00;0,00;2,15;2,67;1,81;2,34;0,00;0,00;0,00;0,00;0,00;0,00;1,27;0,00;0,00;0,00;0,00;0,00;0,00;0,00;0,00;0,00
0,00;0,00;0,00;0,00;0,00;0,00;2,98;3,23;3,28;0,00;0,00;0,00;0,00;0,00;0,00;3,36;3,52;3,39;0,00;0,00;0,00;0,00;3,63;3,38;3,43;3,58;0,00;0,00;0,00;0,00;0,00;0,00;0,00;0,00;0,00;0,00;0,00;0,00
0,00;0,00;0,00;3,11;3,40;3,18;3,61;3,61;2,99;0,00;0,00;2,51;3,75;4,13;3,59;4,04;4,32;4,15;0,00;0,00;0,00;0,00;4,57;4,50;4,59;4,86;0,00;0,00;0,00;0,00;0,00;0,00;0,00;2,73;0,00;2,83;2,60;0,00
2,58;2,52;2,75;1,95;2,27;2,19;4,25;3,99;3,62;0,00;0,00;1,53;1,55;1,62;1,00;3,04;3,26;3,39;2,75;1,65;1,17;2,34;3,52;3,51;3,43;3,70;2,07;0,00;1,93;1,33;2,05;2,89;3,31;2,73;3,58;0,00;2,60;2,60
0,00;0,96;0,00;0,97;0,97;0,00;3,39;3,23;2,83;0,00;0,00;0,00;0,00;0,00;0,00;0,00;0,00;1,04;0,00;0,00;0,00;0,00;2,64;1,94;1,47;2,58;0,00;0,00;0,00;0,00;0,00;2,89;3,99;3,62;0,00;0,00;0,00;0,00
2,32;2,26;2,35;3,40;3,64;2,86;4,83;5,11;4,56;1,54;2,42;3,38;2,95;3,04;3,18;4,56;4,51;4,53;0,00;0,00;0,00;0,00;4,90;4,87;4,79;5,29;1,38;0,00;1,27;0,00;0,00;0,00;3,69;4,37;3,58;0,00;0,00;0,00
6,14;6,05;6,08;6,02;5,92;5,48;5,85;5,65;5,48;5,84;5,76;5,80;6,25;6,07;6,35;5,87;5,86;6,05;5,19;5,62;5,22;5,47;5,81;6,07;6,04;3,91;1,38;1,37;1,27;2,01;0,00;0,00;0,00;0,00;0,00;0,00;0,00;0,00
6,92;7,03;7,70;6,56;6,61;6,38;6,28;6,07;6,18;8,22;8,58;8,08;6,25;6,41;6,42;6,29;6,08;5,98;6,49;7,17;6,34;6,97;4,67;4,96;4,88;4,00;5,30;5,56;5,39;5,34;5,02;2,89;4,79;3,92;2,70;0,00;2,60;0,00
0,00;0,00;1,40;0,00;0,00;0,00;0,00;0,00;0,00;0,00;0,00;0,00;0,97;0,00;0,00;0,00;0,00;0,00;0,00;0,00;0,00;0,00;0,00;0,00;0,00;0,00;0,00;0,00;0,00;0,00;0,00;0,00;0,00;0,00;0,00;0,00;0,00;0,00
5,16;5,25;5,42;5,46;5,26;5,20;4,96;4,76;4,81;4,89;5,02;4,91;4,40;4,22;4,18;3,62;3,52;3,65;4,50;4,74;4,30;4,94;2,43;2,93;3,02;1,00;2,07;2,06;1,93;2,47;0,00;0,00;0,00;0,00;0,00;0,00;0,00;0,00
4,69;4,45;4,93;4,74;4,64;4,89;3,13;3,23;3,98;4,98;4,98;4,77;3,65;4,30;4,33;1,61;1,54;2,64;3,17;4,49;1,81;4,50;0,00;0,00;0,00;0,00;1,38;1,37;2,38;1,33;0,00;0,00;0,00;0,00;0,00;0,00;0,00;0,00
3,16;2,74;0,00;4,74;4,94;1,88;5,14;5,19;3,14;0,00;0,90;0,96;0,00;0,00;0,00;1,61;1,54;1,63;0,00;0,00;0,00;0,00;1,46;1,53;1,47;2,58;0,00;0,00;0,00;0,00;0,00;0,00;0,00;0,00;0,00;0,00;0,00;0,00
3,80;3,63;2,57;3,84;4,03;3,31;3,96;3,90;3,28;0,00;0,00;0,00;0,00;0,00;0,00;0,00;0,00;0,00;0,00;0,00;0,00;0,00;0,00;0,00;0,00;0,00;0,00;0,00;0,00;0,00;0,00;0,00;0,00;0,00;0,00;0,00;0,00;0,00
0,00;0,00;0,00;0,00;0,00;1,88;2,81;2,50;3,52;0,00;0,00;0,00;2,54;2,04;2,01;3,04;3,10;3,23;0,00;0,00;0,00;0,00;4,28;3,92;3,93;4,39;0,00;0,00;0,00;0,00;0,00;0,00;0,00;0,00;0,00;0,00;0,00;0,00
0,00;0,00;0,00;0,00;0,00;0,00;0,89;0,95;0,90;0,00;0,00;0,00;0,00;0,00;0,00;1,02;0,96;1,04;0,00;0,00;0,00;0,00;0,91;0,96;1,47;1,00;0,00;0,00;0,00;0,00;0,00;0,00;0,00;0,00;0,00;0,00;0,00;0,00
0,00;0,00;1,40;3,84;3,64;4,09;4,04;3,90;4,51;1,54;1,85;1,93;3,65;3,85;3,91;3,62;3,63;3,97;0,00;0,00;0,00;0,00;3,82;4,31;4,16;3,70;0,00;0,00;0,00;0,00;0,00;0,00;0,00;0,00;0,00;0,00;0,00;0,00
0,00;0,00;0,86;0,00;0,00;0,92;0,00;0,00;0,00;0,00;0,90;0,96;0,00;1,03;1,00;0,00;0,96;1,04;0,00;0,00;0,00;0,00;1,46;0,96;1,47;0,00;0,00;0,00;0,00;0,00;0,00;0,00;0,00;0,00;0,00;0,00;0,00;0,00
5,28;5,21;5,25;3,26;3,27;2,45;0,00;0,00;0,00;6,31;6,46;6,14;4,03;4,51;4,96;0,00;0,00;0,00;4,64;5,27;3,61;5,23;0,00;0,00;0,00;0,00;0,00;0,00;0,00;0,00;0,00;0,00;0,00;0,00;0,00;0,00;0,00;0,00
3,58;3,63;2,75;4,26;4,58;5,05;5,99;5,94;5,82;3,26;4,39;4,67;4,70;4,80;4,86;6,17;6,10;6,20;0,00;2,40;0,00;2,34;6,24;6,11;6,08;6,41;5,66;5,56;5,43;5,80;4,07;0,00;4,45;4,72;2,70;0,00;2,60;0,00
1,00;0,96;0,00;0,00;0,00;0,00;0,00;0,00;0,00;0,00;0,00;0,00;0,00;0,00;0,00;0,00;0,00;0,00;0,00;0,00;0,00;0,00;0,00;0,00;0,00;0,00;3,17;3,40;3,77;3,54;2,05;0,00;1,99;1,93;0,00;0,00;0,00;0,00
0,00;0,00;0,86;0,97;0,00;0,92;0,00;0,95;0,00;1,54;1,85;0,00;0,00;0,00;0,00;0,00;0,00;0,00;0,00;0,00;0,00;0,00;0,00;0,00;0,00;0,00;0,00;0,00;0,00;0,00;0,00;0,00;0,00;0,00;0,00;0,00;0,00;0,00
0,00;0,00;0,00;0,00;0,00;0,00;0,00;0,95;1,85;0,00;0,00;0,00;0,00;0,00;0,00;0,00;0,00;0,00;0,00;0,00;0,00;0,00;0,00;0,00;0,00;0,00;0,00;0,00;0,00;0,00;0,00;0,00;0,00;0,00;0,00;0,00;0,00;0,00
5,16;4,88;5,25;5,26;5,11;5,13;3,39;3,81;4,06;5,39;5,59;5,34;4,70;4,75;5,01;1,02;0,00;1,04;4,43;4,90;4,21;5,23;0,00;2,52;1,87;0,00;0,00;0,00;1,27;1,33;0,00;0,00;0,00;0,00;0,00;0,00;0,00;0,00
3,16;3,73;2,92;5,29;5,43;5,65;6,32;6,27;6,51;4,40;5,05;5,20;6,05;5,96;6,01;6,47;6,82;6,56;4,77;4,62;4,89;4,66;7,60;7,07;7,16;7,41;4,34;4,08;4,04;3,88;6,26;6,28;6,29;6,27;6,99;7,43;6,99;6,81
0,00;0,00;0,00;0,00;0,97;0,00;0,89;0,95;0,90;0,00;0,90;0,96;1,55;1,03;1,59;1,02;0,96;0,00;0,00;0,00;0,00;1,23;0,00;1,53;0,92;0,00;0,00;0,00;0,00;0,00;0,00;0,00;0,00;0,00;0,00;0,00;0,00;0,00
1,58;0,96;1,40;1,54;1,54;0,00;0,00;0,00;0,00;1,95;0,90;0,96;0,00;0,00;0,00;0,00;0,00;0,00;0,00;0,00;1,17;1,23;0,00;0,00;0,00;0,00;0,00;0,00;0,00;0,00;0,00;0,00;0,00;0,00;0,00;0,00;0,00;0,00
2,80;2,74;2,10;0,00;0,00;0,00;0,00;0,00;0,00;2,27;1,46;1,93;0,00;0,00;0,00;0,00;0,00;0,00;0,00;0,00;0,00;0,00;0,00;0,00;0,92;0,00;5,30;5,35;5,18;5,23;4,31;2,07;1,99;1,93;0,00;0,00;0,00;0,00
1,00;0,96;0,86;0,00;0,97;0,92;1,44;1,52;1,45;0,97;1,46;0,96;0,97;0,00;0,00;0,00;0,00;0,00;0,00;0,00;0,00;0,00;0,00;0,00;0,00;0,00;0,00;0,00;0,00;0,00;0,00;0,00;0,00;0,00;0,00;0,00;0,00;0,00
0,00;0,00;0,00;0,00;0,00;0,00;0,00;0,00;0,00;0,00;0,00;0,00;0,00;0,00;0,00;0,00;0,00;0,00;0,00;0,00;0,00;0,00;0,00;0,00;0,00;0,00;1,38;2,53;2,38;2,01;3,39;0,00;2,80;2,73;0,00;0,00;0,00;0,00
3,69;3,51;3,82;4,26;4,03;4,02;3,96;4,23;3,90;0,00;0,00;0,00;0,00;1,62;1,59;2,36;1,94;2,38;0,00;0,00;0,00;0,00;2,43;2,74;3,02;2,32;0,00;0,00;0,00;0,00;0,00;0,00;0,00;0,00;0,00;0,00;0,00;0,00
3,58;3,83;4,25;4,02;3,75;4,17;4,11;3,90;3,98;4,33;3,98;4,00;4,75;4,63;4,71;4,74;4,74;4,77;3,88;4,00;4,00;3,86;4,62;4,96;4,69;4,75;0,00;0,00;0,00;0,00;2,87;0,00;1,99;0,00;2,70;0,00;0,00;0,00
0,00;0,96;0,00;0,97;0,00;0,00;0,89;1,52;0,90;0,00;0,00;0,00;0,00;0,00;0,00;0,00;0,00;0,00;0,00;0,00;0,00;0,00;0,00;0,00;0,00;0,00;0,00;0,00;0,00;0,00;0,00;0,00;0,00;0,00;0,00;0,00;0,00;0,00
3,16;3,25;3,20;4,26;4,40;4,84;4,38;4,66;4,56;1,95;0,00;1,93;1,55;1,62;1,00;1,61;0,96;1,63;1,71;2,08;2,58;3,19;1,86;1,53;1,87;2,81;1,38;2,06;1,93;2,82;3,39;2,89;4,23;5,00;5,08;2,83;5,19;3,48
0,00;0,00;1,40;0,00;0,97;0,00;1,44;0,95;1,45;0,97;0,90;0,00;0,00;0,00;0,00;0,00;0,00;0,00;0,00;0,00;0,00;0,00;0,00;0,00;0,00;0,00;0,00;0,00;0,00;0,00;0,00;0,00;0,00;0,00;0,00;0,00;0,00;0,00
0,00;0,00;0,00;0,97;0,97;1,48;2,15;2,72;3,52;0,00;2,16;1,93;0,97;0,00;1,00;2,84;2,74;2,87;0,00;1,05;0,00;1,23;2,83;3,51;3,30;2,32;2,07;2,06;1,27;2,01;0,00;0,00;0,00;0,00;0,00;0,00;0,00;0,00
0,00;0,00;0,00;0,00;0,00;0,00;3,70;3,71;3,62;0,00;0,00;1,53;0,00;0,00;0,00;4,04;3,93;3,97;0,00;0,00;0,00;0,00;4,34;4,24;3,93;4,58;1,38;1,37;0,00;0,00;0,00;0,00;0,00;0,00;0,00;0,00;0,00;0,00
0,00;0,00;0,00;0,97;0,97;0,00;0,89;1,52;1,85;0,97;0,00;0,00;0,00;0,00;0,00;0,00;0,00;0,00;0,00;0,00;0,00;0,00;0,91;0,96;0,92;0,00;0,00;0,00;0,00;0,00;0,00;0,00;0,00;0,00;0,00;0,00;0,00;0,00
0,00;0,00;0,86;3,84;3,94;3,94;0,00;0,00;0,00;4,46;3,90;4,16;5,94;6,03;5,98;3,50;3,74;3,65;1,71;3,09;0,00;2,34;4,67;5,05;5,08;5,43;0,00;0,00;0,00;0,00;0,00;0,00;0,00;0,00;0,00;0,00;0,00;0,00
1,58;1,94;2,57;3,11;2,75;4,09;0,00;0,00;0,90;3,64;3,28;3,72;5,23;5,14;5,05;2,03;1,94;2,05;2,48;2,89;0,00;1,23;3,41;3,51;4,23;4,25;0,00;0,00;1,27;1,33;0,00;0,00;0,00;0,00;0,00;0,00;0,00;0,00
0,00;0,00;0,00;0,00;0,00;0,00;1,84;2,50;0,90;0,00;0,00;0,00;0,00;0,00;0,00;1,61;1,54;1,63;1,10;1,05;1,17;1,23;1,46;0,96;1,47;1,00;0,00;0,00;0,00;0,00;0,00;0,00;0,00;0,00;0,00;0,00;0,00;0,00
0,00;0,00;0,00;0,97;1,54;0,00;0,89;1,52;0,90;1,95;1,46;1,93;0,97;0,00;1,00;0,00;0,00;0,00;0,00;0,00;0,00;0,00;0,00;0,00;0,00;0,00;0,00;0,00;0,00;0,00;0,00;0,00;0,00;0,00;0,00;0,00;0,00;0,00
2,58;2,52;3,07;1,95;0,97;2,19;1,84;1,52;2,64;2,94;2,42;2,51;1,55;0,00;0,00;0,00;0,00;0,00;1,10;1,65;1,17;2,34;0,00;0,00;0,00;0,00;0,00;0,00;0,00;0,00;0,00;0,00;0,00;0,00;0,00;0,00;0,00;0,00
5,12;5,25;5,34;4,74;4,69;4,70;3,80;3,81;3,90;4,79;4,67;4,31;1,55;2,04;2,59;0,00;0,00;0,00;1,10;2,89;0,00;3,19;0,00;0,00;0,00;0,00;0,00;0,00;0,00;0,00;0,00;0,00;0,00;0,00;0,00;0,00;0,00;0,00
2,58;2,74;2,10;0,00;0,00;0,00;0,00;0,00;0,00;1,95;0,00;0,00;0,00;0,00;0,00;0,00;0,00;0,00;0,00;0,00;0,00;0,00;0,00;0,00;0,00;0,00;4,55;4,73;4,47;4,66;3,39;0,00;2,80;2,73;0,00;0,00;0,00;0,00
1,58;1,94;0,00;0,00;0,00;0,00;0,00;0,00;0,00;0,97;0,00;0,00;0,00;0,00;0,00;0,00;0,00;0,00;0,00;0,00;0,00;0,00;0,00;0,00;0,00;0,00;3,95;3,94;4,16;4,02;2,05;0,00;1,99;0,00;0,00;0,00;0,00;0,00
0,00;0,00;0,00;0,00;0,00;0,00;0,00;0,00;0,00;0,00;0,00;0,00;0,00;0,00;0,00;0,00;0,00;0,00;0,00;0,00;0,00;0,00;0,00;0,00;0,00;0,00;3,95;3,78;4,16;3,88;2,05;0,00;0,00;0,00;0,00;0,00;0,00;0,00
3,32;3,25;2,10;0,00;0,00;0,00;0,00;0,00;0,00;2,53;1,46;1,53;0,00;0,00;0,00;0,00;0,00;0,00;0,00;0,00;0,00;0,00;0,00;0,00;0,00;0,00;5,52;5,35;5,34;5,68;4,07;0,00;2,80;2,73;0,00;0,00;0,00;0,00
2,32;2,26;1,40;0,00;0,00;0,00;0,00;0,00;0,00;0,97;0,00;0,96;0,00;0,00;0,00;0,00;0,00;0,00;0,00;0,00;0,00;1,23;0,00;0,00;0,00;0,00;4,65;4,54;4,37;4,83;2,87;0,00;1,99;0,00;0,00;0,00;0,00;0,00
1,00;0,00;0,00;0,00;0,00;0,00;0,00;0,00;0,00;0,00;0,00;0,00;0,00;0,00;0,00;0,00;0,00;0,00;0,00;0,00;0,00;0,00;0,00;0,00;0,00;0,00;3,17;3,78;3,24;3,10;2,05;0,00;0,00;0,00;0,00;0,00;0,00;0,00
3,16;2,93;2,75;0,00;0,00;0,00;0,00;0,00;0,00;2,75;1,85;2,73;0,00;0,00;0,00;0,00;0,00;0,00;0,00;1,05;0,00;1,23;0,00;0,00;0,00;0,00;5,66;5,74;5,69;6,02;4,71;0,00;3,69;3,24;0,00;0,00;0,00;0,00
3,99;3,83;2,92;1,54;1,54;0,92;0,00;0,00;0,00;2,94;2,16;2,51;0,00;0,00;0,00;0,00;0,00;0,00;0,00;0,00;1,17;1,89;0,00;0,00;0,00;0,00;5,52;5,61;5,48;5,44;5,39;2,89;4,45;4,37;0,00;0,00;0,00;0,00
3,80;3,73;2,92;0,00;0,00;0,00;0,00;0,00;0,00;2,27;0,90;2,25;0,00;0,00;0,00;0,00;0,00;0,00;0,00;0,00;0,00;1,23;0,00;0,00;0,00;0,00;4,90;4,97;4,93;4,97;4,31;2,07;3,31;3,24;0,00;0,00;0,00;0,00
3,90;3,63;3,20;2,94;2,27;0,00;0,89;0,00;0,00;1,95;2,83;0,96;0,00;0,00;0,00;0,00;0,00;0,00;0,00;0,00;0,00;0,00;0,00;0,00;0,00;0,00;0,00;0,00;0,00;0,00;0,00;0,00;0,00;0,00;0,00;0,00;0,00;0,00
1,00;0,96;0,00;0,00;0,00;0,00;0,00;0,00;0,00;0,00;0,00;0,00;0,00;0,00;0,00;0,00;0,00;0,00;0,00;0,00;0,00;0,00;0,00;0,00;0,00;0,00;2,07;2,06;1,93;1,33;0,00;0,00;0,00;0,00;0,00;0,00;0,00;0,00
1,00;0,96;2,57;0,00;0,00;0,00;0,00;0,00;0,00;0,00;0,00;0,00;0,00;0,00;0,00;0,00;0,00;0,00;0,00;0,00;0,00;0,00;0,00;0,00;0,00;0,00;0,00;0,00;0,00;0,00;0,00;0,00;0,00;0,00;0,00;0,00;0,00;0,00
0,00;0,00;0,00;4,26;4,33;4,30;3,88;4,15;3,40;2,94;2,83;3,50;5,19;5,26;5,09;4,99;4,93;5,11;0,00;0,00;0,00;0,00;5,24;5,01;5,16;5,32;1,38;0,00;0,00;0,00;0,00;0,00;0,00;2,73;0,00;0,00;0,00;0,00
1,00;0,00;1,79;0,97;0,97;1,48;1,44;2,24;2,16;2,53;2,42;2,25;0,97;1,03;1,00;0,00;0,00;1,04;1,10;1,65;1,81;2,34;0,91;0,96;0,92;0,00;0,00;0,00;0,00;1,33;0,00;0,00;0,00;0,00;0,00;0,00;0,00;0,00
0,00;0,00;0,00;1,54;2,75;3,03;2,62;2,91;2,64;0,00;0,00;0,00;0,00;0,00;0,00;2,36;1,94;2,38;0,00;0,00;0,00;0,00;2,17;2,52;2,44;2,32;0,00;0,00;0,00;0,00;0,00;0,00;0,00;0,00;0,00;0,00;0,00;0,00
0,00;0,00;0,00;0,00;0,97;3,55;3,50;3,61;4,06;0,00;1,85;3,62;3,85;4,05;3,91;4,95;4,74;4,88;0,00;0,00;0,00;0,00;4,94;4,92;4,96;5,09;0,00;0,00;0,00;0,00;2,87;0,00;3,31;2,73;2,70;0,00;2,60;0,00
0,00;0,00;0,00;0,00;0,00;0,00;0,00;0,00;0,00;0,00;0,00;0,00;0,00;0,00;0,00;0,00;0,00;0,00;1,71;1,05;2,25;0,00;0,91;0,00;0,92;0,00;0,00;0,00;0,00;0,00;0,00;0,00;0,00;0,00;0,00;0,00;0,00;0,00
0,00;0,00;0,00;0,00;0,00;0,00;1,44;3,49;1,45;0,00;0,00;0,00;0,00;0,00;0,00;1,02;0,96;1,63;0,00;0,00;1,17;0,00;0,91;0,96;0,92;1,00;0,00;0,00;0,00;0,00;0,00;0,00;0,00;0,00;0,00;0,00;0,00;0,00
2,58;2,93;3,07;1,54;1,95;1,88;1,44;0,95;1,45;2,53;2,16;2,25;0,97;0,00;0,00;0,00;0,00;0,00;0,00;1,05;0,00;0,00;0,00;0,00;0,00;0,00;2,07;1,37;2,38;2,01;0,00;0,00;0,00;1,93;0,00;0,00;0,00;0,00
0,00;0,00;0,00;4,11;4,33;4,60;4,65;4,86;4,81;1,54;4,13;4,44;4,99;5,05;5,09;5,56;5,57;5,56;0,00;0,00;1,81;1,23;5,57;5,62;5,45;5,78;0,00;1,37;0,00;0,00;4,31;0,00;4,23;4,37;3,58;5,45;2,60;3,48
0,00;0,00;0,00;4,11;4,11;4,70;5,14;4,90;5,42;3,94;4,56;4,91;5,92;6,00;5,84;6,33;6,47;6,48;1,10;2,08;1,17;1,89;7,37;7,14;7,02;7,43;2,54;2,06;1,27;0,00;5,02;4,90;5,07;5,12;5,65;6,79;5,37;5,83
4,80;4,63;4,25;2,27;2,27;0,92;1,44;1,52;1,45;3,11;2,64;3,24;0,00;0,00;0,00;0,00;0,00;0,00;2,15;1,65;2,25;2,96;0,00;0,00;0,00;0,00;4,74;5,04;5,18;5,49;4,88;3,40;2,80;3,92;0,00;0,00;0,00;0,00
2,80;3,25;0,00;3,40;3,40;1,48;3,61;3,61;0,90;1,54;2,16;2,92;2,28;2,04;2,33;4,85;4,32;4,46;5,27;4,62;5,48;5,95;2,83;2,26;2,66;3,32;0,00;0,00;0,00;0,00;0,00;0,00;0,00;0,00;0,00;0,00;0,00;0,00
0,00;0,00;0,00;0,00;0,00;0,00;0,00;0,00;0,00;0,97;1,46;2,73;2,76;2,85;2,33;4,36;4,18;3,97;5,04;4,74;5,22;5,78;0,00;0,00;0,00;0,00;0,00;0,00;0,00;0,00;0,00;0,00;0,00;0,00;0,00;0,00;0,00;0,00
3,58;3,93;3,90;6,39;6,52;7,12;6,81;6,53;7,37;5,82;6,18;6,74;8,48;8,38;8,28;8,58;8,64;8,66;3,34;3,90;4,11;4,22;9,91;9,76;9,77;10,07;6,65;6,44;6,01;5,91;5,77;4,73;4,94;7,77;7,85;9,21;7,70;8,43
1,58;1,94;0,00;0,00;0,00;0,00;0,00;0,00;0,00;0,97;0,00;0,96;0,00;0,00;0,00;0,00;0,00;0,00;0,00;0,00;0,00;0,00;0,00;0,00;0,00;0,00;4,55;4,73;4,55;4,66;3,39;0,00;3,31;2,73;0,00;0,00;0,00;0,00
0,00;0,00;0,00;0,00;0,00;0,00;0,00;0,00;0,00;0,00;0,00;0,00;0,00;0,00;0,00;0,00;0,00;0,00;0,00;0,00;0,00;0,00;0,00;0,00;0,00;0,00;2,07;2,53;3,01;2,82;2,87;0,00;0,00;0,00;0,00;0,00;0,00;0,00
0,00;0,00;0,00;0,00;0,00;0,00;0,00;0,00;0,00;0,00;0,00;0,00;0,00;0,00;0,00;0,00;0,00;0,00;0,00;0,00;0,00;0,00;0,00;0,00;0,00;0,00;3,41;3,16;3,44;2,82;0,00;0,00;0,00;0,00;0,00;0,00;0,00;0,00
2,32;2,52;2,92;3,84;3,85;3,76;2,15;0,95;0,00;2,75;2,42;2,25;3,27;3,37;3,33;0,00;0,00;0,00;2,15;3,09;1,17;2,34;0,00;0,00;0,00;0,00;0,00;0,00;0,00;0,00;0,00;0,00;0,00;0,00;0,00;0,00;0,00;0,00
3,58;3,83;4,05;2,27;2,75;2,45;0,00;0,00;0,90;3,40;3,14;3,24;0,00;1,03;1,00;0,00;1,54;1,04;2,97;3,26;2,86;3,72;0,00;0,96;0,00;0,00;2,07;2,06;1,93;1,33;0,00;0,00;0,00;0,00;0,00;0,00;0,00;0,00
0,00;0,00;2,10;0,00;0,00;0,00;0,00;0,00;0,90;0,97;0,90;0,00;0,00;0,00;0,00;0,00;0,00;0,00;0,00;0,00;0,00;0,00;0,00;1,53;0,00;0,00;0,00;1,37;0,00;1,33;0,00;0,00;0,00;0,00;0,00;0,00;0,00;0,00
4,69;4,73;4,19;0,00;0,97;0,00;0,89;0,95;0,00;3,26;2,16;2,92;0,00;0,00;0,00;0,00;0,00;0,00;2,48;1,65;2,25;3,39;1,46;0,96;0,92;2,00;5,84;5,94;5,94;5,80;5,02;4,73;4,45;4,16;0,00;0,00;0,00;0,00
2,58;2,74;1,79;0,00;0,00;0,00;0,00;0,00;0,00;0,97;0,90;0,96;0,00;0,00;0,00;0,00;0,00;0,00;0,00;0,00;0,00;0,00;0,00;0,00;0,00;0,00;3,95;4,21;3,91;4,15;2,05;0,00;0,00;0,00;0,00;0,00;0,00;0,00
2,58;2,74;3,44;2,53;2,27;2,86;3,13;3,08;3,14;3,11;3,14;3,09;1,55;1,62;1,59;1,61;1,94;2,05;2,15;2,89;1,17;2,34;0,00;0,96;0,92;0,00;0,00;0,00;0,00;0,00;0,00;0,00;0,00;0,00;0,00;0,00;0,00;0,00
1,00;0,96;0,86;3,64;3,85;4,09;4,18;4,23;4,39;2,75;3,40;3,62;4,03;4,37;4,33;4,36;4,32;4,59;3,34;2,89;2,58;1,89;3,99;4,31;4,54;4,52;0,00;0,00;0,00;0,00;0,00;2,07;3,31;3,24;3,58;4,27;4,41;3,48
1,99;1,94;2,35;0,00;0,97;2,19;0,00;0,00;0,00;2,27;2,16;1,53;0,00;0,00;0,00;0,00;0,00;0,00;1,10;1,05;0,00;1,89;0,00;0,00;0,00;0,00;0,00;0,00;0,00;1,33;0,00;0,00;0,00;0,00;0,00;0,00;0,00;0,00
2,58;2,52;2,75;0,00;0,00;0,00;0,00;0,00;0,00;0,00;0,00;0,00;0,00;0,00;0,00;0,00;0,00;0,00;0,00;0,00;0,00;0,00;0,00;0,00;0,00;0,00;0,00;0,00;0,00;0,00;0,00;0,00;0,00;0,00;0,00;0,00;0,00;0,00
0,00;0,00;0,00;0,00;0,00;0,00;0,00;0,00;0,00;0,00;0,00;0,00;0,00;0,00;0,00;0,00;0,00;0,00;0,00;0,00;0,00;0,00;0,00;0,00;0,00;0,00;0,00;0,00;0,00;0,00;0,00;0,00;0,00;0,00;0,00;0,00;0,00;0,00
3,32;2,93;3,44;3,64;3,75;3,44;3,61;3,08;3,98;3,52;3,72;3,62;3,12;3,04;3,18;2,62;2,52;2,87;2,97;3,41;2,58;2,68;0,00;0,00;0,00;0,00;0,00;0,00;0,00;1,33;0,00;0,00;0,00;0,00;0,00;0,00;0,00;0,00
0,00;0,00;0,86;3,94;4,03;4,43;4,70;4,49;4,61;3,94;4,06;4,44;5,47;5,51;5,36;5,60;5,60;5,65;3,49;3,41;3,88;3,72;5,74;5,56;5,48;5,93;1,38;1,37;1,27;0,00;2,87;2,07;3,31;3,24;4,13;4,27;3,47;3,48
0,00;0,00;0,00;3,52;3,85;3,85;4,60;4,43;4,27;0,00;3,62;3,82;4,34;4,51;4,59;5,53;5,60;5,46;0,00;0,00;0,00;0,00;5,77;5,53;5,64;5,93;1,38;0,00;2,38;1,33;2,05;0,00;2,80;3,24;0,00;2,83;0,00;0,00
1,00;0,96;2,57;0,00;0,00;1,48;0,00;0,00;1,45;1,54;2,42;1,53;0,97;0,00;0,00;1,02;1,54;1,63;0,00;1,05;1,17;0,00;2,64;2,93;2,66;0,00;1,38;1,37;1,27;1,33;0,00;0,00;0,00;0,00;0,00;0,00;0,00;0,00
1,58;1,53;1,79;1,54;1,54;3,03;3,61;3,37;3,40;0,97;1,85;2,51;2,54;2,63;2,81;3,04;3,39;3,23;0,00;0,00;0,00;1,23;4,34;4,17;4,23;3,81;0,00;1,37;0,00;0,00;0,00;0,00;0,00;0,00;0,00;0,00;0,00;0,00
2,58;2,74;3,20;2,75;2,53;2,86;4,54;4,76;4,51;3,11;3,14;3,38;2,28;2,04;2,33;4,50;4,57;4,39;1,71;3,26;2,25;2,68;5,34;5,17;5,08;4,52;3,61;3,60;3,62;4,02;2,87;0,00;0,00;0,00;0,00;0,00;0,00;0,00
0,00;0,00;2,10;4,52;4,58;5,33;1,84;0,95;3,14;5,43;4,62;5,00;7,13;6,86;6,72;5,17;5,29;5,16;3,17;2,89;2,86;3,19;6,76;6,44;6,56;7,02;2,89;1,37;0,00;0,00;5,02;5,41;5,51;5,69;7,27;7,48;6,99;7,26
0,00;0,00;0,00;0,00;0,00;0,92;0,00;0,00;1,45;2,53;2,42;3,09;1,96;1,62;1,00;0,00;0,00;0,00;2,15;1,05;2,86;2,34;0,91;1,53;1,47;0,00;0,00;0,00;0,00;0,00;0,00;0,00;0,00;0,00;0,00;0,00;0,00;0,00
0,00;0,00;0,00;0,00;0,00;0,00;0,00;0,00;0,00;1,95;2,16;2,51;0,00;0,00;0,00;0,00;0,00;0,00;0,00;0,00;0,00;1,23;0,00;0,00;0,00;0,00;0,00;0,00;0,00;0,00;0,00;0,00;0,00;0,00;0,00;0,00;0,00;0,00
3,58;3,63;3,90;1,54;0,97;0,00;0,00;0,00;0,00;4,11;4,06;4,00;0,97;1,62;2,59;0,00;0,00;0,00;2,97;3,41;3,28;3,99;0,00;0,00;0,00;0,00;0,00;0,00;0,00;0,00;0,00;0,00;0,00;0,00;0,00;0,00;0,00;0,00
3,80;4,10;4,19;4,11;4,33;4,65;3,61;3,37;3,40;3,94;3,98;3,82;4,11;4,22;4,33;3,21;3,26;3,23;4,50;5,10;5,31;4,88;2,83;2,74;2,85;3,00;0,00;0,00;1,27;1,33;7,55;6,55;6,94;7,50;3,58;4,67;4,72;4,02
1,99;0,96;1,40;1,54;1,95;2,19;0,89;0,00;0,00;1,54;0,00;0,96;1,55;1,62;1,59;0,00;0,00;0,00;2,75;2,08;2,86;1,23;0,00;0,96;0,00;1,00;0,00;0,00;0,00;0,00;3,39;4,90;4,23;3,24;0,00;0,00;0,00;0,00
2,58;2,26;2,35;3,64;3,75;3,76;1,44;0,95;0,90;3,11;2,16;2,51;2,95;3,37;3,01;1,61;0,96;1,04;2,97;3,26;2,58;2,96;0,00;0,96;0,92;1,58;0,00;0,00;0,00;0,00;0,00;0,00;0,00;0,00;0,00;0,00;0,00;0,00
1,00;0,96;2,57;1,54;1,95;2,67;0,00;0,00;1,45;2,27;1,46;1,93;1,96;0,00;1,00;0,00;0,96;0,00;2,15;2,08;2,58;2,34;0,00;0,00;0,00;1,00;0,00;0,00;0,00;0,00;0,00;0,00;0,00;0,00;0,00;0,00;0,00;0,00
1,99;1,94;2,92;2,27;2,53;2,67;1,44;0,95;1,45;2,27;1,46;1,93;2,28;2,36;2,33;0,00;0,00;1,63;3,17;2,67;3,61;3,19;0,91;0,96;0,92;2,00;1,38;2,06;1,93;2,01;4,53;7,08;4,45;4,37;2,70;2,83;0,00;2,60
5,42;5,54;6,21;6,52;6,68;7,17;5,07;4,60;4,39;6,55;6,09;6,27;6,37;6,79;6,42;4,36;4,84;4,71;6,49;6,91;7,31;7,34;3,29;4,01;3,30;4,64;4,09;3,78;3,77;3,88;9,64;9,57;9,61;9,26;7,05;6,71;6,81;6,27
3,58;4,10;5,76;4,11;4,19;5,46;3,61;2,72;3,72;4,26;4,13;3,72;5,70;3,37;3,59;2,36;3,26;2,38;4,64;4,49;5,17;5,18;3,29;3,10;3,30;4,17;2,89;2,53;2,38;2,01;6,53;7,75;6,34;6,16;2,70;2,83;3,47;3,48
5,61;5,68;6,19;5,98;6,11;6,63;4,32;3,81;3,98;5,89;5,36;5,84;6,09;6,09;6,12;4,43;4,63;4,31;6,40;6,74;7,19;8,46;4,07;4,01;4,01;4,91;4,90;5,11;3,91;4,66;10,78;11,25;10,87;10,10;6,99;7,75;7,25;7,70
0,00;0,00;0,00;3,26;3,64;2,67;3,13;2,91;2,16;0,00;0,00;0,00;3,27;3,04;3,18;2,03;2,26;3,06;0,00;0,00;0,00;0,00;3,00;3,38;3,84;4,25;0,00;0,00;0,00;0,00;0,00;0,00;0,00;0,00;0,00;0,00;0,00;0,00
3,80;3,83;3,98;3,40;2,95;3,94;4,18;4,07;4,39;3,26;3,52;3,72;3,12;3,04;3,18;4,74;4,45;4,71;0,00;2,40;0,00;1,89;4,52;4,01;4,48;4,39;0,00;0,00;0,00;0,00;0,00;0,00;0,00;0,00;0,00;0,00;0,00;0,00
0,00;0,00;0,00;3,26;3,27;3,44;3,88;3,90;3,98;0,00;0,90;2,73;3,41;3,75;3,71;4,29;4,25;4,46;3,88;4,00;4,11;3,19;3,15;3,25;3,43;3,70;0,00;0,00;0,00;0,00;0,00;0,00;0,00;0,00;0,00;0,00;0,00;0,00
1,99;2,52;3,33;2,75;2,53;3,03;3,26;3,23;3,90;1,54;1,46;0,96;0,97;0,00;1,00;1,02;0,96;1,04;0,00;1,05;0,00;0,00;0,00;0,00;0,92;0,00;0,00;0,00;0,00;0,00;0,00;0,00;0,00;0,00;0,00;0,00;0,00;0,00
0,00;0,00;1,40;0,00;0,00;0,00;0,00;0,00;0,00;1,54;1,85;1,53;0,00;0,00;0,00;0,00;0,00;0,00;0,00;0,00;0,00;0,00;0,00;0,00;0,00;0,00;0,00;0,00;0,00;0,00;0,00;0,00;0,00;0,00;0,00;0,00;0,00;0,00
0,00;0,00;0,86;2,27;2,27;3,18;3,61;3,61;3,81;2,75;2,99;3,38;2,95;3,04;3,01;4,36;4,10;3,77;2,15;2,89;3,46;1,89;4,57;4,73;4,69;4,39;0,00;0,00;0,00;0,00;0,00;0,00;0,00;0,00;0,00;2,83;2,60;0,00
0,00;0,96;0,86;0,97;0,97;0,00;1,84;1,52;1,85;2,53;2,16;1,93;1,55;0,00;0,00;0,00;0,00;0,00;0,00;0,00;0,00;0,00;0,00;0,00;0,00;0,00;0,00;0,00;0,00;0,00;0,00;0,00;0,00;0,00;0,00;0,00;0,00;0,00
1,58;1,94;2,57;0,00;1,54;0,00;0,89;0,95;0,90;1,95;1,85;0,96;0,00;0,00;0,00;0,00;0,00;0,00;0,00;0,00;0,00;0,00;0,00;0,00;0,00;0,00;0,00;0,00;0,00;0,00;0,00;0,00;0,00;0,00;0,00;0,00;0,00;0,00
0,00;0,00;0,00;0,00;0,00;0,00;2,62;2,72;2,99;0,00;0,00;0,00;0,00;0,00;0,00;2,36;1,94;2,05;0,00;0,00;0,00;0,00;2,43;2,93;2,85;2,81;0,00;1,37;1,27;0,00;0,00;0,00;0,00;0,00;0,00;0,00;0,00;0,00
3,90;3,93;2,75;4,52;4,58;3,76;3,96;3,90;2,83;2,94;3,28;3,82;5,07;5,14;4,76;5,04;4,79;5,16;2,48;2,40;3,28;1,89;4,52;4,73;5,08;5,25;1,38;2,53;1,27;2,82;0,00;0,00;0,00;0,00;0,00;0,00;0,00;0,00
1,00;1,53;1,40;4,93;4,85;4,70;5,37;5,19;5,16;2,53;3,62;3,92;5,61;5,41;5,36;5,80;5,71;5,82;0,00;1,65;1,81;1,89;6,30;5,87;5,96;5,93;2,07;2,06;1,27;0,00;4,31;2,89;4,23;4,87;4,52;5,45;4,02;4,41
2,32;2,26;3,73;4,69;4,85;4,80;4,83;4,86;5,05;3,52;3,98;4,44;5,61;5,44;5,43;5,90;6,16;5,90;0,00;1,05;1,17;2,96;6,75;6,13;6,49;6,82;2,07;1,37;1,93;0,00;5,02;4,90;4,94;5,53;5,65;6,63;5,54;5,54
1,00;0,96;0,86;0,00;0,00;0,00;0,89;0,95;1,45;0,00;0,00;0,00;0,00;0,00;0,00;0,00;0,00;0,00;0,00;0,00;0,00;0,00;1,46;2,26;1,87;0,00;3,61;3,94;3,24;3,34;0,00;0,00;0,00;0,00;0,00;0,00;0,00;0,00
0,00;0,96;0,00;0,00;0,97;2,45;1,44;1,52;1,85;1,95;1,46;1,53;1,55;1,62;2,01;1,02;0,96;1,04;0,00;0,00;0,00;0,00;1,86;1,94;1,87;0,00;1,38;0,00;0,00;0,00;0,00;0,00;0,00;0,00;0,00;0,00;0,00;0,00
0,00;0,00;0,00;0,00;0,00;1,48;1,44;2,24;2,99;1,95;2,16;2,25;0,00;0,00;1,00;2,36;2,26;2,05;0,00;1,05;1,17;1,89;2,43;2,26;2,19;0,00;0,00;0,00;0,00;0,00;0,00;0,00;0,00;0,00;0,00;0,00;0,00;0,00
0,00;0,00;0,00;0,00;0,97;0,00;1,84;0,00;0,00;0,00;0,00;0,00;0,00;1,03;0,00;0,00;0,96;0,00;0,00;1,05;0,00;0,00;0,91;0,00;0,00;0,00;0,00;0,00;0,00;0,00;0,00;0,00;0,00;0,00;0,00;0,00;0,00;0,00
1,00;0,96;0,00;3,94;3,40;3,55;3,70;4,15;4,13;2,75;3,14;2,73;3,65;3,75;3,91;3,21;2,74;3,52;1,71;1,65;1,81;2,34;2,17;2,93;3,02;1,00;0,00;0,00;0,00;0,00;0,00;0,00;0,00;0,00;0,00;0,00;0,00;0,00
3,45;3,63;3,33;4,26;3,64;3,76;3,13;3,37;2,42;3,84;4,06;3,09;2,28;2,85;2,01;0,00;0,96;1,63;0,00;2,08;1,17;2,34;0,91;0,96;0,92;0,00;0,00;0,00;0,00;0,00;0,00;0,00;0,00;0,00;0,00;0,00;0,00;0,00
0,00;0,00;0,00;0,00;0,00;0,00;0,00;0,00;0,00;0,00;0,00;0,00;0,00;0,00;0,00;0,00;0,00;0,00;0,00;0,00;0,00;0,00;0,00;0,00;0,00;0,00;0,00;0,00;0,00;0,00;0,00;0,00;0,00;0,00;0,00;0,00;0,00;0,00
0,00;0,00;0,00;0,00;0,00;0,00;0,00;0,00;0,00;0,00;0,00;0,00;0,00;0,00;0,00;0,00;0,00;0,00;0,00;0,00;0,00;0,00;0,00;0,00;0,00;0,00;0,00;0,00;0,00;0,00;0,00;0,00;0,00;0,00;0,00;0,00;0,00;0,00
1,58;1,94;2,57;2,94;2,95;3,76;1,84;1,52;1,85;0,97;1,46;0,96;0,00;0,00;1,00;2,03;2,26;2,05;0,00;0,00;0,00;0,00;0,00;2,26;1,47;0,00;0,00;0,00;0,00;0,00;0,00;0,00;0,00;0,00;0,00;0,00;0,00;0,00
1,58;1,94;2,10;2,94;3,11;4,17;5,59;5,29;5,50;3,52;3,81;3,92;4,85;4,80;4,76;4,80;4,68;4,98;3,76;4,09;4,77;3,86;4,77;4,96;4,83;4,32;0,00;0,00;0,00;0,00;0,00;0,00;0,00;0,00;0,00;0,00;0,00;0,00
0,00;0,00;0,00;0,00;0,00;0,92;2,41;3,08;2,83;0,97;0,00;1,53;1,96;2,36;2,01;1,02;1,54;1,63;0,00;0,00;0,00;0,00;2,64;2,26;2,19;1,58;0,00;0,00;0,00;0,00;0,00;0,00;0,00;0,00;0,00;0,00;0,00;0,00
0,00;0,00;0,86;2,27;1,54;2,86;2,98;2,91;3,40;1,95;1,46;1,53;0,97;0,00;1,00;1,02;0,96;0,00;1,10;1,65;0,00;0,00;0,00;1,53;0,92;0,00;0,00;0,00;0,00;0,00;0,00;0,00;0,00;0,00;0,00;0,00;0,00;0,00
1,58;2,52;3,33;3,94;4,40;4,54;4,88;4,99;4,51;4,02;4,13;4,44;4,64;4,75;4,86;4,36;4,51;4,65;4,64;4,96;4,83;3,72;2,43;3,38;2,66;2,32;0,00;0,00;0,00;0,00;0,00;0,00;0,00;0,00;4,13;5,23;5,69;4,97
3,45;3,39;3,98;4,11;3,75;4,17;4,60;4,43;4,45;3,40;3,28;2,92;3,41;3,04;3,01;3,04;2,74;3,06;2,48;3,55;3,61;2,68;2,17;3,10;2,85;1,58;0,00;0,00;0,00;0,00;0,00;0,00;0,00;0,00;0,00;0,00;0,00;0,00
4,24;3,83;4,05;3,74;3,85;3,66;3,88;3,99;3,52;4,02;3,90;3,72;1,96;2,04;2,33;2,84;2,52;2,87;2,48;2,67;1,81;2,68;0,00;2,26;1,47;0,00;0,00;0,00;0,00;0,00;0,00;0,00;0,00;0,00;0,00;0,00;0,00;0,00
4,08;3,93;4,72;3,52;3,40;3,85;4,04;3,61;4,20;3,64;3,28;3,09;0,97;0,00;0,00;0,00;0,00;0,00;0,00;1,05;0,00;1,89;2,43;1,94;1,87;1,58;0,00;0,00;0,00;0,00;0,00;0,00;0,00;0,00;0,00;0,00;0,00;0,00
1,00;0,96;1,79;0,00;0,00;0,00;0,00;0,95;0,90;0,97;0,00;0,96;0,00;0,00;0,00;0,00;0,00;0,00;0,00;0,00;0,00;0,00;0,00;0,96;0,00;0,00;0,00;0,00;0,00;0,00;0,00;0,00;0,00;0,00;0,00;0,00;0,00;0,00
3,90;4,01;4,68;3,84;3,53;4,09;3,61;3,81;4,39;4,52;4,27;4,31;1,55;2,04;2,01;1,02;0,00;1,04;0,00;2,67;2,25;2,34;1,46;1,94;1,87;1,58;0,00;0,00;0,00;0,00;0,00;0,00;0,00;0,00;0,00;4,67;3,47;3,48
2,58;3,39;4,37;2,27;1,54;1,48;0,89;0,95;1,45;0,97;0,00;0,96;0,97;1,03;1,00;1,61;2,26;2,05;0,00;0,00;0,00;0,00;1,46;1,94;1,47;1,00;0,00;0,00;0,00;0,00;0,00;0,00;1,99;0,00;0,00;3,72;3,47;0,00
0,00;0,00;0,00;0,00;0,00;0,00;0,00;0,00;0,00;0,00;0,00;0,00;0,00;0,00;0,00;0,00;0,00;0,00;0,00;0,00;0,00;0,00;0,00;0,00;0,00;0,00;0,00;0,00;0,00;0,00;0,00;0,00;0,00;0,00;0,00;0,00;0,00;0,00
1,99;1,53;2,35;0,00;0,00;0,92;0,00;0,00;0,00;1,95;1,85;0,96;0,00;0,00;0,00;0,00;0,00;0,00;0,00;0,00;0,00;0,00;0,00;0,00;0,00;0,00;0,00;0,00;0,00;0,00;0,00;0,00;0,00;0,00;0,00;0,00;2,60;0,00
0,00;0,00;0,00;0,00;0,00;0,00;0,00;0,00;0,00;0,00;0,00;0,00;0,97;0,00;0,00;0,00;0,00;0,00;1,71;0,00;0,00;1,89;0,00;0,00;0,00;0,00;3,17;0,00;0,00;0,00;4,31;4,73;3,31;0,00;0,00;4,98;4,97;6,44
6,48;6,49;6,59;7,10;7,09;7,25;7,59;7,50;7,86;6,68;6,64;6,63;7,02;6,93;7,02;7,11;7,18;7,18;7,37;7,37;7,68;8,09;6,33;6,38;6,46;7,55;5,84;5,87;5,77;6,05;4,07;3,40;3,99;5,61;6,18;6,94;6,44;6,27
6,20;6,19;6,06;6,39;6,49;6,42;6,56;6,57;6,50;5,98;5,85;5,80;5,87;5,88;5,94;5,82;5,90;5,85;6,28;6,25;6,40;6,36;5,24;5,38;5,39;5,52;4,98;4,97;4,86;5,11;2,87;0,00;2,80;3,92;4,13;5,96;5,37;4,72
3,16;2,52;3,07;4,64;4,40;4,84;5,81;5,76;5,76;6,02;5,74;5,93;6,28;6,24;6,18;5,97;6,08;5,90;6,63;6,62;6,58;6,36;4,57;4,50;4,74;4,46;1,38;1,37;1,27;1,33;0,00;2,07;1,99;1,93;2,70;0,00;0,00;0,00
0,00;0,00;0,00;1,54;0,97;1,48;2,41;2,24;3,14;0,00;0,00;0,00;0,00;0,00;0,00;0,00;0,00;0,00;0,00;0,00;0,00;0,00;0,91;0,96;0,92;0,00;0,00;0,00;0,00;0,00;0,00;0,00;0,00;0,00;0,00;0,00;0,00;0,00
0,00;0,00;0,00;0,00;0,00;0,00;0,00;0,00;0,90;0,97;1,46;0,96;0,00;0,00;0,00;0,00;0,00;0,00;0,00;0,00;0,00;0,00;0,00;0,00;0,00;0,00;0,00;0,00;0,00;0,00;0,00;0,00;0,00;0,00;0,00;0,00;0,00;0,00
4,64;4,51;4,72;5,10;4,94;5,48;5,57;5,36;6,09;5,26;5,09;4,91;5,15;5,26;5,25;5,92;5,71;5,80;4,77;5,05;4,30;4,81;6,08;5,44;5,45;5,13;5,99;6,05;5,91;6,21;5,93;2,89;5,20;4,72;2,70;0,00;0,00;0,00
0,00;0,00;0,00;0,00;0,00;0,00;0,00;0,00;0,00;0,00;0,00;0,00;0,00;0,00;0,00;0,00;0,00;0,00;0,00;0,00;0,00;0,00;0,00;0,00;0,00;0,00;0,00;0,00;0,00;0,00;0,00;0,00;0,00;0,00;0,00;0,00;0,00;0,00
3,32;3,25;3,73;4,69;4,52;4,70;4,83;4,90;5,13;4,46;4,76;4,77;5,11;5,30;5,29;5,80;5,71;5,90;4,77;5,19;3,46;1,89;4,67;4,96;5,08;4,25;0,00;0,00;1,27;0,00;0,00;0,00;0,00;0,00;0,00;0,00;0,00;0,00
3,69;3,51;3,64;5,06;5,03;5,16;5,95;5,99;5,39;5,26;5,30;5,56;6,15;6,26;6,07;6,53;6,51;6,55;6,42;6,39;6,36;5,89;6,62;6,20;6,60;6,67;3,79;3,78;3,91;4,66;4,53;4,34;5,31;4,16;0,00;0,00;2,60;2,60
5,67;5,81;5,83;6,14;6,05;6,23;6,77;6,68;7,20;4,89;4,85;5,04;5,47;5,57;5,56;6,33;6,37;6,32;5,65;5,49;5,31;4,74;6,91;6,75;6,98;6,86;6,03;6,05;5,91;6,21;5,85;5,41;5,69;5,23;0,00;0,00;3,47;2,60
1,58;1,94;1,79;2,27;2,53;2,19;2,81;3,08;3,14;0,00;1,46;0,96;0,00;0,00;0,00;2,03;1,54;1,63;0,00;0,00;0,00;0,00;0,91;1,94;2,44;1,00;1,38;1,37;1,27;1,33;2,05;2,07;1,99;1,93;0,00;0,00;0,00;0,00
3,58;3,39;4,05;4,52;4,58;4,17;5,04;5,29;5,16;7,04;7,18;6,79;4,80;5,09;5,14;5,09;4,88;4,65;4,35;5,27;4,30;4,50;0,00;1,53;0,92;0,00;0,00;0,00;0,00;0,00;0,00;0,00;0,00;0,00;0,00;0,00;0,00;0,00
0,00;0,00;0,00;1,95;1,54;3,55;3,61;3,71;4,13;0,00;3,52;3,82;3,41;3,85;3,71;4,99;5,45;5,16;0,00;0,00;1,17;0,00;5,37;5,44;5,50;3,91;0,00;0,00;0,00;0,00;0,00;0,00;1,99;2,73;2,70;0,00;2,60;0,00
7,10;7,09;6,00;7,76;7,74;6,41;5,40;5,54;2,16;6,47;6,21;6,44;7,92;7,93;7,94;7,12;6,99;7,16;8,57;8,27;8,68;8,89;4,67;4,17;4,48;5,61;0,00;1,37;0,00;0,00;6,67;7,18;7,92;8,23;7,71;8,40;8,25;8,41
4,95;5,17;5,39;5,61;5,77;5,70;5,78;5,78;5,80;5,52;5,66;5,82;6,35;6,41;6,50;6,61;6,51;6,62;5,74;5,74;5,22;4,88;5,27;6,15;6,06;4,58;4,22;4,08;4,27;4,48;2,87;0,00;1,99;0,00;0,00;0,00;0,00;0,00
3,16;2,93;2,92;2,27;0,97;0,92;0,00;0,95;0,00;0,97;1,85;1,53;0,97;1,03;1,00;0,00;0,00;0,00;0,00;1,05;0,00;0,00;0,00;0,00;0,00;0,00;2,07;2,88;2,38;2,82;0,00;0,00;0,00;0,00;0,00;0,00;0,00;0,00
0,00;0,00;0,00;0,97;0,00;0,92;2,15;0,95;0,00;1,95;1,46;1,53;1,55;1,03;1,00;1,02;1,54;1,04;0,00;1,05;0,00;0,00;2,64;3,10;2,85;3,00;0,00;0,00;0,00;0,00;0,00;0,00;1,99;1,93;0,00;0,00;0,00;0,00
3,45;3,73;4,53;4,74;4,94;4,43;0,00;1,52;1,45;5,39;5,53;5,04;6,33;6,48;6,53;0,00;0,00;0,00;5,43;5,53;5,36;5,23;0,00;0,00;0,00;1,58;0,00;0,00;0,00;0,00;0,00;0,00;0,00;0,00;0,00;0,00;0,00;2,60
0,00;0,96;0,00;0,00;0,00;0,00;0,00;0,00;0,00;0,00;0,00;0,00;0,00;0,00;0,00;0,00;0,00;0,00;0,00;0,00;0,00;0,00;0,00;0,00;0,00;0,00;1,38;2,06;2,38;3,10;0,00;0,00;0,00;0,00;0,00;0,00;0,00;0,00
4,24;3,93;3,20;3,26;3,27;1,88;0,00;0,95;0,00;3,52;3,28;3,09;0,00;2,04;1,59;3,21;2,74;2,87;1,71;2,08;2,25;2,96;3,63;3,25;3,43;3,91;0,00;0,00;0,00;0,00;0,00;0,00;1,99;0,00;0,00;0,00;0,00;0,00
5,69;5,90;6,02;5,66;5,52;5,48;4,49;4,15;4,20;5,74;5,61;5,47;3,53;3,85;4,40;0,00;0,00;0,00;4,27;4,49;4,00;5,06;0,00;0,00;0,00;0,00;0,00;0,00;0,00;0,00;0,00;0,00;0,00;0,00;0,00;0,00;0,00;0,00
2,80;1,94;3,07;2,75;2,75;3,44;2,15;1,52;3,28;2,53;2,64;0,96;0,97;0,00;0,00;0,00;0,00;0,00;0,00;0,00;0,00;0,00;0,00;0,00;0,00;0,00;0,00;0,00;0,00;0,00;0,00;0,00;0,00;0,00;0,00;0,00;0,00;0,00
1,58;1,94;0,00;0,00;0,00;0,00;0,00;0,00;0,00;0,00;0,00;0,00;0,00;0,00;0,00;0,00;0,00;0,00;0,00;0,00;0,00;0,00;0,00;0,00;0,00;0,00;0,00;0,00;0,00;0,00;0,00;0,00;0,00;0,00;0,00;0,00;0,00;0,00
0,00;0,00;0,00;0,00;0,00;0,00;0,89;0,95;1,45;0,00;0,00;0,00;0,00;0,00;0,00;1,02;0,96;1,04;0,00;0,00;0,00;0,00;1,86;1,94;2,19;2,32;0,00;0,00;0,00;0,00;0,00;0,00;0,00;0,00;0,00;0,00;0,00;0,00
2,80;2,74;3,20;4,69;4,80;4,49;4,60;4,71;4,20;1,54;2,16;2,73;4,03;4,22;4,01;3,50;3,52;3,97;0,00;0,00;0,00;1,23;3,99;4,31;4,16;4,25;0,00;0,00;0,00;0,00;0,00;0,00;0,00;3,24;0,00;0,00;0,00;0,00
3,90;3,63;4,53;4,69;4,64;5,01;5,69;5,26;5,66;5,26;5,48;5,53;6,40;6,26;6,18;6,60;6,75;6,53;3,99;5,14;4,55;5,71;6,73;6,75;6,83;5,13;4,74;4,64;4,27;4,48;3,39;0,00;0,00;0,00;2,70;2,83;2,60;2,60
2,80;3,39;3,54;2,27;1,95;2,67;0,89;0,00;2,42;3,94;4,06;4,00;2,76;3,04;2,59;0,00;0,00;0,00;3,63;4,18;3,28;3,72;0,00;0,00;0,92;0,00;0,00;0,00;0,00;0,00;0,00;0,00;0,00;0,00;0,00;0,00;0,00;0,00
0,00;0,00;0,00;0,00;1,54;2,19;2,15;1,92;2,16;0,00;0,00;0,00;1,55;1,62;1,59;1,61;0,96;2,05;1,10;1,05;1,17;1,23;0,91;0,00;0,00;0,00;0,00;0,00;0,00;0,00;0,00;0,00;0,00;0,00;0,00;0,00;0,00;0,00
0,00;0,00;0,00;0,97;1,54;1,88;2,81;2,91;2,83;0,00;1,46;0,96;1,55;1,03;1,00;2,84;2,52;3,06;0,00;0,00;0,00;0,00;3,41;3,51;3,54;3,46;0,00;0,00;0,00;0,00;0,00;0,00;0,00;0,00;0,00;0,00;0,00;0,00
1,99;2,74;0,86;0,00;0,00;0,00;0,00;0,00;0,00;0,00;0,00;0,00;0,00;0,00;0,00;0,00;0,00;0,00;0,00;0,00;0,00;0,00;0,00;0,00;0,00;0,00;4,98;5,17;5,12;5,04;2,87;2,89;2,80;3,24;0,00;0,00;0,00;0,00
0,00;0,00;0,00;1,95;2,53;0,92;0,00;0,00;0,00;0,00;0,00;0,00;0,97;1,03;1,00;0,00;0,00;0,00;0,00;0,00;0,00;0,00;0,00;0,00;0,00;0,00;0,00;0,00;0,00;0,00;0,00;0,00;2,80;2,73;0,00;0,00;0,00;0,00
0,00;0,00;0,00;1,54;0,97;0,00;2,15;1,92;0,90;0,00;0,00;0,00;0,00;0,00;0,00;0,00;0,00;0,00;0,00;0,00;0,00;0,00;0,00;0,00;0,00;0,00;0,00;0,00;0,00;0,00;0,00;0,00;0,00;0,00;0,00;0,00;0,00;0,00
0,00;0,00;0,00;1,95;2,27;0,00;3,13;3,61;2,83;0,00;0,00;0,00;0,00;0,00;0,00;0,00;0,00;0,00;0,00;0,00;0,00;0,00;0,00;0,96;0,00;0,00;0,00;0,00;0,00;0,00;0,00;0,00;0,00;0,00;0,00;0,00;0,00;0,00
1,00;0,96;0,00;0,00;0,00;0,00;0,00;0,00;0,00;0,00;0,00;0,00;0,00;0,00;0,00;0,00;0,00;0,00;0,00;0,00;0,00;0,00;0,00;0,00;0,00;0,00;3,17;3,16;3,62;3,88;0,00;0,00;0,00;0,00;0,00;0,00;0,00;0,00
5,72;5,76;4,81;2,75;3,11;1,88;1,44;1,52;0,00;4,64;3,62;4,37;1,96;1,62;2,01;0,00;0,00;0,00;3,76;3,26;3,61;4,11;1,46;0,96;0,92;0,00;2,89;4,54;5,06;5,49;0,00;0,00;1,99;5,00;0,00;0,00;0,00;0,00
0,00;0,00;0,00;0,00;0,00;0,00;0,00;0,00;0,00;0,00;0,00;0,00;0,00;0,00;0,00;2,03;1,54;2,05;1,71;1,65;2,25;0,00;0,00;0,00;0,00;1,00;0,00;0,00;0,00;0,00;0,00;0,00;0,00;0,00;0,00;0,00;0,00;0,00
0,00;1,53;0,86;0,00;0,00;0,00;0,00;0,00;0,00;0,00;0,00;0,00;0,00;0,00;0,00;0,00;0,00;0,00;0,00;0,00;0,00;0,00;0,00;0,00;0,00;0,00;2,89;2,88;2,73;2,47;2,05;0,00;1,99;1,93;0,00;0,00;0,00;0,00
0,00;0,00;0,00;0,00;0,00;0,00;0,00;0,00;0,00;0,00;0,00;0,00;0,00;0,00;0,00;1,61;0,96;1,04;0,00;0,00;0,00;0,00;1,46;0,96;1,47;0,00;0,00;0,00;0,00;0,00;0,00;0,00;0,00;0,00;0,00;0,00;0,00;0,00
3,16;2,74;3,82;4,52;4,58;4,80;5,54;5,29;5,58;4,18;4,67;4,50;5,40;5,26;5,29;4,90;5,10;5,28;4,50;4,85;4,30;4,66;5,06;4,92;5,19;5,43;0,00;0,00;0,00;0,00;0,00;0,00;0,00;0,00;0,00;2,83;4,72;0,00
1,00;0,00;0,00;0,00;0,00;0,00;0,00;0,00;0,00;0,00;0,00;0,00;0,00;0,00;0,00;0,00;0,00;0,00;0,00;0,00;0,00;0,00;0,00;0,00;0,00;0,00;2,07;3,16;2,38;2,82;0,00;0,00;0,00;0,00;0,00;0,00;0,00;0,00
0,00;0,00;2,35;0,00;1,54;1,88;0,00;0,00;0,00;1,54;1,46;0,96;0,00;0,00;0,00;0,00;0,00;0,00;0,00;0,00;0,00;0,00;0,00;0,00;0,00;0,00;0,00;0,00;0,00;0,00;0,00;0,00;0,00;0,00;0,00;0,00;0,00;0,00
3,99;4,25;4,85;3,94;3,53;4,37;2,41;2,72;2,83;4,58;4,27;3,72;1,55;1,03;1,59;0,00;0,00;0,00;1,10;1,05;2,25;2,34;0,00;0,00;0,00;0,00;0,00;0,00;0,00;0,00;0,00;0,00;1,99;0,00;2,70;0,00;4,02;4,02
3,16;2,74;2,35;1,95;1,95;0,00;0,00;0,00;0,90;1,95;2,16;1,93;0,97;1,62;1,59;0,00;0,00;0,00;0,00;1,05;0,00;0,00;0,00;0,00;0,00;0,00;0,00;0,00;0,00;0,00;0,00;0,00;0,00;0,00;0,00;0,00;0,00;0,00
1,00;1,53;1,40;0,97;1,54;1,48;0,89;0,95;1,45;1,95;1,46;0,96;0,00;1,03;1,00;0,00;0,00;0,00;0,00;0,00;0,00;0,00;0,00;0,00;0,00;0,00;0,00;0,00;0,00;0,00;0,00;0,00;0,00;0,00;0,00;0,00;0,00;0,00
0,00;0,96;0,00;0,00;0,00;0,00;0,00;0,00;0,00;0,00;0,00;0,00;0,00;0,00;0,00;0,00;0,00;0,00;0,00;0,00;0,00;0,00;0,00;0,00;0,00;0,00;3,17;4,08;4,04;4,15;2,05;0,00;0,00;0,00;0,00;0,00;0,00;0,00
4,80;5,05;4,37;6,43;6,36;5,97;5,91;5,85;5,42;5,52;5,76;5,47;5,07;5,26;5,33;3,85;3,39;3,87;5,14;4,85;3,46;4,74;3,00;3,10;2,85;1,00;0,00;1,37;1,93;0,00;0,00;0,00;0,00;0,00;0,00;0,00;0,00;0,00
5,61;5,35;5,04;6,14;6,28;6,50;7,01;6,95;6,87;5,39;5,56;5,64;6,32;6,44;6,42;6,38;6,45;6,61;6,00;5,96;5,93;5,38;6,06;6,00;6,19;6,70;5,24;5,70;5,80;5,68;3,77;0,00;3,31;2,73;2,70;2,83;0,00;0,00
3,45;2,93;0,00;0,00;0,00;0,00;0,00;0,00;0,00;0,00;0,00;0,00;0,00;0,00;0,00;0,00;0,00;0,00;0,00;0,00;0,00;0,00;0,00;0,00;0,00;0,00;0,00;0,00;0,00;0,00;0,00;0,00;0,00;0,00;0,00;0,00;0,00;0,00
4,08;4,10;3,44;0,00;0,00;0,00;0,00;0,95;0,90;3,26;1,46;2,25;0,00;0,00;0,00;0,00;0,00;1,04;0,00;1,05;0,00;1,23;1,46;1,53;1,47;0,00;5,66;5,65;5,39;5,63;4,71;4,09;4,23;4,37;0,00;0,00;0,00;0,00
2,99;2,74;2,57;0,00;0,00;0,92;0,00;0,00;0,00;0,97;0,00;0,00;0,00;0,00;0,00;0,00;0,00;0,00;0,00;0,00;0,00;0,00;0,00;0,00;0,00;0,00;2,54;2,88;3,24;2,82;0,00;0,00;0,00;0,00;0,00;0,00;0,00;0,00
5,24;5,25;4,58;0,00;0,00;0,00;0,00;0,00;0,00;3,94;0,90;3,38;0,00;0,00;0,00;0,00;0,00;0,00;0,00;0,00;1,17;2,34;0,00;0,00;0,00;0,00;6,60;6,68;6,62;6,55;7,13;6,16;6,75;6,51;0,00;0,00;0,00;0,00
4,16;4,38;1,40;0,00;0,00;0,00;0,00;0,00;0,00;1,54;0,00;1,53;0,00;0,00;0,00;0,00;0,00;0,00;0,00;0,00;0,00;0,00;0,00;0,00;0,00;0,00;4,82;4,54;4,64;4,66;4,07;3,40;3,99;3,62;0,00;0,00;0,00;0,00
0,00;0,00;0,00;0,00;0,00;0,00;0,00;0,00;0,00;0,00;0,00;0,00;0,00;0,00;0,00;0,00;0,00;0,00;0,00;0,00;0,00;0,00;0,00;0,00;0,00;0,00;4,45;4,81;4,37;4,66;3,77;2,89;3,31;1,93;0,00;0,00;0,00;0,00
7,31;7,13;6,16;4,11;4,33;2,19;2,15;1,92;0,00;5,89;5,02;5,50;3,85;3,75;3,47;1,02;1,94;1,63;5,09;4,42;5,01;5,55;0,00;0,96;1,47;2,81;7,85;8,48;8,41;8,43;7,16;6,90;7,22;7,69;6,06;2,83;4,72;0,00
0,00;0,00;0,00;0,00;0,00;0,00;0,00;0,00;0,00;0,00;0,00;0,00;0,00;0,00;0,00;0,00;0,00;0,00;0,00;0,00;0,00;0,00;0,00;0,00;0,00;0,00;0,00;1,37;1,93;1,33;0,00;0,00;0,00;0,00;0,00;0,00;0,00;0,00
5,31;5,35;4,43;0,00;0,00;0,00;0,00;0,00;0,00;4,11;1,85;3,62;0,00;0,00;0,00;0,00;0,00;0,00;0,00;0,00;2,25;3,56;0,00;0,00;0,00;0,00;6,96;6,87;6,93;6,86;6,84;4,34;6,12;5,84;0,00;0,00;0,00;0,00
5,97;6,17;5,31;2,94;3,11;0,92;0,00;0,00;0,00;5,06;3,81;4,87;0,97;1,03;1,00;0,00;0,00;0,00;4,18;3,26;3,61;4,32;0,00;0,00;0,00;0,00;6,98;7,00;6,98;7,09;6,84;6,73;6,54;6,56;5,08;0,00;0,00;0,00
7,31;7,38;6,30;2,75;3,40;1,48;2,62;2,50;1,85;6,41;5,39;6,00;3,12;3,21;3,18;1,61;0,96;1,63;4,94;4,34;5,17;6,01;2,17;2,74;2,85;2,81;8,88;8,89;8,85;9,02;8,33;8,04;7,95;8,01;6,47;2,83;4,02;0,00
4,39;4,38;3,54;0,00;0,00;0,00;0,00;0,00;0,00;2,94;0,00;2,51;0,00;0,00;0,00;0,00;0,00;0,00;0,00;0,00;0,00;0,00;0,00;0,00;0,00;0,00;5,80;5,70;5,91;5,88;5,16;0,00;4,63;4,72;0,00;0,00;0,00;0,00
2,99;2,93;0,00;0,00;0,00;0,00;0,00;0,00;0,00;0,00;0,00;0,00;0,00;0,00;0,00;0,00;0,00;0,00;0,00;0,00;0,00;0,00;0,00;0,00;0,00;0,00;4,82;4,89;4,72;4,27;3,39;2,07;2,80;2,73;0,00;0,00;0,00;0,00
3,32;3,73;2,57;4,64;4,69;4,54;5,28;5,33;5,09;1,54;2,99;3,82;4,40;4,63;4,65;5,21;4,97;5,16;5,58;5,35;5,71;3,72;3,29;3,51;2,85;4,09;3,17;2,53;3,24;2,47;2,87;2,07;3,99;3,92;2,70;2,83;2,60;2,60
1,58;0,96;0,00;0,00;0,00;0,00;0,00;0,00;0,00;0,97;0,00;0,00;0,00;0,00;0,00;0,00;0,00;0,00;0,00;0,00;0,00;0,00;0,00;0,00;0,00;0,00;4,98;4,97;4,86;4,90;0,00;0,00;0,00;0,00;0,00;0,00;0,00;0,00
1,00;0,96;0,86;0,97;0,97;1,88;0,89;0,95;1,45;0,97;0,90;0,96;0,97;2,04;2,33;2,84;1,94;3,06;0,00;0,00;0,00;0,00;2,83;2,93;2,19;3,46;0,00;0,00;0,00;0,00;0,00;0,00;0,00;0,00;0,00;0,00;0,00;0,00
4,52;4,51;4,48;4,11;3,53;3,55;3,39;3,49;3,90;4,79;4,81;4,67;3,12;3,63;3,81;2,84;2,94;3,06;3,49;3,68;2,86;3,99;0,00;2,52;1,87;0,00;5,24;5,23;5,12;5,17;5,59;3,40;1,99;2,73;0,00;0,00;0,00;2,60
3,45;3,39;4,05;4,26;4,52;4,75;5,07;5,07;5,16;4,02;4,06;3,92;3,85;4,13;3,91;2,36;2,26;2,64;2,75;3,79;3,09;3,56;2,17;1,94;2,19;1,58;0,00;0,00;0,00;0,00;0,00;0,00;0,00;1,93;3,58;3,72;4,02;3,48
1,00;0,96;0,86;0,00;0,00;0,00;0,00;0,00;0,00;2,53;2,42;2,25;0,00;0,00;0,00;0,00;0,00;0,00;0,00;1,05;0,00;0,00;0,00;0,00;0,00;0,00;0,00;0,00;0,00;0,00;0,00;0,00;0,00;0,00;0,00;0,00;0,00;0,00
0,00;0,00;0,86;2,75;2,75;3,18;0,89;0,95;0,00;1,54;1,46;1,53;0,97;1,03;1,00;0,00;0,00;0,00;0,00;1,05;1,17;1,23;0,00;0,00;0,00;0,00;0,00;0,00;1,27;1,33;0,00;0,00;0,00;0,00;2,70;2,83;4,41;4,02
1,00;0,96;0,86;0,00;0,00;0,00;0,00;0,00;0,00;0,97;0,90;0,96;0,00;0,00;0,00;0,00;0,00;0,00;0,00;0,00;0,00;1,23;0,00;0,00;0,00;0,00;3,41;3,60;3,62;3,10;4,07;0,00;3,31;3,62;0,00;0,00;0,00;0,00
0,00;0,00;0,00;0,00;0,00;0,00;0,00;0,00;0,00;0,00;0,00;0,00;0,00;0,00;0,00;0,00;0,00;0,00;0,00;0,00;0,00;0,00;0,00;0,00;0,00;0,00;2,07;2,06;1,93;1,33;0,00;0,00;0,00;0,00;0,00;0,00;0,00;0,00
2,80;2,52;2,75;2,27;3,27;2,45;2,62;2,91;2,64;0,97;1,46;1,93;0,97;1,03;1,00;3,04;2,52;2,64;0,00;0,00;0,00;0,00;2,17;3,10;2,66;3,00;0,00;0,00;0,00;0,00;0,00;0,00;0,00;0,00;0,00;0,00;0,00;0,00
0,00;0,00;0,00;1,54;0,97;1,88;1,84;1,52;2,64;0,00;0,00;0,00;0,00;0,00;0,00;0,00;0,00;0,00;0,00;0,00;0,00;0,00;0,00;0,00;0,00;0,00;0,00;0,00;0,00;0,00;0,00;0,00;0,00;0,00;0,00;0,00;0,00;0,00
0,00;0,00;0,00;0,00;0,00;0,00;0,00;0,00;0,00;0,00;0,00;0,00;0,00;0,00;0,00;0,00;0,00;0,00;0,00;0,00;0,00;0,00;0,00;0,00;0,00;0,00;0,00;0,00;0,00;0,00;0,00;0,00;0,00;0,00;0,00;0,00;0,00;0,00
1,58;1,94;0,86;0,97;0,97;1,48;1,44;1,92;0,90;0,00;0,00;0,00;0,00;0,00;0,00;0,00;0,00;0,00;0,00;1,05;0,00;0,00;0,00;0,00;0,00;0,00;0,00;0,00;0,00;0,00;0,00;0,00;0,00;0,00;0,00;0,00;0,00;0,00
4,64;4,92;4,53;5,26;5,26;5,16;4,43;4,60;4,56;5,33;5,27;4,96;4,47;4,44;4,71;4,13;4,18;4,24;6,14;5,93;6,47;5,82;2,17;2,26;1,47;3,32;2,54;3,16;3,24;2,82;0,00;0,00;0,00;0,00;2,70;0,00;2,60;0,00
0,00;0,00;0,00;0,00;0,00;0,00;0,00;0,00;0,00;0,00;0,00;0,00;0,00;0,00;0,00;0,00;0,00;0,00;0,00;0,00;0,00;0,00;0,00;0,00;0,00;0,00;0,00;0,00;0,00;0,00;0,00;0,00;0,00;0,00;0,00;0,00;0,00;0,00
2,99;3,10;0,00;0,00;0,00;0,00;0,00;0,00;0,00;0,00;0,00;0,00;0,00;0,00;0,00;0,00;0,00;0,00;0,00;0,00;0,00;0,00;0,00;0,00;0,00;1,00;2,54;1,37;2,73;2,47;0,00;0,00;0,00;0,00;0,00;0,00;0,00;0,00
0,00;0,00;0,00;0,00;0,00;0,00;0,00;0,00;0,00;0,00;0,00;0,00;0,00;0,00;0,00;0,00;0,00;0,00;0,00;0,00;0,00;0,00;0,00;0,00;0,00;0,00;0,00;0,00;0,00;0,00;0,00;0,00;0,00;0,00;0,00;0,00;0,00;0,00
4,90;4,88;3,20;4,46;4,33;3,03;4,32;4,23;2,64;0,00;0,00;0,00;0,00;0,00;0,00;0,00;0,00;0,00;0,00;0,00;0,00;0,00;0,00;0,00;0,00;0,00;0,00;0,00;0,00;0,00;0,00;0,00;0,00;0,00;0,00;0,00;0,00;0,00
2,80;2,93;2,75;3,52;3,75;3,55;1,44;1,92;1,45;3,40;3,14;2,73;1,96;2,04;2,33;0,00;0,00;0,00;1,71;2,40;3,09;2,96;0,00;0,00;0,00;0,00;0,00;1,37;1,27;0,00;0,00;0,00;0,00;0,00;0,00;0,00;0,00;0,00
0,00;0,00;0,00;0,00;0,00;0,92;0,00;0,00;0,00;0,97;1,46;0,00;0,00;0,00;0,00;0,00;0,00;0,00;0,00;0,00;0,00;0,00;0,00;0,00;0,00;0,00;0,00;0,00;0,00;0,00;0,00;0,00;0,00;0,00;0,00;0,00;0,00;0,00
1,58;1,94;2,10;1,95;1,54;1,48;0,00;0,00;0,00;3,52;3,28;2,73;0,97;1,03;1,00;0,00;0,00;0,00;0,00;1,05;0,00;0,00;0,00;0,00;0,00;0,00;0,00;0,00;0,00;0,00;0,00;0,00;0,00;0,00;0,00;0,00;0,00;0,00
0,00;0,00;0,00;0,00;0,00;0,00;1,44;2,24;2,16;0,00;0,00;0,00;0,00;0,00;0,00;2,36;2,26;2,38;0,00;0,00;0,00;0,00;2,83;2,93;2,85;3,32;0,00;0,00;0,00;0,00;0,00;0,00;0,00;0,00;0,00;0,00;0,00;0,00
1,99;1,94;0,86;2,75;3,11;3,18;4,38;4,55;4,33;1,54;0,00;0,00;0,00;0,00;0,00;0,00;0,00;0,00;0,00;0,00;0,00;0,00;0,00;0,00;0,00;0,00;2,89;2,53;2,73;3,10;2,05;0,00;2,80;1,93;2,70;0,00;3,47;0,00
0,00;0,00;0,00;1,54;0,97;1,48;3,61;3,81;3,72;0,00;0,00;0,00;0,00;0,00;0,00;2,36;2,26;2,38;0,00;0,00;0,00;0,00;3,15;2,74;3,17;3,32;0,00;0,00;0,00;0,00;0,00;0,00;0,00;0,00;0,00;0,00;0,00;0,00
3,16;3,25;3,20;3,84;3,94;3,76;3,80;4,15;4,06;1,95;2,83;3,09;3,27;3,63;3,59;3,74;3,93;3,65;2,75;2,89;1,17;0,00;3,41;3,51;3,75;4,09;0,00;0,00;0,00;0,00;0,00;0,00;0,00;0,00;0,00;0,00;0,00;0,00
4,90;5,32;4,89;6,00;6,05;5,91;5,34;5,11;5,42;5,29;5,45;5,20;5,19;5,05;5,25;4,21;4,51;4,46;4,35;4,74;3,28;3,99;1,46;3,38;2,44;1,00;0,00;1,37;1,27;1,33;0,00;0,00;0,00;0,00;0,00;0,00;0,00;0,00
2,99;3,10;2,35;0,00;0,00;0,00;0,00;0,00;0,00;0,00;0,00;0,00;0,00;0,00;0,00;0,00;0,00;0,00;0,00;0,00;0,00;0,00;0,00;0,00;0,00;0,00;4,22;3,78;3,77;4,48;3,39;2,07;0,00;0,00;0,00;0,00;0,00;0,00
3,80;5,01;3,54;0,97;2,27;3,76;4,32;3,08;2,42;4,69;5,09;4,37;5,30;4,44;4,18;4,63;1,54;3,65;5,40;4,68;5,96;5,78;3,00;1,53;2,19;2,81;6,74;5,41;5,23;5,84;7,50;8,54;7,04;5,53;7,17;8,50;7,99;9,10
3,16;4,92;2,10;0,00;0,00;3,18;3,26;0,00;0,00;4,46;5,09;4,24;4,47;4,37;2,59;4,50;0,00;0,00;5,19;4,85;6,22;5,47;0,91;0,00;0,00;0,00;6,82;5,51;5,28;5,63;7,19;7,89;6,63;4,72;7,17;8,11;6,94;9,02
0,00;0,96;0,00;0,00;0,00;0,00;0,00;0,00;0,00;0,97;1,46;0,00;0,00;0,00;0,00;0,00;0,00;0,00;1,10;0,00;3,28;1,23;0,00;0,00;0,00;0,00;2,54;1,37;1,27;1,33;3,77;5,04;1,99;0,00;2,70;3,72;5,19;6,17
0,00;0,00;0,00;0,00;0,00;0,00;0,00;0,00;0,00;0,00;0,00;0,00;0,00;0,00;0,00;0,00;0,00;0,00;0,00;0,00;0,00;0,00;0,00;0,00;0,00;0,00;0,00;0,00;0,00;0,00;0,00;4,34;0,00;0,00;0,00;0,00;0,00;4,02
0,00;0,00;0,00;0,00;0,00;0,00;0,00;0,00;0,00;0,00;0,00;0,00;0,00;0,00;0,00;0,00;0,00;0,00;0,00;0,00;0,00;0,00;0,00;0,00;0,00;0,00;0,00;0,00;0,00;0,00;0,00;0,00;0,00;0,00;0,00;0,00;0,00;0,00
3,90;3,73;3,73;4,26;4,69;4,89;6,84;6,78;6,43;3,26;5,20;5,64;5,15;5,33;5,25;6,86;7,21;6,78;8,65;7,77;8,13;7,86;5,20;5,01;4,88;5,13;3,17;2,53;2,38;2,01;0,00;0,00;2,80;3,24;0,00;0,00;0,00;2,60
3,69;3,39;3,33;4,33;4,46;4,30;5,85;5,78;5,53;4,33;5,16;5,77;5,47;5,33;5,40;6,97;6,87;6,78;8,60;8,05;7,60;5,95;4,57;5,13;5,00;4,91;2,07;2,06;1,93;1,33;2,05;2,07;1,99;0,00;0,00;2,83;2,60;4,02
1,00;4,38;0,00;0,00;0,97;1,48;2,15;0,00;0,00;3,26;4,62;2,92;3,85;2,85;2,01;3,04;0,96;1,04;4,27;3,79;6,07;5,23;0,00;0,00;0,00;1,00;6,22;5,29;4,27;5,23;6,88;6,90;6,23;3,92;6,72;7,01;7,21;8,23
0,00;0,96;0,00;0,00;0,00;0,92;3,70;3,49;3,28;0,97;2,64;3,38;2,95;3,51;3,18;5,29;5,32;5,20;6,23;6,08;5,12;3,56;0,91;1,53;1,47;1,58;1,38;0,00;1,27;1,33;0,00;2,89;0,00;0,00;0,00;0,00;2,60;3,48
1,00;0,96;0,00;0,97;0,97;0,00;2,41;1,92;0,90;0,00;0,00;0,00;0,00;0,00;0,00;0,00;0,00;0,00;0,00;1,05;1,17;0,00;0,00;0,00;0,00;0,00;0,00;0,00;0,00;0,00;0,00;0,00;0,00;0,00;0,00;0,00;0,00;0,00
0,00;0,00;0,00;0,00;0,00;0,00;0,00;0,00;0,00;0,00;0,00;0,00;0,00;0,00;0,00;0,00;0,00;0,00;0,00;0,00;0,00;0,00;0,00;0,00;0,00;0,00;0,00;0,00;0,00;0,00;0,00;0,00;0,00;0,00;0,00;0,00;0,00;0,00
0,00;2,52;0,00;0,00;0,00;0,00;0,00;0,00;0,00;0,97;2,16;0,00;0,00;0,00;0,00;0,00;0,00;0,00;1,71;0,00;3,61;2,34;0,00;0,00;0,00;0,00;3,41;1,37;1,93;2,01;4,31;4,55;3,69;0,00;0,00;4,27;4,72;5,95
0,00;0,00;0,00;0,00;0,00;0,00;0,00;0,00;0,00;0,00;0,00;0,00;0,00;0,00;0,00;0,00;0,00;0,00;0,00;0,00;0,00;0,00;0,00;0,00;0,00;0,00;0,00;0,00;0,00;0,00;0,00;0,00;0,00;0,00;0,00;0,00;0,00;0,00
0,00;0,00;0,00;0,00;0,00;0,00;0,00;0,00;0,00;0,97;0,90;0,00;0,00;0,00;0,00;0,00;0,00;1,04;2,48;2,67;2,86;0,00;0,00;0,00;0,00;0,00;2,89;2,06;1,27;1,33;2,87;4,90;3,31;0,00;0,00;2,83;4,41;5,95
0,00;0,00;0,00;0,00;0,00;0,00;0,00;0,00;0,00;0,00;0,00;0,00;0,00;0,00;0,00;0,00;0,00;0,00;0,00;0,00;0,00;0,00;0,00;0,00;0,00;0,00;0,00;0,00;0,00;0,00;0,00;0,00;0,00;0,00;0,00;0,00;0,00;0,00
0,00;0,00;0,00;0,00;0,00;0,00;0,00;0,00;0,00;0,00;0,00;0,00;0,00;0,00;0,00;0,00;0,00;0,00;1,71;2,08;1,17;0,00;0,00;0,00;0,00;0,00;2,07;0,00;0,00;0,00;0,00;0,00;0,00;0,00;0,00;0,00;0,00;2,60
0,00;0,00;0,00;0,00;0,00;0,00;0,89;0,00;0,00;0,00;0,00;0,00;0,00;0,00;0,00;1,02;1,54;0,00;2,48;1,65;1,17;0,00;0,00;0,00;0,00;0,00;0,00;0,00;0,00;0,00;0,00;0,00;0,00;0,00;0,00;0,00;0,00;0,00
4,58;4,10;4,31;5,26;5,22;5,57;7,10;7,05;6,79;4,64;5,80;6,40;5,94;6,12;6,09;7,98;7,82;7,74;9,97;9,14;8,00;6,81;5,02;5,47;5,36;4,86;3,41;3,40;3,62;3,10;3,39;2,89;1,99;1,93;2,70;2,83;2,60;4,72
3,32;4,32;3,07;0,00;0,00;2,45;3,70;2,24;0,00;4,11;4,13;3,72;4,19;3,37;3,91;3,85;0,00;3,23;4,43;4,00;4,77;5,12;1,46;0,00;0,92;1,00;6,03;4,97;5,00;5,39;6,80;7,52;6,45;4,87;5,94;7,08;8,07;8,97
0,00;0,00;0,00;0,00;0,00;2,19;4,38;4,49;4,61;3,11;3,62;3,92;2,54;2,85;3,47;5,63;5,45;5,43;6,83;6,54;6,53;3,72;0,00;0,00;0,00;0,00;0,00;0,00;0,00;0,00;0,00;0,00;0,00;0,00;0,00;0,00;0,00;0,00
0,00;0,00;0,00;0,00;0,00;0,00;0,00;0,00;0,00;0,00;0,00;0,00;1,55;1,03;1,00;2,03;2,26;2,64;0,00;0,00;0,00;0,00;2,83;3,10;2,85;2,81;0,00;0,00;0,00;0,00;0,00;0,00;0,00;0,00;0,00;0,00;0,00;0,00
0,00;0,00;0,00;0,00;0,00;0,92;0,00;0,00;0,00;0,00;0,00;2,92;3,94;3,95;4,25;4,56;4,39;4,59;4,94;4,42;4,95;0,00;2,64;2,26;2,66;3,70;1,38;1,37;1,27;1,33;2,05;0,00;1,99;0,00;0,00;0,00;0,00;0,00
2,80;2,52;1,79;4,89;5,19;3,44;2,41;2,72;0,00;3,11;3,28;3,82;5,75;5,91;5,74;5,29;5,14;5,35;6,55;6,42;6,66;7,08;3,41;3,10;3,02;3,46;0,00;0,00;0,00;0,00;2,87;4,34;5,20;5,12;5,49;5,81;6,06;5,38
5,48;5,68;4,19;7,18;7,14;6,23;4,43;4,66;2,83;4,02;2,99;3,50;6,90;6,83;6,84;5,13;4,93;5,62;7,02;6,77;7,44;7,78;2,83;2,26;3,17;3,58;0,00;1,37;1,27;0,00;6,20;6,39;7,14;7,57;6,38;6,79;7,35;6,75
4,16;4,68;3,44;6,12;6,28;5,72;5,14;4,95;4,27;2,75;2,64;3,82;6,09;6,24;6,07;5,36;5,25;5,28;6,94;6,79;7,15;7,48;0,00;0,00;0,00;0,00;0,00;0,00;1,27;1,33;6,32;6,97;6,94;7,00;5,65;6,94;7,05;6,60
0,00;0,00;0,00;0,97;0,97;0,00;0,00;0,00;0,00;0,00;0,00;0,00;0,00;1,03;1,00;0,00;0,00;0,00;1,10;1,05;1,17;2,34;0,91;0,00;0,00;0,00;0,00;0,00;0,00;0,00;0,00;0,00;0,00;0,00;0,00;0,00;0,00;0,00
2,99;2,93;2,57;3,52;3,94;2,45;1,84;1,92;0,90;3,26;3,14;3,50;4,59;4,96;4,53;4,56;4,32;4,39;5,94;5,80;6,12;6,52;0,00;0,00;0,00;1,58;0,00;0,00;0,00;0,00;0,00;0,00;3,31;3,24;4,83;2,83;5,19;4,02
4,85;4,88;3,98;6,18;6,40;5,82;3,80;3,90;2,83;3,26;2,99;3,72;6,23;6,35;6,33;4,95;4,74;5,28;6,92;6,59;7,20;7,48;0,00;0,00;0,00;1,00;0,00;0,00;0,00;0,00;6,67;7,47;7,28;7,23;7,17;7,48;7,48;7,05
2,58;2,26;0,86;3,74;3,94;2,86;2,98;2,24;0,90;2,94;2,83;2,92;4,47;4,57;4,53;3,74;3,52;3,97;5,40;5,23;5,56;5,78;0,00;0,96;0,92;1,58;0,00;0,00;0,00;0,00;0,00;0,00;1,99;0,00;4,83;4,67;4,97;4,72
3,16;3,51;2,75;2,75;2,27;2,45;2,15;2,72;1,45;3,11;2,99;3,24;3,12;3,04;3,18;3,95;3,63;3,65;3,17;2,89;3,09;3,19;3,15;3,10;3,17;3,91;4,34;4,21;4,27;4,48;5,49;5,95;5,20;5,34;5,08;4,27;4,02;4,02
1,99;1,53;1,40;0,00;0,00;0,92;0,89;1,52;1,45;2,53;1,85;2,51;1,96;2,04;2,01;2,36;2,26;2,87;2,15;1,65;2,25;1,89;2,83;2,74;3,02;3,17;3,79;3,94;3,91;3,72;4,88;4,09;4,63;4,72;4,52;0,00;3,47;2,60
0,00;0,00;0,86;0,00;0,00;0,00;0,00;0,00;0,00;0,00;0,90;0,00;0,00;0,00;0,00;0,00;0,00;0,00;0,00;0,00;0,00;0,00;0,00;0,00;0,00;0,00;2,07;1,37;1,93;0,00;2,05;0,00;2,80;0,00;0,00;0,00;0,00;0,00
0,00;0,00;0,00;0,00;0,00;1,48;1,44;1,52;1,85;1,54;1,46;1,53;0,00;0,00;0,00;0,00;0,00;0,00;0,00;1,05;0,00;1,23;0,00;1,53;0,92;0,00;1,38;1,37;1,27;1,33;2,87;0,00;2,80;2,73;0,00;0,00;0,00;0,00
6,55;6,40;6,91;6,02;6,03;5,99;5,46;5,60;5,78;6,20;6,30;6,10;5,85;5,83;5,79;4,90;4,74;4,88;5,54;5,77;5,71;6,16;4,98;5,01;4,69;4,17;6,22;6,30;6,29;6,21;5,28;4,55;5,31;5,12;5,49;5,64;6,44;5,83
4,16;4,01;4,31;4,33;4,11;4,24;3,70;4,07;4,13;4,58;4,67;4,44;5,30;5,30;5,22;4,63;4,51;4,53;3,17;3,55;3,09;3,99;4,52;4,83;5,04;4,91;0,00;0,00;0,00;0,00;0,00;0,00;0,00;5,23;5,30;3,72;3,47;0,00
4,58;4,17;5,34;2,53;2,53;3,44;0,00;0,00;0,00;4,46;4,81;4,24;0,00;0,00;2,01;0,00;0,00;0,00;2,15;3,26;2,25;3,56;0,00;0,00;0,00;0,00;0,00;0,00;0,00;0,00;0,00;0,00;0,00;0,00;0,00;0,00;0,00;0,00
0,00;0,00;0,00;0,00;0,00;0,00;0,00;0,00;0,00;0,00;0,00;0,00;0,00;0,00;0,00;0,00;0,00;0,00;0,00;0,00;0,00;0,00;0,00;0,00;0,00;0,00;0,00;0,00;0,00;0,00;0,00;0,00;0,00;0,00;0,00;0,00;0,00;0,00
1,99;2,26;0,00;0,00;0,00;0,00;0,00;0,00;0,00;0,00;0,00;0,00;0,00;0,00;0,00;0,00;0,00;0,00;0,00;0,00;0,00;0,00;0,00;0,00;0,00;0,00;2,89;2,53;3,24;2,47;0,00;0,00;0,00;0,00;0,00;0,00;0,00;0,00
0,00;0,00;0,00;0,00;0,00;0,00;2,81;2,50;1,45;0,00;0,00;0,00;0,00;0,00;0,00;0,00;0,00;0,00;0,00;0,00;0,00;0,00;0,00;0,00;0,00;0,00;0,00;0,00;0,00;0,00;0,00;2,07;0,00;0,00;0,00;0,00;0,00;0,00
4,24;4,51;3,54;5,33;5,30;5,36;6,52;6,50;6,34;4,02;4,85;5,53;5,56;5,51;5,50;6,50;6,39;6,58;2,15;3,09;2,86;3,19;6,83;6,64;6,69;6,88;2,89;3,16;3,01;3,54;0,00;0,00;0,00;2,73;0,00;0,00;0,00;0,00
3,99;4,25;4,05;6,12;6,20;6,13;6,74;6,50;6,49;7,11;7,35;7,00;7,81;7,52;7,64;7,87;8,09;7,87;6,00;6,39;5,77;6,24;8,88;8,57;8,63;8,68;5,42;5,23;5,23;5,28;5,02;4,09;3,31;4,37;2,70;2,83;2,60;2,60
1,00;0,96;1,40;2,53;2,27;2,67;3,50;3,81;2,64;0,00;0,00;0,00;0,97;0,00;0,00;2,36;1,94;1,63;1,71;0,00;1,17;0,00;0,91;0,00;0,00;2,00;0,00;0,00;0,00;0,00;0,00;0,00;0,00;0,00;0,00;0,00;0,00;0,00
3,99;4,01;3,07;4,11;4,11;3,18;3,61;3,90;3,40;0,00;0,00;0,00;0,00;0,00;0,00;0,00;0,00;0,00;0,00;0,00;0,00;0,00;0,00;0,00;0,00;0,00;0,00;0,00;0,00;0,00;0,00;0,00;0,00;0,00;0,00;0,00;0,00;0,00
3,80;3,93;4,19;3,11;3,11;3,66;3,70;3,90;4,06;3,64;3,14;3,50;3,27;3,63;3,71;4,29;4,32;4,24;4,43;4,49;4,77;4,81;4,07;3,83;3,75;4,32;5,42;5,04;4,86;4,97;5,39;5,95;5,41;5,84;5,65;4,98;5,19;5,19
6,53;6,52;6,13;5,86;6,03;5,51;3,39;3,61;2,83;6,10;5,61;5,89;7,29;6,54;6,36;4,21;4,25;4,07;8,13;7,38;8,17;9,60;3,73;3,83;3,54;4,00;4,90;4,54;4,16;3,88;9,02;10,24;9,78;10,07;9,84;8,42;6,87;7,67
4,32;3,93;4,72;3,74;3,85;3,85;4,38;3,99;4,61;3,64;3,72;3,50;2,54;2,36;2,59;4,21;4,18;4,24;2,48;2,89;2,86;2,96;4,77;4,56;4,74;4,25;5,71;5,87;5,84;6,27;4,31;2,07;4,23;4,72;0,00;0,00;0,00;0,00
0,00;0,00;0,00;0,00;0,00;0,00;0,00;0,00;0,00;0,00;0,00;0,00;0,00;0,00;0,00;0,00;0,00;0,00;0,00;0,00;0,00;0,00;0,00;0,00;0,00;0,00;0,00;0,00;0,00;0,00;0,00;0,00;0,00;0,00;0,00;0,00;0,00;0,00
1,58;1,53;1,40;4,69;4,80;4,80;6,16;5,92;5,91;2,75;3,98;4,50;4,70;4,63;4,65;5,77;5,90;5,82;1,71;2,08;2,58;1,23;6,00;5,98;5,92;5,04;1,38;0,00;0,00;0,00;4,07;0,00;1,99;0,00;0,00;0,00;0,00;0,00
0,00;0,00;0,00;0,00;0,00;0,00;0,00;0,00;0,00;0,00;0,00;0,00;0,00;0,00;0,00;0,00;0,00;0,00;0,00;0,00;0,00;0,00;0,00;0,00;0,00;0,00;0,00;0,00;0,00;0,00;0,00;0,00;0,00;0,00;0,00;0,00;0,00;0,00
0,00;0,96;0,86;0,00;0,00;0,00;0,00;0,00;0,00;0,97;0,90;0,96;0,00;0,00;0,00;0,00;0,00;0,00;0,00;0,00;0,00;0,00;0,00;0,00;0,00;0,00;1,38;1,37;3,01;2,47;3,39;0,00;0,00;1,93;0,00;0,00;0,00;0,00
1,58;1,94;2,10;1,54;1,54;2,19;0,00;0,00;0,00;1,54;1,46;0,96;0,00;0,00;0,00;0,00;0,00;0,00;0,00;0,00;0,00;0,00;0,00;0,00;0,00;0,00;0,00;0,00;0,00;0,00;0,00;0,00;0,00;0,00;0,00;0,00;0,00;0,00
2,80;2,52;2,10;0,97;0,97;0,92;0,89;1,52;0,90;1,54;1,46;1,53;0,97;0,00;0,00;0,00;0,00;0,00;1,10;1,05;0,00;1,23;0,00;1,53;0,00;0,00;5,05;4,81;4,72;4,97;3,77;0,00;0,00;0,00;0,00;0,00;0,00;0,00
1,00;0,96;0,86;1,54;1,95;1,48;2,98;2,50;2,83;0,97;1,46;0,96;0,97;0,00;1,00;1,02;0,00;1,04;0,00;1,05;1,17;1,23;0,91;1,53;0,92;0,00;0,00;0,00;0,00;0,00;0,00;0,00;0,00;0,00;0,00;0,00;0,00;0,00
3,45;3,39;3,20;2,53;2,95;1,88;1,44;0,00;0,00;0,00;0,00;0,00;0,00;0,00;0,00;0,00;0,00;0,00;0,00;0,00;0,00;0,00;0,00;0,00;0,00;0,00;0,00;0,00;0,00;0,00;0,00;0,00;0,00;0,00;0,00;0,00;0,00;0,00
0,00;0,00;0,00;0,00;0,00;0,00;0,00;0,00;0,00;0,00;0,00;0,00;0,00;0,00;0,00;0,00;0,00;0,00;0,00;0,00;0,00;0,00;0,00;0,00;0,00;0,00;2,07;2,06;1,27;2,01;0,00;0,00;0,00;0,00;0,00;0,00;0,00;0,00
2,99;2,74;3,07;0,00;0,00;0,00;0,00;0,00;0,00;2,27;2,16;1,53;0,00;0,00;0,00;0,00;0,00;0,00;0,00;0,00;0,00;0,00;0,00;0,00;0,00;0,00;5,80;5,78;5,61;5,80;2,05;0,00;1,99;1,93;0,00;0,00;0,00;0,00
0,00;0,00;0,00;0,00;0,00;0,00;1,44;1,92;1,45;0,00;0,00;0,00;0,00;0,00;0,00;0,00;0,00;0,00;0,00;0,00;0,00;0,00;0,00;0,96;0,00;1,00;2,54;2,06;1,93;2,82;0,00;0,00;0,00;0,00;0,00;0,00;0,00;0,00
0,00;0,00;0,86;0,97;0,00;2,45;3,96;4,36;4,27;0,00;0,00;2,25;0,00;0,00;0,00;3,62;3,10;3,06;0,00;0,00;0,00;0,00;3,73;3,73;3,84;4,00;3,79;3,78;3,44;3,72;0,00;0,00;3,31;3,24;0,00;0,00;0,00;0,00
1,00;0,96;0,00;0,00;0,00;0,00;0,00;0,00;0,00;0,97;0,90;0,96;0,00;0,00;0,00;0,00;0,00;0,00;0,00;0,00;0,00;1,23;0,00;0,00;0,00;0,00;2,54;2,06;1,93;2,47;3,77;4,34;3,31;3,24;0,00;0,00;0,00;0,00
3,16;2,74;2,35;4,46;4,46;4,49;6,05;5,85;5,66;3,94;4,62;4,91;4,19;4,69;4,47;6,43;6,61;6,37;7,05;6,88;7,16;4,74;5,69;5,72;5,90;5,86;0,00;0,00;0,00;0,00;0,00;0,00;0,00;0,00;0,00;0,00;0,00;0,00
0,00;0,00;0,86;0,00;0,97;0,92;4,11;4,60;4,33;0,97;0,90;2,51;1,55;0,00;1,00;4,74;4,63;4,46;5,40;5,00;4,47;0,00;3,15;3,51;4,01;2,81;0,00;0,00;0,00;0,00;0,00;0,00;0,00;0,00;0,00;0,00;0,00;0,00
0,00;0,00;0,00;0,00;0,00;0,00;3,39;3,61;3,52;0,00;0,90;1,93;0,00;0,00;0,00;4,13;4,45;3,87;5,43;4,96;5,56;0,00;3,41;4,01;3,54;2,58;0,00;0,00;0,00;0,00;0,00;0,00;0,00;0,00;0,00;0,00;0,00;0,00
1,00;0,00;0,86;0,00;0,00;0,00;0,00;0,00;0,00;0,97;0,90;0,00;0,00;0,00;0,00;0,00;0,00;0,00;0,00;0,00;0,00;0,00;1,46;1,53;1,47;1,00;0,00;1,37;0,00;0,00;0,00;0,00;0,00;0,00;0,00;0,00;0,00;0,00
1,58;1,53;0,86;3,40;3,11;2,86;1,44;1,52;0,00;0,97;0,90;1,53;4,64;4,13;4,09;1,61;1,94;2,38;0,00;0,00;0,00;0,00;2,83;2,74;2,85;4,58;4,55;4,33;4,37;4,27;5,68;3,79;5,31;5,23;4,13;2,83;0,00;0,00
1,58;1,53;0,86;0,00;0,00;0,00;0,00;0,95;0,00;0,00;0,00;0,00;0,00;0,00;0,00;0,00;0,00;0,00;0,00;0,00;0,00;0,00;0,00;0,00;0,00;0,00;2,89;3,40;3,01;2,82;2,05;0,00;0,00;0,00;0,00;0,00;0,00;0,00
0,00;0,00;0,00;0,00;0,00;0,00;0,00;0,00;0,00;0,00;0,00;0,00;0,00;0,00;0,00;0,00;0,00;0,00;0,00;0,00;0,00;0,00;0,00;0,00;0,00;0,00;0,00;0,00;0,00;0,00;0,00;0,00;0,00;0,00;0,00;0,00;0,00;0,00
2,32;2,26;1,40;0,00;0,00;0,00;0,00;0,00;0,00;0,97;0,00;0,00;0,00;0,00;0,00;0,00;0,00;0,00;0,00;0,00;0,00;0,00;0,00;0,00;0,00;0,00;2,54;2,88;3,01;2,47;2,87;0,00;1,99;3,24;0,00;0,00;0,00;0,00
1,00;0,96;0,00;0,00;0,97;0,92;1,44;1,52;1,85;0,97;1,85;1,53;0,00;0,00;0,00;0,00;0,00;0,00;0,00;1,05;0,00;0,00;0,00;0,96;0,00;0,00;2,07;1,37;0,00;2,01;0,00;0,00;0,00;0,00;0,00;0,00;0,00;0,00
1,58;0,96;0,00;4,52;4,89;3,18;0,00;0,00;0,00;1,95;0,90;1,53;5,56;5,33;5,25;1,61;0,00;0,00;4,71;4,74;5,36;5,28;1,46;0,00;0,92;1,58;2,54;1,37;1,27;1,33;5,16;4,34;5,69;5,98;4,13;0,00;0,00;0,00
0,00;0,00;0,00;0,97;0,00;0,00;0,00;0,00;0,00;1,54;1,46;0,96;4,40;4,75;4,59;0,00;1,54;1,63;3,88;3,90;2,58;1,89;0,00;0,00;0,00;1,00;0,00;0,00;0,00;0,00;0,00;0,00;1,99;1,93;0,00;2,83;0,00;0,00
4,32;4,17;2,92;1,95;1,54;0,00;0,00;0,00;0,00;0,00;0,00;0,00;0,00;0,00;0,00;0,00;0,00;0,00;0,00;0,00;0,00;0,00;0,00;0,00;0,00;0,00;1,38;1,37;1,93;0,00;0,00;0,00;0,00;0,00;0,00;0,00;0,00;0,00
1,00;0,96;1,40;4,02;3,27;2,67;1,44;1,92;0,90;0,00;0,00;0,00;0,97;0,00;0,00;0,00;0,00;0,00;0,00;0,00;0,00;0,00;0,00;0,00;0,00;0,00;1,38;1,37;1,27;1,33;2,05;0,00;0,00;0,00;0,00;0,00;0,00;0,00
0,00;0,00;0,00;0,00;0,00;0,00;1,44;0,95;0,00;0,00;0,00;0,00;0,00;0,00;0,00;0,00;0,00;0,00;0,00;0,00;0,00;0,00;0,00;0,00;0,00;0,00;0,00;0,00;0,00;0,00;0,00;0,00;0,00;0,00;0,00;0,00;0,00;0,00
2,32;2,52;0,86;1,95;2,27;0,92;0,00;0,00;0,00;0,00;0,00;0,00;0,00;0,00;0,00;0,00;0,00;0,00;0,00;0,00;0,00;0,00;0,00;0,00;0,00;0,00;0,00;0,00;0,00;0,00;0,00;0,00;0,00;0,00;0,00;0,00;0,00;0,00
1,00;0,96;1,40;0,00;0,00;0,00;0,00;0,00;0,00;2,27;2,16;2,25;0,97;1,03;1,59;0,00;0,00;0,00;1,10;1,05;0,00;0,00;0,00;0,00;0,00;0,00;0,00;0,00;0,00;0,00;0,00;0,00;0,00;0,00;0,00;0,00;0,00;0,00
0,00;0,00;0,00;0,00;0,00;0,00;2,41;2,24;2,42;0,00;0,00;0,00;0,00;0,00;0,00;0,00;0,00;0,00;0,00;0,00;0,00;0,00;0,00;0,00;0,00;0,00;0,00;0,00;0,00;0,00;0,00;0,00;0,00;0,00;0,00;0,00;0,00;0,00
0,00;0,00;0,00;0,00;0,00;0,00;0,00;0,00;0,00;0,00;0,00;0,00;0,00;0,00;0,00;0,00;0,00;0,00;0,00;0,00;0,00;0,00;0,00;0,00;0,00;0,00;0,00;0,00;0,00;0,00;0,00;0,00;0,00;0,00;0,00;0,00;0,00;0,00
0,00;0,00;0,00;0,00;0,00;0,00;0,00;0,00;0,00;0,00;0,00;1,53;0,97;1,03;1,00;3,04;1,94;2,64;0,00;0,00;0,00;0,00;2,83;2,74;2,85;3,00;0,00;0,00;1,27;0,00;0,00;0,00;0,00;0,00;0,00;0,00;0,00;0,00
1,58;0,96;1,79;0,97;0,97;0,92;0,89;1,92;2,16;0,97;0,90;0,96;0,00;0,00;0,00;1,02;1,54;1,04;0,00;0,00;0,00;0,00;1,46;2,26;1,47;0,00;0,00;0,00;0,00;0,00;0,00;0,00;0,00;0,00;0,00;0,00;0,00;0,00
0,00;0,00;0,00;0,00;0,00;0,00;0,00;0,00;1,45;0,00;0,00;0,00;0,00;0,00;0,00;0,00;0,00;0,00;0,00;0,00;0,00;0,00;0,91;1,53;1,47;0,00;0,00;0,00;0,00;0,00;0,00;0,00;0,00;0,00;0,00;0,00;0,00;0,00
1,58;0,96;1,79;1,54;0,97;1,48;1,84;0,95;2,16;0,97;0,00;0,96;1,55;0,00;0,00;1,02;1,54;0,00;0,00;0,00;0,00;0,00;1,46;1,53;2,19;1,00;0,00;0,00;0,00;0,00;0,00;0,00;0,00;0,00;0,00;0,00;0,00;0,00
4,08;3,83;3,64;0,97;1,54;2,19;2,15;2,24;2,16;3,26;2,83;2,92;0,00;0,00;0,00;1,02;1,54;1,04;2,15;1,65;2,58;2,96;0,91;0,96;0,92;1,00;5,91;5,83;5,91;5,76;5,39;4,90;4,63;4,56;2,70;0,00;0,00;0,00
0,00;0,00;0,00;3,11;3,53;4,17;5,04;4,71;4,93;3,75;4,27;4,24;4,40;4,37;4,33;5,50;5,51;5,46;0,00;2,08;0,00;1,89;6,00;5,75;5,69;5,73;0,00;0,00;1,27;0,00;0,00;0,00;0,00;0,00;0,00;0,00;0,00;0,00
1,00;1,53;0,00;3,74;4,19;3,18;4,38;4,55;3,62;0,00;0,00;0,00;0,00;0,00;0,00;3,36;3,10;3,65;3,76;3,26;4,21;3,39;0,00;0,00;0,00;1,00;0,00;0,00;0,00;0,00;0,00;0,00;0,00;0,00;0,00;0,00;0,00;0,00
0,00;0,00;0,00;2,53;1,95;0,00;3,70;4,23;1,85;0,00;0,00;1,93;0,97;0,00;1,00;3,62;3,52;4,31;3,99;3,68;4,11;1,23;3,00;3,10;3,43;3,70;0,00;0,00;0,00;0,00;0,00;0,00;0,00;0,00;0,00;0,00;0,00;0,00
0,00;0,00;0,00;0,97;1,54;0,92;1,84;0,95;0,90;0,00;0,00;0,00;0,00;0,00;0,00;0,00;0,00;0,00;0,00;0,00;0,00;0,00;0,00;0,00;0,00;0,00;0,00;0,00;0,00;0,00;0,00;0,00;0,00;0,00;0,00;3,72;0,00;0,00
4,80;4,73;2,10;6,16;6,22;5,13;5,62;5,81;3,90;2,53;2,42;3,92;5,92;6,05;6,01;5,21;5,18;5,50;5,14;4,96;4,47;2,96;4,57;4,87;4,59;5,64;2,07;2,53;3,62;4,15;0,00;2,07;1,99;2,73;0,00;0,00;0,00;0,00
3,69;3,73;2,92;0,00;0,00;0,00;0,00;0,00;0,00;1,54;1,46;0,96;0,00;0,00;0,00;0,00;0,00;0,00;0,00;0,00;0,00;0,00;0,00;0,00;0,00;0,00;5,42;5,51;5,43;5,34;2,87;2,07;1,99;1,93;0,00;0,00;0,00;0,00
2,58;2,52;3,44;2,53;2,75;2,45;2,15;2,50;2,64;2,75;2,64;2,51;0,97;1,03;1,00;1,02;1,94;2,05;1,10;2,08;1,17;1,23;0,00;0,96;0,00;0,00;1,38;1,37;1,93;0,00;0,00;0,00;0,00;0,00;0,00;0,00;0,00;0,00
1,00;2,52;2,57;0,97;1,95;2,19;0,89;1,52;1,45;0,97;2,64;2,25;0,00;0,00;0,00;0,00;0,96;1,04;0,00;0,00;0,00;0,00;0,00;0,96;0,00;0,00;1,38;1,37;1,27;1,33;0,00;0,00;0,00;0,00;0,00;0,00;0,00;0,00
2,80;2,93;2,75;0,00;0,00;0,00;0,00;0,00;0,00;1,54;0,90;1,53;0,00;0,00;0,00;0,00;0,00;0,00;0,00;0,00;0,00;1,23;0,00;0,00;0,00;0,00;3,79;3,78;3,24;3,34;4,07;5,87;4,79;4,72;5,30;0,00;3,47;3,48
3,80;3,63;3,33;0,00;0,00;0,00;0,00;0,00;0,00;3,40;3,28;3,38;1,55;2,36;3,01;0,00;0,00;0,00;0,00;1,65;1,81;2,34;0,00;0,00;0,00;0,00;5,62;5,65;5,69;5,76;5,16;2,07;3,69;3,24;0,00;0,00;0,00;0,00
1,00;0,96;0,00;0,97;0,97;2,19;2,81;2,24;2,16;1,54;0,90;0,96;0,97;0,00;0,00;1,02;0,96;1,04;1,71;1,05;1,81;1,89;0,91;1,53;0,92;1,00;0,00;0,00;0,00;0,00;0,00;0,00;0,00;1,93;0,00;0,00;2,60;0,00
3,16;3,51;4,05;4,02;4,11;4,49;1,84;1,52;2,16;4,40;4,20;4,44;3,94;4,22;3,91;0,00;0,00;0,00;2,48;3,79;2,86;4,22;0,00;1,53;0,92;1,00;0,00;1,37;0,00;0,00;7,16;5,04;6,59;6,04;3,58;0,00;0,00;0,00
0,00;0,00;0,00;0,00;0,00;0,00;1,44;0,95;0,00;0,00;0,00;0,00;0,00;0,00;0,00;0,00;0,00;0,00;0,00;0,00;0,00;0,00;0,00;0,00;0,00;0,00;0,00;0,00;0,00;0,00;0,00;0,00;0,00;0,00;0,00;0,00;0,00;0,00
1,58;0,96;0,86;1,54;1,54;1,48;1,44;2,50;1,85;0,97;1,46;1,53;1,55;1,62;1,59;2,36;2,26;2,64;0,00;0,00;0,00;0,00;1,86;2,52;2,85;1,00;0,00;0,00;0,00;0,00;0,00;0,00;0,00;0,00;0,00;0,00;0,00;0,00
0,00;0,00;0,00;3,74;4,11;4,80;2,41;1,52;3,40;2,75;2,83;2,92;5,37;5,18;5,01;4,43;4,45;4,31;0,00;1,65;0,00;2,96;5,02;4,73;4,96;5,32;0,00;0,00;0,00;0,00;0,00;0,00;0,00;3,24;0,00;0,00;0,00;0,00
0,00;0,00;0,00;0,97;0,00;0,92;0,00;0,00;0,00;0,00;0,00;0,00;2,28;1,62;1,59;1,02;0,96;1,63;0,00;0,00;0,00;0,00;1,46;0,96;2,19;3,00;0,00;0,00;0,00;0,00;0,00;0,00;0,00;0,00;0,00;0,00;0,00;0,00
0,00;0,00;0,00;1,95;3,27;3,03;0,00;0,00;0,00;3,40;2,64;2,51;3,85;3,51;4,01;0,00;0,00;0,00;0,00;1,05;1,17;0,00;0,00;0,00;0,00;0,00;0,00;0,00;0,00;0,00;0,00;0,00;0,00;0,00;0,00;0,00;0,00;0,00
0,00;0,00;0,00;2,94;1,54;3,03;2,81;3,08;2,42;0,00;0,00;1,93;3,75;4,13;4,01;4,04;3,84;3,87;0,00;0,00;0,00;0,00;3,73;4,01;4,23;2,81;0,00;0,00;0,00;0,00;0,00;0,00;0,00;0,00;0,00;0,00;0,00;0,00
0,00;0,00;0,00;0,00;0,00;0,00;0,00;0,00;0,00;0,00;0,00;0,00;0,00;0,00;0,00;0,00;0,00;0,00;0,00;0,00;0,00;0,00;0,00;0,00;0,00;0,00;0,00;0,00;0,00;0,00;0,00;0,00;0,00;0,00;0,00;0,00;0,00;0,00
1,00;0,96;0,86;0,97;0,00;0,92;0,00;0,00;0,00;1,54;2,16;0,96;0,00;1,03;1,00;0,00;0,00;0,00;1,71;1,65;1,81;1,89;0,00;0,00;0,00;0,00;0,00;0,00;1,27;0,00;0,00;0,00;0,00;0,00;0,00;0,00;0,00;0,00
1,99;1,53;1,79;1,54;1,95;2,19;2,81;3,23;3,40;0,97;0,90;0,00;0,97;0,00;0,00;0,00;0,00;0,00;0,00;0,00;0,00;0,00;1,86;1,94;1,87;1,58;0,00;0,00;0,00;0,00;0,00;0,00;0,00;0,00;0,00;0,00;0,00;0,00
2,32;2,93;2,92;0,00;0,00;0,92;0,00;0,00;2,42;0,00;0,00;0,00;0,00;0,00;0,00;0,00;0,00;0,00;0,00;0,00;0,00;0,00;0,91;0,00;0,00;0,00;1,38;0,00;1,27;1,33;0,00;0,00;0,00;0,00;0,00;0,00;0,00;0,00
1,58;0,96;0,00;0,00;0,00;0,92;0,89;1,52;1,85;0,00;0,00;0,96;0,97;0,00;0,00;1,02;0,96;1,63;0,00;0,00;0,00;0,00;1,86;1,53;1,47;2,00;2,54;2,88;2,73;2,47;0,00;0,00;0,00;0,00;0,00;0,00;0,00;0,00
3,32;2,74;3,82;0,97;0,97;1,48;1,44;1,92;2,16;3,26;2,83;2,73;1,96;1,03;1,59;0,00;0,00;0,00;2,48;2,67;2,25;2,68;1,46;1,53;1,47;0,00;0,00;1,37;1,27;0,00;0,00;0,00;0,00;0,00;0,00;0,00;0,00;0,00
0,00;0,00;0,00;0,00;0,00;0,00;2,41;2,91;2,64;0,00;0,00;0,00;0,00;0,00;0,00;1,61;2,52;2,38;0,00;0,00;0,00;0,00;2,43;2,74;2,66;2,81;0,00;0,00;0,00;0,00;0,00;0,00;0,00;0,00;0,00;0,00;0,00;0,00
0,00;0,00;0,00;0,00;0,00;0,00;0,00;0,00;0,00;0,00;0,00;0,00;0,00;0,00;0,00;0,00;0,00;0,00;0,00;0,00;0,00;0,00;0,00;0,00;0,00;0,00;2,54;2,53;3,01;2,47;0,00;0,00;0,00;0,00;0,00;0,00;0,00;0,00
1,99;1,94;1,40;0,00;0,00;0,00;0,00;0,00;0,00;1,54;0,90;0,96;0,00;0,00;0,00;0,00;0,00;0,00;0,00;0,00;0,00;0,00;0,00;0,00;0,00;0,00;3,17;2,53;2,38;3,10;2,05;0,00;0,00;0,00;0,00;0,00;0,00;0,00
1,00;0,00;0,00;0,00;0,00;0,00;0,00;0,00;0,00;0,00;0,00;0,00;0,00;0,00;0,00;0,00;0,00;0,00;0,00;0,00;0,00;0,00;0,00;0,00;0,00;0,00;2,54;3,16;3,44;3,10;0,00;0,00;0,00;0,00;0,00;0,00;0,00;0,00
3,99;4,25;5,21;3,84;3,75;3,85;0,00;0,00;0,90;4,26;4,45;4,37;1,96;2,04;2,59;0,00;0,00;0,00;1,71;3,41;2,25;3,56;0,00;0,00;0,00;1,00;0,00;0,00;0,00;0,00;0,00;0,00;0,00;0,00;0,00;0,00;0,00;0,00
1,00;0,00;0,00;0,00;0,00;0,00;0,00;0,00;0,00;0,00;0,00;0,00;0,00;0,00;0,00;0,00;0,00;0,00;0,00;0,00;0,00;0,00;0,00;0,00;0,00;0,00;1,38;2,06;1,27;1,33;0,00;0,00;0,00;0,00;0,00;0,00;0,00;0,00
2,99;2,74;3,20;3,52;3,53;3,55;2,81;3,08;3,40;3,26;3,14;3,09;3,12;3,51;3,18;2,84;2,74;2,87;2,15;2,67;1,81;2,68;2,43;2,93;2,44;1,58;0,00;0,00;0,00;0,00;0,00;0,00;0,00;0,00;0,00;0,00;0,00;0,00
1,00;0,96;2,92;3,11;2,75;3,31;2,62;3,08;3,14;2,94;3,28;2,73;3,41;3,04;2,81;2,36;1,94;2,38;0,00;1,05;0,00;1,23;0,91;1,94;1,87;1,00;0,00;0,00;0,00;0,00;0,00;0,00;0,00;0,00;0,00;0,00;0,00;0,00
1,99;1,94;2,10;0,97;0,97;0,92;1,44;1,92;1,85;3,94;3,72;3,82;0,00;1,03;1,00;0,00;0,00;0,00;2,15;2,08;1,81;1,89;0,91;0,96;0,00;0,00;0,00;0,00;0,00;0,00;0,00;0,00;0,00;0,00;3,58;0,00;2,60;3,48
0,00;0,00;1,40;0,97;0,97;0,00;0,00;1,52;1,85;0,00;0,90;0,96;0,00;0,00;0,00;0,00;0,00;0,00;0,00;0,00;0,00;0,00;0,00;0,96;0,00;0,00;0,00;0,00;0,00;0,00;0,00;0,00;0,00;0,00;0,00;0,00;0,00;0,00
2,80;2,74;2,10;2,75;3,11;2,45;2,41;2,24;1,85;0,00;0,00;0,00;0,00;0,00;0,00;0,00;0,00;0,00;0,00;0,00;0,00;0,00;0,00;0,00;0,00;0,00;0,00;0,00;0,00;0,00;0,00;0,00;0,00;0,00;0,00;0,00;0,00;0,00
4,90;4,97;4,72;4,52;4,33;4,09;0,89;0,95;1,45;2,94;3,40;1,53;0,00;0,00;0,00;0,00;0,00;0,00;0,00;1,05;0,00;1,23;0,00;0,00;0,00;0,00;0,00;0,00;0,00;0,00;0,00;0,00;0,00;0,00;0,00;0,00;0,00;0,00
4,45;4,51;4,43;3,84;3,40;2,67;1,44;0,95;0,90;2,27;1,85;1,53;0,00;0,00;0,00;0,00;0,00;0,00;1,10;1,65;1,17;1,23;0,00;0,00;0,00;0,00;0,00;0,00;0,00;0,00;0,00;0,00;0,00;0,00;0,00;0,00;0,00;0,00
4,95;4,97;5,01;3,84;3,94;3,44;2,41;2,50;1,45;2,94;2,99;2,73;0,00;0,00;0,00;0,00;0,00;0,00;0,00;1,05;0,00;0,00;0,00;0,00;0,00;0,00;0,00;0,00;0,00;0,00;0,00;0,00;0,00;0,00;0,00;0,00;0,00;0,00
4,80;4,68;4,63;3,52;3,40;2,45;0,89;0,00;0,00;0,00;0,90;0,00;0,00;0,00;0,00;0,00;0,00;0,00;0,00;0,00;0,00;0,00;0,00;0,00;0,00;0,00;0,00;0,00;0,00;0,00;0,00;0,00;0,00;0,00;0,00;0,00;2,60;0,00
4,45;4,17;3,82;4,39;4,52;3,66;3,50;3,49;3,72;1,95;2,42;1,53;0,00;0,00;0,00;0,00;0,00;0,00;0,00;0,00;0,00;0,00;0,00;0,00;0,00;0,00;0,00;0,00;0,00;0,00;0,00;0,00;0,00;0,00;0,00;0,00;0,00;0,00
4,95;4,88;4,63;2,53;1,54;0,00;0,00;0,00;0,00;2,75;3,14;1,53;0,00;0,00;1,00;0,00;0,00;0,00;0,00;0,00;0,00;0,00;0,00;0,00;0,00;0,00;0,00;0,00;0,00;0,00;0,00;0,00;0,00;0,00;0,00;0,00;0,00;0,00
0,00;0,00;0,00;0,00;0,00;0,00;0,00;0,95;1,45;1,95;2,42;1,93;1,55;1,03;1,00;0,00;0,00;0,00;0,00;0,00;0,00;0,00;0,00;0,00;0,00;0,00;0,00;0,00;0,00;0,00;0,00;0,00;0,00;0,00;0,00;0,00;0,00;0,00
2,32;2,26;2,35;3,74;3,85;4,24;4,79;4,66;5,36;3,11;4,13;4,72;4,75;4,96;5,09;6,23;6,28;6,16;1,10;1,65;1,17;1,89;6,51;6,38;6,21;6,49;0,00;0,00;0,00;0,00;2,05;0,00;0,00;3,62;4,83;5,45;5,37;4,72
1,58;1,94;1,40;3,11;3,40;3,31;3,70;3,37;3,28;1,95;1,46;2,25;2,28;2,04;2,33;2,36;1,94;2,38;1,71;1,05;1,81;1,23;1,86;1,94;1,47;1,58;0,00;0,00;0,00;0,00;0,00;0,00;2,80;2,73;4,52;4,98;5,19;5,19
2,32;2,26;1,79;5,18;5,40;5,67;4,96;4,81;4,89;4,40;4,51;5,00;6,85;6,56;6,48;6,58;6,42;6,32;3,34;3,41;2,58;1,89;6,25;6,27;6,56;6,66;3,61;3,16;3,01;2,82;0,00;0,00;0,00;0,00;0,00;0,00;0,00;0,00
1,58;0,96;1,40;0,97;0,97;2,19;0,89;1,52;1,85;1,54;1,85;1,93;0,97;2,04;2,33;0,00;0,96;1,04;0,00;1,05;0,00;1,23;0,91;0,96;0,92;0,00;0,00;0,00;0,00;0,00;0,00;0,00;0,00;0,00;0,00;0,00;0,00;0,00
0,00;0,00;0,00;0,00;0,00;0,92;0,00;0,00;0,00;0,00;0,00;0,96;0,97;2,04;2,33;1,02;0,96;0,00;0,00;0,00;0,00;0,00;0,00;0,00;0,92;0,00;0,00;0,00;0,00;0,00;0,00;0,00;0,00;0,00;0,00;0,00;0,00;0,00
1,00;0,96;0,86;0,97;0,97;0,92;0,89;0,95;0,90;0,97;0,90;0,96;0,00;0,00;0,00;0,00;0,00;0,00;0,00;0,00;0,00;0,00;0,00;0,00;0,92;0,00;2,07;2,88;1,93;2,47;0,00;0,00;0,00;0,00;0,00;0,00;0,00;0,00
5,61;5,60;4,31;3,64;3,53;0,92;4,32;4,36;3,14;3,52;1,46;3,09;2,54;1,03;2,33;4,36;3,84;4,24;1,71;1,05;1,81;2,34;4,46;4,24;4,23;4,64;6,06;6,08;5,97;6,05;5,49;0,00;5,20;5,00;0,00;0,00;0,00;0,00
0,00;0,00;0,00;0,00;0,00;0,00;0,00;0,00;0,00;4,02;3,62;3,82;4,11;4,05;3,81;0,00;0,00;0,00;4,09;3,79;4,21;4,32;0,00;0,00;0,00;0,00;0,00;0,00;0,00;0,00;5,02;5,95;7,20;7,03;6,47;0,00;0,00;0,00
4,90;4,88;3,33;5,39;5,58;5,54;6,19;6,27;5,97;2,53;3,98;3,92;4,99;4,91;4,76;5,66;5,57;5,62;3,63;3,41;3,75;3,99;5,02;5,20;5,36;5,98;3,95;4,44;4,64;4,02;3,77;0,00;0,00;0,00;0,00;0,00;0,00;0,00
1,00;2,26;1,79;2,53;1,95;1,88;2,62;3,08;3,28;1,54;1,46;0,00;1,55;1,62;1,59;0,00;1,54;2,05;0,00;0,00;0,00;0,00;0,00;0,00;0,00;0,00;0,00;0,00;0,00;0,00;0,00;0,00;0,00;0,00;0,00;0,00;0,00;0,00
1,99;1,94;1,40;2,53;2,27;0,92;1,44;2,24;0,90;0,00;0,00;0,00;0,00;0,00;0,00;0,00;0,00;0,00;0,00;1,05;0,00;0,00;0,00;0,00;0,00;0,00;0,00;0,00;0,00;0,00;0,00;0,00;0,00;0,00;0,00;0,00;0,00;0,00
3,80;3,63;2,10;0,00;0,00;0,00;0,00;0,00;0,00;3,94;2,83;3,82;0,00;1,03;1,00;0,00;0,00;0,00;2,15;1,65;1,17;2,34;0,00;0,00;0,00;0,00;5,75;5,74;5,65;5,49;5,93;5,41;5,84;5,34;2,70;0,00;2,60;0,00
1,58;1,53;0,86;4,18;4,19;3,31;4,74;4,43;3,62;0,00;1,85;1,53;2,76;2,85;3,01;3,50;3,10;3,77;0,00;1,05;0,00;1,23;2,83;3,10;2,66;3,70;0,00;0,00;0,00;0,00;0,00;0,00;0,00;0,00;0,00;0,00;0,00;0,00
2,32;2,74;0,86;0,00;0,00;0,00;0,00;0,00;0,00;0,00;0,00;0,00;0,00;0,00;0,00;0,00;0,00;0,00;0,00;0,00;0,00;0,00;0,00;0,00;0,00;0,00;2,54;1,37;2,38;1,33;2,05;2,07;1,99;1,93;2,70;0,00;2,60;2,60
0,00;0,00;0,00;0,00;0,00;0,00;0,00;0,00;0,00;0,00;0,00;0,00;0,00;0,00;0,00;0,00;0,00;0,00;0,00;0,00;0,00;0,00;0,00;0,00;0,00;0,00;0,00;0,00;0,00;0,00;0,00;0,00;0,00;0,00;0,00;0,00;0,00;0,00
1,00;0,96;0,86;0,97;0,97;0,92;0,89;0,95;0,90;0,97;0,90;0,96;0,97;1,03;1,00;1,61;0,96;1,63;1,10;1,05;1,17;1,89;1,46;1,53;1,47;1,58;1,38;1,37;1,27;1,33;0,00;0,00;0,00;0,00;0,00;0,00;0,00;0,00
3,99;4,10;1,79;0,00;0,00;0,00;0,00;0,00;0,00;1,95;0,00;1,53;0,00;0,00;0,00;0,00;0,00;0,00;0,00;0,00;0,00;0,00;0,00;0,00;0,00;0,00;5,18;4,81;5,12;5,04;2,05;2,89;2,80;1,93;2,70;3,72;2,60;3,48
0,00;0,00;0,00;1,54;0,97;1,48;3,96;3,90;3,98;0,97;0,90;1,53;2,54;2,63;2,01;2,84;3,63;3,06;0,00;0,00;1,17;0,00;3,63;3,38;3,75;3,81;0,00;0,00;0,00;0,00;0,00;0,00;0,00;0,00;0,00;0,00;0,00;0,00
2,80;2,26;1,79;0,00;0,00;0,00;0,00;0,00;0,00;0,00;0,00;0,00;0,00;0,00;0,00;0,00;0,00;0,00;0,00;0,00;0,00;0,00;0,00;0,00;0,00;0,00;3,95;3,60;3,62;3,88;2,05;0,00;0,00;0,00;0,00;0,00;0,00;0,00
5,58;5,45;5,67;0,97;0,97;2,45;0,89;0,95;2,42;5,43;4,56;5,37;3,41;3,04;3,01;3,95;3,84;3,97;3,88;3,09;4,30;4,81;4,14;3,92;4,16;3,70;8,31;8,42;8,36;8,29;8,18;7,75;7,88;7,67;7,11;2,83;5,19;0,00
2,32;1,53;0,00;0,00;0,00;0,00;0,89;0,00;0,00;0,00;0,00;0,00;0,00;0,00;0,00;0,00;0,00;0,00;0,00;0,00;0,00;0,00;0,00;0,00;0,00;0,00;3,17;2,53;1,93;2,47;2,05;2,07;0,00;0,00;0,00;0,00;0,00;0,00
2,32;2,74;1,79;3,11;2,95;1,88;2,98;3,08;2,64;0,00;0,00;0,00;0,00;0,00;0,00;1,02;0,96;1,04;0,00;0,00;0,00;0,00;0,91;0,96;1,47;1,00;0,00;1,37;1,27;0,00;0,00;0,00;0,00;0,00;0,00;0,00;0,00;0,00
1,58;1,53;0,86;0,00;0,00;0,00;0,89;0,95;2,16;0,00;0,00;0,00;0,97;0,00;0,00;0,00;0,00;0,00;0,00;0,00;0,00;1,23;1,86;0,96;0,92;0,00;2,89;2,53;1,93;2,82;0,00;0,00;0,00;0,00;0,00;0,00;0,00;0,00
1,58;2,26;2,10;1,54;1,54;1,88;0,00;0,95;1,85;1,54;2,16;1,93;0,00;1,03;1,00;0,00;0,00;0,00;0,00;0,00;1,17;2,34;0,91;0,00;0,92;0,00;0,00;0,00;0,00;0,00;0,00;0,00;0,00;0,00;0,00;0,00;0,00;0,00
0,00;0,00;0,00;0,00;0,00;0,00;0,89;0,95;0,90;0,00;0,00;0,00;0,00;0,00;0,00;0,00;0,00;0,00;0,00;0,00;0,00;0,00;0,00;0,00;0,00;1,58;0,00;0,00;0,00;0,00;0,00;0,00;0,00;0,00;0,00;0,00;0,00;0,00
0,00;0,00;0,00;0,00;0,00;0,00;0,00;0,00;0,00;0,00;0,00;0,00;0,00;0,00;0,00;0,00;0,00;0,00;0,00;0,00;0,00;0,00;0,00;0,00;0,00;0,00;0,00;0,00;0,00;0,00;0,00;0,00;0,00;0,00;0,00;0,00;0,00;0,00
0,00;0,00;0,00;0,00;0,00;0,00;0,00;0,00;0,00;0,00;0,00;0,00;0,00;0,00;0,00;0,00;0,00;0,00;0,00;0,00;0,00;0,00;0,00;0,00;0,00;0,00;0,00;2,06;1,27;2,01;0,00;0,00;0,00;0,00;0,00;0,00;0,00;0,00
1,00;0,96;0,00;0,00;0,00;0,00;0,00;0,00;0,00;0,00;0,00;0,00;0,00;0,00;0,00;0,00;0,00;0,00;0,00;0,00;0,00;0,00;0,00;0,00;0,00;0,00;3,79;3,78;3,91;3,72;0,00;0,00;0,00;0,00;0,00;0,00;0,00;0,00
0,00;0,00;0,00;0,00;0,00;0,00;0,89;0,95;0,90;0,00;0,00;0,00;0,00;0,00;0,00;1,61;0,96;1,04;1,71;1,05;0,00;0,00;0,00;0,00;0,00;0,00;0,00;0,00;0,00;0,00;0,00;0,00;0,00;0,00;0,00;0,00;0,00;0,00
3,16;2,93;3,07;1,95;1,54;0,00;0,00;0,00;0,00;2,75;2,64;2,51;0,00;1,03;0,00;1,61;0,00;1,04;2,15;2,40;2,25;2,96;0,91;0,96;0,92;0,00;0,00;0,00;0,00;0,00;0,00;0,00;0,00;0,00;0,00;0,00;0,00;0,00
2,32;2,52;2,35;0,00;0,00;0,00;0,00;0,00;0,00;1,95;0,00;0,00;0,00;0,00;0,00;0,00;0,00;0,00;0,00;0,00;0,00;1,23;0,00;0,00;0,00;0,00;3,61;3,40;3,91;3,54;4,07;2,89;2,80;3,24;0,00;0,00;0,00;0,00
0,00;0,00;0,00;0,00;0,00;0,00;0,00;0,00;0,00;0,00;0,00;0,00;0,00;0,00;0,00;0,00;0,00;0,00;0,00;0,00;0,00;0,00;0,00;0,00;0,00;0,00;2,07;2,06;1,93;2,01;2,87;0,00;2,80;1,93;0,00;0,00;0,00;0,00
1,58;1,53;2,35;1,54;0,97;0,92;0,00;0,00;0,00;0,00;0,00;0,00;0,00;0,00;0,00;0,00;0,00;0,00;0,00;0,00;0,00;0,00;0,00;0,00;0,00;0,00;0,00;0,00;0,00;0,00;0,00;0,00;0,00;0,00;0,00;0,00;0,00;0,00
1,99;0,96;2,92;1,54;1,95;1,48;0,89;0,95;2,16;2,27;2,83;1,53;0,00;0,00;0,00;0,00;0,00;0,00;1,10;1,05;0,00;1,23;0,00;0,00;0,00;0,00;0,00;0,00;0,00;0,00;0,00;0,00;0,00;0,00;0,00;0,00;0,00;0,00
3,58;3,25;4,19;2,27;1,95;1,48;0,00;0,00;0,00;2,53;2,64;2,25;0,97;1,03;1,00;0,00;0,00;0,00;1,10;0,00;0,00;0,00;0,00;0,00;0,00;0,00;0,00;0,00;0,00;0,00;0,00;0,00;0,00;0,00;0,00;0,00;0,00;0,00
1,00;0,96;0,86;0,97;0,97;0,92;0,00;0,00;0,00;0,97;1,46;1,53;0,00;1,03;1,00;0,00;0,00;0,00;0,00;1,05;0,00;1,23;0,00;0,00;0,00;0,00;0,00;0,00;0,00;0,00;0,00;0,00;0,00;0,00;0,00;0,00;0,00;0,00
0,00;0,00;0,00;0,00;0,00;0,00;2,15;3,08;0,00;0,00;0,00;0,00;0,00;0,00;0,00;1,61;2,26;0,00;0,00;0,00;0,00;0,00;2,43;3,38;2,85;0,00;0,00;0,00;0,00;0,00;0,00;0,00;0,00;0,00;0,00;0,00;0,00;0,00
0,00;0,00;0,00;0,00;0,00;0,00;0,00;0,00;0,00;0,00;0,00;0,00;0,00;0,00;0,00;0,00;0,96;1,04;0,00;0,00;0,00;0,00;0,91;0,00;0,00;1,58;0,00;0,00;0,00;0,00;0,00;0,00;0,00;0,00;0,00;0,00;0,00;0,00
1,58;2,52;0,86;0,00;0,00;0,00;0,00;0,00;0,00;0,00;0,00;0,00;0,00;0,00;0,00;0,00;0,00;0,00;0,00;0,00;0,00;0,00;0,00;0,00;0,00;1,00;4,34;4,08;4,55;4,27;0,00;0,00;0,00;0,00;0,00;0,00;0,00;0,00
1,00;0,96;1,40;1,54;0,97;0,92;0,00;0,00;0,00;0,00;0,00;0,00;0,00;0,00;0,00;0,00;0,00;0,00;0,00;1,05;0,00;0,00;0,00;0,00;0,00;0,00;0,00;0,00;0,00;0,00;0,00;0,00;0,00;0,00;0,00;0,00;0,00;0,00
2,32;1,53;2,75;2,75;2,75;3,18;3,70;3,90;3,72;4,40;4,20;4,24;1,96;3,21;3,01;2,36;1,94;2,38;3,17;3,55;3,28;4,50;2,64;2,93;2,44;1,00;0,00;1,37;1,27;0,00;0,00;0,00;0,00;0,00;0,00;0,00;0,00;0,00
5,83;5,70;6,02;4,93;4,89;4,80;3,39;3,61;3,72;5,61;5,61;5,27;2,76;3,37;3,71;1,02;1,54;1,04;2,15;4,42;0,00;3,19;0,00;0,00;0,00;0,00;0,00;1,37;1,27;0,00;0,00;0,00;0,00;0,00;0,00;0,00;0,00;0,00
0,00;0,00;0,00;0,00;0,00;0,00;0,00;0,00;0,00;0,00;0,00;0,00;0,00;0,00;0,00;0,00;0,00;0,00;0,00;0,00;0,00;0,00;0,00;0,00;0,00;0,00;0,00;0,00;0,00;0,00;0,00;0,00;0,00;0,00;0,00;0,00;0,00;0,00
0,00;0,00;0,00;0,97;0,97;0,92;0,00;0,95;0,00;0,97;1,46;1,53;0,00;0,00;0,00;0,00;0,00;0,00;0,00;0,00;0,00;0,00;0,00;0,00;0,00;0,00;0,00;0,00;0,00;0,00;0,00;0,00;0,00;0,00;0,00;0,00;0,00;0,00
3,32;3,63;3,82;4,11;3,75;4,09;2,81;2,72;2,83;1,95;2,83;1,93;1,55;1,03;0,00;0,00;0,00;0,00;0,00;0,00;0,00;0,00;0,00;0,00;0,00;0,00;0,00;0,00;0,00;0,00;0,00;0,00;0,00;0,00;0,00;0,00;0,00;0,00
0,00;0,00;0,00;0,00;0,00;0,00;0,00;0,00;0,00;0,00;0,00;0,00;0,00;0,00;0,00;0,00;0,00;0,00;0,00;0,00;0,00;0,00;0,00;0,00;0,00;0,00;2,54;3,16;2,38;1,33;2,05;0,00;1,99;0,00;0,00;0,00;0,00;0,00
4,85;4,78;4,58;1,54;2,27;2,19;1,44;1,92;0,00;4,89;3,98;4,77;1,96;2,36;2,59;2,03;1,54;2,05;4,27;4,09;4,55;4,94;0,00;0,00;0,00;1,00;8,26;8,08;8,18;8,07;7,89;7,83;7,28;7,03;6,38;3,72;4,72;4,02
0,00;0,00;0,00;0,00;0,00;0,92;0,00;0,00;0,00;0,00;0,00;0,00;0,00;0,00;0,00;0,00;0,96;0,00;0,00;0,00;0,00;0,00;0,00;0,00;0,00;1,00;2,89;4,73;4,37;4,38;0,00;0,00;0,00;0,00;0,00;0,00;0,00;0,00
0,00;0,00;0,00;0,97;0,00;0,00;0,00;0,00;0,00;0,00;0,00;0,00;0,00;0,00;0,00;0,00;0,00;0,00;0,00;0,00;0,00;0,00;0,00;0,00;0,00;0,00;2,54;2,88;1,93;2,47;0,00;0,00;0,00;0,00;0,00;0,00;0,00;0,00
2,99;2,93;1,79;0,00;0,00;0,00;0,00;0,00;0,00;0,00;0,00;0,00;0,00;0,00;0,00;0,00;0,00;0,00;0,00;0,00;0,00;0,00;0,00;0,00;0,00;0,00;3,79;3,78;3,91;3,88;2,05;0,00;0,00;0,00;0,00;0,00;0,00;0,00
4,16;3,73;2,92;0,00;0,00;0,00;0,00;0,00;0,00;0,00;0,00;0,00;0,00;0,00;0,00;0,00;0,00;0,00;0,00;0,00;0,00;0,00;0,00;0,00;0,00;0,00;4,82;4,81;4,79;4,83;3,39;2,07;2,80;2,73;0,00;0,00;0,00;0,00
7,34;7,36;6,45;2,27;2,27;1,48;0,00;0,00;0,90;7,56;6,81;7,44;4,70;4,80;4,53;0,00;0,00;0,00;7,13;7,34;6,90;7,30;0,91;0,00;0,92;0,00;0,00;0,00;0,00;0,00;0,00;0,00;7,71;8,38;0,00;3,72;6,06;7,00
0,00;0,00;0,00;0,00;0,00;0,00;0,00;0,00;0,00;0,00;0,00;0,00;0,00;0,00;0,00;0,00;0,00;0,00;0,00;0,00;0,00;0,00;0,00;0,00;0,00;0,00;2,54;2,88;2,73;2,47;2,05;2,07;1,99;1,93;0,00;0,00;0,00;0,00
0,00;0,00;0,00;0,00;0,00;0,00;1,44;0,95;1,45;0,00;0,00;0,00;0,00;0,00;0,00;1,61;1,54;1,63;0,00;0,00;0,00;0,00;1,86;1,94;1,87;2,00;0,00;0,00;0,00;0,00;0,00;0,00;0,00;0,00;0,00;0,00;0,00;0,00
6,80;6,65;6,83;6,00;5,80;6,05;5,43;5,36;5,36;7,23;7,16;6,88;4,34;4,37;4,59;6,31;6,28;5,98;7,76;7,50;7,92;6,43;3,15;3,83;3,54;1,58;1,38;2,88;2,38;2,47;0,00;0,00;0,00;0,00;0,00;0,00;0,00;0,00
7,03;6,97;7,10;7,32;7,17;7,21;7,44;7,38;7,14;7,92;7,77;7,69;6,56;6,69;6,69;7,15;7,21;6,88;8,59;8,41;8,80;8,46;4,81;4,83;4,74;5,29;4,22;4,89;4,27;4,48;0,00;2,07;4,94;2,73;2,70;3,72;4,41;2,60
2,99;3,25;3,33;3,52;3,53;3,31;2,15;3,37;3,40;4,26;3,98;3,72;2,76;2,85;3,18;1,02;0,96;1,04;2,75;3,68;3,61;3,86;0,00;1,53;1,47;0,00;1,38;3,40;3,24;2,01;0,00;0,00;3,99;4,37;4,83;6,79;5,69;5,54
0,00;0,00;0,00;0,00;0,00;0,00;0,00;0,00;0,00;0,00;0,00;0,00;0,00;0,00;0,00;0,00;0,00;0,00;0,00;0,00;0,00;0,00;0,00;0,00;0,00;0,00;0,00;0,00;0,00;0,00;0,00;0,00;0,00;0,00;0,00;0,00;0,00;0,00
3,45;3,51;3,20;3,52;3,53;3,66;3,13;3,61;3,52;3,64;4,06;3,92;3,12;3,37;3,71;3,36;3,52;3,52;3,34;4,00;4,00;4,58;2,43;3,51;3,54;3,58;3,17;2,88;2,38;0,00;0,00;0,00;4,63;5,00;5,80;6,22;6,26;5,54
0,00;0,00;0,00;0,00;0,00;0,00;0,89;1,52;0,90;0,00;0,00;0,00;0,00;0,00;0,00;0,00;0,00;0,00;0,00;0,00;0,00;0,00;0,00;0,00;0,00;0,00;0,00;0,00;0,00;0,00;0,00;0,00;0,00;0,00;0,00;0,00;0,00;0,00
0,00;0,00;0,00;0,00;0,00;0,00;0,00;0,00;0,00;1,54;0,90;0,96;0,00;0,00;0,00;0,00;0,00;0,00;0,00;0,00;0,00;0,00;0,00;0,00;0,00;0,00;0,00;0,00;0,00;0,00;0,00;0,00;0,00;0,00;0,00;0,00;0,00;0,00
0,00;0,00;0,00;0,00;0,00;0,00;0,00;0,00;0,00;0,00;0,00;0,00;0,00;0,00;0,00;0,00;0,00;0,00;0,00;0,00;0,00;0,00;0,00;0,00;0,00;0,00;0,00;1,37;1,93;1,33;0,00;0,00;0,00;0,00;0,00;0,00;0,00;0,00
1,00;2,26;3,20;2,75;2,53;2,86;0,89;0,95;0,90;2,75;2,64;1,93;0,00;0,00;0,00;0,00;0,00;0,00;1,71;1,05;2,58;0,00;0,00;0,00;0,00;0,00;0,00;0,00;0,00;0,00;0,00;0,00;0,00;0,00;0,00;0,00;0,00;0,00
4,24;4,45;4,19;0,97;0,97;0,00;0,00;0,00;0,00;3,75;3,52;3,09;0,97;1,03;1,00;0,00;0,00;0,00;1,10;1,05;0,00;2,68;0,00;0,00;0,00;0,00;5,47;5,65;5,48;5,34;3,39;2,07;0,00;0,00;0,00;0,00;0,00;0,00
4,08;3,83;3,07;0,00;0,00;0,00;0,00;0,00;0,00;3,11;2,16;1,93;0,00;0,00;0,00;0,00;0,00;0,00;0,00;0,00;0,00;0,00;0,00;0,00;0,00;0,00;5,62;5,78;5,65;5,68;3,39;0,00;1,99;1,93;0,00;0,00;0,00;0,00
3,99;3,83;3,20;0,97;0,00;0,00;0,00;0,00;0,00;2,27;0,90;0,96;0,00;0,00;0,00;0,00;0,00;0,00;0,00;0,00;0,00;0,00;0,00;0,00;0,00;0,00;5,52;5,78;5,52;5,68;2,87;0,00;2,80;2,73;0,00;0,00;0,00;0,00
2,32;1,53;0,86;0,00;0,00;0,00;0,00;0,00;0,00;0,97;0,90;0,00;0,00;0,00;0,00;0,00;0,00;0,00;0,00;0,00;0,00;0,00;0,00;0,00;0,00;0,00;0,00;0,00;0,00;0,00;0,00;0,00;0,00;0,00;0,00;0,00;0,00;0,00
2,32;1,94;1,79;1,95;1,54;0,92;0,00;0,00;0,00;1,54;2,16;0,96;0,00;0,00;0,00;0,00;0,00;0,00;0,00;0,00;0,00;1,23;0,00;0,00;0,00;0,00;0,00;0,00;0,00;0,00;0,00;0,00;0,00;0,00;0,00;0,00;0,00;0,00
4,80;4,78;5,08;4,46;4,19;4,30;1,84;1,92;0,90;4,18;4,20;3,50;0,00;0,00;0,00;0,00;0,00;0,00;1,10;1,65;1,17;2,34;0,00;0,00;0,00;0,00;4,09;4,54;4,72;4,48;2,05;0,00;1,99;0,00;0,00;0,00;0,00;0,00
0,00;0,00;0,00;0,00;0,00;0,00;0,00;0,00;0,00;0,00;0,00;0,00;0,00;0,00;0,00;0,00;0,00;0,00;0,00;0,00;0,00;0,00;0,00;0,00;0,00;0,00;0,00;0,00;0,00;0,00;0,00;0,00;0,00;0,00;0,00;0,00;0,00;0,00
2,99;2,26;3,44;2,75;2,75;2,67;2,41;1,52;1,45;1,95;2,16;2,25;2,76;2,36;3,01;0,00;0,00;0,00;0,00;0,00;0,00;0,00;0,00;0,00;0,00;0,00;0,00;0,00;0,00;0,00;0,00;0,00;0,00;0,00;0,00;0,00;0,00;0,00
4,45;3,93;4,72;3,40;3,40;3,18;1,84;0,95;2,64;3,11;3,14;1,53;3,85;3,75;3,18;0,00;0,00;0,00;2,15;2,89;2,25;2,34;0,91;0,00;0,00;0,00;0,00;0,00;0,00;0,00;0,00;0,00;0,00;0,00;0,00;0,00;0,00;0,00
0,00;0,00;0,00;0,97;1,54;1,88;0,89;1,92;2,42;0,00;0,00;0,00;0,00;0,00;0,00;0,00;0,00;0,00;0,00;0,00;0,00;0,00;0,00;0,00;0,00;0,00;0,00;0,00;0,00;0,00;0,00;0,00;0,00;0,00;0,00;0,00;0,00;0,00
0,00;0,00;0,00;4,02;4,11;4,02;4,32;4,43;3,90;0,97;1,46;1,93;2,76;2,36;2,81;2,03;1,54;2,05;1,10;1,65;1,17;0,00;0,91;0,96;1,87;1,58;0,00;0,00;0,00;0,00;0,00;0,00;0,00;0,00;0,00;0,00;0,00;0,00
0,00;0,00;0,00;0,00;0,00;0,00;0,00;0,00;0,00;0,00;0,00;0,00;0,00;0,00;0,00;0,00;0,00;0,00;0,00;0,00;0,00;0,00;0,00;0,00;0,00;0,00;2,07;2,88;3,24;3,10;0,00;0,00;0,00;0,00;0,00;0,00;0,00;0,00
1,00;0,96;1,40;1,54;1,54;1,88;2,62;3,08;2,64;1,54;1,85;1,53;3,27;3,21;3,01;2,62;1,94;3,23;1,71;1,65;1,17;0,00;1,86;1,94;2,44;1,58;0,00;0,00;0,00;0,00;0,00;0,00;0,00;0,00;2,70;0,00;0,00;0,00
1,00;2,26;0,00;4,02;3,64;3,66;2,81;2,72;2,83;3,40;3,52;3,38;1,96;2,36;2,33;0,00;0,00;0,00;2,15;1,65;2,58;2,96;0,00;0,00;0,00;0,00;0,00;0,00;0,00;0,00;0,00;0,00;0,00;0,00;0,00;0,00;0,00;0,00
1,99;2,26;2,57;3,40;3,64;3,44;3,70;3,49;3,72;2,53;2,99;3,09;3,41;3,37;3,33;3,50;3,26;3,65;0,00;1,05;0,00;0,00;2,83;3,25;2,66;2,58;0,00;0,00;0,00;0,00;0,00;0,00;0,00;0,00;0,00;0,00;0,00;0,00
0,00;0,00;0,00;0,00;0,00;0,92;2,15;1,92;2,16;0,00;0,00;0,00;0,00;0,00;0,00;2,03;1,54;1,63;0,00;0,00;0,00;0,00;2,17;1,53;1,87;2,58;0,00;0,00;0,00;0,00;0,00;0,00;0,00;0,00;0,00;0,00;0,00;0,00
1,58;1,94;1,79;1,95;1,95;1,88;0,89;1,52;1,45;1,54;1,85;1,53;1,55;2,63;2,01;2,03;0,96;1,63;0,00;1,05;1,17;1,89;1,46;2,52;2,44;0,00;0,00;0,00;0,00;0,00;0,00;0,00;0,00;0,00;0,00;0,00;0,00;0,00
1,58;1,53;0,00;4,89;5,11;4,80;3,80;4,15;3,81;3,84;2,83;3,72;5,37;5,30;5,29;4,36;4,25;4,77;2,15;2,08;1,81;0,00;4,67;4,87;4,92;5,52;0,00;0,00;0,00;0,00;3,39;2,07;2,80;4,87;5,08;3,72;4,02;4,02
4,16;4,10;3,90;4,84;4,89;4,93;4,88;4,81;5,13;4,52;4,39;4,44;5,03;5,18;5,09;4,85;4,88;5,11;2,48;3,26;3,75;3,19;4,52;5,05;4,88;3,70;0,00;0,00;0,00;0,00;0,00;0,00;0,00;0,00;0,00;0,00;0,00;0,00
1,00;0,96;0,86;2,94;2,95;3,03;2,41;2,72;2,16;0,97;0,90;0,96;1,55;1,03;0,00;1,02;0,96;1,04;1,10;1,05;0,00;1,23;0,00;0,00;0,00;0,00;0,00;0,00;0,00;0,00;0,00;0,00;0,00;0,00;0,00;0,00;0,00;0,00
2,32;2,26;1,79;3,52;3,85;3,44;3,88;3,81;3,81;2,53;2,83;2,73;2,28;2,04;2,33;1,61;1,94;1,04;0,00;2,08;0,00;0,00;0,00;0,96;0,00;0,00;0,00;0,00;0,00;0,00;0,00;0,00;0,00;0,00;0,00;0,00;0,00;0,00
2,80;2,74;2,10;1,95;2,27;2,19;2,15;2,91;3,28;2,94;3,14;2,51;0,00;1,03;1,00;0,00;0,00;0,00;0,00;1,05;0,00;2,96;0,00;0,00;0,00;0,00;3,41;3,60;3,62;3,54;3,39;0,00;0,00;0,00;0,00;0,00;0,00;0,00
3,69;4,10;4,77;4,93;4,89;5,05;4,70;4,55;4,81;5,22;5,13;4,82;3,65;3,51;3,33;2,62;2,74;2,38;3,17;3,90;2,58;3,56;1,46;1,53;1,47;0,00;0,00;0,00;0,00;0,00;2,05;0,00;0,00;0,00;0,00;0,00;0,00;0,00
4,39;4,25;4,58;4,84;4,58;4,60;4,65;4,49;4,71;4,58;4,56;4,31;4,11;3,75;4,01;2,03;2,52;2,38;3,17;3,90;3,61;3,56;1,46;1,94;1,47;0,00;0,00;0,00;0,00;0,00;0,00;0,00;0,00;0,00;0,00;0,00;0,00;0,00
3,99;3,51;3,44;0,97;0,97;0,92;0,00;0,00;0,00;3,75;3,40;3,09;0,97;1,03;1,59;0,00;0,00;0,00;1,10;2,08;0,00;0,00;0,00;0,00;0,00;0,00;0,00;0,00;0,00;0,00;0,00;0,00;0,00;0,00;0,00;0,00;0,00;0,00
4,69;4,78;4,97;4,58;4,64;4,17;3,70;3,61;3,62;3,64;3,28;3,24;3,41;3,75;3,91;0,00;0,00;0,00;1,10;1,05;1,81;1,23;0,91;0,96;0,92;1,00;0,00;0,00;0,00;0,00;0,00;0,00;0,00;0,00;0,00;0,00;0,00;0,00
2,32;1,94;0,00;0,00;0,00;0,00;0,00;0,00;0,00;0,00;0,00;0,00;0,00;0,00;0,00;0,00;0,00;0,00;0,00;0,00;0,00;0,00;0,00;0,00;0,00;0,00;3,61;3,60;3,44;3,34;0,00;0,00;0,00;0,00;0,00;0,00;0,00;0,00
4,95;5,01;4,93;4,69;4,52;4,09;1,84;0,95;0,90;4,52;4,39;4,09;0,97;1,03;1,00;0,00;0,00;0,00;2,15;1,05;2,58;3,39;0,91;0,00;0,00;0,00;4,90;4,97;5,28;5,28;0,00;0,00;0,00;0,00;0,00;0,00;0,00;0,00
1,00;1,94;1,40;4,74;4,69;4,84;5,97;5,73;5,26;4,26;4,39;4,72;4,70;4,75;4,81;6,09;6,21;5,93;3,17;4,49;3,28;1,23;4,98;5,85;5,94;4,17;0,00;0,00;0,00;0,00;0,00;0,00;0,00;0,00;0,00;0,00;0,00;0,00
0,00;0,00;0,00;0,00;0,00;0,00;0,00;0,00;0,00;0,00;0,00;0,00;0,00;0,00;0,00;0,00;0,00;0,00;0,00;0,00;0,00;0,00;0,00;0,00;0,00;0,00;0,00;0,00;0,00;0,00;0,00;0,00;0,00;0,00;0,00;0,00;0,00;0,00
2,58;2,93;2,35;0,00;0,00;0,92;2,15;0,95;1,85;1,54;0,90;0,96;1,55;1,03;1,59;2,62;2,26;2,05;0,00;0,00;0,00;0,00;3,15;3,10;2,19;3,46;4,45;4,44;4,27;4,27;5,02;5,04;4,79;4,72;4,13;0,00;0,00;0,00
1,00;0,96;2,10;0,97;0,97;1,48;0,89;1,52;2,16;4,52;4,45;4,61;3,12;3,75;3,47;3,21;3,10;3,65;2,97;3,26;2,86;2,96;0,91;2,52;2,66;0,00;5,36;5,35;5,28;5,23;5,85;4,09;3,99;3,24;0,00;0,00;0,00;0,00
0,00;0,00;0,00;0,00;0,00;0,00;2,15;1,92;0,00;0,00;0,00;1,53;0,00;0,00;0,00;3,50;3,93;3,39;0,00;0,00;0,00;0,00;3,82;3,38;3,43;3,81;0,00;0,00;0,00;0,00;0,00;0,00;0,00;0,00;0,00;0,00;0,00;0,00
1,58;1,94;1,40;0,00;0,00;0,92;2,81;2,24;2,42;1,54;1,46;1,93;0,00;0,00;0,00;3,36;3,26;3,06;0,00;0,00;0,00;0,00;3,63;3,38;3,43;3,17;1,38;1,37;1,27;1,33;0,00;0,00;0,00;0,00;0,00;0,00;0,00;0,00
2,32;2,26;0,86;0,00;0,00;0,00;2,62;2,24;1,85;0,00;0,00;0,00;0,00;0,00;0,00;2,36;2,26;2,38;0,00;0,00;0,00;0,00;1,46;1,53;1,87;2,00;0,00;0,00;0,00;0,00;0,00;0,00;0,00;0,00;0,00;0,00;0,00;0,00
0,00;0,00;0,00;0,00;0,00;0,00;2,15;2,50;0,00;0,00;0,00;0,00;0,00;0,00;0,00;2,36;1,54;1,63;0,00;0,00;0,00;0,00;2,83;2,74;2,85;3,17;0,00;0,00;0,00;0,00;0,00;0,00;0,00;0,00;0,00;0,00;0,00;0,00
2,58;3,25;2,35;0,00;0,00;0,00;0,00;0,00;0,00;0,00;0,00;0,00;0,00;0,00;0,00;0,00;0,00;0,00;0,00;0,00;0,00;0,00;0,00;0,00;0,00;0,00;4,09;3,78;4,04;3,10;0,00;0,00;0,00;0,00;0,00;0,00;0,00;0,00
1,58;0,96;0,86;0,97;0,97;0,92;0,89;0,95;0,90;0,97;0,90;0,96;0,97;1,03;1,00;0,00;0,96;1,04;0,00;0,00;0,00;0,00;0,91;1,53;1,47;1,00;0,00;0,00;1,93;0,00;0,00;0,00;0,00;0,00;0,00;0,00;0,00;0,00
3,16;2,52;2,75;3,64;3,53;3,31;3,50;2,72;2,99;0,00;0,90;0,00;0,97;1,03;0,00;1,02;0,00;0,00;0,00;0,00;0,00;1,23;0,91;0,00;0,00;0,00;0,00;0,00;0,00;0,00;0,00;0,00;0,00;0,00;0,00;0,00;0,00;0,00
1,00;0,96;0,00;0,00;0,00;0,00;0,00;0,00;0,00;0,00;0,00;0,00;0,00;0,00;0,00;0,00;0,00;0,00;0,00;0,00;0,00;0,00;0,00;0,00;0,00;0,00;3,61;3,16;3,24;3,10;2,05;0,00;0,00;0,00;0,00;0,00;0,00;0,00
0,00;0,00;0,00;0,00;0,00;0,00;0,00;0,00;0,00;0,00;0,00;0,00;0,00;0,00;0,00;0,00;0,00;0,00;0,00;0,00;0,00;0,00;0,00;0,00;0,00;0,00;0,00;0,00;0,00;0,00;0,00;0,00;0,00;0,00;0,00;0,00;0,00;0,00
0,00;0,00;0,00;0,00;0,00;0,92;0,89;0,00;0,90;0,00;0,90;0,00;0,00;0,00;0,00;0,00;1,94;1,04;0,00;0,00;0,00;0,00;0,91;1,53;0,92;1,00;0,00;0,00;0,00;0,00;0,00;0,00;0,00;0,00;0,00;0,00;0,00;0,00
0,00;0,00;0,86;0,97;0,97;1,48;0,00;0,00;0,90;1,54;0,90;1,53;0,00;0,00;1,00;1,02;0,00;1,04;0,00;0,00;0,00;0,00;0,00;0,96;0,00;0,00;0,00;0,00;0,00;0,00;0,00;0,00;0,00;0,00;0,00;0,00;0,00;0,00
0,00;0,96;0,86;2,75;2,95;2,19;3,70;4,07;3,52;0,00;0,00;0,00;0,00;0,00;1,00;0,00;2,26;2,38;0,00;0,00;0,00;0,00;2,17;2,74;2,66;3,17;0,00;0,00;0,00;0,00;2,05;0,00;1,99;1,93;0,00;0,00;0,00;0,00
4,32;4,25;3,64;3,52;3,53;3,85;4,70;4,71;4,81;3,75;3,98;3,82;3,41;3,51;3,18;3,74;3,84;3,65;2,75;3,09;2,58;3,19;3,15;3,51;3,75;3,46;4,82;4,89;4,55;4,90;2,87;0,00;0,00;0,00;0,00;0,00;0,00;0,00
1,00;0,96;0,86;2,75;2,75;2,67;0,00;0,00;0,00;0,00;0,00;0,00;2,95;3,37;3,01;0,00;0,00;0,00;2,15;1,05;3,09;4,11;0,00;0,00;0,00;0,00;0,00;0,00;0,00;0,00;0,00;0,00;1,99;1,93;0,00;2,83;2,60;2,60
0,00;0,00;0,00;0,00;0,00;0,00;0,00;0,95;0,90;0,00;0,00;0,00;0,00;0,00;0,00;1,02;0,96;1,04;0,00;0,00;0,00;0,00;0,91;0,96;1,47;1,58;0,00;0,00;0,00;0,00;0,00;0,00;0,00;0,00;0,00;0,00;0,00;0,00
2,58;2,26;2,75;2,53;2,53;2,86;2,62;2,72;4,06;3,40;3,72;3,38;1,96;2,04;2,01;2,36;2,26;2,64;2,15;2,40;0,00;2,68;2,83;2,93;2,19;2,32;0,00;0,00;0,00;1,33;0,00;0,00;0,00;0,00;0,00;0,00;0,00;0,00
1,00;0,96;0,00;0,00;0,00;0,00;0,00;0,00;0,00;0,00;0,00;0,00;0,00;0,00;0,00;0,00;0,00;0,00;0,00;0,00;0,00;0,00;0,00;0,00;0,00;0,00;2,07;2,06;1,93;2,01;0,00;0,00;0,00;0,00;0,00;0,00;0,00;0,00
0,00;0,00;0,00;0,00;0,00;0,00;1,44;1,92;2,16;0,00;0,00;0,96;1,55;1,62;1,59;3,62;2,94;3,65;0,00;0,00;0,00;0,00;4,14;4,01;3,84;4,17;0,00;0,00;0,00;0,00;0,00;0,00;0,00;0,00;0,00;0,00;0,00;0,00
1,99;0,96;1,79;0,00;0,00;0,00;0,00;0,00;0,00;0,97;0,90;0,00;0,00;0,00;0,00;0,00;0,00;0,00;0,00;0,00;0,00;0,00;0,00;0,00;0,00;0,00;0,00;0,00;0,00;0,00;0,00;0,00;0,00;0,00;0,00;0,00;0,00;0,00
1,58;0,96;0,86;3,74;4,03;4,24;4,54;4,43;4,45;2,94;3,28;3,62;4,70;4,57;4,33;4,85;4,93;4,98;0,00;1,05;1,17;0,00;5,34;5,62;5,26;5,58;1,38;1,37;1,93;1,33;0,00;0,00;0,00;0,00;2,70;2,83;3,47;2,60
2,32;2,74;2,57;5,46;5,33;5,60;5,89;5,83;5,66;4,84;4,85;5,27;6,15;6,12;6,05;6,47;6,30;6,55;2,97;3,26;4,21;3,56;6,81;6,67;6,70;7,02;3,41;3,78;3,44;4,02;4,31;2,07;4,23;4,72;5,94;6,71;6,94;6,68
3,69;3,73;4,37;1,95;1,54;1,48;2,15;2,24;1,85;0,97;1,46;0,96;0,97;2,04;1,59;1,02;1,54;1,04;0,00;0,00;0,00;0,00;0,00;0,00;0,00;0,00;0,00;0,00;0,00;0,00;0,00;0,00;0,00;0,00;0,00;0,00;0,00;0,00
3,16;2,93;3,33;0,00;0,00;0,00;0,00;0,00;0,00;0,00;0,00;0,00;0,00;0,00;0,00;0,00;0,00;0,00;0,00;0,00;0,00;0,00;0,00;0,00;0,00;0,00;0,00;0,00;0,00;0,00;0,00;0,00;0,00;0,00;0,00;0,00;0,00;0,00
4,32;4,01;4,19;3,11;2,95;3,18;0,00;0,00;0,00;1,54;2,16;1,53;0,00;0,00;0,00;0,00;0,00;0,00;0,00;0,00;0,00;0,00;0,00;0,00;0,00;0,00;0,00;0,00;0,00;0,00;0,00;0,00;0,00;0,00;0,00;0,00;0,00;0,00
0,00;0,00;0,00;0,00;0,00;0,00;0,00;0,00;0,00;0,00;0,00;0,00;0,00;0,00;0,00;0,00;0,00;0,00;0,00;0,00;0,00;0,00;0,00;0,00;0,00;0,00;0,00;0,00;0,00;0,00;0,00;0,00;0,00;0,00;0,00;0,00;0,00;0,00
5,31;5,25;3,98;3,40;3,53;2,19;3,13;3,49;1,85;4,18;2,83;3,72;3,65;3,37;3,33;3,21;3,10;3,23;3,99;3,90;4,39;4,88;0,00;0,00;0,00;0,00;6,16;6,18;6,27;6,05;5,39;5,04;4,63;5,23;0,00;0,00;0,00;0,00
1,00;0,96;0,00;0,97;0,00;0,00;0,00;0,00;0,00;0,00;0,00;0,00;0,00;0,00;0,00;0,00;0,00;0,00;0,00;0,00;2,25;3,19;0,00;0,00;0,00;0,00;2,54;2,53;1,93;2,47;0,00;0,00;0,00;0,00;0,00;0,00;0,00;0,00
0,00;0,00;0,00;0,00;0,00;0,00;0,00;0,00;0,00;0,00;0,00;0,00;0,00;0,00;0,00;1,02;0,00;0,00;1,10;0,00;2,58;0,00;0,00;0,00;0,00;0,00;1,38;1,37;1,27;1,33;0,00;2,07;0,00;0,00;0,00;0,00;0,00;0,00
0,00;0,00;0,00;0,00;0,00;0,00;0,00;0,00;0,00;0,97;0,00;0,00;0,00;0,00;0,00;0,00;0,00;0,00;0,00;0,00;0,00;0,00;0,00;0,00;0,00;0,00;3,95;4,33;3,91;3,72;5,49;4,34;5,60;5,12;3,58;0,00;0,00;0,00
0,00;0,00;0,00;0,00;0,00;0,00;2,98;3,08;3,52;0,00;0,00;0,00;0,00;0,00;0,00;2,36;1,54;2,05;0,00;0,00;0,00;0,00;3,15;3,25;2,85;3,32;0,00;0,00;0,00;0,00;0,00;0,00;0,00;0,00;0,00;0,00;0,00;0,00
1,00;0,00;0,00;2,75;2,95;2,86;3,13;3,23;3,52;3,40;3,40;3,38;4,03;4,05;4,09;3,74;3,39;3,87;2,97;2,67;2,86;3,19;2,83;3,10;3,54;3,58;0,00;0,00;0,00;0,00;0,00;0,00;1,99;4,37;2,70;3,72;4,72;4,41
4,24;4,25;4,53;4,74;4,75;4,75;5,00;5,26;5,01;4,33;4,71;4,72;5,47;5,54;5,50;6,11;5,99;6,02;3,63;4,18;3,61;4,22;6,13;5,98;6,08;5,98;1,38;1,37;1,93;0,00;0,00;0,00;0,00;1,93;0,00;0,00;0,00;0,00
2,32;2,26;3,07;3,40;2,95;3,03;3,26;3,37;3,62;3,64;3,40;3,24;1,96;2,36;3,01;1,61;0,96;1,63;1,10;2,08;2,25;1,89;0,91;1,94;0,92;1,00;0,00;0,00;0,00;0,00;0,00;0,00;0,00;0,00;0,00;0,00;0,00;0,00
2,58;2,93;3,07;4,84;5,33;5,62;5,49;5,73;5,48;4,26;4,39;4,56;4,34;5,00;5,09;5,36;5,25;5,35;4,57;5,10;4,83;4,11;4,34;4,92;4,69;5,43;0,00;0,00;0,00;0,00;0,00;2,07;0,00;0,00;2,70;3,72;5,37;0,00
0,00;0,00;0,00;0,97;0,97;2,19;1,84;2,24;2,42;0,00;0,00;0,00;0,00;0,00;0,00;0,00;0,00;0,00;0,00;0,00;0,00;0,00;0,00;0,00;0,00;0,00;0,00;0,00;0,00;0,00;0,00;0,00;0,00;0,00;0,00;0,00;0,00;0,00
4,95;5,01;4,68;4,46;4,58;4,02;4,54;4,71;4,13;0,97;1,46;1,53;1,55;2,04;1,00;2,62;2,94;2,38;1,10;1,65;1,17;0,00;0,91;1,94;1,87;0,00;0,00;0,00;0,00;0,00;0,00;0,00;3,31;1,93;5,94;5,81;6,52;6,06
1,58;1,53;0,86;0,00;0,00;0,00;0,00;0,00;0,00;0,00;0,00;0,00;0,00;0,00;0,00;0,00;0,00;0,00;0,00;0,00;0,00;0,00;0,00;0,00;0,00;0,00;3,79;3,78;3,62;3,88;3,39;0,00;1,99;2,73;0,00;0,00;0,00;0,00
3,80;4,01;4,53;2,94;2,95;2,86;2,41;1,52;2,99;1,54;1,85;1,93;1,96;1,62;1,59;2,62;3,10;3,52;0,00;0,00;0,00;0,00;3,99;3,62;3,84;1,00;2,54;3,16;3,24;2,82;0,00;0,00;0,00;0,00;0,00;0,00;0,00;0,00
1,99;1,53;1,40;0,00;0,00;0,00;0,00;0,00;0,00;0,00;0,00;0,00;0,00;0,00;0,00;0,00;0,00;0,00;0,00;0,00;0,00;0,00;0,00;0,00;0,00;0,00;2,89;2,88;3,24;3,10;2,05;0,00;0,00;0,00;0,00;0,00;0,00;0,00
1,00;0,96;0,00;1,95;1,95;1,88;0,89;1,52;0,90;1,54;1,46;1,53;0,97;1,62;1,00;0,00;0,96;1,04;0,00;0,00;0,00;1,23;0,00;0,00;0,00;0,00;0,00;0,00;0,00;0,00;0,00;0,00;0,00;0,00;0,00;0,00;0,00;2,60
0,00;0,00;0,00;1,95;1,54;0,92;3,88;3,99;1,85;0,00;0,00;0,00;0,00;0,00;0,00;0,00;0,00;0,00;0,00;0,00;0,00;0,00;0,00;0,00;0,00;0,00;0,00;0,00;0,00;0,00;0,00;0,00;0,00;0,00;0,00;0,00;0,00;0,00
0,00;0,00;0,00;4,26;4,46;4,09;4,04;4,23;3,14;0,00;0,00;1,53;3,75;3,85;3,59;2,62;2,26;3,06;0,00;0,00;0,00;0,00;3,00;2,74;3,43;4,00;0,00;0,00;0,00;0,00;0,00;0,00;0,00;0,00;0,00;0,00;0,00;0,00
0,00;0,00;0,00;0,00;0,00;0,00;0,00;0,00;0,00;0,00;0,00;0,96;2,95;3,37;3,18;3,74;2,74;4,07;3,17;3,26;3,46;2,34;2,43;2,26;3,02;3,91;1,38;0,00;0,00;0,00;2,87;0,00;2,80;1,93;2,70;2,83;3,47;3,48
1,00;1,53;0,86;4,02;3,85;3,76;5,04;4,90;4,20;0,00;0,00;0,00;0,97;1,62;1,00;1,61;1,94;2,05;0,00;0,00;0,00;0,00;1,46;0,96;0,92;3,17;0,00;0,00;0,00;0,00;0,00;0,00;0,00;0,00;0,00;0,00;0,00;0,00
0,00;0,00;0,00;0,00;0,00;0,00;0,00;0,95;0,00;0,00;0,00;0,00;0,00;0,00;0,00;1,02;1,54;1,04;2,15;2,08;2,58;2,68;0,00;0,00;0,00;0,00;0,00;0,00;0,00;0,00;0,00;0,00;0,00;0,00;0,00;0,00;0,00;0,00
2,58;2,26;2,75;0,00;0,97;0,92;0,00;0,00;0,00;2,75;2,83;2,73;0,97;0,00;0,00;0,00;0,00;0,00;0,00;0,00;0,00;0,00;0,00;0,00;0,00;0,00;0,00;0,00;0,00;0,00;0,00;0,00;0,00;0,00;0,00;0,00;0,00;0,00
0,00;0,00;0,86;3,64;3,40;4,17;2,62;3,37;2,16;0,00;0,00;0,96;0,00;1,03;1,00;0,00;0,96;0,00;0,00;0,00;0,00;0,00;1,46;2,74;1,87;1,00;0,00;0,00;0,00;0,00;0,00;0,00;0,00;0,00;0,00;0,00;0,00;0,00
1,00;0,96;0,86;3,74;3,40;3,94;2,98;3,08;2,99;0,97;0,90;0,96;3,65;3,51;3,47;1,02;0,96;1,04;1,10;2,08;1,17;1,23;0,00;0,96;0,92;1,00;0,00;0,00;0,00;0,00;0,00;0,00;0,00;0,00;0,00;0,00;2,60;0,00
5,42;5,28;4,37;1,54;1,54;0,92;0,00;0,00;0,00;4,11;1,85;3,50;0,00;0,00;0,00;0,00;0,00;0,00;2,15;2,08;1,81;2,96;0,91;0,00;0,00;0,00;6,55;6,54;6,49;6,38;6,53;4,09;5,69;5,44;0,00;0,00;0,00;0,00
0,00;0,96;0,00;0,00;0,00;0,00;0,00;0,00;1,45;0,00;0,00;0,00;0,00;0,00;0,00;0,00;0,96;0,00;0,00;0,00;0,00;0,00;2,17;2,26;1,87;2,58;0,00;0,00;0,00;0,00;0,00;0,00;0,00;0,00;0,00;0,00;0,00;0,00
2,32;1,94;1,40;3,64;3,53;3,85;5,85;5,78;5,61;0,00;3,40;3,82;1,96;1,62;1,00;2,03;2,52;2,64;0,00;1,05;0,00;0,00;2,17;3,73;3,30;0,00;2,54;2,06;2,38;2,82;0,00;0,00;0,00;0,00;0,00;0,00;0,00;0,00
0,00;0,00;0,00;0,00;0,00;0,00;2,41;3,08;2,42;0,00;0,00;0,00;0,00;0,00;0,00;0,00;0,00;0,00;0,00;0,00;0,00;0,00;0,00;0,96;0,00;0,00;1,38;1,37;1,27;1,33;0,00;0,00;0,00;0,00;0,00;0,00;0,00;0,00
1,00;0,96;0,86;0,97;1,95;2,45;3,13;3,37;3,14;0,97;1,85;2,51;2,28;2,04;2,33;4,04;3,93;3,87;1,10;1,65;1,81;1,23;2,83;3,51;3,43;3,70;0,00;0,00;0,00;0,00;0,00;0,00;0,00;0,00;0,00;0,00;0,00;0,00
0,00;0,00;0,00;0,97;0,97;1,88;3,70;3,49;4,13;3,11;3,14;2,51;1,55;1,62;2,01;2,84;2,94;3,06;1,10;1,65;1,81;2,68;3,00;4,01;3,17;3,32;0,00;0,00;0,00;0,00;0,00;0,00;0,00;0,00;0,00;0,00;0,00;0,00
0,00;0,96;0,00;3,52;3,85;4,49;5,69;5,92;5,66;1,95;3,28;4,61;3,65;4,05;3,59;6,36;6,12;5,98;7,41;7,21;7,50;6,68;0,91;1,53;0,00;1,00;0,00;0,00;0,00;0,00;0,00;0,00;0,00;0,00;0,00;0,00;0,00;0,00
0,00;0,00;0,00;0,00;0,00;0,00;0,00;0,00;0,00;0,00;0,00;0,00;0,00;0,00;0,00;0,00;0,00;0,00;0,00;0,00;0,00;0,00;0,00;0,00;0,00;0,00;1,38;1,37;1,93;1,33;0,00;0,00;0,00;0,00;0,00;0,00;0,00;0,00
1,58;0,96;3,73;0,97;0,97;2,45;0,00;0,00;0,00;0,00;0,00;0,00;0,00;0,00;0,00;0,00;0,00;0,00;0,00;0,00;0,00;0,00;0,00;0,00;0,00;0,00;0,00;0,00;0,00;0,00;0,00;0,00;0,00;0,00;0,00;0,00;0,00;0,00
2,80;2,52;4,19;2,27;2,27;2,67;0,00;0,95;1,45;0,00;0,00;0,00;0,00;0,00;0,00;0,00;0,00;0,00;0,00;0,00;0,00;0,00;0,00;0,00;0,00;0,00;0,00;0,00;0,00;0,00;0,00;0,00;0,00;0,00;0,00;0,00;0,00;0,00
2,32;2,26;3,54;1,95;0,97;2,45;0,89;0,95;2,16;0,97;0,00;0,00;0,00;0,00;0,00;0,00;0,00;0,00;0,00;0,00;0,00;0,00;0,00;0,00;0,00;0,00;0,00;0,00;0,00;0,00;0,00;0,00;0,00;0,00;0,00;0,00;0,00;0,00
3,80;3,10;4,53;1,54;0,00;0,92;0,00;0,00;0,00;0,00;0,00;0,00;0,00;0,00;0,00;0,00;0,96;0,00;0,00;0,00;0,00;0,00;0,00;0,00;0,00;0,00;0,00;0,00;0,00;0,00;0,00;0,00;0,00;0,00;0,00;0,00;0,00;0,00
1,00;1,94;3,73;1,95;1,54;1,88;0,00;0,00;0,00;0,00;0,00;0,00;0,00;0,00;0,00;0,00;0,00;0,00;0,00;0,00;0,00;0,00;0,00;0,00;0,00;0,00;0,00;0,00;0,00;0,00;0,00;0,00;0,00;0,00;0,00;0,00;0,00;0,00
3,99;3,51;5,15;2,75;1,95;2,19;0,00;0,00;0,00;0,97;0,00;0,00;0,00;0,00;0,00;0,00;0,00;0,00;0,00;0,00;0,00;0,00;0,00;0,00;0,00;0,00;0,00;0,00;0,00;0,00;0,00;0,00;0,00;0,00;0,00;0,00;0,00;0,00
1,58;1,53;2,10;1,54;1,54;2,19;1,44;1,92;2,64;0,00;0,90;0,00;0,00;0,00;0,00;0,00;0,00;0,00;0,00;0,00;0,00;0,00;0,00;0,00;0,00;0,00;0,00;0,00;0,00;0,00;0,00;0,00;0,00;0,00;0,00;0,00;0,00;0,00
3,16;3,10;3,64;2,27;1,95;1,88;0,00;0,00;0,00;0,00;1,46;0,00;0,00;0,00;0,00;0,00;0,00;0,00;0,00;0,00;0,00;0,00;0,00;0,00;0,00;0,00;0,00;0,00;0,00;0,00;0,00;0,00;0,00;0,00;0,00;0,00;0,00;0,00
1,00;1,53;2,35;1,54;1,54;1,88;2,15;0,95;2,16;0,00;0,00;0,00;0,00;0,00;0,00;0,00;0,00;0,00;0,00;0,00;0,00;0,00;0,00;0,00;0,00;0,00;0,00;0,00;0,00;0,00;0,00;0,00;0,00;0,00;0,00;0,00;0,00;0,00
2,80;2,52;3,90;1,95;0,97;0,92;0,00;0,00;0,00;0,00;0,00;0,00;0,00;0,00;0,00;0,00;0,00;0,00;0,00;0,00;0,00;0,00;0,00;0,00;0,00;0,00;0,00;0,00;0,00;0,00;0,00;0,00;0,00;0,00;0,00;0,00;0,00;0,00
1,00;0,00;2,10;0,00;0,97;0,92;1,44;1,92;2,42;0,00;0,00;0,00;0,00;0,00;0,00;2,03;2,52;1,63;0,00;0,00;0,00;0,00;2,17;2,93;2,66;3,00;0,00;0,00;0,00;0,00;0,00;0,00;0,00;0,00;0,00;0,00;0,00;0,00
0,00;0,00;0,00;0,00;0,00;0,00;0,00;0,00;0,00;0,00;0,00;0,00;0,00;0,00;0,00;0,00;0,00;0,00;0,00;0,00;0,00;0,00;0,00;0,00;0,00;0,00;2,89;3,16;3,24;2,47;2,87;0,00;1,99;0,00;0,00;0,00;0,00;0,00
0,00;0,00;0,00;0,97;0,00;0,00;0,00;0,00;0,00;0,97;2,16;0,96;0,97;0,00;0,00;0,00;0,00;0,00;0,00;1,65;0,00;0,00;0,00;0,00;0,00;0,00;0,00;0,00;0,00;0,00;0,00;0,00;0,00;0,00;0,00;0,00;0,00;0,00
0,00;0,00;0,00;0,97;0,00;0,00;1,84;1,52;1,45;0,97;1,46;0,96;0,00;0,00;0,00;0,00;0,00;0,00;0,00;0,00;0,00;0,00;0,00;0,00;0,00;0,00;0,00;0,00;0,00;0,00;0,00;0,00;0,00;0,00;0,00;0,00;0,00;0,00
3,16;3,10;3,33;3,11;3,27;3,55;4,79;4,76;4,66;1,54;1,85;2,25;2,76;2,36;2,59;4,21;3,93;4,24;0,00;1,05;1,17;1,23;4,14;4,17;4,48;3,32;1,38;2,06;1,27;1,33;2,05;0,00;0,00;0,00;0,00;0,00;0,00;0,00
3,69;3,73;3,73;4,26;4,19;4,70;1,84;1,92;2,42;4,69;3,90;4,44;5,19;5,18;5,05;2,36;1,94;2,87;4,35;4,09;4,21;4,81;1,46;1,94;1,87;3,17;1,38;1,37;0,00;0,00;6,62;8,37;7,36;7,00;6,06;3,72;4,02;3,48
2,58;1,94;3,44;2,94;3,11;3,18;2,41;2,72;3,52;1,95;1,85;0,96;0,00;0,00;0,00;0,00;0,00;0,00;0,00;0,00;0,00;0,00;0,00;0,00;0,00;0,00;0,00;0,00;0,00;0,00;0,00;0,00;0,00;0,00;0,00;0,00;0,00;0,00
1,00;1,53;2,75;4,33;4,26;4,43;2,15;1,52;1,85;4,33;4,62;4,31;2,28;2,36;2,59;0,00;0,00;0,00;2,48;3,90;2,25;3,99;0,00;0,00;0,00;0,00;0,00;0,00;0,00;0,00;0,00;0,00;0,00;0,00;0,00;0,00;0,00;0,00
0,00;0,00;0,86;0,00;0,00;2,19;2,15;2,91;3,52;0,00;0,00;0,00;2,95;2,63;2,81;0,00;0,00;1,04;0,00;0,00;0,00;0,00;0,00;0,00;0,00;1,00;0,00;0,00;0,00;0,00;0,00;0,00;0,00;0,00;0,00;0,00;0,00;0,00
1,00;1,53;2,92;0,97;0,00;1,48;1,84;0,95;2,16;0,97;1,85;1,53;1,55;1,03;0,00;0,00;0,00;0,00;0,00;0,00;0,00;0,00;0,91;0,00;0,00;0,00;0,00;0,00;0,00;0,00;0,00;0,00;0,00;0,00;0,00;0,00;0,00;0,00
2,80;2,93;3,07;2,94;2,75;2,67;3,39;3,49;4,06;2,94;3,14;2,73;2,76;2,63;2,33;2,84;2,94;2,87;2,48;2,40;3,28;3,39;2,64;3,51;3,30;1,00;2,89;2,53;2,73;2,01;0,00;0,00;0,00;0,00;0,00;0,00;0,00;0,00
0,00;0,00;0,00;0,00;0,00;0,00;0,00;0,00;0,90;3,40;3,52;2,51;0,97;1,62;1,59;1,02;0,96;1,04;1,10;1,65;1,17;0,00;0,00;0,00;0,00;0,00;0,00;0,00;0,00;0,00;0,00;0,00;0,00;0,00;0,00;0,00;0,00;0,00
1,00;0,96;1,79;1,54;1,54;1,48;0,00;0,00;0,90;1,95;2,16;1,53;0,97;1,62;1,59;0,00;0,00;0,00;1,10;1,05;2,25;1,89;1,46;0,96;0,00;0,00;2,07;3,16;2,38;2,47;0,00;0,00;0,00;0,00;0,00;0,00;0,00;0,00
0,00;0,00;0,00;0,00;0,00;0,00;0,00;0,00;0,00;0,97;0,00;0,96;0,00;0,00;0,00;0,00;0,00;0,00;0,00;0,00;0,00;0,00;0,00;0,00;0,00;0,00;2,54;3,40;3,01;3,10;4,07;4,34;4,63;3,92;4,52;0,00;0,00;0,00
0,00;0,00;0,00;0,00;0,00;0,00;0,00;0,00;0,00;3,26;3,14;3,24;3,53;3,63;3,33;4,43;4,10;4,53;3,99;4,00;3,61;2,34;2,43;3,38;3,43;3,17;0,00;0,00;0,00;0,00;0,00;0,00;0,00;0,00;0,00;0,00;0,00;0,00
3,16;2,93;2,75;4,58;4,69;4,84;6,24;5,83;5,58;5,87;6,13;6,29;6,50;6,34;6,26;7,17;7,39;6,99;6,40;6,61;6,12;5,71;6,75;6,80;6,89;6,34;3,41;3,78;3,77;4,02;4,71;2,07;4,45;3,92;2,70;2,83;3,47;0,00
3,90;4,01;4,19;4,39;4,26;4,84;5,37;5,11;5,50;4,69;5,02;4,67;4,11;4,51;4,47;3,74;3,84;4,07;3,88;4,18;3,09;3,56;1,86;2,74;2,66;1,00;0,00;0,00;0,00;0,00;0,00;0,00;0,00;0,00;0,00;0,00;0,00;0,00
1,99;2,52;2,92;4,52;4,26;4,84;4,70;4,71;4,56;2,53;2,64;3,72;4,53;4,91;4,91;4,68;4,63;4,71;5,23;5,00;5,27;2,34;4,40;4,31;4,64;3,32;0,00;1,37;0,00;0,00;0,00;0,00;0,00;0,00;0,00;0,00;0,00;0,00
0,00;0,00;0,00;1,54;2,53;2,67;1,84;1,52;0,00;0,00;0,00;0,00;2,76;2,63;2,59;1,61;1,54;2,38;1,71;1,05;2,25;0,00;0,91;0,00;1,47;0,00;0,00;0,00;0,00;0,00;0,00;0,00;0,00;0,00;0,00;0,00;0,00;0,00
0,00;0,00;0,00;0,00;0,00;0,00;0,00;0,00;0,00;0,00;0,00;0,00;0,00;0,00;0,00;0,00;0,00;0,00;0,00;0,00;0,00;0,00;0,00;0,00;0,00;0,00;1,38;0,00;1,93;0,00;0,00;0,00;0,00;0,00;0,00;0,00;0,00;0,00
1,99;1,53;1,79;1,54;1,54;2,19;2,81;2,50;2,83;2,75;0,90;1,93;1,96;2,04;2,01;0,00;0,96;1,63;1,10;1,65;1,81;1,23;0,00;0,00;0,00;0,00;3,17;3,16;3,01;3,10;0,00;0,00;0,00;0,00;0,00;0,00;2,60;0,00
1,00;0,96;0,00;0,00;0,00;0,00;0,89;0,95;0,90;0,00;0,00;0,00;0,00;0,00;0,00;0,00;0,00;0,00;0,00;0,00;0,00;0,00;0,00;0,00;0,00;0,00;2,07;2,53;2,38;2,82;0,00;0,00;0,00;0,00;0,00;0,00;0,00;0,00
1,99;2,52;2,35;2,94;2,75;3,31;2,98;3,08;3,14;2,75;2,99;2,25;1,96;2,63;2,01;1,02;0,00;1,63;1,71;2,08;2,25;2,34;0,00;0,00;0,92;0,00;0,00;0,00;0,00;0,00;0,00;0,00;0,00;0,00;0,00;0,00;0,00;0,00
1,00;0,96;2,10;2,53;1,54;1,88;2,15;2,50;3,40;0,97;2,42;2,51;0,00;0,00;0,00;1,02;1,54;1,04;0,00;0,00;0,00;1,89;1,86;2,74;2,44;0,00;0,00;1,37;1,27;0,00;0,00;0,00;0,00;0,00;0,00;0,00;0,00;0,00
1,99;1,53;2,10;1,54;1,95;2,67;3,26;3,49;3,62;1,95;1,85;1,93;1,55;1,03;1,00;2,36;3,26;3,23;1,10;1,05;1,17;1,23;2,43;3,25;3,02;0,00;2,07;1,37;1,93;1,33;0,00;0,00;0,00;0,00;0,00;0,00;0,00;0,00
3,99;4,01;4,05;5,52;5,52;5,27;4,43;4,60;4,61;4,52;4,33;4,44;5,67;5,66;5,56;4,50;4,32;4,71;5,36;5,35;5,60;4,94;3,63;3,83;3,75;4,86;3,79;3,60;3,77;3,72;0,00;0,00;3,69;2,73;0,00;2,83;2,60;2,60
0,00;0,00;0,00;1,54;1,95;1,88;2,98;2,91;2,42;1,95;1,85;2,25;2,28;1,62;1,59;3,04;3,26;3,39;0,00;1,65;0,00;1,89;3,00;3,10;3,17;1,00;0,00;0,00;0,00;0,00;0,00;0,00;0,00;0,00;0,00;0,00;0,00;0,00
0,00;0,00;0,00;0,00;0,97;0,92;1,44;1,52;1,45;1,54;1,46;0,96;1,55;1,03;1,00;1,61;2,26;1,63;0,00;1,05;0,00;0,00;0,00;1,53;1,47;0,00;0,00;0,00;0,00;0,00;0,00;0,00;0,00;0,00;0,00;0,00;0,00;0,00
0,00;0,00;0,86;0,97;0,97;0,00;0,89;0,95;0,00;1,54;2,42;1,93;1,96;1,62;1,59;2,36;1,94;2,05;0,00;0,00;0,00;0,00;0,00;0,00;0,00;0,00;0,00;1,37;1,27;1,33;0,00;0,00;0,00;0,00;0,00;0,00;0,00;0,00
0,00;0,96;0,00;0,00;0,00;0,00;0,00;0,00;0,00;0,00;0,00;0,00;0,00;0,00;0,00;0,00;0,00;0,00;0,00;0,00;0,00;0,00;0,00;0,00;0,00;0,00;3,17;3,78;3,44;2,82;0,00;0,00;0,00;0,00;0,00;0,00;0,00;0,00
0,00;0,00;0,00;0,00;1,54;0,00;3,88;3,99;2,16;0,00;0,00;2,25;2,28;2,36;2,33;4,36;4,39;4,24;0,00;0,00;0,00;0,00;4,86;4,62;4,54;5,00;0,00;0,00;0,00;0,00;0,00;0,00;0,00;1,93;0,00;0,00;0,00;0,00
3,32;2,93;3,54;2,94;3,11;2,45;2,62;2,24;2,16;2,75;2,64;2,51;1,55;1,62;1,59;0,00;0,00;0,00;0,00;2,08;0,00;0,00;0,00;0,00;0,00;0,00;0,00;0,00;0,00;0,00;0,00;0,00;0,00;0,00;0,00;0,00;0,00;0,00
2,99;2,74;4,12;0,97;1,95;1,88;0,89;0,95;1,45;1,95;1,85;0,00;0,00;0,00;0,00;0,00;0,00;0,00;0,00;0,00;0,00;1,23;0,91;0,00;0,00;0,00;0,00;0,00;0,00;0,00;0,00;0,00;0,00;0,00;0,00;0,00;0,00;0,00
0,00;0,00;0,00;0,00;0,00;0,00;0,00;0,00;0,90;0,00;0,00;0,00;0,00;0,00;0,00;0,00;0,00;0,00;0,00;0,00;0,00;0,00;0,00;0,00;0,00;0,00;2,89;2,06;2,73;2,47;0,00;0,00;0,00;0,00;0,00;0,00;0,00;0,00
0,00;0,96;0,86;1,54;1,54;3,31;4,49;4,23;4,27;0,97;2,83;2,92;1,55;0,00;0,00;4,50;4,51;4,39;0,00;0,00;0,00;0,00;4,46;4,38;4,23;4,25;2,54;2,88;2,38;2,01;0,00;0,00;0,00;0,00;0,00;0,00;0,00;0,00
1,00;0,96;2,57;1,54;2,53;3,76;3,39;3,49;3,98;0,97;1,46;0,96;1,96;2,04;1,59;0,00;0,00;0,00;0,00;0,00;0,00;0,00;0,91;0,96;1,47;1,58;0,00;0,00;0,00;0,00;0,00;0,00;0,00;0,00;0,00;0,00;0,00;0,00
5,31;5,45;3,33;0,00;0,00;0,00;0,00;0,00;0,00;5,66;4,94;5,61;0,00;0,00;0,00;0,00;0,00;0,00;4,71;5,31;4,55;5,23;0,00;0,00;0,00;0,00;0,00;0,00;0,00;0,00;0,00;2,89;6,91;7,00;3,58;0,00;4,72;4,72
0,00;0,00;0,00;0,00;0,00;0,00;0,00;0,00;0,00;0,00;0,00;0,00;0,00;0,00;0,00;0,00;0,00;0,00;0,00;0,00;0,00;0,00;0,00;0,00;0,00;0,00;0,00;0,00;0,00;0,00;0,00;0,00;0,00;0,00;0,00;0,00;0,00;0,00
0,00;0,00;0,00;0,00;0,00;0,00;0,00;1,52;0,90;0,00;0,00;0,00;0,00;0,00;0,00;0,00;0,00;0,00;0,00;0,00;0,00;0,00;0,91;0,96;0,92;0,00;0,00;0,00;0,00;0,00;0,00;0,00;0,00;0,00;0,00;0,00;0,00;0,00
3,32;3,25;3,20;3,74;3,64;3,44;3,80;4,36;4,20;4,18;4,06;3,92;2,76;3,04;3,01;2,62;2,74;3,39;2,75;3,26;2,86;2,96;3,00;3,51;3,43;1,00;3,17;3,60;3,24;3,34;0,00;0,00;0,00;0,00;0,00;0,00;0,00;0,00
2,58;2,52;2,35;2,75;2,75;2,67;2,41;2,50;2,83;2,75;3,14;2,73;1,55;2,04;2,33;2,03;0,96;2,38;1,10;2,67;0,00;1,89;0,00;1,53;0,92;0,00;1,38;1,37;1,27;1,33;0,00;0,00;0,00;0,00;0,00;0,00;0,00;0,00
0,00;0,00;0,00;1,54;0,97;0,92;0,00;0,00;0,00;3,52;2,83;3,09;3,75;3,75;4,09;0,00;0,00;0,00;3,88;3,41;2,86;1,23;0,00;0,00;0,00;0,00;0,00;0,00;0,00;0,00;0,00;0,00;0,00;0,00;0,00;0,00;0,00;0,00
0,00;0,00;0,00;0,97;1,54;1,48;0,00;0,00;0,00;4,02;2,83;3,62;4,47;4,51;4,47;0,00;0,00;0,00;4,35;3,68;4,00;0,00;0,00;0,00;0,00;0,00;0,00;0,00;0,00;0,00;0,00;0,00;0,00;0,00;0,00;0,00;0,00;0,00
1,58;1,53;0,00;0,00;0,00;0,00;1,44;2,50;0,90;0,00;0,90;1,53;0,00;0,00;0,00;1,02;0,96;1,04;1,10;1,05;0,00;0,00;0,00;1,53;1,47;0,00;2,54;2,06;2,73;2,47;3,39;0,00;0,00;0,00;0,00;0,00;0,00;0,00
1,99;2,26;0,00;3,40;3,40;0,92;4,43;4,07;2,16;0,00;0,00;0,00;0,00;0,00;0,00;0,00;0,00;0,00;0,00;0,00;0,00;0,00;0,00;0,00;0,00;0,00;0,00;0,00;0,00;0,00;0,00;0,00;0,00;0,00;0,00;0,00;0,00;0,00
0,00;0,00;0,00;0,00;0,00;0,00;0,00;0,00;0,00;0,97;2,16;0,96;0,00;0,00;0,00;0,00;0,00;0,00;0,00;0,00;0,00;0,00;0,00;0,00;0,00;0,00;0,00;0,00;0,00;0,00;0,00;0,00;0,00;0,00;0,00;0,00;0,00;0,00
1,00;1,94;4,05;0,00;0,00;0,92;0,00;0,00;0,00;3,64;3,81;3,09;0,97;1,03;1,00;0,00;0,00;0,00;1,10;2,40;1,81;3,56;0,00;0,00;0,00;0,00;0,00;0,00;0,00;0,00;0,00;0,00;0,00;0,00;0,00;0,00;0,00;0,00
0,00;0,00;0,00;0,97;0,97;0,00;1,84;1,52;1,85;0,00;0,00;0,00;0,00;0,00;0,00;0,00;0,00;0,00;0,00;0,00;0,00;0,00;0,91;1,53;1,47;0,00;0,00;0,00;0,00;0,00;0,00;0,00;0,00;0,00;0,00;0,00;0,00;0,00
3,58;3,73;3,64;4,02;4,03;3,85;3,80;3,90;4,20;3,64;3,52;3,62;2,76;2,85;3,33;2,03;1,94;2,05;0,00;3,09;1,17;1,89;0,00;1,94;0,92;0,00;0,00;0,00;0,00;0,00;0,00;0,00;0,00;0,00;0,00;0,00;0,00;0,00
2,32;2,26;1,79;1,54;1,54;1,48;1,44;0,95;0,00;0,00;0,00;0,00;0,00;0,00;0,00;0,00;0,00;0,00;0,00;0,00;0,00;0,00;0,00;0,00;0,00;0,00;0,00;0,00;0,00;0,00;0,00;0,00;0,00;0,00;0,00;0,00;0,00;0,00
5,24;5,09;4,19;6,22;6,13;5,75;6,67;6,63;6,32;5,36;5,56;5,59;5,70;5,72;5,79;6,25;6,10;6,22;4,83;5,10;5,01;5,12;6,36;6,20;6,26;5,00;0,00;0,00;0,00;0,00;0,00;0,00;0,00;0,00;0,00;0,00;0,00;2,60
0,00;0,00;0,86;0,00;0,00;0,00;0,00;0,00;0,00;0,97;0,90;0,96;0,00;0,00;0,00;0,00;0,00;0,00;0,00;0,00;0,00;0,00;0,00;0,00;0,00;0,00;2,07;2,06;2,38;2,82;2,87;2,07;3,31;2,73;2,70;0,00;2,60;0,00
1,58;0,96;0,86;0,00;0,00;0,00;1,84;1,92;2,16;0,97;0,00;0,96;0,00;0,00;0,00;1,02;0,96;1,04;0,00;0,00;0,00;0,00;1,46;1,53;0,92;1,00;3,17;3,60;3,01;3,34;2,05;0,00;0,00;0,00;0,00;0,00;0,00;0,00
3,45;3,10;3,07;1,54;1,95;2,19;2,62;2,72;2,42;2,75;2,42;2,51;0,00;1,03;1,00;2,36;2,26;2,05;1,10;1,05;2,25;2,68;1,86;1,53;1,47;1,00;3,95;4,08;4,16;4,15;4,31;2,07;4,45;4,37;2,70;0,00;2,60;2,60
6,30;6,26;5,99;4,79;4,52;4,89;4,88;4,71;4,51;5,26;5,20;5,31;3,85;4,44;4,18;3,95;3,74;3,87;5,09;5,38;5,06;4,41;3,29;3,10;3,30;1,00;7,25;6,93;6,77;7,20;6,48;4,34;5,41;5,44;0,00;0,00;0,00;0,00
2,32;2,93;2,35;4,64;4,80;5,16;6,05;6,13;6,19;5,14;5,02;5,31;5,07;5,05;5,05;6,21;6,21;6,22;4,27;4,27;4,47;3,99;6,35;6,33;6,32;6,32;4,45;4,21;4,27;4,66;2,87;2,89;4,79;4,87;4,83;3,72;4,97;2,60
0,00;0,00;0,00;4,46;4,69;4,75;5,87;5,73;5,76;3,84;4,71;5,31;5,56;5,78;5,84;7,11;7,14;7,01;4,35;4,18;4,30;3,99;7,07;6,91;7,04;7,35;4,09;4,33;3,62;4,27;4,31;2,07;4,79;3,62;3,58;4,67;4,97;4,02
0,00;0,00;0,00;0,00;0,00;0,00;0,89;0,95;0,00;0,97;1,46;1,53;0,00;1,03;0,00;1,02;0,96;1,04;0,00;0,00;0,00;1,23;0,00;0,96;0,92;0,00;0,00;0,00;0,00;0,00;0,00;0,00;0,00;0,00;0,00;0,00;0,00;0,00
2,58;2,26;2,35;3,94;3,75;4,30;4,88;4,66;4,81;4,33;4,27;4,56;4,34;4,57;4,65;5,13;5,21;5,28;4,35;4,42;4,47;4,50;5,34;5,56;5,45;5,13;2,07;2,53;2,73;3,72;2,05;0,00;4,45;2,73;0,00;0,00;0,00;0,00
1,00;1,53;1,79;0,00;0,00;0,00;0,00;0,00;1,45;1,54;1,85;0,96;0,00;0,00;0,00;0,00;0,00;0,00;0,00;1,05;1,17;1,89;1,46;2,26;0,92;1,00;0,00;0,00;0,00;0,00;0,00;0,00;0,00;0,00;0,00;0,00;0,00;0,00
4,08;3,93;4,43;3,40;3,53;3,44;3,39;3,90;4,06;3,26;3,81;3,09;3,12;2,63;2,59;3,50;3,84;2,64;1,71;1,65;1,17;1,89;4,40;4,50;4,30;4,52;1,38;2,06;1,93;1,33;0,00;0,00;0,00;0,00;0,00;0,00;0,00;0,00
0,00;0,00;0,00;0,00;0,00;0,00;0,00;0,00;0,00;0,00;0,00;0,00;0,00;0,00;0,00;0,00;0,00;0,00;0,00;0,00;0,00;0,00;0,00;0,00;0,00;0,00;0,00;0,00;0,00;0,00;0,00;0,00;0,00;0,00;0,00;0,00;0,00;0,00
0,00;0,00;0,00;3,84;3,75;4,60;4,54;4,36;4,81;2,27;3,72;3,92;5,07;4,91;4,81;5,04;5,29;5,07;1,71;0,00;0,00;1,23;6,06;5,31;5,50;5,83;2,07;2,06;1,93;2,01;2,87;2,07;4,23;4,37;4,52;4,67;4,41;4,41
1,00;1,53;0,86;0,00;0,00;0,00;0,00;0,00;0,00;0,97;0,90;0,96;0,00;0,00;0,00;0,00;0,00;0,00;0,00;0,00;1,17;1,23;0,00;0,00;0,00;0,00;2,07;2,53;2,38;2,47;3,77;3,79;3,31;3,24;2,70;0,00;2,60;0,00
2,32;2,26;3,44;4,74;4,46;4,02;3,70;3,49;2,99;3,26;3,81;3,38;5,26;5,00;5,25;4,85;4,74;4,77;0,00;1,65;0,00;1,23;4,07;4,50;4,36;1,00;0,00;0,00;0,00;0,00;0,00;0,00;0,00;0,00;0,00;0,00;0,00;0,00
0,00;0,00;0,00;1,54;1,54;0,92;0,00;0,95;0,00;0,00;0,00;0,00;1,55;1,03;1,00;1,02;0,96;1,04;0,00;0,00;0,00;0,00;0,91;0,96;0,92;0,00;0,00;0,00;0,00;0,00;0,00;0,00;0,00;0,00;0,00;0,00;0,00;0,00
0,00;0,00;0,00;1,95;2,27;2,67;2,81;2,91;2,99;1,95;1,46;2,25;3,12;3,37;3,47;1,61;2,74;2,64;1,10;1,05;0,00;0,00;2,43;2,74;2,85;0,00;0,00;0,00;0,00;0,00;0,00;0,00;0,00;0,00;0,00;0,00;0,00;0,00
0,00;0,00;0,00;0,97;0,97;0,92;0,89;0,95;0,00;0,97;0,90;0,96;1,55;1,03;1,00;1,02;0,96;1,04;0,00;0,00;0,00;0,00;0,91;1,53;0,92;1,58;0,00;0,00;0,00;0,00;0,00;0,00;0,00;0,00;0,00;0,00;0,00;0,00
0,00;0,00;0,00;1,95;1,95;1,88;3,13;2,24;2,42;0,97;0,90;1,93;3,53;3,63;3,01;3,50;2,94;2,05;1,10;0,00;0,00;0,00;3,15;2,52;3,17;1,00;0,00;0,00;0,00;0,00;0,00;0,00;0,00;0,00;0,00;0,00;0,00;0,00
4,75;4,63;5,04;3,74;3,53;3,76;0,00;0,00;0,90;5,14;5,16;5,00;3,85;3,95;4,33;1,61;0,96;0,00;4,43;4,62;4,39;4,81;0,00;0,00;0,00;0,00;0,00;0,00;1,27;0,00;0,00;0,00;0,00;0,00;0,00;0,00;0,00;0,00
2,80;2,74;3,44;1,54;0,00;1,48;0,00;0,00;0,00;3,40;3,62;2,73;0,00;0,00;0,00;0,00;0,00;0,00;0,00;0,00;0,00;1,89;0,00;0,00;0,00;0,00;0,00;0,00;0,00;0,00;0,00;0,00;0,00;0,00;0,00;0,00;0,00;0,00
2,32;2,74;3,20;0,00;0,00;0,92;0,00;0,00;0,00;4,40;4,51;4,09;3,27;3,51;3,71;0,00;0,00;0,00;3,17;3,68;3,09;3,99;0,00;0,96;0,00;0,00;0,00;0,00;0,00;0,00;0,00;0,00;0,00;0,00;0,00;0,00;0,00;0,00
4,08;3,63;3,33;3,11;2,53;2,45;4,25;3,99;4,33;3,11;3,62;3,62;1,55;2,04;1,00;3,62;3,84;4,07;3,49;3,79;3,09;4,66;4,90;4,56;4,54;4,09;4,65;4,33;4,04;4,66;3,39;2,07;3,99;2,73;0,00;0,00;0,00;0,00
0,00;0,00;0,00;0,00;0,00;0,00;0,00;0,00;0,00;1,95;2,42;1,53;0,97;1,62;1,00;2,03;1,54;1,04;1,10;1,65;2,58;2,68;2,64;2,52;1,87;2,32;1,38;2,06;1,93;1,33;0,00;2,07;1,99;0,00;0,00;0,00;0,00;0,00
2,32;2,93;2,75;2,53;2,95;4,09;5,14;5,15;5,50;3,75;4,67;4,72;4,64;4,57;4,59;6,19;6,71;6,05;0,00;1,65;1,17;1,89;7,80;7,33;7,42;7,42;4,22;3,94;3,44;3,72;0,00;0,00;0,00;0,00;0,00;0,00;0,00;0,00
0,00;0,96;0,00;0,00;0,00;0,00;0,00;0,00;0,00;0,00;0,00;0,00;0,00;0,00;0,00;0,00;0,00;0,00;0,00;0,00;0,00;0,00;0,00;0,00;0,00;0,00;2,07;2,53;2,73;2,01;0,00;0,00;0,00;0,00;0,00;0,00;0,00;0,00
3,45;3,51;3,54;5,29;5,19;5,46;5,54;5,42;5,89;4,79;4,85;4,67;5,07;4,86;4,86;4,68;4,79;4,65;4,43;4,62;4,47;4,41;3,63;4,01;3,84;3,17;3,95;3,78;3,44;3,72;0,00;0,00;0,00;0,00;0,00;0,00;0,00;0,00
4,69;4,63;5,39;5,58;5,52;5,79;6,23;6,09;6,12;6,26;6,25;6,40;6,05;6,30;6,26;6,82;6,99;6,86;5,14;6,05;4,39;5,85;6,82;6,88;6,78;5,73;5,42;5,46;5,39;5,72;3,39;2,89;3,31;3,24;0,00;0,00;0,00;0,00
0,00;0,00;0,00;0,00;0,00;0,00;1,44;2,72;2,83;0,00;0,00;0,00;0,00;0,00;0,00;0,00;1,54;0,00;0,00;0,00;0,00;0,00;3,29;3,51;3,54;3,81;0,00;0,00;0,00;0,00;0,00;0,00;0,00;0,00;0,00;0,00;0,00;0,00
0,00;0,00;0,00;1,54;2,27;3,03;4,04;4,36;4,20;0,97;1,85;2,92;2,95;3,04;2,01;4,90;4,57;4,98;0,00;1,05;0,00;0,00;5,06;4,50;4,48;4,86;0,00;0,00;0,00;0,00;0,00;0,00;0,00;0,00;0,00;0,00;0,00;0,00
1,99;2,26;2,75;3,11;2,75;3,03;3,13;3,37;3,28;4,18;4,06;4,00;2,95;3,21;3,47;2,36;2,26;2,64;2,48;3,55;2,58;3,72;1,46;1,53;1,47;1,00;0,00;0,00;0,00;0,00;0,00;0,00;0,00;0,00;0,00;0,00;0,00;0,00
0,00;1,53;0,86;0,00;0,00;0,00;0,00;0,00;0,00;0,97;0,00;0,96;0,00;0,00;0,00;0,00;0,00;0,00;0,00;0,00;0,00;0,00;0,00;0,00;0,00;0,00;3,41;3,40;3,24;2,82;0,00;0,00;0,00;0,00;0,00;0,00;0,00;0,00
1,00;1,53;1,40;0,00;0,00;0,00;0,00;0,00;0,00;0,97;0,00;0,00;0,00;0,00;0,00;0,00;0,00;0,00;0,00;0,00;0,00;0,00;0,00;0,00;0,00;0,00;3,17;3,40;1,93;3,34;2,05;0,00;1,99;0,00;0,00;0,00;0,00;0,00
1,00;0,96;0,86;0,00;0,00;0,00;0,00;0,95;0,90;1,54;1,85;0,96;0,00;0,00;0,00;0,00;0,00;0,00;0,00;1,05;0,00;1,23;0,00;0,00;0,00;0,00;0,00;0,00;1,27;0,00;0,00;0,00;0,00;0,00;0,00;0,00;0,00;0,00
1,00;0,96;0,00;0,00;0,00;0,00;0,89;0,95;0,00;0,97;0,90;0,96;1,55;1,62;1,00;1,61;1,54;1,63;0,00;0,00;0,00;0,00;1,46;0,96;0,92;2,58;0,00;1,37;1,27;0,00;0,00;0,00;0,00;0,00;0,00;0,00;2,60;0,00
1,58;1,94;1,40;0,00;0,00;0,00;0,00;0,00;0,00;0,00;0,00;0,00;0,00;0,00;0,00;0,00;0,00;0,00;0,00;0,00;0,00;0,00;0,00;0,00;0,00;0,00;2,07;0,00;2,73;1,33;0,00;0,00;0,00;0,00;0,00;0,00;0,00;0,00
1,00;1,53;0,86;0,97;0,97;0,92;0,89;0,95;0,90;0,97;0,90;0,96;0,00;0,00;0,00;0,00;0,00;0,00;0,00;0,00;0,00;0,00;0,00;0,00;0,00;0,00;1,38;1,37;1,27;1,33;0,00;0,00;0,00;0,00;0,00;0,00;0,00;0,00
0,00;0,00;0,00;0,00;0,00;0,00;0,00;0,00;0,00;0,00;0,00;0,00;0,00;0,00;0,00;0,00;0,00;0,00;0,00;0,00;0,00;0,00;0,00;0,00;0,00;0,00;2,07;1,37;1,93;1,33;0,00;0,00;0,00;0,00;0,00;0,00;0,00;0,00
0,00;0,00;0,00;0,00;0,00;0,00;0,00;0,00;0,00;0,00;0,00;0,00;0,00;0,00;0,00;0,00;0,00;0,00;0,00;0,00;0,00;0,00;0,00;0,00;0,00;0,00;0,00;0,00;0,00;0,00;0,00;0,00;0,00;0,00;0,00;0,00;0,00;0,00
0,00;0,00;0,00;0,00;0,00;0,00;0,00;0,00;0,00;0,00;0,00;0,00;0,00;0,00;0,00;0,00;0,00;0,00;0,00;0,00;0,00;0,00;0,00;0,00;0,00;0,00;0,00;0,00;0,00;0,00;0,00;0,00;0,00;0,00;0,00;0,00;0,00;0,00
7,40;7,41;7,50;7,17;7,15;6,76;6,83;6,81;6,83;7,15;7,23;6,95;6,01;6,18;6,31;5,95;5,97;5,82;6,17;6,64;5,84;6,54;3,91;4,83;4,16;1,00;5,66;6,01;5,80;5,91;4,07;0,00;3,31;2,73;0,00;0,00;0,00;0,00
4,64;4,51;2,57;0,00;0,00;0,00;0,00;0,00;0,90;0,00;0,00;0,96;0,00;0,00;0,00;0,00;0,00;0,00;0,00;0,00;0,00;0,00;0,00;0,00;0,00;0,00;5,24;5,04;5,23;5,04;3,77;0,00;0,00;0,00;0,00;0,00;0,00;0,00
3,80;3,93;2,75;0,97;0,97;1,48;0,00;0,00;1,85;1,54;1,46;1,53;0,00;0,00;0,00;0,00;0,00;0,00;0,00;0,00;0,00;0,00;0,00;0,00;0,92;0,00;5,66;5,46;5,65;5,63;2,87;0,00;0,00;0,00;0,00;0,00;0,00;0,00
2,58;2,74;0,00;0,00;0,00;0,00;0,00;0,00;0,00;0,97;0,00;0,00;0,00;0,00;0,00;0,00;0,00;0,00;0,00;0,00;0,00;0,00;0,00;0,00;0,00;0,00;4,65;5,23;4,72;4,97;2,87;0,00;0,00;0,00;0,00;0,00;0,00;0,00
0,00;0,00;0,00;0,00;0,00;0,00;2,41;2,24;2,64;0,00;0,00;0,00;0,00;0,00;0,00;2,03;2,26;2,64;0,00;0,00;0,00;0,00;2,83;3,10;3,02;3,58;0,00;0,00;0,00;0,00;0,00;0,00;0,00;0,00;0,00;0,00;0,00;0,00
3,16;2,74;3,44;2,94;1,95;3,18;1,44;2,50;2,42;3,94;4,20;3,92;0,00;0,00;0,00;0,00;0,00;0,00;1,71;2,08;2,58;2,34;0,00;0,00;0,00;0,00;0,00;0,00;0,00;0,00;0,00;0,00;0,00;0,00;0,00;0,00;0,00;0,00
2,99;2,52;0,86;2,94;2,53;0,92;3,50;3,37;1,85;0,00;0,00;0,00;0,00;0,00;0,00;0,00;0,00;0,00;0,00;0,00;0,00;0,00;0,91;0,00;0,00;0,00;0,00;0,00;0,00;0,00;0,00;0,00;0,00;0,00;0,00;0,00;0,00;0,00
3,90;3,83;3,07;2,53;2,95;2,19;2,98;3,08;2,64;0,97;0,90;2,25;0,00;0,00;0,00;2,03;2,26;2,64;0,00;0,00;0,00;0,00;3,00;3,25;3,02;3,17;2,89;3,40;3,24;3,10;0,00;0,00;1,99;2,73;0,00;0,00;0,00;0,00
2,58;2,26;3,07;3,52;3,11;3,76;2,15;2,50;3,40;2,75;2,42;2,51;4,11;3,95;4,01;3,74;3,26;3,97;1,10;1,05;1,81;1,23;4,07;4,17;4,01;4,64;0,00;0,00;0,00;0,00;4,07;4,09;4,45;4,16;4,52;4,27;4,41;4,02
0,00;0,00;0,00;0,00;0,97;2,19;3,26;3,61;3,40;0,00;1,46;1,93;3,12;3,21;3,33;4,21;3,74;4,24;0,00;0,00;0,00;0,00;4,57;4,38;4,48;4,52;0,00;0,00;0,00;0,00;0,00;0,00;1,99;1,93;0,00;0,00;0,00;0,00
1,00;0,96;0,00;2,94;2,95;3,55;4,32;4,66;4,06;1,95;1,85;2,73;4,34;4,30;4,33;4,56;4,63;4,46;0,00;1,05;1,17;0,00;4,86;4,56;4,74;5,13;4,45;4,64;4,55;4,75;0,00;0,00;0,00;0,00;0,00;0,00;2,60;0,00
1,00;1,53;0,00;0,00;0,00;0,00;0,00;0,00;0,00;0,00;0,00;0,00;0,00;0,00;0,00;0,00;0,00;0,00;0,00;0,00;0,00;0,00;0,00;0,00;0,00;0,00;4,55;4,08;4,55;4,27;2,87;0,00;0,00;0,00;0,00;0,00;0,00;0,00
2,58;2,74;2,35;0,97;1,95;0,92;0,00;0,00;0,00;1,54;0,90;0,96;0,00;0,00;1,00;0,00;0,00;0,00;0,00;0,00;0,00;0,00;0,00;0,00;0,00;0,00;4,09;3,78;4,27;3,88;0,00;0,00;0,00;0,00;0,00;0,00;0,00;0,00
5,42;5,45;5,31;5,74;5,82;5,82;6,98;6,94;6,74;4,64;5,42;5,47;4,19;4,37;4,91;6,48;6,35;6,41;7,52;7,37;5,40;2,34;4,14;4,31;4,23;4,09;0,00;0,00;1,27;0,00;0,00;0,00;0,00;0,00;0,00;0,00;0,00;0,00
2,80;2,74;1,79;0,00;0,00;0,00;0,00;0,00;0,00;1,95;1,85;2,25;0,00;0,00;0,00;0,00;0,00;0,00;1,10;1,05;0,00;0,00;0,00;0,00;0,00;0,00;4,09;4,21;4,37;4,48;3,39;2,07;3,31;3,24;0,00;0,00;0,00;0,00
1,58;1,53;0,00;0,00;0,00;0,00;0,00;0,00;0,00;0,00;0,00;0,00;0,00;0,00;0,00;0,00;0,00;0,00;0,00;0,00;0,00;0,00;0,00;0,00;0,00;0,00;0,00;1,37;1,27;1,33;0,00;0,00;0,00;0,00;0,00;0,00;0,00;0,00
1,58;0,96;1,79;0,97;1,95;1,48;2,62;2,24;2,42;0,00;0,00;0,00;0,00;0,00;0,00;0,00;0,00;0,00;0,00;0,00;0,00;0,00;0,00;0,00;0,00;0,00;0,00;0,00;0,00;0,00;0,00;0,00;0,00;0,00;0,00;0,00;0,00;0,00
0,00;0,00;0,00;0,00;0,00;0,00;0,00;0,00;0,00;0,00;0,00;0,00;0,00;0,00;0,00;1,02;0,96;0,00;0,00;0,00;0,00;0,00;2,64;3,10;2,85;0,00;0,00;0,00;0,00;0,00;0,00;0,00;0,00;0,00;0,00;0,00;0,00;0,00
0,00;0,00;0,00;0,00;0,00;0,00;0,00;0,00;0,00;0,00;0,00;0,00;0,00;0,00;0,00;0,00;0,00;0,00;0,00;0,00;0,00;0,00;0,00;0,00;0,00;0,00;0,00;0,00;0,00;0,00;0,00;0,00;0,00;0,00;0,00;0,00;0,00;0,00
5,16;4,97;4,72;5,93;5,75;5,54;5,25;5,03;4,81;3,94;3,40;3,38;4,34;4,37;4,01;0,00;0,96;1,63;3,88;3,90;4,55;3,99;0,00;0,00;0,00;2,81;0,00;0,00;0,00;0,00;0,00;0,00;0,00;0,00;0,00;0,00;0,00;0,00
0,00;0,00;0,00;0,00;0,00;0,00;0,00;0,00;0,00;1,95;0,90;1,93;3,85;3,75;3,47;1,61;1,54;1,63;2,97;3,26;3,61;2,34;0,91;0,00;0,00;2,81;0,00;0,00;0,00;0,00;0,00;0,00;0,00;0,00;0,00;0,00;0,00;0,00
4,39;4,63;3,82;6,16;6,24;6,07;5,83;5,85;5,64;5,66;5,42;5,37;6,33;6,28;6,24;5,36;5,29;5,50;5,80;6,14;6,38;5,95;5,27;5,38;5,39;6,15;0,00;0,00;0,00;0,00;0,00;0,00;0,00;3,62;2,70;4,27;4,72;5,38
3,16;2,93;1,79;0,00;0,00;0,00;0,00;0,00;0,00;1,95;0,90;0,96;0,00;0,00;0,00;0,00;0,00;0,00;0,00;0,00;0,00;0,00;0,00;0,00;0,00;0,00;3,61;3,78;3,77;4,02;4,71;4,73;4,23;4,87;2,70;0,00;0,00;0,00
0,00;0,00;0,00;0,00;0,00;0,00;0,00;0,00;0,00;0,00;0,00;0,00;0,00;0,00;0,00;0,00;0,00;0,00;0,00;0,00;0,00;0,00;0,00;0,00;0,00;0,00;2,54;1,37;2,73;1,33;2,05;0,00;1,99;1,93;0,00;0,00;0,00;0,00
2,32;2,93;1,79;3,40;4,03;4,37;4,96;4,99;5,20;4,02;4,33;4,16;4,11;4,13;4,25;4,68;5,02;5,20;2,15;3,41;1,81;3,19;4,57;4,83;4,69;3,46;1,38;2,53;2,73;1,33;0,00;0,00;0,00;0,00;0,00;0,00;0,00;0,00
1,99;0,96;1,79;1,54;1,95;1,48;3,88;3,99;4,06;2,53;3,52;3,62;3,75;3,85;4,01;4,85;4,51;4,98;1,10;1,65;1,17;2,96;4,40;4,92;4,96;4,32;1,38;2,06;2,38;2,47;0,00;0,00;0,00;0,00;0,00;0,00;0,00;0,00
2,58;2,74;1,40;0,00;0,00;0,00;0,00;0,00;0,00;0,00;0,00;0,00;0,00;0,00;0,00;0,00;0,00;0,00;0,00;0,00;0,00;1,23;0,00;0,00;0,00;0,00;2,54;3,40;3,24;3,10;3,39;3,40;3,99;3,92;0,00;0,00;0,00;0,00
1,99;2,26;0,86;0,00;0,00;0,00;0,00;0,00;0,00;0,97;0,00;0,00;0,00;0,00;0,00;0,00;0,00;0,00;0,00;0,00;0,00;0,00;0,00;0,00;0,00;0,00;3,17;2,88;3,01;3,34;3,39;2,07;3,31;1,93;0,00;0,00;0,00;0,00
2,99;2,52;0,00;0,97;1,95;0,92;2,15;1,92;0,90;0,00;0,00;1,53;1,96;2,63;2,01;3,04;2,74;3,77;0,00;0,00;0,00;0,00;2,83;2,93;3,17;4,00;3,95;3,40;3,44;3,54;2,05;0,00;0,00;0,00;0,00;0,00;0,00;0,00
1,99;3,10;1,40;0,00;0,00;0,00;0,00;0,00;0,00;1,54;0,90;0,96;1,96;1,03;1,00;2,36;2,52;3,23;0,00;0,00;0,00;0,00;2,83;2,26;2,66;4,09;4,82;4,73;4,72;4,66;3,39;0,00;1,99;1,93;0,00;0,00;0,00;0,00
1,99;2,26;0,00;0,97;0,97;0,00;2,15;1,92;0,00;0,00;0,00;0,96;0,97;1,03;0,00;3,62;3,63;3,52;4,09;3,55;4,55;3,72;0,00;0,00;0,00;1,58;5,12;5,11;5,48;5,34;3,77;0,00;2,80;2,73;0,00;0,00;0,00;0,00
4,64;4,73;3,20;4,26;4,26;3,76;5,04;4,90;4,20;2,53;3,40;4,16;4,80;4,69;4,71;5,71;5,45;5,56;1,71;1,65;1,81;2,34;5,67;5,44;5,66;5,91;6,31;6,33;6,39;6,21;6,00;2,07;4,94;4,87;3,58;0,00;0,00;0,00
3,45;3,10;3,90;1,54;0,97;1,88;0,89;0,95;0,00;2,27;1,46;1,53;1,55;1,03;1,59;1,61;2,26;2,05;0,00;0,00;0,00;1,23;2,17;2,74;2,44;2,00;0,00;0,00;0,00;0,00;0,00;0,00;0,00;0,00;0,00;0,00;0,00;0,00
1,00;0,00;1,79;0,00;0,00;0,00;0,00;0,95;0,90;2,53;2,42;1,53;0,00;0,00;0,00;0,00;0,00;0,00;0,00;0,00;1,81;1,89;0,00;0,00;0,00;0,00;0,00;0,00;0,00;0,00;0,00;0,00;0,00;0,00;0,00;0,00;0,00;0,00
1,58;1,94;0,00;4,64;4,69;5,13;5,89;5,57;5,68;3,94;4,33;4,44;5,40;5,48;5,50;6,11;5,97;6,02;2,48;2,40;1,17;2,34;6,65;6,38;6,54;6,79;2,07;2,06;3,01;2,01;0,00;0,00;0,00;0,00;0,00;0,00;0,00;0,00
0,00;0,00;0,00;0,00;0,97;0,92;2,15;3,08;2,42;0,00;0,00;1,53;0,00;0,00;0,00;2,03;2,74;1,63;2,15;2,40;3,09;2,34;0,00;0,00;1,87;0,00;1,38;1,37;1,27;1,33;0,00;0,00;0,00;0,00;0,00;0,00;0,00;0,00
1,58;1,94;0,00;0,00;0,00;0,00;0,89;0,00;0,00;0,00;0,00;0,00;0,00;0,00;0,00;0,00;0,00;0,00;0,00;0,00;0,00;0,00;0,00;0,00;0,00;0,00;3,17;3,94;3,62;3,72;0,00;0,00;0,00;0,00;0,00;0,00;0,00;0,00
1,00;1,53;0,86;1,54;1,54;0,00;0,00;0,95;0,00;0,00;0,00;0,00;0,00;0,00;0,00;0,00;0,00;0,00;0,00;0,00;0,00;0,00;0,00;0,00;0,00;0,00;0,00;0,00;0,00;0,00;0,00;0,00;0,00;0,00;0,00;0,00;0,00;0,00
2,99;2,74;3,33;2,27;2,27;1,88;0,00;0,00;0,00;1,54;1,46;0,96;0,00;1,03;1,59;0,00;0,00;0,00;0,00;0,00;0,00;0,00;0,00;0,00;0,00;0,00;0,00;0,00;0,00;0,00;0,00;0,00;0,00;0,00;0,00;0,00;0,00;0,00
0,00;0,00;0,00;0,00;0,00;0,00;0,00;0,00;0,00;0,00;0,00;0,00;0,00;0,00;0,00;0,00;0,00;0,00;0,00;0,00;0,00;0,00;0,00;0,00;0,00;0,00;0,00;0,00;0,00;0,00;0,00;0,00;0,00;0,00;0,00;0,00;0,00;0,00
1,00;0,96;0,86;1,54;1,54;1,48;0,00;0,95;1,45;0,97;0,90;1,53;0,00;0,00;0,00;0,00;0,00;0,00;0,00;0,00;0,00;0,00;1,46;0,96;0,92;0,00;0,00;0,00;0,00;0,00;0,00;0,00;0,00;0,00;0,00;0,00;0,00;0,00
1,99;1,94;2,35;1,54;1,54;2,19;3,26;3,08;3,40;1,95;1,46;0,96;0,00;0,00;0,00;0,00;0,00;0,00;0,00;0,00;0,00;0,00;0,00;0,00;0,00;0,00;0,00;0,00;1,27;1,33;0,00;0,00;0,00;0,00;0,00;0,00;0,00;0,00
4,08;4,17;4,25;3,40;3,85;3,31;0,00;0,95;0,90;4,18;4,33;3,82;0,97;2,36;2,59;1,02;0,96;1,63;1,10;3,09;1,17;2,96;0,00;0,96;0,92;1,00;1,38;2,06;1,93;1,33;0,00;0,00;0,00;0,00;0,00;0,00;0,00;0,00
3,90;4,10;4,31;4,02;4,11;4,24;4,83;4,95;4,85;4,26;4,33;4,16;2,95;3,04;3,01;3,62;3,84;3,97;1,71;2,89;2,25;2,96;2,17;3,62;3,17;0,00;2,89;3,16;2,73;2,82;0,00;0,00;0,00;0,00;0,00;0,00;0,00;0,00
1,58;1,94;2,35;2,53;1,95;2,86;1,84;2,50;2,64;2,53;2,64;2,51;2,28;2,04;2,59;2,03;2,52;2,64;0,00;1,05;0,00;0,00;0,91;2,93;2,66;0,00;0,00;0,00;0,00;0,00;0,00;0,00;0,00;0,00;0,00;0,00;0,00;0,00
1,58;2,52;2,10;1,54;1,54;1,48;0,89;0,00;1,45;3,64;3,52;3,24;1,96;1,62;2,01;0,00;0,00;0,00;1,71;2,89;2,86;3,39;0,00;0,00;0,00;0,00;0,00;0,00;0,00;0,00;0,00;0,00;0,00;0,00;0,00;0,00;0,00;0,00
4,16;4,17;3,98;4,02;3,94;4,09;5,00;5,03;5,13;4,02;4,06;4,44;3,75;4,05;3,71;5,21;5,18;5,24;3,63;4,00;4,21;4,81;5,92;5,85;5,74;5,78;5,66;5,41;5,34;5,72;5,59;3,79;4,94;5,23;4,52;3,72;4,72;5,38
0,00;0,00;1,40;1,95;1,95;2,86;3,88;3,61;3,62;2,53;2,16;2,51;3,27;3,37;3,33;2,84;2,74;2,87;2,15;2,40;2,58;2,68;3,15;3,51;3,43;3,46;2,54;2,53;1,93;2,47;2,87;2,07;1,99;2,73;4,52;5,23;5,19;4,97
0,00;0,00;0,00;0,00;0,00;0,00;0,89;1,52;0,90;0,00;0,00;0,00;0,00;0,00;0,00;1,02;0,00;0,00;0,00;0,00;0,00;0,00;1,86;0,96;0,92;1,58;0,00;1,37;1,27;1,33;0,00;0,00;0,00;0,00;0,00;0,00;0,00;0,00
0,00;0,00;0,00;0,00;0,00;0,00;1,44;0,95;0,00;0,00;0,00;0,00;0,00;0,00;0,00;0,00;0,00;0,00;0,00;0,00;0,00;0,00;0,00;0,00;0,00;0,00;0,00;0,00;0,00;0,00;0,00;0,00;0,00;0,00;0,00;0,00;0,00;0,00
1,00;0,96;2,92;0,97;1,95;2,67;2,15;2,50;2,99;0,97;1,46;1,53;1,55;2,36;2,59;2,62;2,74;2,05;0,00;0,00;0,00;0,00;2,43;2,52;1,47;0,00;0,00;0,00;0,00;0,00;0,00;0,00;0,00;0,00;0,00;0,00;0,00;0,00
4,80;4,88;4,93;4,11;4,11;4,17;3,70;3,81;3,81;4,33;4,39;4,50;3,41;3,63;3,59;3,95;3,39;3,87;2,97;3,68;4,30;4,66;3,29;3,51;3,84;3,17;4,82;5,23;5,06;5,23;2,87;0,00;0,00;0,00;0,00;0,00;0,00;0,00
2,32;2,26;2,75;0,00;0,00;0,00;0,00;0,00;0,00;0,97;2,16;1,93;0,00;0,00;0,00;0,00;0,00;0,00;0,00;1,05;1,17;1,23;0,91;0,96;0,92;0,00;2,54;2,88;2,73;3,10;0,00;0,00;0,00;0,00;0,00;0,00;0,00;0,00
1,99;1,94;1,79;0,00;0,97;0,92;0,00;0,00;0,00;0,00;0,90;0,00;0,00;0,00;0,00;0,00;0,00;0,00;0,00;0,00;0,00;0,00;0,00;0,00;0,00;0,00;1,38;2,53;2,38;1,33;0,00;0,00;0,00;0,00;0,00;0,00;0,00;0,00
0,00;0,96;0,86;0,97;1,95;0,00;0,89;0,00;0,90;0,97;1,46;0,00;0,00;0,00;0,00;0,00;0,00;0,00;0,00;0,00;0,00;0,00;0,00;0,00;0,00;0,00;0,00;1,37;0,00;0,00;0,00;0,00;0,00;0,00;0,00;0,00;0,00;0,00
3,16;3,25;3,44;2,94;2,27;2,45;3,13;3,37;2,99;1,54;1,46;2,25;2,76;2,36;2,59;3,74;3,63;3,65;0,00;0,00;0,00;0,00;4,07;4,17;3,93;3,58;0,00;0,00;0,00;0,00;0,00;0,00;0,00;0,00;0,00;0,00;0,00;0,00
4,24;4,32;4,31;2,53;3,27;3,03;2,15;1,52;1,85;2,53;2,83;2,73;2,76;3,04;2,59;2,62;2,26;2,38;1,71;2,67;2,25;2,96;1,46;2,74;2,85;2,32;2,54;2,06;1,93;2,01;0,00;0,00;0,00;0,00;0,00;0,00;0,00;0,00
4,75;4,73;4,77;4,89;5,07;4,97;4,60;4,66;4,61;4,69;4,71;4,67;4,19;4,57;4,59;3,62;3,26;4,15;2,75;3,79;2,58;3,99;0,00;2,93;3,02;0,00;3,61;3,78;4,04;3,88;0,00;0,00;0,00;0,00;0,00;0,00;0,00;0,00
3,45;3,39;3,54;3,26;2,95;2,67;1,44;0,95;2,16;2,75;2,64;2,25;2,28;2,04;2,33;1,61;1,54;2,05;2,15;1,65;2,25;2,34;0,91;1,53;1,47;1,00;1,38;1,37;1,27;1,33;0,00;0,00;0,00;0,00;0,00;0,00;0,00;0,00
1,00;0,96;0,86;0,00;0,00;0,00;0,00;0,00;0,00;0,97;1,46;1,53;0,97;0,00;0,00;0,00;0,00;0,00;0,00;0,00;0,00;0,00;0,00;0,00;0,00;0,00;0,00;0,00;0,00;0,00;0,00;0,00;0,00;0,00;0,00;0,00;0,00;0,00
0,00;0,00;0,00;0,00;1,54;0,92;0,89;0,95;0,90;0,00;0,00;0,00;1,55;1,62;1,59;0,00;0,00;0,00;0,00;0,00;0,00;1,23;0,91;0,00;0,92;0,00;0,00;0,00;0,00;1,33;0,00;0,00;0,00;0,00;0,00;0,00;0,00;0,00
1,58;1,94;1,40;2,27;2,75;2,45;2,15;2,24;2,42;2,27;2,83;2,25;3,12;3,04;2,81;3,04;2,94;3,23;0,00;0,00;1,17;1,89;2,64;2,74;2,85;3,00;2,07;2,06;0,00;2,01;0,00;0,00;0,00;0,00;0,00;0,00;0,00;0,00
1,99;1,94;2,92;0,97;1,54;0,92;0,89;0,95;1,85;0,00;0,90;0,00;0,00;0,00;0,00;0,00;0,96;1,04;0,00;0,00;0,00;0,00;0,00;0,96;0,92;1,00;0,00;0,00;0,00;0,00;0,00;0,00;0,00;0,00;0,00;0,00;0,00;0,00
0,00;0,00;0,00;0,97;0,00;0,92;0,89;0,95;2,16;0,00;0,00;0,00;0,00;0,00;0,00;0,00;0,00;0,00;0,00;0,00;0,00;0,00;0,00;0,00;0,00;0,00;0,00;0,00;0,00;0,00;0,00;0,00;0,00;0,00;0,00;0,00;0,00;0,00
2,32;1,94;2,35;3,40;3,27;3,55;3,50;3,81;3,81;2,94;2,83;2,73;2,76;2,85;2,81;2,62;2,52;2,87;1,10;1,65;1,81;2,96;3,15;2,74;2,85;3,00;0,00;0,00;0,00;0,00;0,00;0,00;0,00;0,00;0,00;0,00;0,00;2,60
0,00;0,96;3,07;2,27;2,27;2,86;3,88;3,90;3,52;0,00;0,00;0,00;0,00;0,00;0,00;1,61;1,54;1,63;0,00;0,00;0,00;0,00;0,91;0,96;1,47;0,00;0,00;0,00;0,00;0,00;0,00;0,00;0,00;0,00;0,00;0,00;0,00;0,00
0,00;0,00;0,00;0,00;0,00;0,00;0,89;0,95;1,45;0,00;0,00;0,00;0,00;0,00;0,00;0,00;0,00;0,00;0,00;0,00;0,00;0,00;0,91;0,96;0,92;0,00;0,00;0,00;0,00;0,00;0,00;0,00;0,00;0,00;0,00;0,00;0,00;0,00
1,00;1,53;0,86;2,75;2,53;2,19;2,98;2,91;2,42;1,54;1,46;1,53;2,76;2,85;3,01;3,04;2,74;2,87;0,00;1,05;0,00;0,00;3,15;2,93;2,85;2,00;0,00;0,00;0,00;0,00;0,00;0,00;1,99;1,93;0,00;0,00;0,00;0,00
3,69;3,51;2,75;4,18;4,19;4,49;5,00;4,99;5,05;3,75;3,98;4,44;4,70;4,75;4,65;5,33;5,21;5,32;4,43;4,49;4,77;5,00;5,40;5,41;5,26;5,13;4,22;4,08;4,04;4,57;3,39;3,40;3,99;3,92;2,70;3,72;2,60;2,60
3,69;3,73;3,44;3,84;3,85;3,94;4,74;4,55;4,71;2,75;3,14;3,72;3,85;4,13;4,18;4,85;4,93;4,82;3,34;3,79;4,21;3,99;4,94;4,87;4,88;5,17;3,79;3,60;3,77;3,34;2,05;2,07;2,80;1,93;0,00;0,00;0,00;0,00
1,00;1,53;1,40;4,02;4,19;4,02;2,81;2,72;2,83;4,46;3,98;4,00;5,56;5,83;5,71;4,63;4,57;4,98;4,50;4,85;4,30;3,86;4,46;4,83;4,83;5,43;2,54;2,06;1,27;0,00;4,53;4,34;4,79;5,44;5,30;6,09;5,19;5,54
3,80;3,63;3,64;3,84;4,03;3,66;4,04;4,43;4,66;4,33;4,56;4,37;3,53;3,37;3,47;4,29;4,25;4,07;4,18;4,62;4,21;4,50;4,40;4,78;4,36;2,32;4,90;4,54;4,72;4,75;4,07;0,00;3,31;2,73;0,00;0,00;0,00;0,00
3,16;3,10;3,07;2,94;1,95;2,86;3,70;3,49;3,90;3,11;3,14;3,24;2,76;3,04;2,81;3,50;3,39;3,52;1,10;2,08;0,00;1,89;4,57;4,44;4,54;4,32;3,79;3,94;3,77;3,54;0,00;0,00;0,00;0,00;0,00;0,00;0,00;0,00
2,32;2,93;3,98;4,74;4,46;4,65;4,92;4,99;5,09;3,84;4,45;4,16;4,64;4,57;4,47;4,68;4,74;4,77;2,48;3,26;2,86;3,56;4,81;4,78;4,83;4,58;0,00;0,00;1,27;1,33;0,00;0,00;0,00;0,00;0,00;0,00;0,00;0,00
0,00;0,00;0,00;0,00;0,00;0,00;0,00;0,00;0,00;0,00;0,00;0,00;0,00;0,00;0,00;0,00;0,00;0,00;0,00;0,00;0,00;0,00;0,00;0,00;0,00;0,00;0,00;0,00;0,00;0,00;0,00;0,00;0,00;0,00;0,00;0,00;0,00;0,00
0,00;0,00;1,40;0,00;0,00;0,00;0,00;0,00;0,00;0,97;1,46;0,00;0,00;0,00;0,00;0,00;0,00;0,00;0,00;0,00;0,00;0,00;0,00;0,00;0,00;0,00;0,00;1,37;0,00;2,01;0,00;0,00;0,00;0,00;0,00;0,00;0,00;0,00
0,00;0,00;0,00;0,00;0,00;0,00;0,89;1,92;2,83;0,00;0,00;0,00;0,00;1,03;0,00;1,02;0,96;1,04;0,00;0,00;0,00;0,00;1,46;0,96;0,92;1,00;0,00;0,00;0,00;0,00;0,00;0,00;0,00;0,00;0,00;0,00;0,00;0,00
1,99;1,94;2,57;1,95;1,95;1,48;0,89;0,95;0,90;1,54;1,85;2,25;0,97;1,03;0,00;0,00;0,00;0,00;0,00;0,00;0,00;1,23;0,00;0,00;0,00;0,00;2,07;1,37;2,73;2,01;0,00;0,00;0,00;0,00;0,00;0,00;0,00;0,00
1,00;1,53;1,40;0,00;0,00;0,00;0,00;0,00;0,00;0,00;0,90;0,96;0,00;0,00;0,00;0,00;0,00;0,00;0,00;0,00;0,00;0,00;0,00;0,00;0,00;0,00;1,38;1,37;1,93;2,01;0,00;0,00;0,00;0,00;0,00;0,00;0,00;0,00
3,32;3,10;3,64;2,94;2,95;3,44;3,26;3,23;3,40;3,52;3,40;2,92;2,28;2,63;2,81;2,84;1,94;2,64;2,15;2,89;1,81;3,19;1,46;1,53;1,47;1,00;0,00;0,00;0,00;0,00;0,00;0,00;0,00;1,93;0,00;0,00;0,00;0,00
0,00;0,00;0,00;1,95;1,95;2,45;3,70;4,07;4,20;0,00;3,40;3,92;2,28;3,21;2,81;5,60;5,39;5,28;2,97;3,41;2,25;0,00;4,21;5,09;5,12;4,70;0,00;0,00;1,27;0,00;0,00;0,00;3,31;3,62;2,70;0,00;2,60;0,00
6,33;6,24;6,77;0,97;0,97;0,00;0,00;0,00;0,00;5,82;6,14;5,59;0,00;1,03;1,00;0,00;0,00;0,00;2,15;3,09;3,28;4,74;0,00;0,00;0,00;0,00;0,00;0,00;0,00;0,00;0,00;0,00;0,00;0,00;0,00;0,00;0,00;0,00
2,32;2,52;1,40;0,00;0,00;0,00;2,15;1,92;1,85;0,00;0,00;0,00;0,00;0,00;0,00;1,61;0,96;1,63;0,00;0,00;1,17;0,00;2,17;1,94;2,19;2,00;1,38;1,37;1,93;1,33;2,05;0,00;0,00;1,93;0,00;0,00;0,00;0,00
5,77;5,83;4,81;1,95;2,53;0,92;0,00;0,00;0,00;4,89;3,98;4,61;0,00;1,03;0,00;0,00;0,00;0,00;3,49;2,89;3,61;4,94;0,00;0,00;0,00;0,00;6,92;6,89;6,86;6,96;7,28;7,41;6,71;6,37;2,70;0,00;0,00;0,00
3,99;3,93;4,12;4,02;3,85;4,37;3,39;3,49;3,40;2,75;3,14;2,51;0,97;1,62;1,00;0,00;0,00;0,00;0,00;1,05;1,81;0,00;0,00;0,00;0,00;0,00;0,00;0,00;0,00;0,00;0,00;0,00;0,00;0,00;0,00;0,00;0,00;0,00
0,00;0,96;1,40;0,00;0,00;0,92;0,00;0,00;0,00;1,54;1,46;1,53;0,00;1,03;1,00;0,00;0,00;0,00;0,00;0,00;0,00;0,00;0,00;0,00;0,00;0,00;0,00;0,00;0,00;0,00;0,00;0,00;0,00;0,00;0,00;0,00;0,00;0,00
3,45;3,73;3,73;2,94;3,27;3,18;2,15;2,72;3,52;3,84;3,72;3,38;2,54;2,63;1,00;0,00;0,96;1,63;2,48;2,89;2,25;3,19;0,00;1,53;0,92;0,00;0,00;0,00;0,00;0,00;0,00;0,00;0,00;0,00;0,00;0,00;0,00;0,00
0,00;0,00;0,00;0,00;0,00;0,00;1,84;1,52;0,90;0,00;0,00;0,00;0,00;0,00;0,00;1,02;0,00;0,00;1,10;0,00;0,00;1,23;1,46;0,96;1,47;1,00;0,00;0,00;0,00;2,01;0,00;0,00;0,00;0,00;0,00;0,00;0,00;2,60
0,00;0,00;0,00;0,00;0,00;0,00;0,00;0,00;0,00;0,00;0,00;0,00;0,00;0,00;0,00;0,00;0,00;0,00;0,00;0,00;0,00;0,00;0,00;0,00;0,00;0,00;0,00;0,00;0,00;0,00;0,00;0,00;0,00;0,00;0,00;0,00;0,00;0,00
1,99;0,96;0,00;0,97;0,97;0,92;2,41;2,91;2,42;0,97;0,90;1,53;0,97;1,62;1,59;3,36;2,94;3,52;0,00;0,00;1,17;0,00;3,29;3,51;3,54;3,91;3,41;3,40;3,44;3,10;4,31;3,40;3,99;3,92;2,70;0,00;0,00;0,00
0,00;0,00;0,00;4,74;4,64;4,75;4,74;4,99;5,05;1,54;3,98;4,37;5,03;5,18;5,01;5,25;5,21;5,39;3,49;4,27;3,28;0,00;4,28;4,56;4,64;4,17;0,00;0,00;0,00;0,00;0,00;0,00;0,00;0,00;0,00;0,00;0,00;0,00
0,00;0,00;0,00;3,26;3,27;3,66;4,38;4,15;4,97;2,27;3,52;3,38;3,94;3,95;4,01;4,36;4,32;4,39;0,00;1,05;0,00;2,34;4,67;4,62;4,79;4,75;0,00;0,00;0,00;0,00;0,00;0,00;0,00;0,00;0,00;0,00;0,00;0,00
1,58;1,53;1,40;0,00;0,00;0,00;0,00;0,00;0,00;0,97;0,00;0,00;0,00;0,00;0,00;0,00;0,00;0,00;0,00;0,00;0,00;0,00;0,00;0,00;0,00;0,00;2,54;2,88;2,38;1,33;2,87;0,00;0,00;0,00;0,00;0,00;0,00;0,00
4,58;4,57;4,25;5,69;5,69;5,82;0,89;0,95;0,00;5,52;4,76;5,12;6,61;6,53;6,56;2,36;2,52;2,38;6,17;6,01;6,27;4,11;3,99;4,01;3,30;4,09;2,54;2,53;1,93;1,33;6,14;7,73;6,67;7,06;6,79;6,79;5,95;6,36
3,99;4,10;3,54;5,29;5,46;5,57;1,44;1,92;0,00;5,02;4,51;4,87;6,51;6,41;6,18;3,04;3,26;3,06;6,32;5,62;6,32;3,72;3,52;3,83;3,30;4,09;3,17;3,16;3,01;2,01;6,62;7,71;7,39;7,96;6,99;7,14;6,06;7,05
3,32;3,63;2,92;4,98;5,30;5,23;0,89;0,95;0,00;4,79;3,72;4,56;6,21;6,22;5,98;2,36;2,26;2,05;5,80;5,56;5,93;3,99;2,43;3,10;2,66;3,46;2,54;2,53;1,93;1,33;5,39;6,90;6,40;6,93;6,18;5,96;5,69;5,69
3,90;4,32;3,54;5,26;5,49;5,54;1,44;1,52;0,00;5,26;4,39;4,67;6,59;6,12;6,16;3,74;3,39;3,52;6,23;5,96;6,25;3,86;3,52;3,83;3,65;3,46;2,89;3,16;2,38;1,33;5,68;7,57;6,49;6,60;6,64;6,43;5,19;5,83
3,58;4,01;3,64;4,93;5,19;5,23;0,89;1,52;0,00;4,79;3,98;4,37;6,09;6,20;5,84;1,02;1,94;2,05;5,54;5,53;5,48;3,56;3,00;3,62;3,02;3,81;2,54;1,37;1,27;0,00;5,49;6,39;5,60;5,69;3,58;2,83;0,00;3,48
3,90;4,32;3,90;5,33;5,46;5,65;0,89;1,52;0,90;5,26;4,71;4,87;7,26;7,08;6,93;2,62;3,10;3,23;7,24;6,87;6,93;4,74;3,99;3,83;3,30;4,09;3,41;3,16;3,24;2,47;5,68;7,89;6,79;7,06;6,93;6,94;6,17;6,75
3,69;3,73;3,64;5,02;4,94;5,27;1,44;1,52;1,45;4,84;4,27;4,82;6,19;6,14;6,07;3,04;3,10;3,39;6,09;5,85;6,22;3,99;3,73;4,01;3,75;4,17;2,89;2,53;3,01;2,01;6,00;8,11;6,94;7,00;6,93;7,08;5,82;7,11
4,32;4,17;3,98;5,69;5,77;5,84;1,84;0,95;0,00;5,64;4,51;5,12;6,57;6,66;6,58;3,21;3,39;3,06;6,42;6,01;6,36;4,32;3,73;4,09;3,43;4,32;3,41;3,60;3,24;0,00;6,20;7,99;7,04;7,48;6,72;7,08;6,26;6,27
1,00;0,96;0,00;2,94;2,75;2,67;0,00;0,00;0,00;2,75;1,46;2,25;3,85;3,85;3,71;0,00;0,00;0,00;3,49;3,26;3,61;0,00;0,91;0,96;0,00;1,58;0,00;0,00;0,00;0,00;2,05;2,07;2,80;3,62;0,00;0,00;0,00;0,00
3,58;3,63;3,54;4,58;4,80;5,01;0,00;0,95;0,00;4,69;3,98;4,31;6,76;5,75;5,50;2,36;2,74;2,87;5,27;4,85;5,52;2,68;3,29;3,10;2,85;3,58;0,00;0,00;0,00;0,00;4,71;6,16;6,05;6,22;3,58;4,67;2,60;4,02
3,90;3,73;3,07;5,06;5,07;5,09;1,84;1,52;0,00;4,84;4,13;4,44;5,87;5,66;5,81;2,03;1,54;2,38;5,58;5,42;5,74;3,56;3,15;3,51;2,44;3,91;2,54;2,06;1,93;1,33;5,68;6,90;6,87;7,21;6,18;6,09;5,37;6,27
3,16;3,39;3,07;4,74;4,80;4,89;0,00;0,00;0,00;4,52;3,62;4,31;5,99;5,69;5,68;1,61;1,94;1,63;5,43;5,00;5,12;2,96;2,43;2,52;2,19;3,00;1,38;1,37;1,27;0,00;5,68;6,97;6,54;7,57;6,56;6,43;5,37;6,06
2,99;3,63;3,07;4,46;4,58;4,84;0,00;0,00;0,00;4,46;3,62;3,92;5,37;5,22;5,22;2,36;2,26;1,63;5,27;5,10;5,17;3,56;3,00;2,93;2,85;3,32;2,07;1,37;0,00;0,00;5,77;7,39;6,49;6,72;6,56;6,33;4,72;5,83
3,16;3,39;3,44;4,58;4,85;5,01;1,84;1,52;0,00;4,11;3,40;4,00;5,90;5,83;5,59;3,04;2,74;2,87;5,27;4,74;5,17;2,68;2,64;2,74;2,66;3,46;3,17;2,88;3,01;2,01;5,02;6,28;5,77;6,32;5,08;5,64;2,60;4,72
3,32;3,10;3,64;4,79;4,64;5,01;0,00;0,00;0,00;4,40;3,28;4,09;6,45;5,83;5,62;2,36;1,94;1,63;5,43;4,74;5,22;1,89;3,15;2,74;2,19;3,32;0,00;0,00;1,93;0,00;4,07;5,79;5,77;5,91;2,70;4,67;0,00;2,60
2,32;3,10;2,10;4,64;4,69;4,54;0,00;0,00;0,00;4,26;3,62;3,50;5,26;5,57;5,36;2,03;2,26;2,38;5,14;5,14;5,40;3,56;2,83;3,10;3,02;3,46;2,07;2,06;1,27;0,00;5,16;6,45;5,69;6,04;5,94;4,27;5,37;5,69
1,58;1,94;0,00;2,53;3,11;2,45;0,00;0,00;0,00;2,27;1,85;1,93;3,65;3,85;3,91;0,00;0,00;0,00;2,75;3,09;3,28;1,89;0,00;0,00;0,00;1,58;0,00;0,00;0,00;0,00;2,87;2,07;2,80;2,73;0,00;0,00;0,00;2,60
4,08;4,17;4,25;3,52;3,53;3,55;0,00;0,00;0,00;3,84;3,62;3,24;2,76;2,85;2,81;0,00;0,00;0,00;2,15;2,08;1,17;2,68;0,00;0,00;0,00;0,00;0,00;0,00;0,00;0,00;0,00;0,00;0,00;0,00;0,00;0,00;0,00;0,00
4,75;4,51;4,68;4,11;4,03;3,44;0,00;0,95;0,00;4,11;4,33;4,00;2,54;3,04;3,18;0,00;0,00;0,00;2,75;3,79;2,86;2,68;0,00;0,00;0,00;0,00;0,00;0,00;0,00;0,00;0,00;0,00;0,00;0,00;0,00;0,00;0,00;0,00
4,69;4,45;4,53;3,64;3,85;3,18;2,41;2,50;2,16;4,02;4,39;4,31;1,96;2,36;3,01;1,02;0,00;1,04;2,15;3,41;1,17;3,19;0,00;0,00;0,00;0,00;0,00;0,00;0,00;0,00;0,00;0,00;0,00;0,00;2,70;0,00;0,00;0,00
4,16;4,32;4,31;3,94;2,95;3,31;0,00;0,00;0,00;4,46;4,45;4,16;2,28;3,37;3,18;0,00;0,00;0,00;3,63;4,27;3,61;3,86;0,00;0,00;0,00;0,00;0,00;0,00;0,00;0,00;0,00;0,00;0,00;0,00;0,00;0,00;0,00;0,00
4,45;4,38;4,58;3,64;3,64;3,55;0,00;0,00;0,00;3,75;3,98;3,92;1,55;2,04;2,01;0,00;0,00;0,00;3,34;3,79;3,09;3,72;0,00;0,00;0,00;0,00;0,00;0,00;0,00;0,00;0,00;0,00;0,00;0,00;0,00;0,00;0,00;0,00
4,32;4,38;4,37;3,94;3,64;3,66;1,44;1,92;1,45;4,18;4,06;4,00;2,28;2,85;3,18;1,02;0,00;0,00;3,34;3,90;2,25;3,99;0,00;0,00;0,00;0,00;0,00;0,00;0,00;0,00;0,00;0,00;0,00;0,00;0,00;0,00;0,00;0,00
4,90;4,78;4,68;4,33;4,03;4,17;2,41;1,92;2,64;4,33;4,33;4,37;3,27;3,37;3,81;1,02;0,00;0,00;3,17;3,90;2,58;2,96;0,00;0,00;0,00;0,00;0,00;0,00;0,00;0,00;0,00;0,00;0,00;0,00;0,00;0,00;0,00;0,00
3,99;3,83;4,25;3,64;3,11;3,31;0,00;0,00;0,00;3,64;3,72;3,62;3,27;3,04;3,18;0,00;0,00;0,00;2,48;3,41;2,58;3,39;0,00;0,00;0,00;0,00;0,00;0,00;0,00;0,00;0,00;0,00;0,00;0,00;0,00;0,00;0,00;0,00
4,45;4,45;4,37;3,84;3,53;3,76;0,00;0,00;0,00;4,26;3,98;3,62;3,41;3,75;3,91;0,00;0,00;0,00;3,76;3,90;4,39;4,41;0,00;0,00;0,00;0,00;0,00;0,00;0,00;0,00;0,00;0,00;0,00;0,00;0,00;0,00;0,00;0,00
4,24;4,32;4,53;3,64;3,53;3,76;0,89;0,95;0,90;3,94;3,52;3,24;2,76;3,04;3,18;0,00;0,00;0,00;2,75;3,41;3,09;4,11;0,00;0,00;0,00;0,00;0,00;0,00;0,00;0,00;0,00;0,00;0,00;0,00;0,00;0,00;0,00;0,00
3,99;3,73;3,82;3,26;3,27;3,18;0,00;0,00;0,00;3,52;3,28;3,09;1,96;2,36;2,33;0,00;0,00;0,00;2,48;2,67;0,00;1,23;0,00;0,00;0,00;0,00;0,00;0,00;0,00;0,00;0,00;0,00;0,00;0,00;0,00;0,00;0,00;0,00
5,80;5,73;5,83;5,63;5,64;5,82;4,49;4,30;4,27;5,52;5,36;5,50;5,11;5,14;5,36;3,85;3,39;3,87;5,09;5,19;4,89;4,94;3,82;3,38;3,54;4,17;0,00;0,00;0,00;0,00;0,00;0,00;0,00;0,00;0,00;0,00;0,00;0,00
4,75;4,63;4,48;4,18;3,53;3,94;0,89;0,95;0,90;4,18;4,20;4,09;3,75;3,85;3,91;1,61;1,54;2,05;3,17;4,09;3,88;4,50;0,91;0,96;0,92;1,00;0,00;0,00;0,00;0,00;0,00;0,00;0,00;0,00;0,00;0,00;0,00;0,00
0,00;0,96;1,40;0,00;0,00;0,00;0,00;0,00;0,90;0,97;0,90;0,96;0,00;0,00;1,00;0,00;0,00;0,00;1,10;1,05;0,00;1,23;0,00;0,00;0,00;0,00;0,00;0,00;0,00;0,00;0,00;0,00;0,00;0,00;0,00;0,00;0,00;0,00
3,99;4,01;3,82;3,94;3,75;4,24;2,15;1,92;3,40;3,84;3,81;3,24;2,28;2,36;2,33;0,00;0,00;0,00;2,97;3,55;0,00;3,56;0,00;0,00;0,00;0,00;0,00;0,00;0,00;0,00;0,00;0,00;0,00;0,00;0,00;0,00;0,00;0,00
4,69;4,51;4,53;4,11;4,03;4,17;0,89;1,52;2,16;4,02;3,62;3,82;3,27;3,51;3,33;1,02;0,96;1,04;3,49;3,55;4,21;3,99;0,91;0,96;0,92;1,00;0,00;0,00;0,00;0,00;0,00;0,00;1,99;0,00;0,00;0,00;0,00;0,00
3,90;3,83;4,31;3,84;3,53;3,76;0,89;0,95;1,85;3,75;3,72;3,62;3,12;3,21;2,81;1,02;0,96;1,04;3,34;3,68;3,75;2,96;0,00;0,96;0,00;0,00;0,00;0,00;0,00;0,00;0,00;0,00;1,99;1,93;0,00;0,00;0,00;0,00
2,80;3,10;2,92;1,95;2,27;1,88;0,00;0,00;1,45;2,27;2,16;1,93;0,97;2,04;2,33;1,02;0,00;0,00;0,00;0,00;1,81;0,00;0,00;0,00;0,92;0,00;0,00;0,00;0,00;0,00;0,00;0,00;0,00;0,00;0,00;0,00;0,00;0,00
0,00;0,00;0,00;0,00;0,00;0,00;0,00;1,52;0,90;1,54;1,46;0,96;0,00;0,00;0,00;0,00;0,00;0,00;0,00;0,00;0,00;0,00;0,00;0,00;0,00;0,00;0,00;0,00;0,00;0,00;0,00;0,00;0,00;0,00;0,00;0,00;0,00;0,00
0,00;1,53;2,57;2,27;2,95;3,18;4,54;4,55;4,89;2,53;3,52;3,82;3,75;3,51;3,47;4,90;5,25;4,77;1,71;2,89;2,25;1,89;5,24;5,05;5,19;4,32;0,00;0,00;0,00;0,00;0,00;0,00;0,00;0,00;0,00;0,00;0,00;0,00
2,58;2,74;2,75;3,40;2,95;3,31;4,43;4,60;4,45;3,75;3,98;4,09;4,03;3,85;4,01;4,56;4,74;4,77;2,75;3,79;2,58;2,68;4,28;4,62;4,54;3,91;0,00;2,53;2,73;1,33;0,00;0,00;0,00;0,00;0,00;0,00;0,00;0,00
3,45;3,39;3,20;2,94;2,95;2,86;2,41;2,24;1,85;2,75;2,83;2,92;4,03;4,30;4,01;3,21;3,26;3,23;2,48;3,09;2,58;2,68;2,43;2,93;3,02;1,58;0,00;0,00;0,00;0,00;0,00;0,00;0,00;0,00;0,00;0,00;0,00;0,00
3,45;3,51;3,73;2,94;3,53;0,92;0,89;0,00;0,00;0,97;2,83;0,96;2,28;2,36;2,01;0,00;0,00;0,00;0,00;0,00;0,00;1,23;0,00;0,00;0,00;0,00;0,00;0,00;0,00;0,00;0,00;0,00;0,00;0,00;0,00;0,00;0,00;0,00
1,00;0,96;1,40;1,54;0,97;0,92;0,89;0,95;1,45;1,54;1,46;1,53;0,97;1,03;1,00;1,02;0,00;1,04;0,00;0,00;0,00;0,00;0,00;0,00;0,00;0,00;0,00;0,00;0,00;0,00;0,00;0,00;0,00;0,00;0,00;0,00;0,00;0,00
1,00;0,96;1,40;0,97;0,00;0,92;0,00;0,00;0,00;0,97;0,90;0,96;0,97;0,00;1,00;0,00;0,00;0,00;1,10;0,00;0,00;1,23;0,91;0,00;0,00;0,00;0,00;0,00;0,00;0,00;0,00;0,00;0,00;0,00;0,00;0,00;0,00;0,00
1,58;0,96;1,40;0,00;0,97;0,00;0,89;0,95;0,90;0,97;0,00;0,00;0,00;0,00;0,00;0,00;0,00;0,00;0,00;0,00;0,00;0,00;0,00;0,00;0,00;0,00;0,00;0,00;0,00;0,00;0,00;0,00;0,00;0,00;0,00;0,00;0,00;0,00
2,80;2,74;3,33;1,95;1,54;2,67;4,11;3,99;4,20;1,54;2,16;2,51;1,96;1,62;2,01;2,62;3,39;2,87;1,10;1,05;1,17;0,00;3,82;4,17;3,75;0,00;0,00;0,00;0,00;0,00;0,00;0,00;0,00;0,00;0,00;0,00;0,00;0,00
2,80;2,74;3,07;2,53;1,95;2,19;2,15;2,50;2,64;3,11;2,83;2,73;1,96;2,04;2,59;1,61;1,94;2,05;2,15;2,89;3,09;3,19;2,43;2,52;2,85;1,58;1,38;2,88;2,38;2,47;0,00;0,00;0,00;0,00;0,00;0,00;0,00;0,00
6,10;6,13;5,08;2,75;3,27;1,48;0,00;0,00;0,00;4,89;3,28;4,37;1,55;0,00;1,00;0,00;0,00;0,00;3,63;2,40;3,09;4,32;0,00;0,00;0,00;0,00;6,13;5,56;6,29;6,66;5,68;5,18;5,07;4,56;0,00;0,00;0,00;0,00
0,00;0,00;0,00;0,00;0,00;0,92;0,89;0,95;0,90;0,00;0,90;0,96;0,00;0,00;0,00;0,00;0,00;0,00;0,00;0,00;0,00;0,00;0,00;1,53;0,92;1,00;0,00;0,00;0,00;0,00;0,00;0,00;0,00;0,00;0,00;0,00;0,00;0,00
1,00;0,00;0,00;0,97;0,97;1,88;1,44;0,00;1,85;0,97;0,90;0,96;1,55;1,62;1,59;0,00;0,00;0,00;0,00;1,65;0,00;0,00;0,00;0,00;0,00;0,00;1,38;0,00;1,27;1,33;0,00;0,00;0,00;0,00;0,00;0,00;0,00;0,00
0,00;0,00;0,00;0,00;0,00;1,48;3,70;3,90;3,14;4,02;4,27;5,04;4,64;4,63;4,65;6,04;5,97;5,77;5,27;5,19;5,22;3,39;5,02;5,13;5,04;5,91;5,71;5,17;5,94;6,02;4,53;2,07;4,79;4,37;0,00;2,83;0,00;0,00
0,00;0,96;1,40;0,00;0,00;0,00;0,00;0,00;0,00;0,00;0,00;0,00;0,00;0,00;0,00;0,00;0,00;0,00;0,00;0,00;0,00;0,00;0,00;0,00;0,00;0,00;2,07;2,53;1,93;2,47;0,00;0,00;0,00;0,00;0,00;0,00;0,00;0,00
0,00;0,00;0,00;0,00;0,00;0,92;3,39;3,23;3,98;0,00;0,90;0,96;0,00;0,00;0,00;3,50;2,74;2,87;0,00;0,00;0,00;1,23;3,63;3,73;3,43;3,58;0,00;0,00;1,27;0,00;0,00;0,00;0,00;0,00;0,00;0,00;0,00;0,00
1,58;1,53;1,79;1,54;0,00;1,48;0,00;0,00;0,00;0,00;0,00;0,00;0,00;0,00;0,00;0,00;0,00;0,00;0,00;0,00;0,00;0,00;0,00;0,00;0,00;0,00;0,00;0,00;0,00;0,00;0,00;0,00;0,00;0,00;0,00;0,00;0,00;0,00
2,32;1,94;1,40;0,97;0,97;2,19;3,13;3,61;3,40;1,54;1,85;1,53;0,97;1,62;1,59;2,62;1,94;2,64;0,00;0,00;0,00;0,00;3,41;3,62;3,54;2,81;3,17;3,40;3,44;3,10;0,00;0,00;0,00;0,00;0,00;0,00;0,00;0,00
1,00;0,96;1,40;0,00;0,00;0,00;0,00;0,00;0,00;0,97;1,46;0,00;0,00;0,00;0,00;0,00;0,00;0,00;0,00;0,00;0,00;0,00;0,00;0,00;0,00;0,00;0,00;0,00;0,00;0,00;0,00;0,00;0,00;0,00;0,00;0,00;0,00;0,00
1,00;1,53;1,40;0,97;0,97;0,92;0,89;1,52;1,45;1,54;1,85;0,00;0,00;0,00;0,00;0,00;0,00;0,00;0,00;0,00;0,00;0,00;0,00;0,00;0,00;0,00;3,41;2,53;2,73;3,34;0,00;0,00;0,00;0,00;0,00;0,00;0,00;0,00
1,58;1,53;1,40;0,97;0,00;0,92;0,00;0,00;0,90;1,54;0,90;0,96;0,00;0,00;0,00;0,00;0,00;0,00;0,00;0,00;0,00;0,00;0,00;0,00;0,00;0,00;1,38;1,37;2,38;2,01;0,00;0,00;0,00;0,00;0,00;0,00;0,00;0,00
3,58;3,51;2,57;0,00;0,00;0,00;0,00;0,00;0,00;0,00;0,00;0,00;0,00;0,00;0,00;0,00;0,00;0,00;0,00;0,00;0,00;0,00;0,00;0,00;0,00;0,00;5,47;5,41;5,43;5,49;4,07;0,00;2,80;2,73;0,00;0,00;0,00;0,00
0,00;0,00;0,00;0,00;0,00;0,00;1,84;1,92;0,90;0,00;0,00;0,00;1,96;1,62;2,59;4,43;3,84;4,53;5,23;5,23;5,60;5,67;0,00;0,00;0,92;2,00;2,89;2,88;2,73;2,82;2,05;0,00;1,99;1,93;0,00;0,00;0,00;0,00
2,99;2,52;2,35;3,11;3,27;3,44;5,04;5,15;4,33;2,75;3,98;4,67;4,53;4,96;4,86;6,33;6,01;6,41;6,74;6,46;6,81;5,38;4,34;4,31;4,42;5,58;6,22;5,78;6,07;5,91;5,49;4,09;4,63;4,87;0,00;0,00;0,00;0,00
0,00;0,00;0,00;0,00;0,00;0,00;0,89;1,52;1,45;0,00;0,00;0,00;0,00;0,00;0,00;2,36;2,52;1,04;3,17;2,67;3,61;2,68;1,46;1,53;1,87;2,00;3,41;3,60;4,04;3,34;0,00;0,00;0,00;0,00;0,00;0,00;0,00;0,00
0,00;0,00;0,00;0,00;0,00;0,00;0,00;0,00;0,00;0,00;0,00;0,00;0,00;0,00;0,00;1,61;0,96;1,63;1,71;1,65;1,81;1,23;0,00;0,00;0,00;1,58;4,82;4,64;4,37;4,75;3,39;0,00;1,99;0,00;0,00;0,00;0,00;0,00
3,16;3,10;2,35;3,74;3,53;3,55;4,54;4,49;4,61;0,00;1,46;3,09;3,53;3,37;3,33;4,21;4,25;4,24;5,14;4,42;5,01;1,23;3,00;3,10;2,85;3,00;3,79;4,08;4,04;4,02;0,00;0,00;0,00;0,00;0,00;0,00;0,00;0,00
0,00;0,00;0,00;0,00;0,00;0,00;3,26;2,24;3,28;0,00;0,00;0,00;0,00;0,00;0,00;0,00;0,00;0,00;0,00;0,00;0,00;0,00;3,41;3,10;3,54;3,17;0,00;0,00;0,00;0,00;0,00;0,00;0,00;0,00;0,00;0,00;0,00;0,00
1,58;1,53;2,35;0,97;0,97;1,88;1,44;1,52;1,45;0,00;0,00;0,00;0,97;1,03;1,00;0,00;0,96;0,00;0,00;0,00;0,00;0,00;0,00;0,00;0,92;0,00;0,00;0,00;0,00;0,00;0,00;0,00;0,00;0,00;0,00;0,00;0,00;0,00
1,00;0,96;0,86;0,00;0,00;0,92;2,15;2,72;2,42;0,00;0,90;1,53;0,00;1,03;1,00;2,84;2,74;2,87;0,00;0,00;0,00;0,00;3,15;2,74;2,85;2,81;1,38;1,37;1,27;1,33;0,00;0,00;0,00;0,00;0,00;0,00;0,00;0,00
1,99;2,26;1,79;0,97;0,97;0,92;0,00;0,00;0,00;1,95;2,16;1,93;0,00;0,00;1,00;0,00;0,00;0,00;1,10;1,05;1,17;0,00;0,00;0,00;0,00;0,00;1,38;1,37;1,27;1,33;0,00;0,00;0,00;0,00;0,00;0,00;0,00;0,00
0,00;0,96;0,86;0,97;0,97;1,48;0,00;0,00;0,90;2,27;2,83;1,93;0,97;1,03;1,00;0,00;0,00;0,00;0,00;1,65;0,00;0,00;0,00;0,00;0,00;0,00;0,00;0,00;0,00;0,00;0,00;0,00;0,00;0,00;0,00;0,00;0,00;0,00
2,80;3,10;3,90;3,11;3,11;2,67;0,00;0,00;0,00;2,75;2,99;2,25;0,00;0,00;0,00;0,00;0,00;0,00;1,10;1,05;0,00;2,34;0,00;0,00;0,00;0,00;0,00;0,00;0,00;0,00;0,00;0,00;0,00;0,00;0,00;0,00;0,00;0,00
4,80;4,92;5,08;5,52;5,22;5,65;4,92;4,95;5,30;6,18;6,20;5,98;5,43;5,69;5,79;4,95;4,51;4,71;5,89;5,98;5,67;6,21;3,99;4,31;4,16;3,00;0,00;0,00;0,00;0,00;0,00;0,00;0,00;0,00;0,00;0,00;0,00;0,00
1,00;0,96;1,40;5,18;4,98;4,89;4,83;4,95;4,76;4,18;3,98;4,50;5,37;5,41;5,36;4,90;4,68;5,02;0,00;1,65;0,00;1,23;5,27;5,17;5,26;5,39;0,00;0,00;0,00;0,00;0,00;0,00;0,00;0,00;0,00;0,00;0,00;0,00
4,45;4,45;4,81;4,11;4,03;4,24;4,18;3,90;4,56;4,79;4,81;4,77;3,85;3,51;4,18;1,61;1,54;2,05;3,34;3,55;3,09;3,19;0,91;1,94;1,87;0,00;0,00;0,00;0,00;0,00;0,00;0,00;0,00;0,00;0,00;0,00;0,00;0,00
1,58;1,94;2,10;0,00;0,00;0,92;1,44;1,52;1,45;0,00;0,00;1,53;0,00;0,00;0,00;2,62;2,74;2,38;0,00;0,00;0,00;0,00;3,41;3,25;3,30;3,58;0,00;0,00;0,00;0,00;0,00;0,00;0,00;0,00;0,00;0,00;0,00;0,00
2,32;2,52;3,20;3,52;3,64;3,66;4,43;4,36;4,81;1,95;1,46;1,53;0,97;0,00;1,59;2,36;2,26;2,05;0,00;0,00;0,00;0,00;0,00;0,00;0,92;0,00;0,00;0,00;0,00;0,00;0,00;0,00;0,00;0,00;0,00;0,00;0,00;0,00
1,00;0,96;0,00;2,53;3,27;3,18;2,15;2,50;2,16;2,94;2,99;2,73;3,65;3,63;3,71;3,36;2,94;3,52;1,71;2,40;1,17;2,96;3,91;3,62;3,93;3,00;0,00;0,00;0,00;0,00;0,00;0,00;0,00;0,00;0,00;0,00;0,00;0,00
4,64;4,92;4,25;6,16;6,17;5,86;7,13;7,17;6,59;5,22;5,02;5,44;5,56;5,80;5,71;6,19;6,10;6,14;4,43;4,80;4,89;4,58;5,77;6,07;6,15;6,51;2,07;1,37;2,38;2,01;4,88;4,09;5,92;5,91;6,18;5,64;6,52;5,83
1,00;1,53;2,10;1,54;0,97;1,48;0,00;0,95;0,90;1,54;1,46;1,53;0,97;1,03;1,00;1,02;0,00;0,00;1,71;1,65;1,81;1,89;0,00;0,00;0,00;0,00;3,17;3,16;3,44;3,34;2,87;2,89;2,80;2,73;0,00;0,00;0,00;0,00
0,00;0,00;0,00;0,00;0,00;0,00;0,00;0,00;0,00;0,00;0,00;0,00;0,00;0,00;0,00;0,00;0,00;0,00;0,00;0,00;0,00;0,00;0,00;0,00;0,00;0,00;0,00;0,00;0,00;0,00;0,00;0,00;0,00;0,00;0,00;0,00;0,00;0,00
2,58;2,93;1,79;1,54;0,97;1,88;2,15;2,50;2,16;1,54;1,85;1,53;0,00;0,00;0,00;1,61;1,54;1,63;0,00;1,05;0,00;1,89;0,00;2,52;1,47;0,00;3,41;3,60;3,44;3,34;2,87;0,00;1,99;1,93;0,00;0,00;0,00;0,00
1,58;1,94;0,86;0,00;0,00;0,00;0,00;0,00;0,00;0,00;0,00;0,00;0,00;0,00;0,00;0,00;0,00;0,00;0,00;0,00;0,00;0,00;0,00;0,00;0,00;0,00;2,89;2,88;2,73;2,82;2,05;0,00;0,00;0,00;0,00;0,00;0,00;0,00
3,16;3,39;2,92;3,11;3,27;2,86;0,89;0,95;0,90;1,95;2,42;1,93;0,00;0,00;0,00;0,00;0,00;0,00;1,71;0,00;0,00;2,34;0,00;0,00;0,00;0,00;3,17;3,40;3,24;2,82;0,00;0,00;0,00;0,00;0,00;0,00;0,00;0,00
3,80;3,83;3,54;2,27;2,53;2,19;2,15;2,50;2,83;3,40;3,40;2,73;1,96;2,36;2,33;2,36;1,94;2,05;1,71;2,40;2,25;2,96;1,46;1,94;1,87;0,00;4,90;4,54;4,47;4,97;4,07;2,07;3,99;1,93;2,70;0,00;0,00;0,00
2,80;1,94;2,10;1,54;1,54;0,92;0,00;0,00;0,90;1,95;0,90;0,96;0,97;0,00;1,00;1,61;0,00;1,04;0,00;0,00;0,00;0,00;0,00;0,00;0,00;0,00;2,89;2,88;3,01;2,82;2,05;0,00;0,00;0,00;0,00;0,00;0,00;0,00
1,99;2,26;0,00;0,00;0,00;0,00;0,00;0,00;0,00;0,00;0,00;0,00;0,00;0,00;0,00;0,00;0,00;0,00;0,00;0,00;0,00;0,00;0,00;0,00;0,00;0,00;3,17;2,88;3,44;3,10;2,05;0,00;0,00;0,00;0,00;0,00;0,00;0,00
1,58;0,96;1,40;0,00;0,00;0,00;0,00;0,00;0,00;0,97;0,00;0,00;0,00;0,00;0,00;0,00;0,00;0,00;0,00;0,00;0,00;0,00;0,00;0,00;0,00;0,00;1,38;2,06;2,38;0,00;0,00;0,00;0,00;0,00;0,00;0,00;0,00;0,00
2,58;1,94;0,86;0,00;0,00;0,00;0,00;0,00;0,00;0,97;0,00;0,00;0,00;0,00;0,00;0,00;0,00;0,00;0,00;0,00;0,00;0,00;0,00;0,00;0,00;0,00;3,17;3,16;3,62;3,54;2,05;0,00;0,00;0,00;0,00;0,00;0,00;0,00
0,00;0,00;0,00;0,00;0,00;0,00;0,00;0,00;0,00;0,00;0,00;0,00;0,00;0,00;0,00;0,00;0,00;0,00;0,00;0,00;0,00;0,00;0,00;0,00;0,00;0,00;0,00;0,00;0,00;0,00;0,00;0,00;0,00;0,00;0,00;0,00;0,00;0,00
1,58;1,53;1,40;0,00;0,00;0,92;0,00;0,00;0,00;0,97;0,90;0,00;0,00;0,00;0,00;0,00;0,00;0,00;0,00;0,00;0,00;0,00;0,00;0,00;0,00;0,00;2,07;2,88;2,38;2,82;0,00;0,00;0,00;0,00;0,00;0,00;0,00;0,00
2,99;2,74;3,20;0,00;0,97;1,88;0,89;0,95;2,42;3,11;3,14;2,92;0,97;1,03;1,00;0,00;0,00;0,00;1,10;1,65;2,58;2,68;0,00;0,96;1,47;0,00;3,61;3,78;3,77;4,15;3,39;0,00;2,80;1,93;0,00;0,00;0,00;0,00
3,32;2,93;2,57;0,97;0,00;0,00;0,00;0,00;0,00;1,95;0,90;1,53;0,00;0,00;0,00;0,00;0,00;0,00;0,00;1,05;1,17;1,89;0,00;0,00;0,00;0,00;4,22;4,08;4,37;3,88;3,77;0,00;2,80;2,73;0,00;0,00;0,00;0,00
1,99;0,96;0,86;0,00;0,00;0,00;0,00;0,00;0,00;0,97;0,00;0,00;0,00;0,00;0,00;0,00;0,00;0,00;0,00;0,00;0,00;0,00;0,00;0,00;0,00;0,00;2,89;2,53;3,01;3,10;2,87;0,00;0,00;0,00;0,00;0,00;0,00;0,00
1,00;0,96;0,00;0,00;0,00;0,00;0,00;0,00;0,00;0,00;0,00;0,00;0,00;0,00;0,00;0,00;0,00;0,00;0,00;0,00;0,00;0,00;0,00;0,00;0,00;0,00;2,89;2,53;2,73;2,82;2,05;0,00;0,00;0,00;0,00;0,00;0,00;0,00
3,90;4,10;3,20;0,00;0,97;0,00;0,00;0,00;0,00;2,53;0,90;2,25;0,00;0,00;0,00;0,00;0,00;0,00;0,00;0,00;0,00;0,00;0,00;0,00;0,00;0,00;4,65;4,73;4,72;4,38;4,53;2,07;2,80;3,24;0,00;0,00;0,00;0,00
1,99;2,26;2,10;0,00;0,97;0,00;0,00;0,00;0,90;0,00;0,90;0,96;0,00;0,00;0,00;1,02;0,96;1,04;0,00;0,00;0,00;0,00;0,00;0,00;0,92;0,00;2,07;2,53;2,73;1,33;0,00;0,00;0,00;0,00;0,00;0,00;0,00;0,00
3,99;4,01;3,82;3,74;3,11;3,55;2,15;2,24;3,52;3,26;2,99;3,09;0,97;1,62;1,00;0,00;0,00;1,04;1,10;1,05;0,00;2,34;0,00;0,00;0,00;0,00;5,05;4,81;4,93;5,11;5,59;3,79;5,31;4,87;0,00;0,00;0,00;0,00
2,32;2,52;1,79;0,00;0,00;0,00;0,00;0,00;0,00;1,54;0,90;0,96;0,00;0,00;0,00;0,00;0,00;0,00;0,00;0,00;0,00;0,00;0,00;0,00;0,00;0,00;3,17;3,16;3,01;3,10;2,05;0,00;0,00;0,00;0,00;0,00;0,00;0,00
1,00;0,96;1,40;0,00;0,00;0,00;0,00;0,00;0,00;0,97;0,90;0,96;0,00;0,00;0,00;0,00;0,00;0,00;0,00;0,00;0,00;0,00;0,00;0,00;0,00;0,00;2,07;1,37;1,93;1,33;2,87;0,00;1,99;1,93;0,00;0,00;0,00;0,00
1,00;0,00;0,00;3,26;2,53;3,03;2,15;2,50;1,45;2,75;3,52;2,51;0,97;1,03;1,59;0,00;0,00;0,00;1,10;1,65;1,17;1,23;0,00;0,00;0,00;0,00;0,00;0,00;0,00;0,00;0,00;0,00;0,00;0,00;0,00;0,00;0,00;0,00
4,08;4,10;3,33;2,27;2,27;2,19;2,62;2,50;2,99;2,94;2,64;2,73;2,54;2,63;2,59;2,62;2,94;3,06;1,71;2,08;2,86;3,39;2,43;2,93;3,17;0,00;4,82;4,97;5,00;4,90;4,71;4,34;4,23;4,16;0,00;0,00;0,00;0,00
0,00;0,00;0,00;0,00;0,00;0,00;0,00;0,00;0,00;0,00;0,00;0,00;0,00;0,00;0,00;0,00;0,00;0,00;0,00;0,00;0,00;0,00;0,00;0,00;0,00;0,00;0,00;0,00;0,00;0,00;0,00;0,00;0,00;0,00;0,00;0,00;0,00;0,00
5,52;5,51;6,13;4,74;4,58;4,37;3,70;3,90;3,81;4,98;4,71;4,50;3,53;3,85;4,01;3,21;2,74;2,87;4,50;4,68;4,47;5,12;2,17;2,74;1,87;0,00;0,00;0,00;0,00;0,00;0,00;0,00;0,00;0,00;3,58;4,67;5,19;5,19
0,00;0,00;0,00;0,00;0,00;0,00;0,00;1,52;0,90;0,00;0,00;0,00;0,00;0,00;0,00;0,00;0,00;0,00;0,00;0,00;0,00;0,00;1,86;2,26;1,87;0,00;0,00;0,00;0,00;0,00;0,00;0,00;0,00;0,00;0,00;0,00;0,00;0,00
2,58;2,74;3,33;2,53;1,95;2,19;0,00;0,00;0,00;0,00;0,90;0,00;0,00;1,62;1,59;0,00;0,00;0,00;1,10;1,05;1,17;2,34;0,00;0,00;0,00;0,00;0,00;0,00;0,00;0,00;0,00;0,00;0,00;0,00;0,00;0,00;0,00;0,00
1,58;1,53;2,75;1,54;1,54;2,45;1,84;1,92;2,64;0,97;0,00;0,00;0,00;0,00;0,00;0,00;0,00;0,00;0,00;0,00;0,00;0,00;0,00;0,00;0,00;0,00;0,00;0,00;0,00;0,00;0,00;0,00;0,00;0,00;0,00;0,00;0,00;0,00
3,16;3,39;2,75;0,97;0,97;0,00;0,00;0,00;0,00;2,27;1,46;2,25;0,00;0,00;0,00;0,00;0,00;0,00;1,10;1,05;1,17;2,68;0,00;0,00;0,00;0,00;5,18;4,73;4,93;5,28;4,07;2,89;3,31;3,62;0,00;0,00;0,00;0,00
1,99;2,74;0,86;0,00;0,00;0,00;0,00;0,00;0,00;0,00;0,00;0,00;0,00;0,00;0,00;0,00;0,00;0,00;0,00;0,00;0,00;0,00;0,00;0,00;0,00;0,00;3,41;3,40;3,77;3,72;2,87;0,00;1,99;0,00;0,00;0,00;0,00;0,00
4,16;4,25;4,68;3,94;3,85;3,94;3,61;3,37;3,28;4,26;4,39;4,37;3,94;4,13;3,91;3,21;2,26;2,64;4,64;4,56;4,77;4,32;2,64;2,52;2,85;1,58;3,41;3,40;3,24;3,72;0,00;0,00;2,80;0,00;2,70;0,00;2,60;0,00
1,00;1,53;1,79;1,54;0,97;0,92;1,44;0,95;1,45;1,95;2,16;1,53;0,97;1,62;1,59;1,02;0,96;1,63;1,10;1,05;0,00;0,00;0,00;0,00;0,00;0,00;0,00;0,00;0,00;1,33;0,00;0,00;0,00;0,00;0,00;0,00;0,00;0,00
1,58;1,53;2,35;3,11;3,64;3,18;3,39;3,37;2,83;2,94;2,64;2,51;0,00;0,00;1,00;0,00;0,00;0,00;0,00;0,00;0,00;0,00;0,00;0,00;0,00;0,00;0,00;0,00;0,00;0,00;0,00;0,00;0,00;0,00;0,00;0,00;0,00;0,00
1,58;1,94;1,40;0,00;0,00;0,00;0,00;0,00;0,00;0,00;0,00;0,00;0,00;0,00;0,00;0,00;0,00;0,00;0,00;0,00;0,00;0,00;0,00;0,00;0,00;0,00;3,17;2,88;2,38;3,10;2,05;0,00;1,99;0,00;0,00;0,00;0,00;0,00
3,80;3,93;3,07;1,54;0,97;0,92;0,00;0,00;0,00;1,54;0,90;0,96;0,00;0,00;0,00;0,00;0,00;0,00;1,71;0,00;1,17;0,00;0,00;0,00;0,00;0,00;4,98;5,04;4,79;4,83;3,77;2,07;3,31;2,73;0,00;0,00;0,00;0,00
0,00;0,00;0,00;0,97;0,97;0,00;2,15;2,24;2,16;0,97;1,46;0,96;0,97;1,03;1,00;0,00;0,96;1,04;0,00;0,00;0,00;0,00;0,00;0,00;0,00;0,00;0,00;0,00;0,00;0,00;0,00;0,00;0,00;0,00;0,00;0,00;0,00;0,00
1,58;1,94;0,00;0,00;0,00;0,00;0,00;0,00;0,00;0,00;0,00;0,00;0,00;0,00;0,00;0,00;0,00;0,00;0,00;0,00;0,00;0,00;0,00;0,00;0,00;0,00;3,41;3,16;3,91;3,34;2,05;0,00;0,00;0,00;0,00;0,00;0,00;0,00
3,99;3,93;3,07;0,00;0,00;0,00;0,00;0,00;0,00;1,95;0,00;1,53;0,00;0,00;0,00;0,00;0,00;0,00;0,00;0,00;0,00;1,23;0,00;0,00;0,00;0,00;5,42;5,11;5,18;5,34;4,71;3,40;4,45;4,37;0,00;0,00;0,00;0,00
1,58;1,94;0,86;0,00;0,00;0,00;0,00;0,00;0,00;0,00;0,00;0,00;0,00;0,00;0,00;0,00;0,00;0,00;0,00;0,00;0,00;0,00;0,00;0,00;0,00;0,00;2,54;2,53;2,38;2,47;3,39;0,00;0,00;0,00;0,00;0,00;0,00;0,00
4,32;4,38;4,85;4,84;4,98;4,75;3,80;3,99;3,98;4,89;5,02;4,82;3,75;4,05;4,33;2,03;1,94;2,05;3,34;4,27;3,46;4,11;0,91;2,52;2,19;0,00;0,00;0,00;0,00;0,00;0,00;0,00;0,00;0,00;0,00;0,00;0,00;0,00
2,99;2,93;0,86;0,00;0,00;0,00;0,00;0,00;0,00;0,00;0,00;0,00;0,97;0,00;0,00;0,00;0,00;0,00;0,00;0,00;0,00;0,00;0,00;0,00;0,00;0,00;0,00;1,37;1,27;0,00;0,00;0,00;0,00;0,00;0,00;0,00;0,00;0,00
3,99;3,83;4,05;3,74;3,75;3,85;3,88;4,07;4,06;3,40;3,52;3,24;2,54;2,63;2,59;2,84;2,74;2,64;1,10;1,65;1,17;1,23;2,64;2,74;2,85;2,58;0,00;0,00;0,00;0,00;0,00;0,00;0,00;0,00;0,00;0,00;0,00;0,00
0,00;0,00;0,00;0,00;0,00;0,00;0,00;0,00;0,00;0,00;0,00;0,00;0,00;0,00;0,00;1,02;1,54;1,63;0,00;0,00;0,00;0,00;1,46;1,53;1,47;1,00;0,00;0,00;0,00;0,00;0,00;0,00;0,00;0,00;0,00;0,00;0,00;0,00
0,00;0,00;0,00;0,00;0,97;0,92;1,84;1,52;1,85;0,00;0,00;0,00;0,00;0,00;0,00;1,02;0,96;1,04;0,00;0,00;0,00;0,00;1,86;0,96;1,47;1,58;0,00;0,00;0,00;0,00;0,00;0,00;0,00;0,00;0,00;0,00;0,00;0,00
1,00;0,96;0,86;0,97;0,97;0,92;1,44;0,95;1,85;0,00;0,90;0,00;0,00;0,00;0,00;0,00;0,00;0,00;1,10;0,00;1,17;0,00;0,00;0,00;0,00;0,00;0,00;0,00;0,00;0,00;0,00;0,00;0,00;0,00;0,00;0,00;0,00;0,00
2,80;2,74;3,44;2,94;2,75;2,86;1,84;2,24;2,16;0,00;0,90;0,00;0,00;0,00;0,00;0,00;0,00;0,00;0,00;0,00;0,00;0,00;0,00;0,00;0,00;0,00;0,00;0,00;0,00;0,00;0,00;0,00;0,00;0,00;0,00;0,00;0,00;0,00
4,32;4,32;4,37;4,39;4,26;4,24;4,18;4,15;4,45;3,11;2,99;2,92;3,27;3,63;3,71;3,04;2,74;3,52;1,71;2,67;3,61;2,96;3,00;3,38;3,54;3,70;0,00;0,00;0,00;0,00;0,00;0,00;2,80;2,73;4,52;4,98;6,06;5,69
0,00;0,00;0,00;0,00;0,00;0,00;1,84;2,91;3,62;0,00;1,46;2,92;0,00;0,00;0,00;1,61;1,94;2,87;0,00;0,00;0,00;0,00;0,00;0,00;0,00;0,00;0,00;0,00;0,00;0,00;0,00;0,00;0,00;0,00;0,00;0,00;0,00;0,00
3,90;3,63;3,98;2,53;2,53;3,03;0,89;0,95;0,90;2,53;3,14;1,93;0,00;0,00;0,00;0,00;0,00;0,00;0,00;0,00;0,00;0,00;0,00;0,00;0,00;0,00;0,00;0,00;0,00;0,00;0,00;0,00;0,00;0,00;0,00;0,00;0,00;0,00
0,00;0,00;0,86;0,00;1,54;1,48;0,00;0,95;0,90;0,97;0,90;0,96;0,00;1,03;1,00;0,00;0,00;0,00;0,00;0,00;0,00;0,00;0,00;0,00;0,00;0,00;0,00;0,00;0,00;0,00;0,00;0,00;0,00;0,00;0,00;0,00;0,00;0,00
0,00;0,00;0,00;0,00;0,00;0,00;2,62;2,24;1,85;0,00;0,90;0,96;0,97;0,00;0,00;2,84;2,74;2,87;0,00;0,00;0,00;0,00;2,43;2,26;2,66;2,81;0,00;0,00;0,00;0,00;0,00;0,00;0,00;0,00;0,00;0,00;0,00;0,00
1,00;0,00;1,40;0,00;0,00;0,00;0,00;0,00;0,00;0,00;0,00;0,00;0,00;1,03;0,00;0,00;0,00;0,00;0,00;0,00;0,00;0,00;0,00;0,00;0,00;0,00;0,00;0,00;0,00;0,00;0,00;0,00;0,00;0,00;0,00;0,00;0,00;0,00
1,58;1,53;2,10;0,00;0,00;0,00;0,00;0,00;0,00;0,00;0,00;0,00;0,00;0,00;0,00;0,00;0,00;0,00;0,00;0,00;0,00;0,00;0,00;0,00;0,00;0,00;0,00;0,00;0,00;0,00;0,00;0,00;0,00;0,00;0,00;0,00;0,00;0,00
1,58;1,94;0,00;0,00;0,00;0,00;0,00;0,00;0,00;0,00;0,00;0,00;0,00;0,00;0,00;0,00;0,00;0,00;0,00;0,00;0,00;0,00;0,00;0,00;0,00;0,00;3,95;3,60;4,04;3,54;0,00;0,00;0,00;0,00;0,00;0,00;0,00;0,00
1,58;0,96;0,00;0,00;0,00;0,00;0,00;0,00;0,00;0,97;0,00;0,00;0,00;0,00;0,00;0,00;0,00;0,00;0,00;0,00;0,00;0,00;0,00;0,00;0,00;0,00;1,38;1,37;1,93;0,00;0,00;0,00;0,00;0,00;0,00;0,00;0,00;0,00
4,45;4,17;4,12;2,94;2,95;2,45;2,41;2,50;2,99;4,18;3,98;3,92;3,27;3,04;3,01;3,21;3,10;3,06;3,34;3,41;2,86;4,11;1,86;2,93;2,44;0,00;5,99;5,74;5,80;6,12;5,02;4,73;4,63;4,56;0,00;0,00;0,00;0,00
1,00;0,96;0,86;0,00;0,00;0,00;0,00;0,00;0,00;1,95;0,00;1,53;0,00;0,00;0,00;0,00;0,00;0,00;0,00;0,00;0,00;0,00;0,00;0,00;0,00;0,00;3,41;3,40;3,77;3,88;4,31;2,07;3,31;1,93;0,00;0,00;0,00;0,00
0,00;1,53;0,86;0,00;0,00;0,00;0,00;0,00;0,90;1,54;1,46;1,93;1,96;1,03;1,00;0,00;0,00;0,00;0,00;1,05;0,00;0,00;0,00;0,00;0,00;0,00;2,07;2,53;2,38;2,82;0,00;0,00;0,00;0,00;0,00;0,00;0,00;0,00
1,58;2,52;0,00;0,00;0,00;0,00;0,00;0,00;0,00;0,00;0,00;0,00;0,00;0,00;0,00;0,00;0,00;0,00;0,00;0,00;0,00;0,00;0,00;0,00;0,00;0,00;2,89;3,16;3,77;2,82;0,00;0,00;0,00;0,00;0,00;0,00;0,00;0,00
2,58;2,93;2,35;0,00;0,00;0,00;0,00;0,00;0,00;1,54;1,46;0,96;0,00;0,00;0,00;0,00;0,00;0,00;0,00;0,00;0,00;0,00;0,00;0,00;0,00;0,00;4,34;4,33;4,47;4,27;3,39;0,00;0,00;0,00;0,00;0,00;0,00;0,00
0,00;0,00;0,00;0,00;0,00;0,00;1,44;1,52;0,90;0,00;0,00;0,00;0,00;0,00;0,00;0,00;0,00;0,00;0,00;0,00;0,00;0,00;0,00;0,96;0,00;0,00;0,00;0,00;0,00;0,00;0,00;0,00;0,00;0,00;0,00;0,00;0,00;0,00
0,00;0,00;0,00;0,97;0,97;1,48;2,62;2,91;2,64;0,00;0,00;0,00;0,00;0,00;0,00;0,00;0,00;0,00;0,00;0,00;0,00;0,00;0,00;0,00;0,00;0,00;0,00;0,00;0,00;0,00;0,00;0,00;0,00;0,00;0,00;0,00;0,00;0,00
0,00;0,00;0,00;0,00;0,00;0,92;3,13;3,71;3,81;0,00;0,00;1,93;0,00;0,00;0,00;3,21;2,74;3,06;0,00;0,00;0,00;0,00;3,52;3,62;3,43;3,91;0,00;0,00;0,00;0,00;0,00;0,00;1,99;2,73;0,00;2,83;2,60;0,00
3,90;3,51;3,44;0,00;0,00;0,00;0,00;0,00;0,00;4,64;5,13;4,09;0,00;0,00;0,00;0,00;0,00;0,00;1,10;1,65;2,25;2,96;0,00;0,00;0,00;0,00;0,00;0,00;0,00;0,00;0,00;0,00;0,00;0,00;0,00;0,00;0,00;0,00
4,69;4,88;5,04;4,74;5,03;5,16;5,04;5,22;5,23;4,89;4,98;4,91;5,03;5,00;5,14;5,36;5,35;5,35;4,09;4,56;4,55;5,06;5,51;5,47;5,48;4,52;2,07;2,53;1,93;3,10;0,00;0,00;0,00;0,00;0,00;0,00;0,00;0,00
1,99;1,94;0,86;0,00;0,00;0,00;0,00;0,00;0,00;0,00;0,00;0,00;0,00;0,00;0,00;0,00;0,00;0,00;0,00;0,00;0,00;0,00;0,91;0,00;0,00;1,58;3,17;3,78;3,44;3,72;2,05;2,07;3,31;2,73;0,00;0,00;0,00;0,00
2,99;3,51;3,20;3,52;3,75;4,09;3,61;3,81;3,81;3,40;3,14;2,92;1,55;1,03;2,01;0,00;0,00;0,00;0,00;1,65;0,00;2,34;0,00;0,00;0,00;0,00;0,00;0,00;0,00;0,00;0,00;0,00;0,00;0,00;0,00;0,00;0,00;0,00
1,00;1,53;2,10;2,27;2,27;2,86;2,81;2,72;2,64;1,54;1,46;0,96;0,00;1,03;1,00;0,00;0,96;0,00;0,00;1,05;0,00;0,00;0,00;0,00;0,00;0,00;0,00;0,00;0,00;0,00;0,00;0,00;0,00;0,00;0,00;0,00;0,00;0,00
1,00;0,00;1,40;1,54;2,27;1,48;1,44;2,50;2,16;0,00;0,90;0,96;0,00;0,00;0,00;0,00;0,00;0,00;0,00;0,00;0,00;0,00;0,00;0,00;0,00;0,00;0,00;0,00;0,00;0,00;0,00;0,00;0,00;0,00;0,00;0,00;0,00;0,00
0,00;0,00;0,86;0,00;0,00;0,00;0,00;0,00;1,45;0,00;0,00;0,00;0,00;0,00;0,00;1,02;0,00;0,00;0,00;0,00;0,00;0,00;0,91;1,53;0,92;1,00;0,00;0,00;0,00;0,00;0,00;0,00;0,00;0,00;0,00;0,00;0,00;0,00
1,99;1,94;1,79;4,18;4,19;4,37;3,80;4,07;3,98;3,52;3,72;3,38;4,19;4,22;4,25;4,04;3,84;4,39;2,75;3,26;3,61;4,22;4,40;4,38;4,54;4,81;0,00;0,00;0,00;0,00;0,00;0,00;0,00;0,00;0,00;0,00;0,00;0,00
3,58;4,10;3,73;1,95;1,54;1,48;0,00;0,00;0,00;4,02;3,62;3,24;0,97;1,62;1,59;0,00;0,00;0,00;2,15;2,89;3,09;3,72;0,00;0,00;0,00;0,00;0,00;0,00;0,00;0,00;0,00;0,00;2,80;0,00;4,13;4,67;5,82;4,41
3,90;3,83;4,37;3,40;3,27;3,31;4,04;3,99;4,13;4,18;3,40;3,72;3,12;2,85;3,01;2,84;2,74;2,38;2,97;3,09;3,09;2,96;1,86;2,52;1,87;0,00;0,00;0,00;0,00;0,00;0,00;0,00;0,00;0,00;0,00;0,00;0,00;0,00
3,16;3,10;3,44;1,95;2,27;2,19;0,89;0,95;1,45;2,75;2,64;2,51;2,76;2,85;2,59;2,03;1,94;2,05;2,15;2,08;2,86;3,19;2,17;1,94;1,87;2,00;0,00;0,00;0,00;0,00;0,00;0,00;0,00;0,00;3,58;3,72;4,02;2,60
3,45;3,25;3,33;3,40;3,53;3,31;3,39;3,08;2,64;3,64;3,81;3,82;3,65;3,75;3,71;3,50;3,10;3,23;4,18;4,00;3,61;3,99;0,00;0,96;0,00;0,00;0,00;0,00;0,00;0,00;0,00;0,00;0,00;0,00;0,00;0,00;0,00;0,00
2,80;2,52;2,92;1,54;0,97;0,92;0,00;0,00;0,00;3,52;3,28;3,24;0,00;0,00;0,00;0,00;0,00;0,00;2,15;2,08;2,25;2,68;0,00;0,00;0,00;0,00;0,00;0,00;0,00;0,00;0,00;0,00;0,00;0,00;0,00;0,00;0,00;0,00
2,58;2,52;2,35;0,00;0,00;0,00;0,00;0,00;0,00;2,94;3,14;2,51;0,00;0,00;0,00;0,00;0,00;0,00;1,10;1,65;0,00;1,23;0,00;0,00;0,00;0,00;0,00;0,00;0,00;0,00;0,00;0,00;0,00;0,00;3,58;4,67;5,37;4,72
2,99;2,74;2,75;1,54;0,97;0,92;0,00;0,00;0,00;3,11;3,40;3,09;0,00;0,00;0,00;0,00;0,00;0,00;1,71;2,40;2,58;2,68;0,00;0,00;0,00;0,00;0,00;0,00;0,00;0,00;0,00;0,00;2,80;2,73;5,08;5,64;5,69;5,38
3,45;3,10;3,33;0,97;0,97;0,00;0,00;0,00;0,00;3,64;3,72;3,62;0,97;1,03;1,00;0,00;0,00;0,00;1,10;2,67;2,86;2,68;0,00;0,00;0,00;0,00;0,00;0,00;0,00;0,00;0,00;0,00;1,99;0,00;0,00;0,00;2,60;2,60
3,16;2,93;3,33;1,95;2,27;1,88;1,44;1,52;0,90;3,84;4,20;3,62;0,97;1,03;2,01;0,00;0,00;0,00;2,15;2,40;2,58;1,89;0,00;0,00;0,00;0,00;0,00;0,00;0,00;0,00;0,00;0,00;0,00;0,00;0,00;0,00;2,60;0,00
3,16;2,52;2,75;1,95;2,27;0,92;0,00;0,00;0,00;3,11;3,52;3,38;0,00;0,00;1,00;0,00;0,00;0,00;2,15;2,40;2,58;3,39;0,00;0,00;0,00;0,00;0,00;0,00;0,00;0,00;0,00;2,89;3,99;3,62;5,08;6,22;5,37;5,38
3,45;3,25;3,20;0,97;0,97;0,92;0,00;0,00;0,00;3,52;3,28;2,92;0,00;0,00;0,00;0,00;0,00;0,00;0,00;1,65;1,81;2,34;0,00;0,00;0,00;0,00;0,00;0,00;0,00;0,00;0,00;0,00;1,99;1,93;4,83;4,67;5,37;4,97
1,99;1,53;1,79;1,54;1,95;1,48;1,44;0,95;0,90;3,11;2,64;2,51;0,00;1,03;1,00;0,00;0,00;0,00;1,71;2,40;1,81;2,68;0,00;0,00;0,00;0,00;0,00;0,00;0,00;0,00;0,00;0,00;0,00;0,00;0,00;0,00;2,60;0,00
2,32;1,53;2,75;1,54;1,54;1,48;0,89;0,95;0,90;2,94;2,64;2,92;0,00;0,00;0,00;0,00;0,00;0,00;1,10;1,05;2,25;2,34;0,00;0,00;0,00;0,00;0,00;0,00;0,00;0,00;0,00;0,00;0,00;0,00;0,00;0,00;2,60;2,60
2,58;2,52;2,75;2,53;2,53;2,45;2,62;2,24;2,42;3,40;2,83;3,09;2,54;2,63;2,59;2,84;1,94;2,05;2,97;3,09;3,28;3,39;1,46;1,53;1,47;0,00;0,00;0,00;0,00;0,00;0,00;0,00;1,99;0,00;3,58;4,27;3,47;3,48
2,32;2,52;2,75;1,54;1,54;1,48;0,00;0,00;0,00;3,75;3,40;3,09;1,55;1,62;1,59;0,00;0,00;0,00;1,71;2,08;2,25;1,89;0,00;0,00;0,00;0,00;0,00;0,00;0,00;0,00;0,00;0,00;0,00;0,00;0,00;0,00;0,00;0,00
0,00;0,00;0,00;0,00;0,00;1,48;0,89;1,52;1,45;3,52;3,62;2,92;0,97;0,00;1,00;0,00;0,00;0,00;0,00;1,65;1,17;0,00;0,91;0,00;0,00;0,00;0,00;0,00;0,00;0,00;0,00;0,00;0,00;0,00;0,00;0,00;0,00;0,00
2,32;1,94;1,79;0,00;1,54;0,92;0,00;0,00;0,00;2,75;2,99;2,92;0,00;0,00;0,00;0,00;0,00;0,00;2,15;2,40;2,25;2,34;0,00;0,00;0,92;0,00;0,00;0,00;1,27;0,00;0,00;2,07;3,69;3,24;3,58;4,98;4,41;4,41
1,58;0,00;1,40;0,00;0,00;0,00;0,00;0,00;0,00;1,95;1,85;1,53;0,00;0,00;0,00;0,00;0,00;0,00;0,00;1,65;1,81;0,00;0,00;0,00;0,00;0,00;0,00;0,00;0,00;0,00;0,00;0,00;0,00;0,00;4,13;4,98;5,19;4,41
2,58;2,74;2,75;0,97;0,00;0,00;0,00;0,00;0,00;3,26;3,14;3,24;0,97;0,00;1,00;0,00;0,00;0,00;1,10;1,05;2,25;2,34;0,00;0,00;0,00;0,00;0,00;0,00;0,00;0,00;0,00;0,00;3,31;1,93;4,83;5,45;5,37;4,72
2,32;2,52;2,35;0,97;1,54;1,48;0,00;0,00;0,00;2,75;2,42;2,73;0,00;0,00;0,00;0,00;0,00;0,00;1,71;2,08;1,81;2,34;0,00;0,00;0,00;0,00;0,00;0,00;0,00;0,00;0,00;0,00;1,99;0,00;2,70;4,27;4,41;3,48
1,99;1,94;2,35;0,97;0,97;0,00;0,00;0,00;0,00;2,27;2,64;1,93;0,00;0,00;0,00;0,00;0,00;0,00;0,00;1,05;1,81;2,34;0,00;0,00;0,00;0,00;0,00;0,00;0,00;0,00;0,00;0,00;0,00;0,00;0,00;0,00;0,00;0,00
1,00;0,96;0,86;0,97;0,97;1,48;0,89;0,95;0,90;2,27;1,85;2,25;0,00;0,00;0,00;0,00;0,00;0,00;1,10;1,05;0,00;0,00;0,00;0,00;0,00;0,00;0,00;0,00;0,00;0,00;0,00;0,00;0,00;0,00;0,00;0,00;0,00;0,00
3,90;3,39;4,19;1,95;1,95;1,48;0,00;0,95;0,00;5,18;5,20;4,50;0,97;1,03;1,00;0,00;0,00;0,00;2,15;2,89;3,46;3,19;0,00;0,00;0,00;0,00;0,00;0,00;0,00;0,00;0,00;0,00;2,80;0,00;4,52;4,67;6,36;5,95
2,80;2,74;2,92;2,27;1,95;2,19;1,84;1,92;1,85;3,26;3,14;2,73;1,96;2,36;2,81;0,00;0,00;0,00;2,15;2,08;2,86;2,34;0,00;0,00;0,00;0,00;0,00;1,37;0,00;0,00;0,00;0,00;3,99;1,93;5,08;5,81;5,95;5,83
1,58;1,94;1,79;0,00;0,97;0,92;0,00;0,00;0,00;3,26;3,14;3,24;1,55;1,62;1,59;0,00;0,00;0,00;0,00;2,08;0,00;1,23;0,00;0,00;0,00;0,00;0,00;0,00;0,00;0,00;0,00;0,00;0,00;0,00;0,00;0,00;0,00;0,00
2,32;1,94;2,35;0,97;0,00;0,92;0,00;0,00;0,00;3,11;2,64;2,51;0,00;0,00;0,00;0,00;0,00;0,00;1,10;1,05;1,17;2,68;0,00;0,00;0,00;0,00;0,00;0,00;0,00;0,00;0,00;0,00;1,99;0,00;0,00;2,83;4,02;2,60
1,99;2,52;1,79;0,00;0,97;1,48;0,89;0,95;0,00;2,53;2,83;1,53;0,00;0,00;0,00;0,00;0,00;0,00;1,10;1,05;2,25;1,23;0,00;0,00;0,00;0,00;0,00;0,00;0,00;0,00;0,00;0,00;2,80;0,00;0,00;0,00;0,00;0,00
1,58;0,96;0,86;0,00;0,00;0,92;1,44;1,52;0,90;3,11;2,83;2,25;0,00;0,00;0,00;0,00;0,00;0,00;0,00;1,65;2,25;0,00;0,00;0,00;0,00;0,00;0,00;0,00;0,00;0,00;0,00;0,00;0,00;0,00;0,00;0,00;2,60;2,60
1,58;1,53;1,40;1,54;0,97;0,92;0,00;0,00;0,00;0,97;1,46;1,53;0,00;0,00;0,00;0,00;0,00;0,00;0,00;0,00;0,00;0,00;0,00;0,00;0,00;0,00;0,00;0,00;0,00;0,00;0,00;0,00;1,99;1,93;5,49;6,53;6,06;6,36
1,99;2,26;2,35;0,00;0,00;0,00;0,00;0,00;0,00;2,53;2,83;2,25;0,00;0,00;0,00;0,00;0,00;0,00;1,10;1,65;1,81;2,68;0,00;0,00;0,00;0,00;0,00;0,00;0,00;0,00;0,00;0,00;1,99;0,00;2,70;2,83;3,47;2,60
1,00;0,96;0,86;0,97;0,97;0,92;0,00;0,00;0,00;2,27;2,42;1,93;0,00;0,00;0,00;0,00;0,00;0,00;0,00;0,00;1,81;1,89;0,00;0,00;0,00;0,00;0,00;0,00;0,00;0,00;0,00;0,00;1,99;0,00;0,00;2,83;3,47;2,60
0,00;0,00;0,00;0,00;0,00;0,00;0,00;0,00;0,00;1,54;0,90;0,96;0,00;0,00;0,00;0,00;0,00;0,00;0,00;0,00;0,00;0,00;0,00;0,00;0,00;0,00;0,00;0,00;0,00;0,00;0,00;0,00;0,00;0,00;0,00;0,00;0,00;0,00
0,00;0,00;0,00;0,97;0,97;0,00;0,00;0,00;0,00;0,97;1,46;0,96;0,00;0,00;0,00;0,00;0,00;0,00;0,00;0,00;0,00;0,00;0,00;0,00;0,00;0,00;0,00;0,00;0,00;0,00;0,00;0,00;0,00;0,00;0,00;2,83;2,60;2,60
1,99;1,94;1,79;0,97;0,97;0,92;0,00;0,00;0,00;2,53;2,42;2,25;0,97;1,03;1,00;0,00;0,00;0,00;1,71;1,65;1,17;1,89;0,00;0,00;0,00;0,00;0,00;0,00;0,00;0,00;0,00;0,00;0,00;0,00;0,00;2,83;4,02;2,60
2,32;2,26;2,57;0,97;1,95;1,48;0,89;0,95;0,90;2,75;2,42;1,93;2,28;2,04;2,33;1,02;0,96;1,04;1,10;1,05;1,81;2,96;0,00;0,00;0,00;0,00;0,00;0,00;0,00;0,00;0,00;0,00;0,00;0,00;0,00;0,00;0,00;0,00
4,24;4,32;4,25;0,00;0,97;0,92;0,00;0,00;0,00;4,84;4,98;4,67;0,00;0,00;0,00;0,00;0,00;0,00;2,48;3,55;3,75;4,22;0,00;0,00;0,00;0,00;0,00;0,00;0,00;0,00;0,00;0,00;1,99;0,00;3,58;3,72;4,97;4,72
3,90;3,83;3,98;2,53;0,97;1,88;1,84;1,52;1,45;4,11;3,98;4,00;1,96;2,36;1,59;0,00;0,00;0,00;2,15;3,41;2,86;3,39;0,00;0,00;0,00;0,00;0,00;0,00;0,00;0,00;0,00;0,00;0,00;0,00;3,58;5,81;6,36;5,38
4,24;4,10;3,64;1,95;1,54;2,86;1,84;2,72;2,64;4,69;4,39;4,56;0,00;0,00;0,00;0,00;0,00;0,00;1,71;2,67;3,88;4,11;0,00;0,00;0,00;0,00;0,00;2,53;0,00;0,00;0,00;3,79;4,45;4,72;6,93;8,47;7,63;7,60
3,90;3,63;3,73;0,97;1,54;0,92;0,89;0,00;0,00;4,40;4,45;3,72;0,97;0,00;1,00;0,00;0,00;0,00;1,71;2,89;3,09;3,86;0,00;0,00;0,00;0,00;0,00;1,37;1,27;0,00;0,00;0,00;3,99;3,62;5,94;7,37;6,94;6,44
4,24;4,25;4,12;1,54;1,54;0,00;0,00;0,00;0,00;4,58;4,76;4,61;0,00;0,00;0,00;0,00;0,00;0,00;1,10;3,09;3,09;3,19;0,00;0,00;0,00;0,00;0,00;0,00;0,00;0,00;0,00;0,00;2,80;2,73;3,58;4,98;5,69;5,19
2,99;2,74;3,07;0,00;0,00;0,92;0,00;0,00;0,00;4,33;4,06;3,92;0,00;0,00;0,00;0,00;0,00;0,00;1,71;2,08;2,58;1,89;0,00;0,00;0,00;0,00;0,00;0,00;0,00;0,00;0,00;2,07;2,80;2,73;3,58;3,72;4,72;4,02
3,45;3,51;3,54;2,75;1,54;0,92;0,00;0,00;0,00;4,18;4,06;3,72;1,96;2,04;2,01;0,00;0,00;0,00;1,10;2,67;1,81;2,34;0,00;0,00;0,00;0,00;0,00;0,00;0,00;0,00;0,00;0,00;0,00;0,00;0,00;0,00;0,00;0,00
4,16;4,17;4,25;4,46;4,46;4,60;4,54;3,99;3,90;3,64;3,40;3,38;3,65;3,51;3,59;4,13;3,74;3,77;3,63;4,56;3,75;3,99;0,00;2,52;2,44;1,00;0,00;0,00;0,00;0,00;0,00;0,00;0,00;0,00;0,00;0,00;0,00;0,00
0,00;0,00;1,40;0,97;1,54;0,92;0,89;1,52;1,45;0,00;0,00;0,96;0,00;0,00;0,00;1,02;0,00;1,63;0,00;0,00;0,00;0,00;0,00;0,00;0,00;0,00;0,00;0,00;0,00;0,00;0,00;0,00;0,00;0,00;0,00;0,00;0,00;0,00
1,58;0,00;2,10;1,95;2,27;2,19;0,89;1,92;1,85;0,00;0,90;0,96;0,00;0,00;0,00;1,02;1,54;1,04;0,00;0,00;0,00;0,00;0,00;0,00;0,00;0,00;0,00;0,00;0,00;0,00;0,00;0,00;0,00;0,00;0,00;0,00;0,00;0,00
0,00;0,00;0,00;0,00;0,00;0,00;0,00;0,00;0,00;0,00;0,00;0,00;0,00;0,00;0,00;0,00;0,00;0,00;0,00;0,00;0,00;0,00;0,00;0,00;0,00;0,00;1,38;1,37;1,27;1,33;2,05;0,00;3,31;3,24;0,00;0,00;2,60;0,00
0,00;0,00;0,00;0,00;0,00;0,00;0,89;0,95;0,00;1,54;1,46;1,53;0,97;0,00;0,00;1,61;0,96;1,63;0,00;0,00;0,00;0,00;2,64;2,52;2,44;2,00;2,07;1,37;1,93;2,01;0,00;0,00;0,00;0,00;0,00;0,00;0,00;0,00
1,00;0,96;0,86;1,54;1,54;1,48;2,41;2,91;2,64;1,54;1,46;1,53;2,28;1,62;1,59;1,61;1,54;1,63;0,00;0,00;1,17;0,00;2,83;2,52;2,66;2,00;0,00;0,00;0,00;0,00;0,00;0,00;0,00;0,00;0,00;0,00;0,00;0,00
2,32;2,26;1,79;0,97;0,97;0,92;0,89;0,95;0,90;3,52;3,40;3,24;0,97;0,00;1,00;0,00;0,96;1,04;1,10;1,05;1,17;1,23;0,00;0,00;0,00;0,00;0,00;0,00;1,27;0,00;2,05;0,00;1,99;1,93;0,00;0,00;2,60;0,00
3,99;4,01;3,98;2,75;2,75;1,88;0,89;0,95;0,90;3,52;3,40;3,24;0,97;1,03;1,00;0,00;0,00;0,00;1,10;2,08;2,25;3,19;0,00;0,00;0,00;0,00;0,00;0,00;0,00;0,00;0,00;0,00;0,00;0,00;2,70;3,72;3,47;3,48
2,58;2,26;2,10;2,94;2,95;3,03;3,13;3,08;3,14;2,94;2,99;2,92;2,28;1,62;2,33;2,62;1,94;2,38;1,71;2,40;2,86;3,19;2,17;2,52;2,19;1,00;0,00;0,00;0,00;0,00;0,00;0,00;0,00;0,00;0,00;0,00;0,00;0,00
2,58;2,74;2,75;0,97;0,97;0,92;0,89;0,95;0,90;3,94;3,40;3,50;0,97;1,03;1,00;0,00;0,00;0,00;2,15;3,26;2,58;2,96;0,00;0,00;0,00;0,00;1,38;0,00;1,27;1,33;2,05;0,00;2,80;1,93;3,58;4,98;5,69;4,97
3,45;3,39;3,90;2,75;2,75;2,67;1,84;2,24;2,64;4,11;3,72;3,50;2,28;1,62;2,01;0,00;0,00;0,00;1,10;2,08;0,00;1,23;0,00;0,00;0,00;0,00;0,00;0,00;0,00;0,00;0,00;0,00;0,00;0,00;0,00;0,00;0,00;0,00
1,99;0,96;2,75;0,00;0,00;0,00;0,00;0,00;0,00;4,11;3,52;3,72;2,76;1,62;1,00;0,00;0,00;0,00;1,10;2,08;0,00;0,00;0,00;0,00;0,00;0,00;0,00;0,00;0,00;0,00;0,00;0,00;0,00;0,00;0,00;0,00;0,00;0,00
3,58;3,63;3,64;2,53;2,75;1,48;1,84;1,52;1,45;3,26;3,52;3,72;1,55;2,04;2,33;1,02;0,96;1,04;2,48;2,67;2,58;2,68;0,00;0,96;0,92;0,00;0,00;1,37;0,00;0,00;0,00;0,00;0,00;0,00;4,13;0,00;4,97;3,48
4,08;4,10;4,25;3,52;3,53;3,44;0,89;0,00;0,90;3,64;3,90;3,62;1,96;2,63;2,81;0,00;0,00;0,00;2,48;3,41;3,28;3,86;0,00;0,00;0,00;0,00;0,00;0,00;0,00;0,00;0,00;0,00;1,99;1,93;2,70;0,00;2,60;0,00
2,80;3,10;3,07;2,27;2,27;1,48;0,89;0,95;0,90;3,26;3,28;2,92;2,28;2,36;2,59;1,02;0,96;1,04;2,15;1,65;2,58;2,68;0,00;0,00;0,00;0,00;1,38;2,06;1,93;2,47;0,00;0,00;0,00;0,00;0,00;0,00;3,47;0,00
3,90;3,73;3,64;2,75;2,53;2,67;0,89;0,95;0,90;3,84;3,14;3,50;2,28;2,85;2,59;0,00;0,00;0,00;2,75;3,41;2,86;3,39;0,00;0,00;0,00;0,00;0,00;0,00;0,00;0,00;0,00;0,00;1,99;0,00;0,00;0,00;0,00;0,00
1,58;1,53;2,10;0,00;0,97;0,00;0,00;0,95;0,90;3,52;3,28;2,92;1,55;1,03;1,00;2,62;2,52;2,87;0,00;0,00;0,00;0,00;0,00;0,00;0,00;0,00;0,00;0,00;0,00;0,00;0,00;0,00;0,00;0,00;0,00;0,00;0,00;0,00
4,85;4,63;5,28;3,40;3,11;2,86;1,44;1,92;1,85;4,74;4,71;4,37;3,12;3,21;3,33;1,02;0,00;1,04;3,49;3,68;3,75;3,99;0,00;0,00;0,00;0,00;0,00;0,00;0,00;0,00;0,00;3,40;3,31;3,24;5,94;8,11;7,35;7,21
1,99;1,94;2,92;1,95;0,97;2,19;0,89;1,52;1,45;2,94;2,16;2,73;0,97;1,03;1,00;1,61;0,96;2,05;1,10;2,40;0,00;1,89;0,00;1,53;0,00;0,00;0,00;0,00;0,00;0,00;0,00;0,00;0,00;0,00;0,00;0,00;0,00;0,00
2,32;2,74;3,33;1,54;1,95;1,48;0,89;0,95;1,45;2,75;2,83;2,51;0,97;1,03;1,00;0,00;0,00;0,00;1,10;2,08;1,17;1,89;0,00;0,00;0,00;0,00;0,00;0,00;0,00;0,00;0,00;0,00;0,00;0,00;0,00;0,00;0,00;0,00
2,32;2,52;2,35;0,97;0,97;0,92;0,00;0,00;0,90;3,40;3,40;3,24;1,55;1,03;0,00;0,00;0,00;0,00;1,71;1,65;2,58;2,68;0,00;0,00;0,00;0,00;0,00;0,00;0,00;0,00;0,00;0,00;1,99;0,00;0,00;0,00;4,02;2,60
2,58;2,52;2,57;1,54;1,95;1,48;0,00;0,00;0,00;2,94;2,83;3,09;0,97;2,36;2,33;1,02;0,00;0,00;1,71;1,65;2,86;2,68;0,00;0,00;0,00;0,00;0,00;0,00;0,00;0,00;0,00;0,00;0,00;0,00;0,00;0,00;0,00;0,00
0,00;0,00;0,00;0,00;0,00;0,00;0,00;0,00;0,00;0,00;0,00;0,00;0,00;0,00;0,00;0,00;0,00;0,00;0,00;0,00;0,00;0,00;0,00;0,00;0,00;0,00;0,00;0,00;0,00;0,00;0,00;0,00;0,00;0,00;0,00;0,00;0,00;0,00
2,80;2,52;2,75;1,95;1,54;0,92;0,89;0,95;1,45;2,27;2,16;2,25;0,97;1,62;1,00;0,00;0,00;0,00;1,10;2,08;1,81;2,34;0,00;0,00;0,00;0,00;0,00;0,00;0,00;0,00;0,00;2,07;0,00;0,00;2,70;0,00;2,60;0,00
5,67;5,65;5,39;3,26;2,95;3,03;2,15;2,50;2,42;5,46;3,90;4,77;2,95;3,63;3,18;2,36;1,94;2,38;4,99;4,49;5,22;5,67;2,43;1,94;2,85;2,81;7,36;7,09;7,15;7,51;6,95;7,77;6,75;6,56;4,83;4,67;4,41;4,72
1,00;0,96;0,86;0,97;0,00;0,92;0,89;0,95;1,85;1,54;1,85;1,93;0,97;1,03;1,00;1,02;0,96;1,04;0,00;1,05;1,17;1,23;0,91;1,53;0,92;0,00;0,00;0,00;0,00;0,00;0,00;0,00;0,00;0,00;0,00;0,00;0,00;0,00
5,08;5,25;5,15;4,33;4,19;3,94;2,81;2,91;2,64;4,40;4,45;4,44;3,65;3,75;3,81;1,02;0,96;1,63;4,27;4,27;4,00;4,41;0,00;0,00;0,92;0,00;0,00;0,00;0,00;0,00;0,00;0,00;1,99;0,00;2,70;2,83;2,60;0,00
4,32;4,32;4,53;2,75;3,11;2,86;0,89;0,95;1,85;4,79;4,51;4,56;2,54;3,04;3,18;0,00;0,00;0,00;3,34;3,90;4,11;4,11;0,00;0,00;0,00;0,00;0,00;0,00;0,00;0,00;0,00;0,00;0,00;0,00;4,52;5,81;5,54;5,19
4,52;4,63;4,89;3,11;2,75;2,67;0,00;0,00;0,00;4,84;4,71;4,72;2,76;2,85;2,81;0,00;0,00;0,00;2,97;3,79;3,75;3,86;0,00;0,00;0,00;0,00;0,00;0,00;0,00;0,00;0,00;0,00;1,99;0,00;4,13;3,72;6,06;4,72
3,58;3,39;4,05;2,53;2,53;2,19;1,84;1,92;1,85;3,64;3,62;2,92;2,54;2,63;2,33;2,03;0,96;2,05;3,17;3,26;2,25;2,96;0,00;0,96;0,92;0,00;0,00;0,00;0,00;2,01;0,00;0,00;0,00;0,00;0,00;0,00;0,00;0,00
3,32;3,10;3,07;1,95;2,53;2,67;0,89;0,95;0,90;4,26;4,27;4,37;0,00;0,00;0,00;0,00;0,00;0,00;2,15;2,89;3,28;3,56;0,00;0,00;0,00;0,00;0,00;0,00;0,00;0,00;0,00;0,00;0,00;0,00;0,00;0,00;2,60;0,00
3,58;3,10;4,12;0,00;0,00;2,19;0,00;0,00;1,45;3,40;3,62;3,09;1,55;1,03;0,00;0,00;0,00;0,00;1,10;1,05;1,17;1,89;0,00;0,00;0,00;0,00;0,00;1,37;0,00;0,00;0,00;0,00;0,00;0,00;0,00;0,00;0,00;0,00
3,45;3,25;3,44;2,53;2,27;2,67;2,15;2,24;2,16;4,33;4,51;4,16;3,12;3,63;3,81;2,62;0,96;2,38;3,34;3,90;3,75;3,72;0,00;0,96;0,00;0,00;0,00;0,00;0,00;0,00;0,00;0,00;0,00;0,00;0,00;0,00;2,60;0,00
3,45;3,51;3,64;0,00;1,54;0,00;0,00;0,00;0,00;3,94;4,20;3,50;1,55;1,03;1,59;0,00;0,00;0,00;2,75;3,41;3,75;3,72;0,00;0,00;0,00;0,00;0,00;0,00;0,00;0,00;0,00;0,00;3,31;0,00;3,58;4,27;5,37;4,72
3,45;3,39;3,44;2,27;2,27;2,19;1,44;0,95;0,00;3,40;3,40;3,09;1,96;2,36;2,33;0,00;0,00;0,00;2,15;2,67;3,09;3,19;0,00;0,00;0,00;0,00;0,00;0,00;0,00;0,00;0,00;0,00;0,00;0,00;3,58;3,72;5,19;4,41
5,24;4,78;5,28;4,11;4,19;3,55;2,98;3,08;3,14;4,11;3,90;3,82;2,76;2,85;3,01;3,04;3,10;3,06;2,48;3,41;1,17;3,56;0,91;0,96;0,00;0,00;0,00;0,00;0,00;0,00;0,00;0,00;0,00;0,00;0,00;0,00;0,00;0,00
2,99;2,74;2,35;0,00;0,00;0,00;0,00;0,00;0,00;1,54;1,46;1,53;0,00;0,00;0,00;0,00;0,00;0,00;0,00;0,00;0,00;1,23;0,00;0,00;0,00;0,00;4,98;4,64;4,64;4,66;2,87;2,89;3,69;3,62;0,00;0,00;0,00;0,00
1,58;1,53;1,40;0,00;0,00;0,00;0,00;0,00;0,00;0,00;0,00;0,00;0,00;0,00;0,00;0,00;0,00;0,00;0,00;0,00;0,00;0,00;0,00;0,00;0,00;0,00;2,07;2,06;1,93;2,01;2,05;0,00;0,00;0,00;0,00;0,00;0,00;0,00
0,00;0,00;0,86;1,95;2,27;2,67;3,70;4,55;4,13;4,89;5,05;5,27;4,94;5,18;5,18;5,82;5,71;5,71;6,85;6,56;5,74;2,96;2,83;3,25;2,85;0,00;0,00;0,00;0,00;0,00;0,00;0,00;0,00;0,00;0,00;0,00;0,00;0,00
5,48;5,09;5,01;4,64;4,64;4,17;3,88;3,61;3,40;4,33;4,06;3,82;2,54;2,36;2,81;1,02;0,00;1,04;2,48;2,67;2,58;2,96;0,00;0,00;0,00;0,00;0,00;0,00;0,00;0,00;0,00;0,00;0,00;0,00;0,00;0,00;0,00;0,00
3,32;2,93;3,07;0,00;0,00;0,00;0,00;0,00;0,00;2,27;1,85;1,53;0,00;0,00;0,00;0,00;0,00;0,00;0,00;0,00;0,00;1,89;0,00;0,00;0,00;0,00;0,00;0,00;0,00;0,00;0,00;0,00;0,00;0,00;0,00;0,00;0,00;0,00
2,58;1,94;1,40;1,54;0,97;1,48;2,15;2,24;2,16;0,00;0,00;0,00;0,00;0,00;0,00;1,02;0,96;1,63;0,00;0,00;0,00;0,00;1,46;2,52;2,19;0,00;2,89;3,16;3,24;3,10;0,00;0,00;0,00;0,00;0,00;0,00;0,00;0,00
4,24;4,17;3,98;3,52;3,40;2,45;2,81;2,72;1,45;3,64;3,62;3,62;0,00;0,00;0,00;0,00;0,00;0,00;0,00;2,08;1,17;1,23;0,00;0,00;0,00;0,00;0,00;0,00;0,00;0,00;0,00;0,00;0,00;0,00;0,00;0,00;0,00;0,00
0,00;0,96;0,86;0,00;0,00;0,00;0,00;0,00;0,00;0,97;1,46;0,96;0,00;0,00;0,00;0,00;0,00;0,00;0,00;0,00;0,00;1,23;0,00;0,00;0,00;0,00;3,61;3,78;3,62;3,54;0,00;0,00;0,00;0,00;0,00;0,00;0,00;0,00
1,58;1,53;1,40;1,95;1,54;1,88;0,00;0,00;0,00;1,95;1,85;1,53;1,55;2,04;1,59;0,00;0,00;0,00;1,71;1,65;1,17;1,23;0,00;0,00;0,00;0,00;0,00;0,00;0,00;0,00;0,00;0,00;1,99;1,93;2,70;0,00;0,00;0,00
2,80;2,74;2,35;3,11;2,95;3,03;0,00;0,95;0,00;2,75;1,85;2,51;2,28;2,04;1,59;0,00;0,00;0,00;2,48;1,65;1,81;2,34;0,00;0,00;0,00;0,00;0,00;0,00;0,00;0,00;0,00;0,00;1,99;2,73;2,70;0,00;0,00;0,00
1,00;0,96;0,00;1,95;0,97;0,00;0,89;1,52;0,90;2,75;2,64;1,93;0,00;0,00;0,00;0,00;0,00;0,00;0,00;0,00;0,00;0,00;0,00;0,00;0,00;0,00;0,00;0,00;0,00;0,00;0,00;0,00;0,00;0,00;0,00;0,00;0,00;0,00
5,39;5,21;5,58;4,98;4,69;4,84;0,00;0,95;1,45;4,79;4,67;4,37;3,53;3,63;4,01;0,00;0,00;1,04;4,43;4,49;4,39;4,41;0,00;0,00;0,00;0,00;4,09;3,94;4,04;3,88;0,00;0,00;0,00;0,00;0,00;0,00;0,00;0,00
4,75;4,92;5,50;4,52;4,11;4,60;0,00;0,00;0,00;4,58;4,20;4,37;2,95;3,21;3,59;0,00;0,00;0,00;4,35;4,34;4,00;3,56;0,00;0,00;0,00;0,00;3,41;3,78;3,77;3,34;0,00;0,00;0,00;0,00;0,00;0,00;0,00;0,00
0,00;0,96;0,00;0,00;0,00;0,00;0,00;0,00;0,00;0,00;0,00;0,00;0,00;0,00;0,00;0,00;0,00;0,00;0,00;0,00;0,00;0,00;0,00;0,96;0,00;0,00;2,89;2,88;2,38;2,82;2,05;0,00;1,99;1,93;0,00;0,00;0,00;0,00
1,99;1,53;2,35;1,54;1,54;1,88;2,41;2,24;2,99;2,27;2,64;2,51;1,96;1,03;1,59;2,62;3,84;2,38;1,71;2,40;2,25;2,34;3,82;4,17;4,09;3,70;3,79;3,16;2,38;2,47;2,87;3,40;3,31;3,92;4,83;4,67;4,02;3,48
1,99;1,53;0,00;0,00;0,00;0,00;0,00;0,00;0,00;0,00;0,00;0,00;0,00;0,00;0,00;0,00;0,00;0,00;0,00;0,00;0,00;1,89;0,00;0,00;0,00;0,00;2,07;2,53;2,73;2,01;0,00;0,00;0,00;0,00;0,00;0,00;0,00;0,00
1,58;1,53;0,00;0,00;0,97;0,00;0,00;0,95;0,90;0,00;0,90;0,96;0,00;0,00;0,00;0,00;0,00;0,00;1,10;0,00;0,00;1,23;0,00;0,96;0,00;0,00;3,17;3,16;3,01;2,82;2,87;2,89;2,80;2,73;3,58;2,83;3,47;2,60
1,58;0,96;1,79;1,54;1,95;1,48;1,84;1,92;1,45;1,54;1,46;0,00;1,55;1,62;1,59;2,03;2,26;1,63;1,71;1,65;1,81;1,89;2,83;2,74;2,66;2,81;2,89;3,16;2,73;2,82;3,39;0,00;2,80;3,24;3,58;4,67;4,41;3,48
0,00;0,00;0,86;0,97;0,00;0,92;0,00;0,95;2,42;0,97;0,90;0,96;0,00;0,00;0,00;1,02;1,54;1,04;0,00;0,00;1,17;1,89;3,15;2,52;2,85;3,32;0,00;0,00;0,00;0,00;0,00;0,00;0,00;0,00;0,00;0,00;0,00;0,00
0,00;0,00;0,00;0,00;0,00;0,00;0,00;0,00;0,00;0,00;0,00;0,00;0,00;0,00;0,00;0,00;0,00;0,00;0,00;0,00;0,00;0,00;0,00;0,00;0,00;0,00;0,00;0,00;0,00;0,00;0,00;0,00;0,00;0,00;0,00;0,00;0,00;0,00
0,00;0,00;0,00;0,00;0,00;0,00;0,00;0,00;0,00;0,00;0,00;0,00;0,00;0,00;0,00;0,00;0,00;0,00;0,00;0,00;0,00;0,00;0,00;0,00;0,00;0,00;0,00;0,00;0,00;0,00;0,00;0,00;0,00;0,00;0,00;0,00;0,00;0,00
1,00;0,00;0,86;1,54;0,97;1,48;0,89;1,52;0,90;0,97;1,46;0,96;1,55;1,62;1,59;2,03;2,52;1,63;1,10;1,65;1,81;1,89;1,86;2,52;2,66;2,81;1,38;1,37;1,27;0,00;0,00;0,00;0,00;1,93;3,58;3,72;3,47;2,60
1,99;0,96;3,33;2,27;1,95;3,31;2,41;2,91;3,52;3,75;3,81;3,72;1,96;2,04;2,59;1,61;0,96;2,05;0,00;2,08;0,00;1,23;0,00;1,53;0,00;0,00;0,00;0,00;0,00;0,00;0,00;0,00;0,00;0,00;0,00;0,00;0,00;0,00
3,99;3,83;4,12;3,40;3,40;3,18;0,89;0,95;1,45;3,64;3,72;3,38;2,54;2,63;2,81;0,00;0,00;0,00;2,48;3,26;2,25;2,34;0,00;0,00;0,00;0,00;0,00;0,00;0,00;0,00;0,00;0,00;0,00;0,00;0,00;0,00;0,00;0,00
1,00;0,96;2,35;0,97;0,97;1,88;0,00;0,00;0,90;2,53;2,16;1,93;0,00;0,00;0,00;0,00;0,00;0,00;1,10;0,00;0,00;2,34;0,00;0,00;0,00;0,00;1,38;1,37;1,27;1,33;0,00;0,00;0,00;0,00;0,00;0,00;0,00;0,00
0,00;0,00;0,86;0,00;0,00;0,00;0,00;0,00;0,00;1,95;0,00;0,00;0,00;0,00;0,00;0,00;0,00;0,00;0,00;0,00;0,00;0,00;0,00;0,00;0,00;0,00;0,00;0,00;0,00;0,00;0,00;0,00;0,00;0,00;0,00;0,00;0,00;0,00
3,16;2,93;1,79;0,00;0,00;0,00;0,00;0,00;0,00;1,54;0,90;1,53;0,00;0,00;0,00;0,00;0,00;0,00;0,00;0,00;0,00;1,23;0,00;0,00;0,00;0,00;4,09;4,21;4,04;4,57;4,53;3,40;5,20;4,56;0,00;0,00;0,00;0,00
2,32;2,52;2,10;0,00;0,00;0,00;0,00;0,00;0,00;2,94;1,46;2,51;0,97;0,00;1,00;0,00;0,00;0,00;1,10;0,00;0,00;1,23;0,00;0,00;0,00;0,00;4,90;4,89;5,00;4,75;5,68;5,30;5,41;4,87;2,70;0,00;0,00;0,00
1,00;0,00;0,00;2,27;1,95;2,19;2,41;1,92;1,85;1,54;1,85;0,96;0,97;1,62;0,00;0,00;0,00;0,00;0,00;1,05;0,00;0,00;0,00;0,00;0,00;0,00;0,00;0,00;0,00;0,00;0,00;0,00;0,00;0,00;0,00;0,00;0,00;0,00
2,32;2,52;2,35;0,00;0,00;0,00;0,00;0,00;0,00;1,54;0,00;0,00;0,00;0,00;0,00;0,00;0,00;0,00;0,00;0,00;0,00;0,00;0,00;0,00;0,00;0,00;5,62;5,65;5,84;5,80;2,87;0,00;0,00;0,00;0,00;0,00;0,00;0,00
0,00;0,96;0,00;1,95;1,95;0,00;1,44;1,92;0,90;0,97;1,46;1,93;1,96;1,03;2,01;2,03;1,94;2,05;2,75;2,08;2,86;3,19;0,00;0,00;0,92;0,00;2,07;2,53;2,73;2,01;2,05;0,00;0,00;0,00;0,00;0,00;0,00;0,00
2,58;2,26;1,40;2,94;2,27;1,88;2,15;2,72;1,45;1,54;2,16;2,92;2,76;2,63;2,01;3,74;3,52;3,87;2,48;3,68;1,17;1,23;0,91;0,00;0,92;0,00;2,54;1,37;1,93;0,00;0,00;2,89;0,00;1,93;0,00;0,00;0,00;0,00
6,16;6,15;5,76;4,11;4,03;3,85;0,00;0,00;0,00;4,52;3,28;4,31;1,96;1,62;2,01;0,00;0,00;0,00;3,63;3,26;3,46;4,50;0,00;0,00;0,00;0,00;7,00;6,62;6,72;6,73;7,06;6,28;6,18;6,10;4,13;3,72;2,60;2,60
1,99;1,94;2,10;1,95;1,54;1,48;2,62;2,72;3,40;1,54;0,90;1,53;0,00;0,00;0,00;1,61;2,26;1,63;1,10;1,05;0,00;1,89;0,00;0,96;0,00;0,00;0,00;0,00;1,27;0,00;0,00;0,00;0,00;0,00;0,00;0,00;0,00;0,00
2,32;1,94;2,57;0,97;1,54;1,88;0,89;0,95;1,85;0,97;2,16;1,93;0,00;1,03;1,00;1,02;0,96;2,05;0,00;1,05;0,00;0,00;1,86;1,53;1,47;1,58;0,00;0,00;0,00;0,00;0,00;0,00;0,00;0,00;0,00;0,00;0,00;0,00
1,99;2,26;2,10;2,27;2,53;3,03;1,84;1,92;2,16;2,75;2,99;2,51;0,97;1,62;1,00;1,02;0,96;1,63;1,10;2,40;1,17;1,89;0,91;0,96;1,47;1,00;0,00;0,00;0,00;0,00;0,00;0,00;0,00;0,00;0,00;0,00;0,00;0,00
2,99;2,74;2,92;1,95;0,97;1,88;0,89;0,95;0,00;2,27;2,16;1,93;0,00;0,00;0,00;0,00;0,00;0,00;0,00;1,05;0,00;0,00;0,00;0,00;0,00;0,00;0,00;0,00;0,00;0,00;0,00;0,00;0,00;0,00;0,00;0,00;0,00;0,00
2,32;1,94;2,57;4,52;4,69;4,70;4,18;3,61;3,90;3,52;3,14;3,24;3,41;3,04;3,59;2,36;0,96;1,63;0,00;1,65;1,81;2,34;3,00;2,26;2,44;1,58;1,38;0,00;0,00;0,00;0,00;0,00;0,00;0,00;0,00;0,00;0,00;0,00
1,99;0,96;2,10;3,64;3,40;3,18;3,26;3,37;3,28;2,27;2,83;2,51;2,76;2,63;2,59;1,61;0,96;1,04;0,00;1,05;0,00;1,23;1,86;2,26;2,44;2,00;0,00;0,00;0,00;0,00;0,00;0,00;0,00;0,00;0,00;0,00;0,00;0,00
1,00;1,53;2,10;0,97;1,95;1,88;2,15;1,92;1,85;0,00;0,90;0,00;1,55;1,03;0,00;1,02;0,96;1,04;0,00;0,00;0,00;0,00;0,00;0,00;0,92;1,00;0,00;0,00;0,00;0,00;0,00;0,00;0,00;0,00;0,00;0,00;0,00;0,00
1,58;2,26;2,57;4,11;4,03;4,24;3,39;3,81;3,52;2,94;3,40;3,50;3,27;3,21;3,47;1,61;1,54;2,05;1,10;1,65;2,25;2,34;0,91;1,94;1,87;0,00;0,00;0,00;0,00;0,00;0,00;0,00;0,00;0,00;0,00;0,00;0,00;0,00
2,32;2,52;2,92;2,53;3,11;3,31;2,41;2,24;2,42;3,94;4,06;3,92;2,95;2,63;3,01;1,61;0,96;1,04;2,15;2,67;0,00;1,23;0,00;0,00;0,00;0,00;0,00;0,00;0,00;0,00;0,00;0,00;0,00;0,00;0,00;0,00;0,00;0,00
3,16;2,93;3,54;2,75;2,27;3,03;0,00;0,00;1,85;0,97;1,46;0,00;0,00;0,00;0,00;0,00;0,00;0,00;0,00;0,00;0,00;0,00;0,00;0,00;0,00;0,00;0,00;0,00;0,00;0,00;0,00;0,00;0,00;0,00;0,00;0,00;0,00;0,00
0,00;0,00;0,00;1,95;1,54;0,92;0,89;0,95;0,00;1,54;1,46;1,53;3,12;2,85;2,81;2,03;2,26;2,05;0,00;0,00;0,00;0,00;2,17;1,94;2,19;2,00;0,00;0,00;0,00;0,00;0,00;0,00;0,00;0,00;0,00;0,00;0,00;0,00
0,00;0,00;0,00;0,00;0,97;0,00;2,62;2,72;2,64;0,00;0,00;0,00;0,00;0,00;0,00;0,00;0,00;0,00;0,00;0,00;0,00;0,00;0,00;0,00;0,00;0,00;0,00;0,00;0,00;0,00;0,00;0,00;0,00;0,00;0,00;0,00;0,00;0,00
0,00;0,00;0,00;1,95;1,54;0,00;2,41;2,72;1,85;0,00;0,00;0,00;0,00;0,00;1,59;1,02;0,96;1,63;0,00;0,00;0,00;0,00;1,86;0,00;0,92;1,00;0,00;0,00;0,00;0,00;0,00;0,00;0,00;0,00;0,00;0,00;0,00;0,00
0,00;0,00;0,00;0,00;0,00;0,00;0,00;0,00;0,00;0,00;0,00;0,00;0,00;0,00;0,00;1,02;0,96;1,04;0,00;0,00;0,00;0,00;2,64;1,53;1,87;2,81;0,00;0,00;0,00;0,00;0,00;0,00;0,00;0,00;0,00;0,00;0,00;0,00
0,00;0,00;0,00;0,00;0,97;1,48;3,26;2,91;2,64;1,54;1,46;1,53;3,12;3,04;2,81;3,50;3,39;3,39;1,10;1,05;0,00;0,00;3,52;3,62;3,54;3,17;0,00;0,00;0,00;0,00;0,00;0,00;0,00;0,00;0,00;0,00;0,00;0,00
0,00;0,00;0,00;0,00;0,00;0,00;0,89;0,00;1,45;0,97;0,90;0,96;0,00;0,00;0,00;0,00;0,00;0,00;0,00;0,00;0,00;0,00;0,00;0,00;0,00;0,00;0,00;0,00;0,00;0,00;0,00;0,00;0,00;0,00;0,00;0,00;0,00;0,00
1,58;1,53;1,79;1,95;0,97;0,92;0,89;0,95;0,90;0,00;0,90;0,00;0,00;0,00;0,00;0,00;0,00;0,00;0,00;1,05;0,00;0,00;0,00;0,00;0,00;0,00;0,00;0,00;0,00;0,00;0,00;0,00;0,00;0,00;0,00;0,00;0,00;0,00
2,99;2,93;2,57;3,84;3,94;3,66;3,39;3,23;3,72;1,95;2,16;2,25;2,28;2,04;1,59;1,61;1,94;2,38;1,71;1,05;1,81;0,00;0,00;0,00;0,00;0,00;1,38;3,16;2,73;2,47;0,00;0,00;0,00;0,00;0,00;0,00;0,00;0,00
3,99;3,83;3,73;3,84;4,19;4,02;3,80;3,99;3,81;3,84;3,62;3,72;2,76;2,85;3,01;3,04;2,94;3,23;2,48;3,09;2,58;3,19;0,91;1,53;0,92;0,00;4,34;4,21;4,27;4,27;2,05;0,00;0,00;0,00;0,00;0,00;0,00;0,00
3,99;3,93;3,73;3,94;4,26;4,17;3,61;3,49;3,40;3,64;3,14;3,62;3,41;3,51;3,01;2,62;2,94;3,06;2,75;3,26;1,81;1,89;0,91;1,53;0,92;0,00;4,09;4,08;4,04;4,27;2,87;0,00;0,00;0,00;0,00;0,00;0,00;0,00
2,58;2,26;2,75;2,53;2,75;2,45;1,84;1,92;2,16;0,00;0,90;0,96;0,00;1,03;1,00;0,00;0,00;1,04;0,00;0,00;0,00;0,00;0,00;0,00;0,00;0,00;0,00;0,00;0,00;2,01;0,00;0,00;0,00;0,00;0,00;0,00;0,00;0,00
3,80;3,83;3,64;4,02;4,19;3,94;3,61;3,37;3,14;3,84;3,72;3,50;3,12;3,37;3,33;1,61;0,96;2,38;3,17;4,18;3,28;3,99;0,00;0,00;0,00;0,00;3,61;3,94;3,91;3,72;2,05;0,00;0,00;0,00;0,00;0,00;0,00;0,00
0,00;0,00;0,00;0,00;0,00;0,00;0,00;0,00;0,00;2,53;2,16;2,51;0,00;0,00;0,00;0,00;0,00;0,00;0,00;0,00;0,00;0,00;0,00;0,00;0,00;0,00;0,00;0,00;0,00;0,00;0,00;0,00;0,00;0,00;0,00;0,00;0,00;0,00
1,99;0,96;0,86;0,00;0,00;0,00;0,00;0,00;0,00;0,97;0,00;0,96;0,00;0,00;0,00;0,00;0,00;0,00;0,00;0,00;0,00;0,00;0,00;0,00;0,00;0,00;2,07;1,37;1,93;2,82;4,53;4,34;4,23;3,62;4,13;0,00;0,00;0,00
4,08;3,93;2,92;1,54;0,97;0,00;0,00;0,00;0,00;1,95;0,00;1,53;0,00;0,00;0,00;0,00;0,00;0,00;1,10;0,00;1,81;1,89;0,00;0,00;0,00;0,00;3,79;4,33;4,27;4,27;3,77;4,34;3,99;4,56;0,00;0,00;0,00;0,00
0,00;0,00;0,00;0,00;0,00;0,00;0,00;0,00;0,90;0,00;0,00;0,96;0,97;1,03;0,00;3,04;2,94;2,38;0,00;0,00;0,00;0,00;3,82;3,25;3,30;4,00;0,00;0,00;0,00;0,00;0,00;0,00;0,00;0,00;0,00;0,00;0,00;0,00
2,32;2,26;0,86;4,02;3,75;4,09;4,88;4,66;5,05;2,75;3,14;3,62;4,11;3,95;3,91;4,68;4,79;4,65;3,34;3,26;3,28;4,11;5,30;5,05;5,12;5,46;3,41;3,40;3,62;3,72;3,77;0,00;3,69;4,16;4,83;3,72;4,41;4,02
0,00;0,00;0,00;0,00;0,00;1,48;2,98;3,08;3,14;2,27;2,83;2,51;2,76;3,04;2,01;4,13;4,18;3,87;0,00;2,40;1,17;2,34;3,99;4,09;4,01;4,39;1,38;0,00;0,00;0,00;0,00;0,00;2,80;1,93;2,70;0,00;2,60;0,00
0,00;0,00;0,00;0,00;0,00;0,00;1,84;0,95;0,90;0,00;0,00;0,00;0,00;0,00;0,00;0,00;0,00;0,00;0,00;0,00;0,00;0,00;0,00;0,00;0,00;0,00;0,00;0,00;0,00;0,00;0,00;0,00;0,00;0,00;0,00;0,00;0,00;0,00
5,48;5,45;5,18;6,24;6,07;5,62;6,14;6,18;5,45;3,52;3,72;3,82;3,27;3,51;3,59;2,36;0,96;2,87;2,97;2,89;3,61;3,86;0,91;0,00;0,92;1,58;0,00;0,00;0,00;0,00;0,00;0,00;1,99;1,93;4,13;2,83;4,97;3,48
0,00;0,00;0,00;1,95;1,54;0,00;3,13;3,23;1,45;0,00;0,00;1,53;0,00;0,00;0,00;2,84;1,94;1,63;0,00;0,00;0,00;0,00;3,15;2,74;2,44;3,46;0,00;0,00;0,00;0,00;0,00;0,00;0,00;0,00;0,00;0,00;0,00;0,00
1,99;2,26;2,35;2,53;2,95;3,18;3,13;3,71;3,72;4,46;3,90;4,09;3,65;3,63;3,47;1,02;1,94;1,63;3,34;4,00;3,28;3,39;0,91;1,94;1,47;0,00;4,09;3,60;3,77;3,88;2,05;2,89;0,00;1,93;0,00;0,00;0,00;0,00
0,00;0,00;0,00;3,64;3,27;1,48;4,43;4,55;3,52;0,00;0,00;0,00;0,00;0,00;0,00;0,00;0,00;0,00;0,00;0,00;0,00;0,00;0,00;0,00;0,00;0,00;0,00;0,00;0,00;0,00;0,00;0,00;0,00;0,00;0,00;0,00;0,00;0,00
1,00;0,96;0,86;3,74;3,94;4,24;5,11;5,19;5,26;2,53;4,06;4,44;3,85;3,37;3,81;5,87;6,51;5,59;3,76;3,55;2,25;1,23;5,83;5,65;6,10;6,60;1,38;2,06;1,27;1,33;0,00;0,00;0,00;0,00;0,00;0,00;0,00;0,00
0,00;0,00;0,86;0,00;1,54;1,88;2,81;3,08;2,83;0,00;0,00;0,00;0,00;0,00;0,00;0,00;0,00;0,00;0,00;0,00;0,00;0,00;0,00;0,00;0,00;0,00;0,00;0,00;0,00;0,00;0,00;0,00;0,00;0,00;0,00;0,00;0,00;0,00
0,00;0,00;0,00;0,00;0,00;0,00;0,00;1,52;1,45;0,00;0,00;0,00;0,00;0,00;0,00;0,00;0,00;0,00;0,00;0,00;0,00;0,00;0,00;0,96;0,00;0,00;0,00;0,00;0,00;0,00;0,00;0,00;0,00;0,00;0,00;0,00;0,00;0,00
1,00;0,00;0,86;2,53;2,53;2,19;2,81;2,72;2,64;0,97;0,90;0,96;0,97;0,00;0,00;1,61;0,96;1,63;0,00;0,00;0,00;0,00;1,46;1,53;1,47;1,58;0,00;0,00;0,00;0,00;0,00;0,00;0,00;0,00;0,00;0,00;0,00;0,00
1,99;1,53;2,10;2,53;2,27;2,45;2,41;2,50;2,64;0,00;0,00;0,00;0,00;0,00;1,59;1,02;1,94;2,05;0,00;1,05;0,00;0,00;0,00;0,00;0,92;1,00;0,00;0,00;0,00;0,00;0,00;0,00;0,00;0,00;0,00;0,00;0,00;0,00
2,58;2,93;3,33;3,40;3,53;3,44;3,70;3,49;3,98;0,00;0,00;0,96;1,96;2,36;2,59;2,36;2,52;2,87;1,71;2,67;0,00;0,00;0,00;0,96;0,92;0,00;0,00;0,00;0,00;0,00;0,00;0,00;0,00;0,00;0,00;0,00;0,00;0,00
5,04;4,88;5,25;5,52;5,75;5,93;4,74;4,90;5,26;4,69;4,27;4,16;4,80;4,57;4,65;2,62;2,26;2,87;2,75;3,09;3,75;3,56;3,29;3,38;3,17;2,81;0,00;0,00;0,00;0,00;0,00;0,00;0,00;0,00;0,00;4,27;6,26;4,02
1,00;1,53;1,79;3,40;2,95;3,18;2,62;3,08;3,28;2,27;1,85;1,93;0,97;0,00;1,00;0,00;0,00;0,00;0,00;0,00;0,00;0,00;1,86;2,26;1,87;1,00;0,00;0,00;0,00;0,00;0,00;0,00;0,00;0,00;0,00;0,00;0,00;0,00
0,00;0,00;0,00;0,00;0,00;0,00;0,00;0,00;0,00;0,00;0,00;0,00;0,00;0,00;0,00;0,00;0,00;0,00;0,00;0,00;0,00;0,00;0,00;0,00;0,00;0,00;0,00;0,00;0,00;0,00;0,00;0,00;0,00;0,00;0,00;0,00;0,00;0,00
2,58;2,74;2,92;1,95;1,95;2,45;1,44;1,92;1,85;1,54;1,85;0,96;0,00;0,00;0,00;0,00;0,00;0,00;0,00;0,00;0,00;1,23;0,91;0,96;0,92;0,00;0,00;0,00;0,00;0,00;0,00;0,00;0,00;0,00;0,00;0,00;0,00;0,00
3,80;3,63;3,20;3,84;3,64;3,66;5,43;5,07;4,89;3,40;3,90;4,16;3,53;3,85;3,59;4,68;4,93;4,71;0,00;2,40;1,17;1,23;4,72;4,83;5,04;3,81;4,34;4,64;4,04;4,27;0,00;0,00;0,00;0,00;0,00;0,00;0,00;0,00
3,45;3,25;3,33;2,75;2,95;2,67;3,13;3,08;3,28;2,75;2,42;2,73;2,28;2,63;2,33;1,61;2,52;2,38;2,15;2,40;1,81;2,34;0,00;1,94;1,47;0,00;0,00;0,00;0,00;0,00;0,00;0,00;0,00;0,00;0,00;0,00;0,00;0,00
0,00;0,00;0,00;0,00;0,00;0,00;0,00;0,00;0,00;1,54;1,46;0,96;2,76;2,63;2,59;2,62;2,26;2,38;0,00;2,08;2,58;2,96;1,86;2,26;1,87;2,00;0,00;0,00;0,00;0,00;0,00;0,00;0,00;0,00;0,00;0,00;2,60;2,60
0,00;0,00;0,00;3,64;3,64;4,17;3,80;3,90;4,13;0,97;1,46;2,92;4,59;4,69;4,53;4,68;4,45;4,88;0,00;0,00;0,00;0,00;4,67;4,67;4,54;5,25;0,00;0,00;0,00;0,00;2,87;2,89;0,00;3,62;2,70;4,27;2,60;3,48
2,99;2,93;0,00;0,00;0,00;0,00;0,00;0,00;0,00;1,54;0,00;0,00;0,00;0,00;0,00;0,00;0,00;0,00;0,00;0,00;0,00;0,00;0,00;0,00;0,00;0,00;5,80;5,65;5,73;5,49;2,87;0,00;0,00;0,00;0,00;0,00;0,00;0,00
0,00;0,00;0,00;0,00;0,00;0,00;0,00;0,00;0,00;0,00;0,00;0,00;0,00;0,00;0,00;0,00;0,00;0,00;0,00;0,00;0,00;0,00;0,00;0,00;0,00;0,00;0,00;0,00;0,00;0,00;0,00;0,00;0,00;0,00;0,00;0,00;0,00;0,00
1,58;0,96;0,00;0,00;0,00;0,00;0,00;0,00;0,00;0,00;0,00;0,00;0,00;0,00;0,00;0,00;0,00;0,00;0,00;0,00;0,00;0,00;0,00;0,00;0,00;0,00;0,00;0,00;1,27;1,33;0,00;0,00;0,00;0,00;0,00;0,00;0,00;0,00
3,58;3,63;2,75;0,00;0,00;0,00;0,00;0,00;0,00;0,00;0,00;0,96;0,00;0,00;0,00;0,00;0,00;0,00;0,00;0,00;0,00;0,00;0,00;0,00;0,00;0,00;4,55;4,54;4,37;4,66;2,05;0,00;1,99;0,00;0,00;0,00;0,00;0,00
2,58;2,26;3,33;3,11;2,75;3,55;2,15;2,24;1,85;0,00;1,85;0,00;0,97;0,00;0,00;0,00;0,00;0,00;0,00;0,00;0,00;0,00;0,91;1,53;0,00;1,00;0,00;0,00;0,00;0,00;0,00;0,00;0,00;0,00;0,00;2,83;0,00;0,00
3,69;3,51;3,82;3,40;3,40;3,31;2,41;2,50;2,83;3,40;3,72;3,50;1,55;1,03;2,01;0,00;0,00;0,00;1,71;2,40;2,58;3,39;0,00;0,00;0,00;0,00;0,00;0,00;0,00;0,00;0,00;0,00;0,00;0,00;0,00;0,00;0,00;0,00
0,00;0,00;0,00;0,97;0,00;0,00;0,00;0,95;0,00;0,00;0,00;0,00;0,00;0,00;0,00;1,61;1,54;2,05;0,00;0,00;0,00;0,00;0,00;0,00;0,00;0,00;0,00;0,00;0,00;0,00;0,00;0,00;0,00;0,00;0,00;0,00;0,00;0,00
0,00;0,00;0,00;0,00;0,00;2,19;2,81;3,49;3,52;0,00;0,90;0,96;2,54;2,63;2,59;4,04;3,84;3,87;0,00;0,00;0,00;0,00;4,07;4,09;3,75;4,86;0,00;0,00;0,00;0,00;0,00;0,00;0,00;0,00;0,00;0,00;0,00;0,00
0,00;0,00;0,00;0,97;0,97;0,92;2,98;3,23;2,99;0,00;0,00;0,00;0,00;0,00;0,00;1,02;0,96;1,63;0,00;0,00;0,00;0,00;1,46;2,74;2,19;0,00;0,00;0,00;0,00;0,00;0,00;0,00;0,00;0,00;0,00;0,00;0,00;0,00
0,00;0,00;0,00;0,00;0,00;0,00;0,00;0,00;0,00;2,27;2,16;0,96;0,00;0,00;0,00;0,00;0,00;0,00;0,00;0,00;0,00;0,00;0,00;0,00;0,00;0,00;0,00;0,00;0,00;0,00;0,00;0,00;0,00;0,00;0,00;0,00;0,00;0,00
5,39;5,42;4,85;0,00;0,97;0,00;0,00;0,00;0,00;5,02;3,98;4,82;0,00;0,00;0,00;0,00;0,00;0,00;3,99;3,26;3,61;4,66;0,00;0,00;0,00;0,00;7,57;7,46;7,47;7,58;7,77;7,36;6,94;6,64;4,52;0,00;0,00;0,00
1,58;2,26;0,00;0,00;0,00;0,00;0,00;0,00;0,00;1,95;0,90;0,96;0,00;0,00;0,00;0,00;0,00;0,00;0,00;0,00;0,00;1,23;0,00;0,00;0,00;0,00;5,36;5,04;5,43;5,04;4,71;4,34;4,23;3,24;2,70;0,00;0,00;0,00
3,90;3,93;3,73;0,00;0,00;0,00;0,00;0,00;0,00;3,40;2,16;2,73;0,00;0,00;0,00;0,00;0,00;0,00;1,10;1,05;1,81;2,34;0,00;0,00;0,00;0,00;5,05;5,11;5,18;5,54;5,85;4,90;5,31;4,87;0,00;0,00;0,00;0,00
0,00;0,00;0,00;0,00;0,00;0,00;0,00;0,00;0,00;0,00;0,00;0,00;0,00;0,00;0,00;0,00;0,00;0,00;0,00;0,00;0,00;0,00;0,00;0,00;0,00;0,00;1,38;2,53;2,73;1,33;2,05;0,00;1,99;0,00;0,00;0,00;0,00;0,00
1,00;0,00;0,00;0,00;0,00;0,00;0,00;0,00;0,00;0,00;0,00;0,00;0,00;0,00;0,00;0,00;0,00;0,00;0,00;0,00;0,00;0,00;0,00;0,00;0,00;0,00;2,54;2,06;2,38;2,01;2,87;2,07;2,80;2,73;0,00;0,00;0,00;0,00
4,75;4,63;3,90;0,00;0,00;0,00;0,00;0,00;0,00;3,11;1,46;2,25;0,00;0,00;0,00;0,00;0,00;0,00;1,10;0,00;1,81;2,34;0,00;0,00;0,00;0,00;5,30;5,23;5,48;5,28;5,39;4,73;4,63;4,56;0,00;0,00;0,00;0,00
5,35;5,09;4,37;2,53;2,27;1,88;0,00;0,00;0,00;4,74;3,72;4,37;1,55;1,62;1,59;0,00;0,00;0,00;4,27;3,41;4,21;4,41;0,00;0,00;0,00;0,00;6,63;6,57;6,55;6,57;6,95;6,86;6,49;6,32;6,18;0,00;4,41;2,60
0,00;0,00;0,00;0,00;0,00;0,00;0,00;0,00;0,00;0,00;0,00;0,00;0,00;0,00;0,00;0,00;0,00;0,00;0,00;0,00;0,00;0,00;0,00;0,00;0,00;0,00;0,00;0,00;0,00;0,00;0,00;0,00;0,00;0,00;0,00;0,00;0,00;0,00
0,00;0,00;0,00;0,00;0,00;0,00;0,00;0,00;0,00;0,97;0,00;0,00;0,00;0,00;0,00;0,00;0,00;0,00;0,00;0,00;0,00;0,00;0,00;0,00;0,00;0,00;0,00;2,06;1,27;1,33;0,00;0,00;0,00;0,00;0,00;0,00;0,00;0,00
0,00;0,00;0,00;0,00;0,00;0,00;0,00;0,00;0,00;0,00;0,00;0,00;0,00;0,00;0,00;0,00;0,00;0,00;0,00;0,00;0,00;0,00;0,00;0,00;0,00;0,00;0,00;0,00;0,00;0,00;0,00;0,00;0,00;0,00;0,00;0,00;0,00;0,00
2,58;2,74;2,10;0,00;0,00;0,00;0,00;0,00;0,00;1,54;0,00;0,00;0,00;0,00;0,00;0,00;0,00;0,00;0,00;0,00;0,00;0,00;0,00;0,00;0,00;0,00;2,89;2,88;3,24;2,01;0,00;0,00;1,99;0,00;0,00;0,00;0,00;0,00
3,69;3,51;2,92;0,97;0,97;0,92;0,00;0,00;0,00;2,75;1,85;2,51;0,97;1,03;1,00;0,00;0,00;0,00;1,71;1,05;1,81;2,34;0,00;0,00;0,00;0,00;4,45;4,73;4,55;4,66;4,71;3,40;4,63;3,62;2,70;0,00;0,00;0,00
1,58;1,53;0,86;0,00;0,00;0,00;0,00;0,00;0,00;0,00;0,00;0,00;0,00;0,00;0,00;0,00;0,00;0,00;0,00;0,00;0,00;0,00;0,00;0,00;0,00;0,00;1,38;1,37;1,93;1,33;2,05;0,00;0,00;0,00;0,00;0,00;0,00;0,00
3,99;4,01;2,75;1,54;1,95;0,00;0,00;0,00;0,00;3,84;3,14;3,38;1,96;1,62;1,59;0,00;0,00;0,00;3,34;3,09;3,46;3,99;0,00;0,00;0,00;0,00;5,52;5,41;5,48;5,49;6,14;6,45;5,69;5,61;5,49;0,00;3,47;2,60
0,00;0,00;0,00;0,00;0,00;0,00;0,00;0,00;0,00;0,00;0,00;0,00;0,00;0,00;0,00;0,00;0,00;0,00;0,00;0,00;0,00;0,00;0,00;0,00;0,00;0,00;2,89;3,40;3,44;3,10;2,87;0,00;2,80;2,73;0,00;0,00;0,00;0,00
1,58;1,94;1,40;0,00;0,00;0,00;0,00;0,00;0,00;0,97;0,00;0,00;0,00;0,00;0,00;0,00;0,00;0,00;0,00;0,00;0,00;0,00;0,00;0,00;0,00;0,00;2,54;1,37;2,38;2,01;0,00;0,00;0,00;1,93;0,00;0,00;0,00;0,00
2,58;1,53;2,10;0,00;0,00;0,00;0,00;0,00;0,00;0,97;0,00;0,00;0,00;0,00;0,00;0,00;0,00;0,00;0,00;0,00;0,00;0,00;0,00;0,00;0,00;0,00;2,54;2,06;1,93;2,47;2,87;2,89;3,31;3,24;2,70;0,00;0,00;0,00
3,16;2,93;1,79;0,00;0,00;0,00;0,00;0,00;0,00;0,00;0,00;0,00;0,00;0,00;0,00;0,00;0,00;0,00;0,00;0,00;0,00;0,00;0,00;0,00;0,00;0,00;1,38;1,37;1,93;1,33;3,39;0,00;3,31;3,24;2,70;0,00;0,00;0,00
2,99;2,74;1,40;0,00;0,00;0,00;0,00;0,00;0,00;0,00;0,00;0,00;0,00;0,00;0,00;0,00;0,00;0,00;0,00;0,00;0,00;0,00;0,00;0,00;0,00;0,00;0,00;0,00;1,27;1,33;2,05;0,00;1,99;1,93;0,00;0,00;0,00;0,00
0,00;0,00;0,00;0,00;0,00;0,00;0,00;0,00;0,00;0,00;0,00;0,00;0,00;0,00;0,00;0,00;0,00;0,00;0,00;0,00;0,00;0,00;0,00;0,00;0,00;0,00;0,00;0,00;0,00;0,00;0,00;0,00;0,00;0,00;0,00;0,00;0,00;0,00
0,00;0,00;0,00;0,00;0,00;0,00;0,00;0,00;0,00;0,00;0,00;0,00;0,00;0,00;0,00;0,00;0,00;0,00;0,00;0,00;0,00;0,00;0,00;0,00;0,00;0,00;0,00;0,00;0,00;0,00;0,00;0,00;0,00;0,00;0,00;0,00;0,00;0,00
2,80;2,93;2,75;3,11;3,53;3,18;3,88;3,90;3,40;0,97;0,00;0,96;0,97;1,62;1,59;1,02;0,96;1,04;0,00;1,05;0,00;0,00;0,91;0,96;0,92;1,00;0,00;0,00;1,93;0,00;0,00;0,00;0,00;0,00;0,00;0,00;0,00;0,00
1,99;1,53;1,79;0,00;0,00;0,00;0,00;0,00;0,00;0,97;0,00;0,96;0,00;0,00;0,00;0,00;0,00;0,00;0,00;0,00;0,00;1,23;0,00;0,00;0,00;0,00;2,07;2,06;2,38;2,47;3,39;2,89;3,31;2,73;0,00;0,00;0,00;0,00
0,00;0,00;0,00;0,00;0,00;0,00;0,00;0,00;0,00;0,00;0,00;0,00;0,00;0,00;0,00;0,00;0,00;0,00;0,00;0,00;0,00;0,00;0,00;0,00;0,00;0,00;2,54;2,53;3,01;2,82;0,00;2,07;1,99;1,93;0,00;0,00;0,00;0,00
1,99;2,26;0,86;0,00;0,97;0,00;0,89;0,95;0,90;0,00;0,00;0,00;0,97;0,00;1,00;1,02;0,00;0,00;0,00;0,00;0,00;0,00;0,00;0,00;0,00;0,00;2,07;2,06;1,93;1,33;2,05;0,00;0,00;1,93;0,00;0,00;0,00;0,00
4,80;4,68;4,25;1,54;1,95;1,88;3,26;3,61;3,14;3,94;3,14;4,09;0,97;1,62;2,01;3,74;3,52;3,65;2,48;2,40;2,25;2,96;3,73;3,73;3,93;4,09;5,99;5,78;5,73;5,76;5,59;5,61;5,51;5,53;3,58;0,00;0,00;0,00
1,00;0,96;0,86;0,00;0,00;0,00;0,00;0,00;0,00;0,00;0,00;0,00;0,00;0,00;0,00;0,00;0,00;0,00;0,00;0,00;0,00;0,00;0,00;0,00;0,00;0,00;1,38;1,37;1,93;1,33;2,05;0,00;0,00;0,00;0,00;0,00;0,00;0,00
0,00;0,00;0,00;0,00;0,00;0,00;0,00;0,00;0,00;0,00;0,00;0,00;0,00;0,00;0,00;0,00;0,00;0,00;0,00;0,00;0,00;0,00;0,00;0,00;0,00;0,00;2,54;2,06;2,38;2,47;0,00;0,00;0,00;0,00;0,00;0,00;0,00;0,00
1,00;0,96;0,00;0,00;0,00;0,00;0,00;0,00;0,00;0,97;0,00;0,96;0,00;0,00;0,00;0,00;0,00;0,00;0,00;0,00;0,00;0,00;0,00;0,00;0,00;0,00;2,89;2,88;3,44;2,47;2,87;0,00;1,99;0,00;0,00;0,00;0,00;0,00
1,00;1,53;2,10;0,00;0,00;0,00;0,00;0,00;0,00;1,54;0,00;1,93;0,00;0,00;0,00;0,00;0,00;0,00;0,00;0,00;0,00;1,23;0,00;0,00;0,00;0,00;2,89;2,53;2,38;2,47;3,39;3,40;3,69;2,73;2,70;0,00;0,00;0,00
0,00;0,96;0,00;0,00;0,00;0,00;0,00;0,00;0,00;0,00;0,00;0,00;0,00;0,00;0,00;0,00;0,00;0,00;0,00;0,00;0,00;0,00;0,00;0,00;0,00;0,00;0,00;0,00;2,38;2,01;0,00;0,00;0,00;0,00;0,00;0,00;0,00;0,00
2,32;1,94;0,00;0,00;0,00;0,00;0,00;0,00;0,00;0,00;0,00;0,00;0,00;0,00;0,00;0,00;0,00;0,00;0,00;0,00;0,00;0,00;0,00;0,00;0,00;0,00;4,09;3,60;3,91;3,72;3,77;0,00;3,31;3,62;0,00;0,00;0,00;0,00
2,32;2,52;1,79;0,00;0,00;0,00;0,00;0,00;0,00;0,97;0,00;0,00;0,00;0,00;0,00;0,00;0,00;0,00;0,00;0,00;0,00;0,00;0,00;0,00;0,00;0,00;2,54;2,53;2,38;2,01;3,39;2,07;2,80;2,73;0,00;0,00;0,00;0,00
0,00;0,00;0,00;0,00;0,00;0,00;0,00;0,00;0,00;0,00;0,00;0,00;0,00;0,00;0,00;0,00;0,00;0,00;0,00;0,00;0,00;0,00;0,00;0,00;0,00;0,00;2,89;3,16;3,01;3,10;3,39;0,00;1,99;1,93;0,00;0,00;0,00;0,00
0,00;0,00;0,00;0,00;0,00;0,00;0,00;0,00;0,00;0,00;0,00;0,00;0,00;0,00;0,00;0,00;0,00;0,00;0,00;0,00;0,00;0,00;0,00;0,00;0,00;0,00;0,00;0,00;0,00;0,00;0,00;0,00;0,00;0,00;0,00;0,00;0,00;0,00
2,99;3,10;2,75;0,97;0,00;0,00;0,00;0,00;0,00;1,54;1,46;1,93;0,00;0,00;0,00;0,00;0,00;0,00;0,00;0,00;1,17;1,23;0,00;0,00;0,00;0,00;3,79;3,94;4,27;4,02;4,07;4,09;3,99;3,62;2,70;0,00;0,00;0,00
2,58;2,26;1,79;0,00;0,00;0,00;0,00;0,00;0,00;0,97;0,00;0,96;0,00;0,00;0,00;0,00;0,00;0,00;0,00;0,00;0,00;1,23;0,00;0,00;0,00;0,00;3,41;3,40;3,01;3,10;3,77;2,07;1,99;0,00;0,00;0,00;0,00;0,00
1,99;2,26;0,00;0,00;0,00;0,00;0,00;0,00;0,00;0,00;0,00;0,00;0,00;0,00;0,00;0,00;0,00;0,00;0,00;0,00;0,00;0,00;0,00;0,00;0,00;0,00;0,00;0,00;0,00;0,00;0,00;0,00;0,00;0,00;0,00;0,00;0,00;0,00
0,00;0,00;0,00;0,00;0,00;0,00;0,89;0,95;0,90;0,00;0,00;0,00;0,00;0,00;0,00;0,00;0,00;0,00;0,00;0,00;0,00;0,00;0,00;0,00;0,00;0,00;2,07;2,06;1,93;2,01;0,00;0,00;0,00;0,00;0,00;0,00;0,00;0,00
0,00;0,00;0,00;0,00;0,00;0,00;0,00;0,00;0,00;0,00;0,00;0,00;0,00;0,00;0,00;0,00;0,00;0,00;0,00;0,00;0,00;0,00;0,00;0,00;0,00;0,00;2,54;2,06;3,44;2,82;3,39;2,07;1,99;0,00;0,00;0,00;0,00;0,00
0,00;0,00;0,00;0,00;0,00;0,00;0,00;0,00;0,00;0,00;0,00;0,00;0,00;0,00;0,00;0,00;0,00;0,00;0,00;0,00;0,00;1,23;0,00;0,00;0,00;0,00;2,07;3,16;2,73;3,10;3,39;2,07;2,80;3,24;0,00;0,00;0,00;0,00
0,00;0,00;0,00;0,00;0,00;0,00;2,62;2,24;1,85;0,00;0,90;0,00;0,00;0,00;0,00;0,00;0,00;0,00;0,00;0,00;0,00;0,00;0,00;0,00;0,00;0,00;0,00;0,00;0,00;0,00;0,00;0,00;0,00;0,00;2,70;4,27;4,41;3,48
0,00;0,00;0,00;0,00;0,00;0,00;0,00;0,00;0,00;0,00;0,00;0,00;0,00;0,00;0,00;0,00;0,00;0,00;0,00;0,00;0,00;0,00;0,00;0,00;0,00;0,00;0,00;0,00;0,00;0,00;0,00;0,00;0,00;0,00;0,00;0,00;0,00;0,00
1,00;0,96;2,10;0,00;0,00;1,48;0,00;0,00;0,00;0,00;0,00;0,00;0,00;0,00;0,00;0,00;0,00;0,00;0,00;0,00;0,00;0,00;0,00;0,00;0,00;0,00;0,00;0,00;0,00;0,00;0,00;0,00;0,00;0,00;0,00;0,00;0,00;0,00
1,58;1,53;2,10;2,53;2,27;3,31;2,81;1,92;2,42;0,97;0,00;0,00;0,00;0,00;0,00;0,00;0,00;0,00;0,00;0,00;0,00;0,00;0,91;0,00;0,92;1,58;0,00;0,00;0,00;0,00;0,00;0,00;0,00;0,00;2,70;0,00;3,47;2,60
1,00;0,00;0,00;0,97;1,95;2,19;0,89;1,92;1,45;0,00;0,90;0,00;0,00;1,03;1,00;0,00;0,00;0,00;0,00;0,00;0,00;0,00;0,00;0,96;0,00;1,58;0,00;0,00;0,00;0,00;0,00;0,00;0,00;0,00;0,00;0,00;0,00;0,00
3,99;3,83;4,37;4,74;4,58;5,09;3,80;3,81;4,39;1,95;1,46;2,25;0,00;1,03;1,00;1,61;0,00;0,00;0,00;1,05;0,00;0,00;0,00;0,00;0,00;0,00;0,00;0,00;0,00;0,00;0,00;0,00;0,00;0,00;0,00;0,00;0,00;0,00
2,32;2,74;2,10;2,27;1,54;0,92;0,00;0,00;0,00;0,00;0,00;0,00;0,00;0,00;0,00;0,00;0,00;0,00;0,00;0,00;1,17;0,00;0,00;0,00;0,00;0,00;0,00;0,00;0,00;0,00;0,00;0,00;0,00;0,00;0,00;0,00;0,00;0,00
4,64;4,57;5,18;5,29;5,19;5,43;3,96;4,43;4,71;2,53;2,64;1,93;0,00;0,00;1,00;0,00;0,00;0,00;0,00;0,00;0,00;0,00;0,00;0,00;0,00;0,00;0,00;0,00;0,00;0,00;0,00;0,00;0,00;0,00;0,00;0,00;0,00;0,00
3,69;3,51;3,44;2,53;2,53;2,45;0,00;0,00;0,00;0,97;0,00;0,00;1,55;0,00;1,00;0,00;0,00;0,00;1,10;1,65;1,17;0,00;0,91;0,00;0,92;0,00;0,00;0,00;0,00;0,00;0,00;0,00;0,00;0,00;0,00;0,00;0,00;0,00
0,00;0,00;0,00;0,00;0,00;0,00;0,00;0,00;0,00;0,00;0,00;0,00;0,00;0,00;0,00;0,00;0,00;0,00;0,00;0,00;0,00;0,00;0,00;0,00;0,00;0,00;0,00;0,00;0,00;0,00;0,00;0,00;0,00;0,00;0,00;0,00;0,00;0,00
1,00;0,96;1,79;0,00;0,00;0,00;0,00;0,00;0,00;0,00;0,00;0,00;0,00;0,00;0,00;0,00;0,00;0,00;0,00;0,00;0,00;0,00;0,00;0,00;0,00;0,00;0,00;0,00;0,00;0,00;0,00;0,00;0,00;0,00;0,00;0,00;0,00;0,00
1,58;1,53;1,79;4,39;4,19;4,24;4,74;4,76;4,13;2,53;2,42;2,25;3,94;4,30;4,01;3,50;3,10;3,52;2,48;2,67;3,28;1,89;2,43;2,74;2,44;2,32;0,00;0,00;0,00;0,00;0,00;0,00;0,00;0,00;0,00;0,00;4,41;0,00
0,00;0,00;0,00;2,53;2,27;1,88;2,15;2,50;1,85;2,27;2,16;2,25;2,54;2,63;3,01;1,02;1,54;1,63;0,00;1,65;0,00;0,00;0,91;2,26;1,47;0,00;0,00;0,00;0,00;0,00;0,00;0,00;0,00;0,00;0,00;0,00;0,00;0,00
0,00;0,00;0,00;0,00;0,97;0,92;2,15;2,50;2,64;0,00;0,00;0,00;0,00;0,00;0,00;0,00;0,00;0,00;0,00;0,00;0,00;0,00;0,00;0,00;0,00;0,00;0,00;0,00;0,00;0,00;0,00;0,00;0,00;0,00;0,00;0,00;0,00;0,00
3,80;3,83;3,64;4,11;4,26;4,37;4,04;3,90;4,13;3,64;3,72;3,38;3,94;3,63;3,71;3,85;3,63;3,87;3,63;4,09;3,09;1,89;3,73;4,01;3,75;2,58;0,00;0,00;0,00;0,00;0,00;0,00;0,00;0,00;0,00;0,00;0,00;0,00
1,99;1,94;0,86;0,00;0,00;0,00;0,00;0,00;0,00;0,00;0,00;0,96;0,00;0,00;0,00;0,00;0,00;0,00;0,00;0,00;0,00;0,00;0,00;0,00;0,00;0,00;3,61;3,78;3,91;4,02;3,39;0,00;0,00;0,00;0,00;0,00;0,00;0,00
4,64;4,45;5,04;4,79;4,75;4,49;4,60;5,07;5,01;3,64;3,90;3,09;4,03;3,85;4,09;3,04;3,39;3,39;1,10;2,40;1,17;0,00;2,64;2,26;2,85;1,58;0,00;1,37;0,00;0,00;0,00;0,00;0,00;0,00;0,00;0,00;0,00;0,00
6,14;6,24;6,55;6,70;6,45;6,32;5,40;5,45;4,71;4,74;4,89;4,31;2,54;3,04;3,47;0,00;0,00;0,00;2,97;3,26;2,58;3,39;0,91;1,53;0,92;0,00;0,00;0,00;0,00;0,00;0,00;0,00;0,00;0,00;0,00;0,00;0,00;0,00
1,99;1,94;2,10;1,95;1,95;1,88;1,44;0,00;1,85;1,95;1,85;1,93;1,55;1,62;2,01;1,02;1,54;1,04;0,00;0,00;1,17;1,23;0,00;0,96;0,00;0,00;0,00;0,00;0,00;0,00;0,00;0,00;0,00;0,00;0,00;0,00;0,00;0,00
3,16;2,93;3,44;3,64;3,53;3,85;3,26;3,49;3,72;3,75;3,28;3,24;3,53;3,37;3,33;2,84;2,74;3,06;1,71;2,40;2,86;2,68;1,86;1,94;2,19;2,32;0,00;0,00;0,00;0,00;2,87;4,34;3,69;4,56;5,08;7,37;5,37;5,83
2,58;2,74;2,57;2,75;3,11;3,76;2,81;2,91;3,14;2,53;2,64;2,51;2,28;2,85;2,59;1,61;1,54;1,63;0,00;0,00;0,00;1,89;0,91;1,53;1,87;2,00;0,00;0,00;0,00;0,00;0,00;2,07;2,80;3,24;3,58;3,72;4,72;3,48
2,32;2,52;2,35;2,27;2,75;2,86;2,62;2,50;2,64;2,53;2,42;2,51;2,28;2,63;2,01;1,61;1,54;1,63;1,10;1,65;0,00;1,89;0,91;1,53;1,47;2,32;0,00;0,00;0,00;0,00;2,05;0,00;2,80;2,73;3,58;3,72;4,41;2,60
1,99;1,94;2,35;2,75;2,75;3,18;2,81;2,50;3,40;2,27;2,16;1,93;2,54;2,04;2,01;2,03;1,94;2,05;1,71;2,08;2,25;1,89;0,91;1,94;1,87;2,00;0,00;0,00;0,00;0,00;2,05;0,00;3,31;3,24;4,13;5,23;4,41;4,97
1,00;1,53;1,40;1,95;2,27;2,19;1,84;1,92;2,83;1,95;1,85;1,93;1,96;2,04;2,01;1,02;0,96;1,04;0,00;1,05;0,00;1,89;0,00;0,96;0,92;1,58;0,00;0,00;0,00;0,00;0,00;2,07;0,00;1,93;2,70;0,00;4,02;2,60
1,99;1,53;2,10;2,53;2,27;3,18;2,81;2,91;2,99;1,54;1,46;1,53;1,55;1,62;1,59;1,02;0,96;1,04;0,00;1,05;1,17;1,23;0,91;0,96;0,92;1,00;0,00;0,00;0,00;0,00;0,00;0,00;0,00;0,00;2,70;0,00;2,60;2,60
3,16;2,74;2,75;0,00;0,00;0,00;0,00;0,00;0,00;1,54;0,00;0,96;0,00;0,00;0,00;0,00;0,00;0,00;0,00;0,00;0,00;0,00;0,00;0,00;0,00;0,00;5,12;5,41;5,34;5,34;3,77;0,00;1,99;1,93;0,00;0,00;0,00;0,00
0,00;0,00;0,00;0,00;0,00;0,00;0,00;0,00;0,00;0,00;0,00;0,00;0,00;0,00;0,00;0,00;0,00;0,00;0,00;0,00;0,00;0,00;0,00;0,00;0,00;0,00;0,00;0,00;0,00;0,00;0,00;0,00;0,00;0,00;0,00;0,00;0,00;0,00
0,00;0,00;1,40;0,00;0,00;0,00;1,84;1,52;2,42;0,00;0,00;0,00;0,00;0,00;0,00;0,00;0,00;0,00;0,00;0,00;0,00;0,00;0,00;0,00;0,00;0,00;0,00;0,00;0,00;0,00;0,00;0,00;0,00;0,00;0,00;0,00;0,00;0,00
1,00;0,96;0,00;0,97;0,00;0,00;0,00;0,00;0,00;1,95;1,46;1,53;0,00;1,03;0,00;0,00;0,00;0,00;0,00;0,00;0,00;0,00;0,00;0,00;0,00;0,00;2,54;2,53;2,73;2,47;0,00;0,00;0,00;0,00;0,00;0,00;0,00;0,00
0,00;0,00;0,00;0,00;0,00;2,19;3,88;3,08;3,98;0,00;0,90;2,51;0,00;0,00;0,00;3,95;4,10;4,15;0,00;0,00;0,00;0,00;4,34;4,56;4,36;4,81;2,54;2,88;3,01;3,54;2,05;2,07;2,80;3,24;3,58;0,00;0,00;0,00
0,00;0,00;0,00;1,95;1,95;2,67;2,81;2,91;2,83;1,54;2,99;2,73;4,03;3,95;3,81;4,63;4,68;4,59;0,00;0,00;1,81;1,89;5,43;5,05;4,92;5,39;0,00;0,00;0,00;0,00;0,00;0,00;0,00;2,73;0,00;0,00;2,60;0,00
1,58;0,96;0,00;3,26;3,40;2,67;3,39;3,23;2,64;0,00;0,00;0,00;0,00;0,00;0,00;1,02;0,00;1,04;1,71;1,05;2,25;2,96;0,00;0,00;0,00;0,00;0,00;0,00;0,00;0,00;0,00;0,00;1,99;0,00;0,00;0,00;0,00;0,00
4,32;4,10;4,19;5,49;5,49;5,46;4,96;5,22;4,97;5,58;5,51;5,24;4,70;4,86;4,86;4,29;3,74;4,24;4,43;4,96;4,39;4,88;3,63;3,38;3,43;1,58;1,38;2,06;2,38;2,01;0,00;0,00;0,00;0,00;0,00;0,00;0,00;0,00
0,00;0,00;0,00;2,94;3,11;2,67;2,81;2,91;2,16;0,00;0,00;0,00;0,97;1,03;1,00;0,00;0,00;1,04;0,00;0,00;0,00;0,00;0,00;0,96;0,92;2,32;0,00;0,00;0,00;0,00;0,00;0,00;1,99;1,93;0,00;0,00;0,00;0,00
1,58;1,53;0,86;0,00;0,00;0,00;0,00;0,00;0,00;0,00;0,00;0,00;0,00;0,00;0,00;0,00;0,00;0,00;0,00;0,00;0,00;0,00;0,00;0,00;0,00;0,00;3,41;2,53;3,01;2,47;0,00;0,00;0,00;0,00;0,00;0,00;0,00;0,00
3,32;3,10;2,10;4,02;3,64;3,18;4,74;5,03;4,33;2,75;3,72;4,31;3,85;4,22;4,01;5,09;4,88;4,82;0,00;1,05;2,25;2,34;5,24;5,34;5,00;5,04;3,79;3,78;3,77;3,88;2,87;2,07;2,80;1,93;0,00;0,00;0,00;0,00
1,00;1,94;1,79;0,00;0,00;0,00;0,00;0,00;0,00;2,27;1,46;2,25;0,00;0,00;0,00;0,00;0,00;0,00;0,00;0,00;0,00;1,89;0,00;1,53;1,47;1,00;2,89;3,40;2,73;3,10;4,53;3,79;4,45;4,37;3,58;2,83;2,60;2,60
5,35;5,38;4,81;7,27;7,33;7,35;7,92;7,80;7,51;7,17;7,22;7,48;7,96;8,14;8,08;8,59;8,49;8,47;9,52;9,33;9,61;9,75;6,65;6,58;6,53;7,15;2,07;2,53;2,38;2,01;0,00;3,79;6,05;6,90;6,47;7,01;6,60;6,27
5,61;5,48;5,45;7,21;7,22;7,27;7,55;7,43;7,33;7,09;7,15;7,25;7,76;7,79;7,84;7,83;7,88;7,88;8,86;8,77;9,08;9,08;6,75;6,50;6,65;6,99;0,00;0,00;0,00;0,00;2,87;4,09;6,29;6,72;6,86;6,53;6,74;6,88
0,00;0,00;0,00;0,00;0,00;0,00;0,00;0,00;0,00;0,00;0,00;0,00;0,00;0,00;0,00;0,00;0,00;0,00;0,00;0,00;0,00;0,00;0,00;0,00;0,00;0,00;0,00;0,00;0,00;0,00;0,00;0,00;0,00;0,00;0,00;0,00;0,00;0,00
3,45;3,51;2,35;0,00;0,00;0,92;1,44;0,95;2,64;1,54;0,00;0,96;0,00;0,00;0,00;0,00;0,00;0,00;0,00;0,00;0,00;0,00;0,00;0,00;0,00;0,00;4,65;4,89;4,64;4,57;2,05;0,00;1,99;0,00;0,00;0,00;0,00;0,00
1,99;2,52;2,75;0,00;0,00;0,00;0,89;1,52;2,16;0,97;1,46;0,96;0,00;0,00;0,00;0,00;0,00;0,00;0,00;0,00;0,00;0,00;0,00;1,94;0,92;0,00;2,89;2,53;2,38;2,01;0,00;0,00;0,00;0,00;0,00;0,00;0,00;0,00
2,32;1,53;1,40;0,00;0,00;0,00;0,89;0,00;0,00;1,54;1,46;1,53;1,96;2,36;2,01;0,00;0,00;0,00;1,10;2,08;2,25;1,89;0,91;0,00;0,00;0,00;0,00;0,00;0,00;0,00;0,00;0,00;1,99;0,00;3,58;2,83;3,47;4,02
2,32;0,96;3,07;0,00;0,00;0,00;0,00;0,00;0,00;2,53;2,64;1,53;0,00;0,00;0,00;0,00;0,00;0,00;0,00;0,00;0,00;0,00;0,00;0,00;0,00;0,00;0,00;0,00;0,00;0,00;0,00;0,00;0,00;0,00;0,00;0,00;0,00;0,00
4,08;4,01;3,82;3,94;3,94;3,55;4,88;4,55;3,81;1,54;1,46;1,93;0,00;0,00;1,00;1,61;0,96;1,63;1,71;3,09;2,86;1,23;0,91;0,00;0,00;0,00;0,00;0,00;0,00;0,00;0,00;0,00;0,00;0,00;0,00;3,72;4,02;3,48
3,16;3,25;3,98;3,84;3,40;4,24;4,74;5,03;5,05;1,54;2,16;2,51;4,34;4,22;4,18;4,29;4,18;4,07;0,00;1,05;1,81;0,00;4,57;4,62;4,64;3,70;0,00;0,00;0,00;0,00;0,00;0,00;0,00;0,00;0,00;0,00;0,00;0,00
4,45;4,63;3,20;4,84;4,85;4,02;5,49;5,42;4,66;2,53;3,40;3,82;4,64;4,57;4,33;5,13;5,10;5,07;0,00;0,00;1,17;1,23;5,30;5,41;5,39;5,61;5,05;4,81;5,12;5,17;5,02;3,79;5,07;4,87;2,70;4,27;4,41;3,48
2,99;2,93;2,10;3,11;3,11;1,48;1,84;1,92;1,45;0,00;0,00;0,00;0,00;0,00;0,00;0,00;0,00;0,00;0,00;0,00;0,00;0,00;0,00;0,00;0,00;0,00;0,00;0,00;0,00;0,00;0,00;0,00;0,00;0,00;0,00;0,00;0,00;0,00
0,00;0,00;0,00;1,95;1,54;3,55;3,50;3,23;3,28;0,00;0,00;0,00;0,00;0,00;0,00;0,00;0,00;0,00;0,00;0,00;0,00;0,00;0,00;0,00;0,00;0,00;0,00;0,00;0,00;0,00;0,00;0,00;0,00;0,00;0,00;0,00;0,00;0,00
1,00;0,96;2,35;4,18;4,46;4,80;4,49;4,55;4,81;1,95;2,99;2,51;2,95;3,04;3,33;0,00;0,00;1,63;0,00;0,00;0,00;1,89;0,91;0,00;0,92;1,00;0,00;0,00;0,00;0,00;2,05;0,00;0,00;0,00;0,00;0,00;0,00;0,00
2,32;1,94;1,40;0,00;0,00;0,00;0,00;0,00;0,00;0,00;0,00;0,00;0,00;0,00;0,00;0,00;0,00;0,00;0,00;0,00;0,00;0,00;0,91;0,96;0,00;0,00;2,89;2,06;2,73;2,82;0,00;0,00;0,00;0,00;0,00;0,00;0,00;0,00
2,32;2,52;3,44;1,54;1,54;1,88;1,44;1,92;2,42;2,75;2,64;2,25;1,55;2,36;2,01;2,03;1,94;2,05;1,71;2,40;2,58;2,96;0,00;0,96;0,00;0,00;1,38;2,53;1,93;2,01;0,00;0,00;0,00;0,00;0,00;0,00;0,00;0,00
1,58;2,26;2,75;1,54;0,00;0,00;0,89;0,00;1,45;1,54;0,90;0,00;1,55;1,62;1,59;0,00;1,94;2,05;0,00;0,00;0,00;1,23;1,86;1,53;2,44;2,58;0,00;0,00;0,00;0,00;0,00;0,00;0,00;0,00;0,00;0,00;0,00;0,00
0,00;0,00;0,00;0,00;0,00;0,00;0,00;0,00;0,00;0,00;0,00;0,00;0,00;0,00;0,00;0,00;0,00;0,00;0,00;0,00;0,00;0,00;0,00;0,00;0,00;0,00;0,00;0,00;0,00;0,00;0,00;0,00;0,00;0,00;0,00;0,00;0,00;0,00
1,99;1,94;0,86;2,75;2,95;2,67;3,39;3,08;2,99;2,27;2,16;2,51;3,12;2,85;2,33;3,21;3,10;2,87;2,48;1,65;2,58;1,89;3,29;3,10;3,17;3,32;0,00;0,00;0,00;0,00;0,00;0,00;0,00;0,00;0,00;2,83;3,47;2,60
3,99;3,51;3,90;4,79;4,69;5,09;5,51;5,39;5,61;4,74;4,62;4,56;4,53;4,63;4,47;4,74;4,84;4,98;2,75;4,27;2,25;1,23;3,15;4,24;4,23;1,00;3,17;3,40;4,27;3,88;0,00;0,00;0,00;0,00;0,00;0,00;0,00;0,00
0,00;0,00;0,00;0,00;0,00;0,00;0,00;0,00;0,00;0,00;0,00;0,00;0,00;0,00;0,00;0,00;0,00;0,00;0,00;0,00;0,00;0,00;0,00;0,00;0,00;0,00;3,17;3,16;3,24;3,54;0,00;0,00;0,00;0,00;0,00;0,00;0,00;0,00
2,80;2,52;2,10;2,27;1,95;1,48;2,41;2,24;2,42;1,95;2,16;1,53;0,00;1,03;1,59;0,00;0,96;0,00;0,00;0,00;0,00;0,00;1,46;0,00;1,47;0,00;3,79;3,16;3,77;3,72;0,00;0,00;0,00;0,00;0,00;0,00;0,00;0,00
1,00;1,53;1,40;0,00;0,00;0,00;0,00;0,00;0,00;0,00;0,00;0,00;0,00;0,00;0,00;0,00;0,00;0,00;0,00;0,00;0,00;0,00;0,00;0,00;0,00;0,00;0,00;0,00;0,00;0,00;0,00;0,00;0,00;0,00;0,00;0,00;0,00;0,00
3,99;4,10;3,73;3,84;3,85;3,44;1,84;2,50;2,42;2,94;3,14;3,24;0,97;1,03;2,01;1,02;2,26;2,05;1,71;2,67;1,17;2,34;0,91;1,53;0,92;0,00;0,00;0,00;0,00;0,00;0,00;0,00;0,00;0,00;0,00;0,00;0,00;0,00
0,00;0,00;0,86;1,54;1,95;2,19;1,44;2,50;2,16;0,97;1,46;0,96;0,97;1,03;1,59;1,02;0,00;1,04;0,00;0,00;0,00;0,00;0,00;0,00;0,00;0,00;0,00;0,00;0,00;0,00;0,00;0,00;0,00;0,00;0,00;0,00;0,00;0,00
0,00;0,00;0,00;0,00;0,00;0,00;0,00;0,00;0,90;0,00;0,00;0,00;0,00;0,00;0,00;0,00;0,00;0,00;0,00;0,00;0,00;0,00;0,00;0,00;0,00;0,00;1,38;2,06;2,38;1,33;2,05;2,07;1,99;0,00;0,00;0,00;0,00;0,00
1,58;1,94;0,00;0,00;0,00;0,00;0,00;0,00;0,00;0,00;0,00;0,00;0,00;0,00;0,00;0,00;0,00;0,00;0,00;0,00;0,00;0,00;0,00;0,00;0,00;0,00;4,09;3,94;4,27;3,72;2,87;2,07;1,99;0,00;0,00;0,00;0,00;0,00
2,32;2,26;2,57;2,27;2,75;2,67;2,98;2,72;2,99;2,75;1,85;1,53;0,00;0,00;1,59;1,02;0,00;0,00;0,00;1,65;1,17;1,23;0,00;0,00;0,00;0,00;2,07;1,37;1,93;2,47;2,87;0,00;0,00;0,00;0,00;0,00;0,00;0,00
2,32;2,74;1,40;0,00;0,00;0,00;0,00;0,00;0,00;0,97;0,00;0,00;0,00;0,00;0,00;0,00;0,00;0,00;0,00;0,00;0,00;0,00;0,00;0,00;0,00;0,00;4,34;4,21;4,64;4,57;2,87;0,00;0,00;0,00;0,00;0,00;0,00;0,00
1,00;2,26;2,57;2,94;2,75;3,85;3,26;3,49;3,28;2,75;2,42;2,92;2,54;3,21;2,81;2,62;2,94;2,38;2,48;2,67;2,86;2,34;1,86;2,26;2,66;2,32;0,00;0,00;0,00;0,00;3,39;3,40;4,45;3,92;5,80;6,22;5,69;5,83
0,00;0,00;0,00;0,00;0,00;0,00;0,00;0,00;0,00;1,54;1,85;0,00;0,00;0,00;0,00;0,00;0,00;0,00;0,00;0,00;1,17;0,00;0,00;0,00;0,00;0,00;0,00;0,00;0,00;0,00;0,00;0,00;0,00;1,93;0,00;0,00;0,00;0,00
0,00;0,00;0,00;0,00;0,00;0,00;0,00;0,95;0,90;0,97;1,46;0,96;0,00;0,00;0,00;0,00;0,00;0,00;0,00;0,00;0,00;0,00;0,00;0,00;0,00;0,00;0,00;0,00;0,00;0,00;0,00;0,00;0,00;0,00;0,00;0,00;0,00;0,00
0,00;0,96;0,00;0,97;0,00;0,92;1,84;2,24;2,64;1,54;1,46;0,96;0,00;1,03;0,00;0,00;0,00;0,00;0,00;0,00;0,00;0,00;0,91;1,94;1,87;2,32;0,00;0,00;0,00;0,00;0,00;0,00;0,00;0,00;0,00;0,00;0,00;0,00
1,99;2,74;2,10;0,00;0,00;0,00;0,00;0,00;0,00;2,53;2,42;2,51;0,97;0,00;0,00;0,00;0,00;0,00;2,15;2,08;2,25;1,89;0,00;0,00;0,00;0,00;0,00;0,00;0,00;0,00;0,00;0,00;0,00;0,00;0,00;0,00;0,00;0,00
0,00;0,00;0,00;0,00;0,00;0,00;1,44;0,95;1,45;0,00;0,00;0,00;0,00;0,00;0,00;1,02;0,00;0,00;0,00;0,00;0,00;0,00;0,00;0,00;0,00;0,00;0,00;0,00;0,00;0,00;0,00;0,00;0,00;0,00;0,00;0,00;0,00;0,00
0,00;0,00;0,00;0,00;0,00;0,00;2,41;3,08;3,14;0,00;0,00;0,00;0,00;1,03;1,00;0,00;0,00;0,00;0,00;0,00;0,00;0,00;0,00;0,00;0,00;0,00;0,00;0,00;0,00;0,00;0,00;0,00;0,00;0,00;0,00;0,00;0,00;0,00
3,16;2,93;3,98;0,00;0,00;0,00;0,00;0,00;0,00;2,27;2,16;1,53;0,00;0,00;0,00;0,00;0,00;0,00;0,00;0,00;1,17;1,23;0,00;0,00;0,00;0,00;0,00;2,06;1,27;1,33;0,00;0,00;0,00;0,00;0,00;0,00;0,00;0,00
2,99;2,74;3,07;3,26;2,95;3,85;4,49;4,07;4,45;3,64;3,62;3,50;3,65;4,30;4,01;3,04;3,39;3,77;1,71;2,08;2,25;1,89;3,00;4,24;3,75;3,00;0,00;0,00;0,00;0,00;0,00;0,00;0,00;0,00;0,00;0,00;3,47;2,60
2,58;2,52;2,75;3,64;3,11;1,88;0,89;0,00;0,90;0,00;0,00;0,00;0,00;0,00;0,00;1,02;0,00;0,00;0,00;0,00;0,00;0,00;0,00;0,00;0,92;0,00;0,00;0,00;0,00;0,00;0,00;0,00;0,00;0,00;0,00;0,00;0,00;0,00
1,99;2,26;2,10;0,00;0,97;1,48;0,00;0,00;0,00;1,54;1,85;1,53;0,00;0,00;1,00;0,00;0,00;0,00;1,10;1,65;1,81;2,34;0,00;0,00;0,00;0,00;2,89;2,88;2,38;2,01;4,07;4,34;3,99;3,62;4,52;3,72;3,47;3,48
2,58;2,52;2,92;0,00;0,97;0,92;0,00;0,00;0,00;1,54;1,46;0,96;0,00;0,00;0,00;0,00;0,00;0,00;0,00;0,00;0,00;1,23;0,00;0,00;0,00;0,00;2,89;3,16;3,01;3,34;4,53;4,90;4,63;4,72;3,58;0,00;0,00;0,00
0,00;0,00;0,00;0,00;0,00;0,00;0,00;0,00;0,00;0,00;0,00;0,00;0,00;0,00;0,00;0,00;0,00;0,00;0,00;0,00;0,00;0,00;0,00;0,00;0,00;0,00;2,07;2,53;3,01;2,01;0,00;0,00;0,00;0,00;0,00;0,00;0,00;0,00
0,00;0,00;0,00;0,00;0,00;0,00;0,00;0,00;0,00;0,00;0,00;0,00;0,00;0,00;0,00;0,00;0,00;0,00;0,00;0,00;0,00;0,00;0,00;0,00;0,00;0,00;2,54;2,53;2,38;2,47;0,00;0,00;1,99;0,00;0,00;0,00;0,00;0,00
0,00;0,96;1,40;0,97;0,97;0,92;0,00;0,00;0,00;0,00;0,00;0,00;0,00;0,00;0,00;0,00;0,00;0,00;0,00;0,00;0,00;0,00;0,00;0,00;0,00;0,00;0,00;0,00;0,00;0,00;0,00;0,00;0,00;0,00;0,00;0,00;0,00;0,00
0,00;0,96;1,40;0,97;0,97;0,00;0,00;0,00;0,00;0,00;0,00;0,00;0,00;0,00;0,00;0,00;0,00;0,00;0,00;0,00;0,00;0,00;0,00;0,00;0,00;0,00;0,00;0,00;0,00;0,00;0,00;0,00;0,00;0,00;0,00;0,00;0,00;0,00
3,90;3,83;3,82;2,75;3,11;3,55;3,88;4,36;4,27;2,53;3,52;4,00;0,00;0,00;0,00;4,50;4,57;4,53;0,00;1,05;0,00;0,00;4,77;5,05;4,83;5,09;4,34;4,21;4,04;4,15;2,05;0,00;0,00;1,93;0,00;0,00;0,00;0,00
2,99;2,52;3,07;2,94;3,11;3,55;4,49;4,43;4,66;3,52;3,90;4,09;4,11;4,22;4,18;5,40;5,60;5,35;2,75;3,55;2,58;3,56;5,86;5,62;5,81;5,61;4,09;3,16;3,24;2,82;3,77;2,89;3,99;3,92;2,70;4,27;2,60;3,48
0,00;0,00;0,00;0,00;0,00;0,00;0,00;0,00;0,00;0,00;0,00;0,00;0,00;0,00;0,00;0,00;0,00;0,00;0,00;0,00;0,00;0,00;0,00;0,00;0,00;0,00;2,07;2,06;1,93;2,47;0,00;0,00;0,00;0,00;0,00;0,00;0,00;0,00
1,00;0,96;1,40;0,97;0,00;0,00;0,00;0,00;0,00;1,95;1,46;0,96;0,00;0,00;0,00;0,00;0,00;0,00;0,00;1,05;0,00;0,00;0,00;0,00;0,00;0,00;0,00;0,00;0,00;0,00;0,00;0,00;0,00;0,00;0,00;0,00;0,00;0,00
4,64;4,83;4,93;5,52;5,64;5,75;5,37;5,33;5,36;5,06;5,05;4,77;5,23;5,33;5,25;4,63;4,39;4,65;4,83;4,96;5,12;5,28;3,29;4,01;3,84;3,46;2,07;2,88;2,73;1,33;0,00;0,00;0,00;3,92;2,70;0,00;3,47;0,00
1,00;0,96;1,40;0,00;0,97;0,92;0,00;0,00;1,45;0,97;1,46;0,96;0,00;0,00;0,00;0,00;0,00;0,00;0,00;0,00;0,00;0,00;0,00;0,00;0,00;0,00;0,00;0,00;1,27;0,00;0,00;0,00;0,00;0,00;0,00;0,00;0,00;0,00
0,00;0,00;1,40;0,00;0,00;0,00;0,00;0,00;0,00;0,00;0,90;0,00;0,00;0,00;0,00;0,00;0,00;0,00;0,00;0,00;0,00;0,00;0,00;0,00;0,00;0,00;0,00;0,00;0,00;0,00;0,00;0,00;0,00;0,00;0,00;0,00;0,00;0,00
1,99;1,94;1,79;3,11;2,95;2,86;2,98;3,61;3,52;2,53;2,42;2,92;1,96;1,62;1,59;0,00;0,00;0,00;0,00;0,00;0,00;0,00;0,00;0,00;0,00;0,00;0,00;0,00;0,00;0,00;0,00;0,00;0,00;0,00;0,00;0,00;0,00;0,00
0,00;0,00;0,00;0,00;0,00;0,00;0,89;0,95;2,16;0,97;1,46;0,96;0,97;1,03;0,00;0,00;0,96;0,00;0,00;0,00;0,00;0,00;0,91;0,00;0,00;0,00;0,00;0,00;0,00;0,00;0,00;0,00;0,00;0,00;0,00;0,00;0,00;0,00
0,00;0,00;0,00;2,53;2,75;3,31;3,88;3,99;3,98;0,00;2,16;2,92;2,54;2,63;2,59;3,62;3,84;3,97;0,00;0,00;0,00;0,00;4,62;4,09;4,23;4,46;0,00;0,00;0,00;0,00;0,00;0,00;0,00;0,00;0,00;0,00;0,00;0,00
0,00;0,00;0,00;0,00;0,00;0,00;2,62;3,37;0,00;0,00;0,00;0,00;0,00;0,00;0,00;0,00;0,00;0,00;0,00;0,00;0,00;0,00;0,00;0,00;0,00;0,00;0,00;0,00;0,00;0,00;0,00;0,00;0,00;0,00;0,00;0,00;0,00;0,00
5,08;5,09;5,48;5,14;5,07;4,97;4,11;4,30;4,39;5,39;5,33;5,27;4,19;4,22;4,47;3,04;3,26;3,23;4,18;4,62;4,11;4,32;1,46;1,94;1,87;1,58;0,00;0,00;0,00;0,00;0,00;0,00;0,00;1,93;0,00;0,00;0,00;0,00
1,58;0,96;0,86;1,95;2,27;2,45;2,15;2,24;3,14;2,94;3,14;2,92;1,96;2,04;2,01;0,00;1,54;1,04;1,71;2,08;1,17;2,34;0,91;1,53;1,87;0,00;0,00;1,37;1,27;1,33;0,00;0,00;0,00;0,00;0,00;0,00;0,00;0,00
5,28;5,17;4,72;6,06;5,89;5,54;6,14;5,99;5,42;3,26;2,42;3,24;4,11;4,13;4,25;3,62;3,63;3,87;0,00;0,00;0,00;0,00;4,14;3,73;4,09;4,58;4,22;2,06;2,73;3,54;3,39;2,07;3,31;3,24;4,83;0,00;2,60;0,00
0,00;0,00;0,00;2,94;2,53;0,00;2,81;2,24;0,00;0,00;0,00;0,00;0,00;0,00;0,00;0,00;0,00;0,00;0,00;0,00;0,00;0,00;0,00;0,00;0,00;0,00;0,00;0,00;0,00;0,00;0,00;0,00;0,00;0,00;0,00;0,00;0,00;0,00
7,05;6,97;6,55;7,81;7,90;7,70;8,70;8,43;8,62;6,55;6,48;6,74;7,79;7,65;7,54;7,59;7,88;7,62;7,41;6,93;7,25;6,64;8,19;7,96;8,11;8,68;3,95;3,16;3,44;1,33;5,59;6,86;6,83;7,46;7,98;8,95;8,07;8,34
0,00;0,00;0,00;0,00;0,00;0,00;0,00;0,00;0,00;0,00;0,00;0,00;0,00;0,00;0,00;0,00;0,00;0,00;0,00;0,00;0,00;0,00;0,00;0,00;0,00;0,00;0,00;0,00;0,00;0,00;0,00;0,00;0,00;0,00;0,00;0,00;0,00;0,00
0,00;0,00;0,00;0,00;0,00;0,00;2,81;3,08;0,90;0,00;0,00;0,00;0,00;0,00;0,00;3,04;2,26;3,06;2,75;2,08;2,25;0,00;2,43;2,26;2,44;3,32;0,00;0,00;0,00;0,00;0,00;0,00;0,00;0,00;0,00;0,00;0,00;0,00
0,00;0,00;0,00;0,00;0,00;0,00;0,00;0,00;0,00;0,00;0,00;0,00;0,00;0,00;0,00;0,00;0,00;0,00;0,00;0,00;0,00;0,00;0,00;0,00;0,00;0,00;0,00;0,00;0,00;0,00;0,00;0,00;0,00;0,00;0,00;0,00;0,00;0,00
5,42;5,32;4,81;6,89;6,82;6,30;5,34;5,51;5,26;3,11;3,62;3,62;5,03;5,05;5,33;4,50;4,57;4,65;5,40;5,53;5,74;5,92;1,46;1,53;1,47;2,32;0,00;0,00;0,00;0,00;0,00;3,40;3,69;5,00;5,30;5,96;5,82;5,38
4,16;4,17;4,37;3,84;3,64;3,44;1,84;1,52;1,85;2,53;3,14;2,25;0,00;1,03;1,00;0,00;0,00;0,00;0,00;1,65;0,00;0,00;0,00;0,00;0,00;0,00;0,00;0,00;0,00;0,00;0,00;0,00;0,00;0,00;0,00;0,00;0,00;0,00
3,58;3,73;3,54;3,40;3,27;3,44;3,50;3,49;3,40;0,97;3,14;3,38;3,65;3,63;3,71;4,04;4,10;4,15;0,00;0,00;0,00;1,23;4,34;4,31;4,01;4,52;0,00;0,00;0,00;0,00;0,00;0,00;0,00;0,00;0,00;0,00;0,00;0,00
0,00;0,00;0,00;0,00;0,00;0,00;0,89;1,52;1,85;0,00;0,00;0,00;0,00;0,00;0,00;0,00;0,00;0,00;0,00;0,00;0,00;0,00;0,00;0,96;0,92;1,00;0,00;0,00;0,00;0,00;0,00;0,00;0,00;0,00;0,00;0,00;0,00;0,00
0,00;0,00;0,00;2,27;2,27;1,48;2,98;3,37;2,64;0,00;0,00;0,96;0,00;0,00;0,00;2,62;2,26;2,64;0,00;0,00;0,00;0,00;2,43;2,26;2,66;3,00;0,00;0,00;0,00;0,00;0,00;0,00;0,00;0,00;0,00;0,00;0,00;0,00
1,58;1,94;0,00;2,27;2,53;0,00;2,62;2,72;1,85;0,00;0,00;0,00;0,00;0,00;0,00;0,00;0,00;0,00;0,00;0,00;0,00;0,00;0,00;0,00;0,00;0,00;0,00;0,00;0,00;0,00;0,00;0,00;0,00;0,00;0,00;0,00;0,00;0,00
0,00;0,00;0,00;0,00;0,00;0,00;1,84;1,92;0,00;0,00;0,00;0,00;0,00;0,00;0,00;0,00;0,00;0,00;0,00;0,00;0,00;0,00;0,00;0,00;0,00;0,00;0,00;0,00;0,00;0,00;0,00;0,00;0,00;0,00;0,00;0,00;0,00;0,00
4,45;4,32;3,33;4,98;5,11;3,55;2,62;3,08;1,85;4,18;3,52;3,82;5,37;5,48;5,59;4,21;4,32;4,88;5,94;5,71;6,27;6,60;3,00;3,10;3,02;4,09;0,00;1,37;0,00;0,00;3,77;2,89;4,45;5,44;5,08;6,09;6,06;5,95
0,00;0,00;0,00;0,00;0,00;0,00;0,00;0,00;0,00;0,00;0,90;0,00;0,00;0,00;0,00;0,00;0,00;0,00;0,00;0,00;0,00;0,00;0,00;0,00;0,00;0,00;3,17;3,78;4,04;3,10;0,00;0,00;0,00;0,00;0,00;0,00;0,00;0,00
2,80;2,93;2,10;0,97;0,97;0,92;0,89;0,95;0,90;3,11;1,85;2,51;0,00;0,00;0,00;0,00;0,00;0,00;0,00;0,00;0,00;0,00;0,00;0,00;0,00;0,00;5,62;5,70;5,43;5,59;2,05;0,00;0,00;0,00;0,00;2,83;3,47;2,60
0,00;0,00;0,00;0,00;0,00;0,00;0,00;0,95;0,90;0,00;1,46;0,96;1,96;2,04;2,33;2,62;1,54;2,64;0,00;1,05;0,00;0,00;0,91;0,96;1,87;0,00;0,00;0,00;0,00;0,00;0,00;0,00;0,00;0,00;0,00;0,00;0,00;0,00
4,08;4,32;3,64;6,53;6,60;7,06;6,78;6,53;7,02;6,16;6,13;6,53;8,32;8,04;7,98;7,96;8,21;8,18;5,86;5,98;6,12;5,89;9,44;9,27;9,22;9,47;6,06;5,56;5,12;5,11;4,71;4,34;4,79;6,60;6,56;7,53;6,67;6,94
5,16;5,28;4,97;6,53;6,38;6,63;6,32;6,24;5,93;5,49;5,64;5,56;5,33;5,48;5,50;4,63;4,68;4,88;3,49;4,56;3,61;2,68;3,15;3,62;3,75;1,00;5,24;5,51;5,52;5,23;0,00;0,00;0,00;0,00;0,00;0,00;4,02;0,00
1,99;2,26;1,79;1,54;1,95;2,67;1,44;0,95;1,45;0,97;0,90;0,96;0,97;0,00;1,00;1,02;0,96;1,04;0,00;0,00;0,00;0,00;1,46;0,96;0,92;1,00;2,07;2,06;1,93;0,00;0,00;0,00;0,00;0,00;0,00;0,00;0,00;0,00
3,58;3,73;3,54;0,00;0,00;0,00;0,00;0,00;0,00;1,95;1,46;1,93;0,00;0,00;0,00;0,00;0,00;0,00;0,00;0,00;0,00;0,00;0,00;0,00;0,00;0,00;4,22;3,94;3,77;3,72;5,49;5,04;5,92;6,27;3,58;0,00;2,60;0,00
2,32;1,94;2,75;0,00;0,00;0,00;0,00;0,00;0,00;0,97;0,90;0,96;0,00;0,00;0,00;0,00;0,00;0,00;0,00;0,00;0,00;0,00;0,00;0,00;0,00;0,00;3,17;2,53;2,73;3,10;4,53;5,52;5,07;5,12;5,08;0,00;0,00;0,00
1,58;1,53;1,40;0,00;0,00;0,00;0,00;0,00;0,00;1,54;0,90;0,96;0,00;0,00;0,00;0,00;0,00;0,00;0,00;0,00;0,00;0,00;0,00;0,00;0,00;0,00;2,89;2,53;2,38;2,82;2,87;0,00;2,80;1,93;0,00;0,00;0,00;0,00
1,00;0,96;0,00;0,00;0,00;0,00;0,00;0,00;0,00;0,00;0,00;0,00;0,00;0,00;0,00;0,00;0,00;0,00;0,00;0,00;0,00;0,00;0,00;0,00;0,00;0,00;2,89;3,16;4,04;3,34;0,00;0,00;0,00;0,00;0,00;0,00;0,00;0,00
1,58;1,94;0,00;0,00;0,00;0,00;0,00;0,00;0,00;0,00;0,00;0,00;0,00;0,00;0,00;0,00;0,00;0,00;0,00;0,00;0,00;0,00;0,00;0,00;0,00;0,00;1,38;2,06;2,38;2,01;0,00;0,00;0,00;0,00;0,00;0,00;0,00;0,00
1,58;0,96;1,79;0,00;0,00;0,00;0,00;0,00;0,00;1,54;0,90;1,53;0,00;0,00;0,00;0,00;0,00;0,00;0,00;0,00;0,00;0,00;0,00;0,00;0,00;0,00;2,89;3,16;2,73;3,10;2,87;3,40;4,23;3,62;4,52;0,00;4,02;2,60
1,99;2,26;2,35;0,00;0,00;0,00;0,00;0,00;0,00;1,95;1,85;0,96;0,00;0,00;0,00;0,00;0,00;0,00;0,00;0,00;0,00;0,00;0,00;0,00;0,00;0,00;2,89;3,40;3,24;3,10;0,00;0,00;2,80;1,93;0,00;0,00;0,00;0,00
0,00;0,00;0,00;0,97;0,97;0,00;1,84;2,24;0,90;0,00;0,00;0,96;3,12;3,21;3,33;2,62;1,94;3,06;3,99;3,09;3,75;2,34;0,00;0,96;0,92;2,32;0,00;0,00;0,00;0,00;0,00;0,00;0,00;0,00;0,00;0,00;0,00;0,00
0,00;0,96;0,00;0,00;0,00;0,00;0,00;0,00;0,00;0,00;0,00;0,00;0,00;0,00;0,00;0,00;0,00;0,00;0,00;0,00;0,00;0,00;0,00;0,00;0,00;0,00;2,54;3,16;3,01;3,10;4,71;3,79;4,94;4,37;2,70;0,00;0,00;0,00
0,00;0,00;0,00;0,00;0,00;0,00;0,00;0,00;0,00;0,00;0,00;0,00;0,00;0,00;0,00;0,00;0,00;0,00;0,00;0,00;0,00;0,00;0,00;0,00;0,00;0,00;1,38;2,06;1,27;1,33;2,05;2,07;2,80;2,73;3,58;0,00;2,60;2,60
0,00;0,00;0,00;0,00;0,00;0,00;0,89;0,00;0,00;3,52;2,64;2,25;0,00;0,00;0,00;0,00;0,00;0,00;0,00;0,00;0,00;0,00;0,00;0,00;0,00;0,00;0,00;0,00;0,00;0,00;0,00;0,00;0,00;0,00;0,00;0,00;0,00;0,00
0,00;0,00;0,00;0,97;1,54;0,00;0,00;0,00;0,00;0,00;0,00;2,92;4,94;5,00;5,01;5,66;5,57;5,56;6,46;6,19;6,64;7,06;1,46;0,96;1,87;2,81;0,00;0,00;0,00;0,00;0,00;2,07;1,99;3,24;4,13;4,27;5,37;4,72
1,00;0,96;0,00;0,00;0,00;0,00;0,00;0,00;0,00;0,00;0,00;0,00;0,00;0,00;0,00;0,00;0,00;0,00;0,00;0,00;0,00;0,00;0,00;0,00;0,00;0,00;1,38;1,37;1,93;0,00;2,05;0,00;0,00;0,00;0,00;0,00;0,00;0,00
0,00;0,00;0,00;0,00;0,00;0,00;1,84;1,92;0,90;0,00;0,00;0,96;0,00;0,00;0,00;2,03;1,94;2,05;0,00;0,00;0,00;0,00;2,43;2,26;2,66;2,58;0,00;0,00;0,00;0,00;0,00;0,00;0,00;0,00;0,00;0,00;0,00;0,00
0,00;0,00;0,00;0,00;0,00;0,00;1,84;2,72;1,45;0,00;1,46;1,93;1,55;1,03;1,59;3,36;3,10;2,87;3,17;2,89;3,28;0,00;2,64;2,52;2,44;2,81;0,00;0,00;0,00;0,00;2,05;0,00;2,80;0,00;0,00;0,00;0,00;0,00
2,58;2,74;0,86;0,00;0,00;0,00;0,00;0,00;0,00;0,00;0,00;0,00;0,00;0,00;0,00;0,00;0,00;0,00;0,00;0,00;0,00;0,00;0,00;0,00;0,00;0,00;2,07;2,53;2,38;2,01;0,00;0,00;0,00;0,00;0,00;0,00;0,00;0,00
3,45;3,25;2,10;0,00;0,00;0,00;0,00;0,00;0,00;0,00;0,00;0,00;0,00;0,00;0,00;0,00;0,00;0,00;0,00;0,00;0,00;0,00;0,00;0,00;0,00;0,00;2,89;3,40;3,44;3,10;0,00;0,00;0,00;0,00;0,00;0,00;0,00;0,00
0,00;0,00;0,00;0,00;0,00;0,00;0,00;0,00;0,00;0,00;0,00;0,00;0,00;0,00;0,00;0,00;0,00;0,00;0,00;0,00;0,00;0,00;0,00;0,00;0,00;0,00;0,00;0,00;0,00;0,00;0,00;0,00;0,00;0,00;0,00;0,00;0,00;0,00
2,58;2,26;0,86;0,00;0,00;0,00;0,00;0,00;0,00;0,00;0,00;0,00;0,00;0,00;0,00;0,00;0,00;0,00;0,00;0,00;0,00;0,00;0,00;0,00;0,00;0,00;0,00;0,00;0,00;0,00;0,00;0,00;0,00;0,00;0,00;0,00;0,00;0,00
2,99;2,93;2,10;0,00;0,00;0,00;0,00;0,00;0,00;0,00;0,00;0,96;0,00;0,00;0,00;0,00;0,00;0,00;0,00;0,00;0,00;1,23;0,00;0,00;0,00;0,00;3,79;3,78;3,91;3,54;3,77;0,00;3,31;2,73;0,00;0,00;0,00;0,00
2,80;2,52;0,86;0,00;0,00;0,00;0,00;0,00;0,00;0,00;0,00;0,00;0,00;0,00;0,00;0,00;0,00;0,00;0,00;0,00;0,00;0,00;0,00;0,00;0,00;0,00;3,79;3,60;3,44;3,72;2,05;0,00;1,99;0,00;0,00;0,00;0,00;0,00
2,99;3,51;3,82;3,64;3,64;4,89;1,44;2,24;1,85;3,26;2,99;2,25;2,76;3,04;2,33;0,00;0,00;0,00;0,00;0,00;0,00;2,68;0,00;0,00;0,00;0,00;0,00;0,00;0,00;0,00;0,00;0,00;4,23;4,16;5,30;6,43;6,26;5,38
1,00;0,96;3,54;0,97;0,97;2,45;0,00;0,00;0,00;0,00;0,00;0,00;0,00;0,00;0,00;0,00;0,00;0,00;0,00;0,00;0,00;0,00;0,00;0,00;0,00;1,00;0,00;0,00;0,00;0,00;0,00;0,00;0,00;0,00;0,00;0,00;3,47;0,00
3,90;3,39;3,82;4,02;3,64;3,55;0,00;0,00;0,00;1,54;0,90;0,96;0,00;0,00;0,00;0,00;0,00;0,00;0,00;0,00;0,00;0,00;0,00;0,00;0,00;0,00;0,00;0,00;0,00;0,00;0,00;0,00;0,00;0,00;5,30;5,23;5,69;5,38
3,16;2,74;3,07;2,94;3,11;3,18;2,98;3,37;3,52;0,00;0,00;0,00;0,00;0,00;0,00;0,00;0,00;0,00;0,00;0,00;0,00;0,00;0,00;0,00;0,00;0,00;0,00;0,00;0,00;0,00;0,00;0,00;0,00;0,00;0,00;0,00;0,00;0,00
1,99;1,53;0,00;0,97;0,00;0,00;0,00;0,00;0,00;0,00;0,00;0,00;0,00;0,00;0,00;0,00;0,00;0,00;0,00;0,00;0,00;0,00;0,00;0,00;0,00;0,00;0,00;0,00;0,00;0,00;0,00;0,00;0,00;0,00;0,00;0,00;0,00;0,00
2,99;2,74;2,57;0,00;0,00;0,00;0,00;0,00;0,00;0,00;0,00;0,00;0,00;0,00;0,00;0,00;0,00;0,00;0,00;0,00;0,00;0,00;0,00;0,00;0,00;0,00;0,00;0,00;0,00;0,00;0,00;0,00;0,00;0,00;0,00;0,00;0,00;0,00
3,58;3,51;3,64;4,11;3,94;4,93;5,69;5,42;5,50;4,26;4,94;5,37;4,94;4,96;5,14;6,80;7,09;6,71;2,48;3,90;3,28;4,32;7,95;7,76;7,60;7,83;4,82;4,89;4,93;5,04;6,14;5,04;6,12;5,98;6,72;7,32;6,52;6,53
1,00;0,96;0,00;0,97;0,97;0,92;1,84;2,50;2,16;2,53;2,64;2,51;0,97;1,03;1,00;3,36;3,39;3,52;4,57;4,09;4,55;0,00;1,86;2,26;1,47;1,00;0,00;0,00;0,00;0,00;0,00;0,00;0,00;0,00;0,00;0,00;0,00;0,00
1,58;1,94;0,00;1,95;1,95;2,19;3,61;3,61;3,52;2,53;2,42;3,24;1,96;2,36;2,33;4,50;4,57;4,24;5,32;4,90;5,22;2,34;3,29;3,62;3,54;2,58;0,00;1,37;0,00;0,00;0,00;0,00;0,00;0,00;0,00;0,00;0,00;0,00
1,99;1,53;0,86;3,11;3,11;3,31;5,31;5,07;4,81;3,40;4,06;4,72;3,85;4,05;4,18;6,35;6,34;6,09;7,06;6,74;6,81;4,32;4,77;5,01;4,96;4,32;0,00;2,53;1,27;0,00;0,00;0,00;0,00;0,00;0,00;0,00;0,00;0,00
2,80;3,10;1,40;4,64;4,64;5,01;5,28;5,26;5,56;4,58;4,62;4,87;4,94;5,05;4,96;5,13;4,97;5,07;3,76;4,27;3,09;3,19;4,86;5,17;4,83;4,17;0,00;0,00;1,27;0,00;2,87;2,07;2,80;1,93;0,00;0,00;0,00;0,00
5,45;5,54;5,42;5,52;5,36;5,57;4,38;4,66;4,71;6,20;6,18;5,96;5,61;5,69;5,56;3,62;2,94;3,23;4,94;5,42;4,63;4,94;2,17;3,10;3,02;0,00;0,00;0,00;0,00;0,00;0,00;0,00;0,00;0,00;0,00;0,00;0,00;0,00
1,00;0,96;0,00;3,40;3,94;4,80;5,57;5,65;5,45;1,54;1,85;3,38;2,76;2,85;3,01;5,87;5,54;5,77;6,89;6,81;7,14;4,94;0,91;0,00;0,92;0,00;0,00;0,00;0,00;0,00;0,00;0,00;0,00;0,00;0,00;0,00;0,00;0,00
1,99;1,53;1,79;1,54;0,97;1,48;3,13;3,23;3,28;0,97;1,85;1,93;0,00;0,00;0,00;3,04;2,52;2,05;0,00;0,00;0,00;0,00;3,63;3,51;3,43;2,00;1,38;2,06;2,73;2,47;0,00;0,00;0,00;0,00;0,00;0,00;0,00;0,00
0,00;0,00;0,00;0,00;0,00;0,00;0,00;1,52;3,28;0,00;0,00;0,00;0,00;0,00;0,00;0,00;0,00;0,00;0,00;0,00;0,00;0,00;0,00;0,96;0,00;0,00;0,00;0,00;0,00;0,00;0,00;0,00;0,00;0,00;0,00;0,00;0,00;0,00
2,58;2,74;3,07;1,95;2,27;2,45;0,89;1,92;1,45;2,94;2,99;2,73;1,55;1,62;1,59;0,00;0,00;0,00;1,71;1,05;1,81;1,89;0,00;0,00;0,00;0,00;0,00;1,37;1,93;1,33;0,00;0,00;0,00;0,00;0,00;0,00;0,00;0,00
3,69;3,63;3,64;3,64;2,53;3,03;0,00;0,95;0,90;3,11;2,83;2,51;1,55;1,62;1,59;0,00;0,00;0,00;2,48;2,40;2,25;2,34;0,00;0,00;0,00;0,00;0,00;0,00;0,00;0,00;0,00;0,00;0,00;0,00;0,00;0,00;0,00;0,00
0,00;0,00;0,00;0,00;0,00;0,92;1,44;1,92;1,45;0,00;0,00;0,96;0,97;1,03;1,59;1,61;1,94;1,63;0,00;1,65;1,17;0,00;0,00;0,00;0,92;1,58;0,00;0,00;0,00;0,00;0,00;0,00;0,00;0,00;0,00;0,00;0,00;0,00
0,00;0,00;0,00;0,00;0,00;0,00;0,00;0,95;1,85;0,00;0,00;0,00;0,00;0,00;1,00;1,02;0,00;2,05;3,17;2,67;3,46;0,00;1,46;0,00;0,00;1,00;0,00;0,00;0,00;0,00;0,00;0,00;0,00;0,00;0,00;0,00;0,00;0,00
1,00;1,53;1,40;0,00;0,00;0,00;0,00;0,00;0,00;2,75;2,83;1,53;0,00;0,00;0,00;0,00;0,00;0,00;1,10;1,05;0,00;2,34;0,00;0,00;0,00;0,00;1,38;0,00;0,00;0,00;0,00;2,07;0,00;0,00;0,00;0,00;0,00;0,00
1,00;1,53;1,40;0,00;0,00;0,00;0,00;0,00;0,00;1,54;1,46;0,00;0,00;0,00;0,00;0,00;0,00;0,00;0,00;0,00;0,00;0,00;0,00;0,00;0,00;0,00;1,38;2,06;2,38;3,10;0,00;0,00;0,00;0,00;0,00;0,00;0,00;0,00
1,58;2,26;2,92;2,27;1,95;0,92;0,89;0,00;0,00;0,00;0,90;0,00;0,00;0,00;0,00;0,00;0,00;0,00;0,00;0,00;0,00;0,00;0,00;0,00;0,00;0,00;0,00;0,00;0,00;0,00;0,00;0,00;0,00;0,00;0,00;0,00;0,00;0,00
0,00;0,00;0,00;0,00;0,00;0,00;0,00;0,00;0,00;0,00;0,00;0,00;0,00;0,00;0,00;0,00;0,00;0,00;0,00;0,00;0,00;0,00;0,00;0,00;0,00;0,00;2,07;2,06;3,24;2,01;2,87;0,00;1,99;0,00;0,00;0,00;0,00;0,00
3,32;3,63;4,53;0,97;0,00;0,92;0,00;0,00;0,00;0,00;0,00;0,00;0,00;0,00;0,00;0,00;0,00;0,00;0,00;0,00;0,00;0,00;0,00;0,00;0,00;0,00;0,00;0,00;0,00;0,00;0,00;0,00;0,00;0,00;0,00;0,00;0,00;0,00
4,16;4,32;3,44;0,00;0,00;0,00;0,00;0,00;0,00;2,27;0,00;2,25;0,00;0,00;0,00;0,00;0,00;0,00;0,00;0,00;0,00;1,23;0,91;0,96;0,92;1,00;5,05;4,89;4,86;5,04;4,71;0,00;3,31;3,24;0,00;0,00;0,00;0,00
3,99;3,93;3,44;2,53;2,53;2,19;1,84;2,24;0,90;0,00;0,00;0,00;0,00;0,00;0,00;0,00;0,00;0,00;0,00;0,00;0,00;0,00;0,00;0,00;0,00;0,00;0,00;0,00;0,00;0,00;0,00;0,00;0,00;0,00;0,00;0,00;0,00;0,00
0,00;1,53;0,00;4,02;4,19;3,85;2,15;2,72;1,45;1,95;1,85;1,93;4,34;4,63;4,40;2,62;2,52;3,06;1,71;2,08;1,17;0,00;2,83;2,93;3,02;3,70;0,00;0,00;0,00;0,00;0,00;0,00;0,00;0,00;0,00;0,00;0,00;0,00
1,99;1,94;1,79;0,00;0,00;0,00;0,00;0,00;0,00;0,97;0,00;0,96;0,00;0,00;0,00;0,00;0,00;0,00;0,00;0,00;1,17;0,00;0,00;0,00;0,00;0,00;3,41;3,40;3,44;3,34;4,31;2,07;3,69;2,73;0,00;0,00;0,00;0,00
3,69;3,73;2,57;1,54;1,95;0,00;0,00;0,00;0,00;2,27;0,90;1,93;0,00;0,00;0,00;0,00;0,00;0,00;0,00;0,00;0,00;2,34;0,00;0,00;0,00;0,00;3,95;4,08;4,04;4,02;4,07;3,40;3,99;3,24;2,70;0,00;0,00;0,00
3,16;3,25;2,57;0,00;0,00;0,00;0,00;0,00;0,00;2,27;0,00;1,93;0,00;0,00;0,00;0,00;0,00;0,00;0,00;0,00;0,00;0,00;0,00;0,00;0,00;0,00;3,95;4,08;3,91;4,15;3,77;2,07;3,69;3,62;0,00;0,00;0,00;0,00
0,00;0,00;0,00;0,00;0,00;0,00;0,00;0,00;0,00;0,00;0,00;0,00;0,00;0,00;0,00;0,00;0,00;0,00;0,00;0,00;0,00;0,00;0,00;0,00;0,00;0,00;1,38;2,06;2,38;2,01;3,39;2,07;3,69;2,73;0,00;0,00;0,00;0,00
0,00;0,00;0,00;0,00;0,00;0,00;0,00;0,00;0,00;0,00;0,00;0,00;0,00;0,00;0,00;0,00;0,00;0,00;0,00;0,00;0,00;0,00;0,00;0,00;0,00;0,00;2,54;2,88;2,73;2,82;0,00;0,00;2,80;1,93;0,00;0,00;0,00;0,00
4,16;4,17;3,90;2,75;2,75;2,67;0,00;0,00;0,00;3,26;2,83;3,09;1,55;2,04;2,33;0,00;0,00;0,00;2,75;2,40;3,28;3,39;0,00;0,00;0,00;0,00;4,82;5,11;4,93;5,23;5,02;5,18;5,07;4,87;4,83;0,00;2,60;0,00
3,99;4,45;3,98;1,95;1,95;1,88;0,00;0,00;0,00;3,64;2,83;3,24;2,28;2,04;2,33;0,00;0,00;0,00;2,97;2,89;3,09;3,56;0,00;0,00;0,00;0,00;7,62;7,73;7,77;6,84;6,26;5,87;5,99;5,84;4,83;0,00;0,00;2,60
1,58;1,94;0,86;0,00;0,00;0,00;0,00;0,00;0,00;0,00;0,00;0,00;0,00;0,00;0,00;0,00;0,00;0,00;0,00;0,00;0,00;0,00;0,00;0,00;0,00;0,00;2,07;2,88;2,73;2,47;2,05;0,00;0,00;0,00;0,00;0,00;0,00;0,00
0,00;0,00;0,00;0,00;0,00;0,00;0,00;0,00;0,00;0,00;0,00;0,00;0,00;0,00;0,00;0,00;0,00;0,00;0,00;0,00;0,00;0,00;0,00;0,00;0,00;0,00;0,00;0,00;0,00;0,00;0,00;0,00;0,00;0,00;0,00;0,00;0,00;0,00
4,75;4,88;5,42;3,94;3,75;3,85;0,89;0,95;2,16;3,84;4,06;3,50;1,96;2,36;3,01;1,02;0,96;1,63;1,71;2,89;1,81;2,34;0,00;0,96;0,00;0,00;0,00;0,00;0,00;0,00;0,00;0,00;0,00;0,00;0,00;0,00;0,00;0,00
1,00;0,00;0,86;0,00;0,97;0,92;0,00;0,95;0,00;0,97;0,90;0,96;0,00;0,00;2,33;1,02;0,00;1,04;1,10;0,00;0,00;0,00;0,00;0,00;0,92;0,00;0,00;0,00;0,00;0,00;0,00;0,00;1,99;1,93;0,00;0,00;0,00;0,00
6,26;6,03;6,26;5,71;5,52;5,27;5,11;5,07;5,05;6,55;6,50;6,23;5,33;5,44;5,53;5,50;5,35;5,43;5,68;6,19;5,56;6,41;3,82;4,56;4,36;2,00;4,55;4,81;4,64;4,83;0,00;0,00;0,00;0,00;0,00;0,00;0,00;0,00
3,80;3,73;3,90;3,40;3,27;3,31;2,62;2,72;2,83;4,11;4,13;4,09;3,12;3,21;3,01;2,62;2,74;3,06;3,88;4,00;3,61;4,74;2,17;2,93;2,19;2,00;2,89;2,88;3,01;3,10;2,87;0,00;0,00;1,93;0,00;0,00;0,00;0,00
1,99;2,26;2,10;2,27;2,27;2,19;1,44;1,52;0,90;3,11;3,14;2,51;2,28;2,36;2,33;2,03;1,94;2,05;2,48;2,40;2,25;2,68;0,91;0,96;1,87;0,00;0,00;0,00;0,00;0,00;0,00;0,00;0,00;0,00;0,00;0,00;0,00;0,00
2,99;3,10;3,07;1,95;2,27;2,19;0,89;1,52;1,85;2,94;3,14;3,09;2,76;2,63;2,59;2,36;2,26;2,38;2,75;3,41;1,81;3,56;0,91;0,96;0,92;0,00;0,00;0,00;1,93;1,33;0,00;0,00;0,00;0,00;0,00;0,00;0,00;0,00
4,80;4,45;4,53;4,33;4,11;3,85;3,50;3,49;3,28;4,94;4,67;4,77;3,75;4,05;4,18;3,74;3,63;3,77;4,43;4,80;4,47;4,81;2,17;2,93;2,85;1,00;3,41;3,16;3,01;3,10;0,00;0,00;0,00;0,00;0,00;0,00;0,00;0,00
2,32;2,26;2,57;0,97;0,97;1,48;0,00;0,00;0,00;3,11;3,40;3,24;1,96;2,04;2,33;0,00;0,00;1,63;2,75;3,09;2,86;2,68;0,00;0,00;0,00;0,00;0,00;0,00;0,00;0,00;0,00;0,00;0,00;0,00;0,00;0,00;0,00;0,00
1,58;1,94;2,35;0,97;1,54;1,88;1,84;0,95;0,90;1,95;1,85;2,25;1,55;1,03;2,01;1,02;1,54;1,63;1,71;1,65;1,81;2,68;0,91;0,96;0,92;0,00;0,00;0,00;0,00;0,00;0,00;0,00;0,00;0,00;0,00;0,00;0,00;0,00
7,04;6,91;7,16;6,46;6,30;6,27;5,57;5,29;5,50;7,28;7,26;7,09;5,90;6,34;6,20;5,90;5,63;5,82;6,56;6,95;6,45;7,09;3,82;4,62;4,36;2,00;4,98;5,11;5,18;5,23;2,05;0,00;0,00;0,00;0,00;0,00;0,00;0,00
0,00;0,00;0,00;0,00;0,00;0,00;0,00;0,00;0,00;0,00;0,00;0,00;0,00;0,00;0,00;0,00;0,00;0,00;0,00;0,00;0,00;0,00;0,00;0,00;0,00;0,00;0,00;0,00;0,00;0,00;0,00;0,00;0,00;0,00;0,00;0,00;0,00;0,00
3,58;3,51;4,12;1,54;0,97;0,92;0,00;0,00;0,00;2,27;1,85;1,93;0,00;0,00;0,00;0,00;0,00;0,00;0,00;0,00;0,00;0,00;0,00;0,00;0,00;0,00;0,00;0,00;0,00;0,00;0,00;0,00;0,00;0,00;0,00;0,00;0,00;0,00
2,99;2,26;3,20;0,00;0,00;0,00;0,00;0,00;0,00;1,95;0,00;0,96;0,00;0,00;0,00;0,00;0,00;0,00;0,00;0,00;0,00;0,00;0,00;0,00;0,00;0,00;0,00;0,00;0,00;0,00;0,00;0,00;0,00;0,00;0,00;0,00;0,00;0,00
2,58;2,52;3,20;0,00;0,00;0,00;0,00;0,00;0,00;1,54;0,90;1,53;0,00;0,00;0,00;0,00;0,00;0,00;0,00;0,00;0,00;0,00;0,00;0,00;0,00;0,00;0,00;0,00;0,00;0,00;0,00;0,00;0,00;0,00;0,00;0,00;0,00;0,00
1,99;1,94;2,35;0,97;0,97;0,92;0,00;0,00;0,00;1,95;2,16;0,96;0,00;0,00;0,00;0,00;0,00;1,04;0,00;0,00;0,00;2,34;0,00;0,00;0,00;1,00;2,07;2,06;2,38;2,47;2,87;0,00;1,99;2,73;2,70;2,83;4,41;4,02
0,00;0,00;0,00;0,97;0,97;0,00;1,84;2,50;2,16;0,97;1,46;0,96;0,00;0,00;0,00;1,61;1,94;2,05;0,00;0,00;0,00;0,00;2,64;2,74;2,66;2,58;0,00;0,00;0,00;0,00;0,00;0,00;0,00;1,93;0,00;0,00;0,00;0,00
2,80;2,74;1,79;2,27;3,11;2,67;2,98;3,49;3,98;2,53;3,14;2,73;2,28;2,63;3,01;3,74;3,52;3,65;2,97;3,09;3,28;3,56;7,53;6,80;6,81;6,63;3,61;3,16;3,44;3,10;2,87;0,00;3,31;2,73;2,70;0,00;2,60;2,60
0,00;0,00;0,00;0,00;0,00;0,00;0,00;0,95;0,90;0,00;0,00;0,00;0,00;0,00;0,00;0,00;0,00;0,00;0,00;0,00;0,00;0,00;1,86;1,53;0,92;1,00;0,00;0,00;0,00;0,00;0,00;0,00;0,00;0,00;0,00;0,00;0,00;0,00
1,58;1,94;1,40;3,11;3,11;3,31;4,18;4,15;3,81;3,11;3,40;3,72;3,75;3,85;3,81;4,68;4,79;4,59;2,97;3,55;4,11;3,72;5,06;5,01;4,96;5,09;1,38;2,06;1,27;2,01;0,00;2,07;1,99;3,62;2,70;2,83;4,02;2,60
2,58;2,52;0,86;0,00;0,00;0,00;0,00;0,00;0,00;2,94;0,90;2,25;0,00;0,00;0,00;0,00;0,00;0,00;0,00;0,00;0,00;2,34;0,00;0,00;0,00;0,00;5,05;5,04;5,43;5,23;5,39;2,89;5,07;4,72;0,00;0,00;0,00;0,00
1,99;2,26;1,79;2,75;2,53;2,45;2,81;2,72;3,52;2,53;2,64;2,25;1,55;1,62;1,00;0,00;0,00;1,04;0,00;0,00;0,00;0,00;0,00;1,94;1,87;0,00;0,00;0,00;0,00;0,00;0,00;0,00;0,00;0,00;0,00;0,00;0,00;0,00
0,00;0,00;0,00;0,00;0,00;0,00;0,00;0,00;0,00;0,00;0,00;0,00;0,00;0,00;0,00;0,00;0,00;0,00;0,00;0,00;1,17;0,00;0,00;0,00;0,00;0,00;3,17;3,78;3,77;3,54;0,00;0,00;0,00;0,00;0,00;0,00;0,00;0,00
0,00;0,00;0,00;0,00;0,00;0,00;1,84;1,92;1,85;0,00;0,90;1,93;0,00;0,00;0,00;3,21;3,10;3,23;0,00;0,00;0,00;0,00;3,63;2,93;3,17;3,46;0,00;0,00;0,00;0,00;0,00;0,00;0,00;0,00;0,00;0,00;0,00;0,00
1,99;1,94;2,10;2,27;2,27;3,03;3,13;2,91;3,28;2,94;2,42;2,51;0,00;0,00;0,00;1,02;1,54;0,00;0,00;1,05;0,00;0,00;2,17;2,93;2,44;2,32;0,00;0,00;0,00;0,00;0,00;0,00;0,00;0,00;0,00;0,00;0,00;0,00
5,77;5,81;6,43;5,93;6,11;6,23;6,07;6,01;5,99;4,84;5,13;5,16;5,64;5,66;5,74;5,90;6,01;5,88;3,76;4,27;3,75;3,72;5,96;5,92;5,81;5,25;3,41;3,40;3,62;2,47;0,00;0,00;0,00;0,00;0,00;0,00;0,00;0,00
3,69;3,83;4,48;4,02;4,19;4,60;3,80;3,81;4,39;3,75;3,90;3,82;3,65;3,37;3,71;3,21;3,52;3,06;2,75;4,18;1,81;3,19;0,00;1,53;1,87;0,00;0,00;0,00;0,00;0,00;0,00;0,00;0,00;0,00;0,00;0,00;0,00;0,00
2,58;1,53;2,35;3,26;3,11;3,44;2,98;3,23;2,83;1,95;2,16;2,73;2,54;3,04;3,01;3,21;2,74;3,39;0,00;1,05;1,17;1,23;3,41;3,38;3,43;2,58;0,00;0,00;0,00;0,00;0,00;0,00;0,00;0,00;0,00;0,00;0,00;0,00
0,00;0,00;0,00;0,00;0,00;0,00;0,00;0,00;0,00;0,00;0,00;0,00;0,00;0,00;0,00;0,00;0,00;0,00;0,00;0,00;0,00;0,00;0,00;0,00;0,00;0,00;0,00;0,00;0,00;0,00;0,00;0,00;0,00;0,00;0,00;0,00;0,00;0,00
2,58;3,10;3,98;1,54;1,54;0,92;0,00;0,00;0,00;2,27;2,83;1,93;3,12;3,37;3,18;1,02;1,94;2,05;0,00;0,00;0,00;0,00;0,00;1,53;2,19;0,00;0,00;0,00;0,00;0,00;0,00;0,00;0,00;0,00;0,00;0,00;0,00;0,00
1,58;1,94;1,79;0,00;0,00;0,00;1,84;1,92;1,85;1,54;1,46;1,93;0,00;0,00;0,00;2,03;1,54;2,05;0,00;0,00;0,00;0,00;2,43;1,94;1,87;2,00;2,89;2,88;2,73;2,82;2,87;2,07;2,80;2,73;0,00;0,00;0,00;0,00
0,00;0,00;0,00;0,00;0,00;0,00;2,62;2,50;3,28;0,00;0,90;0,00;0,00;0,00;0,00;2,84;2,94;2,87;0,00;0,00;1,17;0,00;3,29;2,93;3,17;3,17;0,00;0,00;0,00;0,00;0,00;0,00;0,00;0,00;0,00;0,00;0,00;0,00
1,99;1,53;1,40;1,54;1,54;1,48;3,26;3,23;3,28;1,54;1,85;1,53;0,97;1,62;1,00;3,21;3,26;3,23;1,10;1,05;1,17;1,23;3,41;3,51;3,30;3,46;2,07;3,60;2,73;2,47;2,05;0,00;1,99;0,00;0,00;0,00;0,00;0,00
1,58;2,26;1,79;0,00;0,00;0,00;2,98;2,91;3,40;1,54;2,16;2,25;0,00;0,00;0,00;2,03;2,94;2,38;0,00;0,00;0,00;0,00;3,63;3,73;3,75;2,00;3,41;3,60;3,24;2,82;2,87;0,00;1,99;1,93;0,00;0,00;0,00;0,00
1,00;0,96;0,86;0,00;0,00;0,00;2,15;1,92;2,64;0,00;0,90;0,96;0,00;0,00;0,00;2,36;1,54;2,64;0,00;0,00;0,00;0,00;3,29;2,93;3,43;3,17;1,38;1,37;2,38;1,33;0,00;0,00;0,00;0,00;0,00;0,00;0,00;0,00
0,00;0,00;0,00;0,00;0,00;0,00;0,89;0,00;0,90;0,00;0,00;0,00;0,00;0,00;0,00;1,02;0,00;0,00;0,00;0,00;0,00;0,00;2,17;1,94;1,87;2,00;0,00;0,00;0,00;0,00;0,00;0,00;0,00;0,00;0,00;0,00;0,00;0,00
1,00;0,96;2,10;0,00;0,00;0,00;0,00;0,00;1,45;0,97;0,90;0,96;0,00;0,00;0,00;0,00;0,00;0,00;0,00;0,00;0,00;0,00;0,00;0,00;0,00;0,00;0,00;0,00;0,00;0,00;0,00;0,00;0,00;0,00;0,00;0,00;0,00;0,00
1,00;0,96;1,40;0,97;0,97;0,92;0,89;0,95;0,90;0,00;0,00;0,00;0,00;0,00;1,00;0,00;0,00;0,00;0,00;0,00;0,00;0,00;0,00;0,00;0,00;0,00;0,00;0,00;0,00;0,00;0,00;0,00;0,00;0,00;0,00;0,00;0,00;0,00
1,00;0,96;0,86;1,54;0,00;0,00;0,89;0,95;0,00;0,00;0,00;0,00;0,00;0,00;0,00;0,00;0,00;0,00;0,00;0,00;0,00;0,00;0,00;0,00;0,00;0,00;0,00;0,00;0,00;0,00;0,00;0,00;0,00;0,00;0,00;0,00;0,00;0,00
2,32;0,96;2,10;0,00;0,00;0,00;0,00;0,00;0,00;1,54;1,85;0,96;0,00;0,00;0,00;0,00;0,00;0,00;0,00;0,00;0,00;0,00;0,00;0,00;0,00;0,00;0,00;0,00;0,00;0,00;0,00;0,00;0,00;0,00;0,00;0,00;0,00;0,00
0,00;0,00;0,00;0,00;0,00;0,00;0,00;0,95;1,45;0,00;0,00;0,00;0,00;0,00;0,00;0,00;1,54;1,04;0,00;0,00;0,00;0,00;1,86;2,52;2,19;1,58;0,00;0,00;0,00;0,00;0,00;0,00;0,00;0,00;0,00;0,00;0,00;0,00
0,00;0,00;0,00;1,54;0,97;0,92;0,00;0,00;0,00;0,00;0,00;0,00;0,00;0,00;0,00;0,00;0,00;0,00;0,00;0,00;0,00;0,00;0,00;0,00;0,00;0,00;0,00;0,00;0,00;0,00;0,00;0,00;0,00;0,00;0,00;0,00;0,00;0,00
5,42;5,42;5,55;4,69;4,64;4,43;2,41;2,24;2,16;6,20;6,28;5,98;2,28;3,04;3,47;0,00;0,00;0,00;3,99;4,56;4,11;5,18;0,00;0,00;0,00;0,00;0,00;0,00;0,00;0,00;0,00;0,00;0,00;0,00;0,00;0,00;0,00;0,00
0,00;0,00;0,00;0,00;0,00;0,00;0,00;0,00;0,00;0,00;0,00;0,00;0,00;0,00;0,00;0,00;0,00;0,00;0,00;0,00;0,00;0,00;0,00;0,00;0,00;0,00;0,00;0,00;0,00;0,00;0,00;0,00;0,00;0,00;0,00;0,00;0,00;0,00
0,00;0,00;0,00;0,00;0,00;0,00;1,44;2,91;3,28;0,00;1,85;1,53;0,00;0,00;0,00;0,00;0,00;0,00;0,00;0,00;0,00;0,00;0,00;0,00;0,00;0,00;0,00;0,00;0,00;0,00;0,00;0,00;0,00;0,00;0,00;0,00;0,00;0,00
0,00;0,00;0,00;0,97;0,97;1,88;0,00;0,95;1,45;0,97;0,00;0,00;0,00;0,00;0,00;0,00;0,00;0,00;0,00;0,00;0,00;0,00;0,00;0,00;0,00;0,00;0,00;0,00;0,00;0,00;0,00;0,00;0,00;0,00;0,00;0,00;0,00;0,00
4,85;4,73;5,28;4,33;4,46;4,97;4,25;3,81;4,51;5,72;5,74;5,47;4,70;4,51;4,91;4,21;3,84;4,24;4,71;5,27;4,83;5,12;1,86;3,38;2,85;0,00;3,95;3,78;3,91;3,54;0,00;0,00;0,00;0,00;0,00;0,00;0,00;0,00
0,00;0,00;0,00;3,94;4,58;4,37;3,61;3,99;2,16;4,02;4,06;4,72;6,30;6,14;6,20;5,53;5,48;5,65;4,18;3,90;4,70;3,19;5,69;5,53;5,79;6,34;0,00;0,00;0,00;0,00;0,00;0,00;0,00;3,24;3,58;0,00;2,60;0,00
2,58;3,25;2,57;5,43;5,52;5,67;2,81;3,08;2,64;4,79;4,56;4,56;7,18;7,00;6,85;4,21;4,45;4,46;5,09;4,85;4,70;3,72;5,34;5,38;5,39;6,29;1,38;1,37;1,93;0,00;0,00;0,00;3,99;5,53;5,65;5,64;4,97;5,38
1,99;1,53;2,35;2,53;1,95;1,48;0,89;0,95;1,45;2,53;2,64;1,53;1,55;0,00;1,00;0,00;0,00;0,00;0,00;0,00;0,00;0,00;0,00;0,00;0,00;0,00;0,00;0,00;0,00;0,00;0,00;0,00;0,00;0,00;0,00;0,00;0,00;0,00
4,45;4,01;4,25;4,79;4,33;4,54;4,32;3,99;4,33;4,11;3,98;3,72;1,55;3,21;3,01;0,00;0,00;0,00;2,15;2,08;3,75;3,86;0,00;0,96;0,00;0,00;0,00;0,00;0,00;0,00;0,00;0,00;0,00;0,00;0,00;0,00;2,60;2,60
0,00;0,00;1,79;0,97;1,54;0,00;0,00;0,95;0,90;0,00;0,00;0,00;0,00;0,00;0,00;0,00;0,00;0,00;0,00;0,00;0,00;0,00;0,00;0,00;0,00;0,00;0,00;0,00;0,00;0,00;0,00;0,00;0,00;0,00;0,00;0,00;3,47;0,00
1,00;1,53;1,79;2,75;2,53;2,67;2,81;2,91;3,40;3,64;3,90;3,38;2,76;2,63;3,01;1,02;0,96;1,63;1,71;3,26;0,00;1,89;0,00;0,00;0,00;0,00;0,00;0,00;0,00;0,00;0,00;0,00;0,00;0,00;0,00;0,00;0,00;0,00
2,32;2,52;2,75;0,97;0,97;1,48;0,00;0,00;0,00;0,97;1,85;0,96;0,00;0,00;0,00;0,00;0,00;0,00;0,00;0,00;0,00;0,00;0,00;0,00;0,00;0,00;0,00;0,00;0,00;0,00;0,00;0,00;0,00;0,00;0,00;0,00;0,00;0,00
3,80;3,73;3,64;4,26;4,03;4,17;4,96;4,71;4,97;4,40;4,39;4,24;3,85;3,63;3,59;3,21;3,26;3,23;3,17;3,90;3,46;4,22;1,86;2,93;2,44;1,58;0,00;1,37;1,93;1,33;0,00;0,00;2,80;0,00;0,00;2,83;3,47;0,00
2,80;2,93;3,20;2,27;2,75;2,19;0,00;0,00;0,00;3,40;3,52;2,92;0,97;0,00;0,00;0,00;0,00;0,00;0,00;0,00;0,00;1,23;0,00;0,00;0,00;0,00;0,00;0,00;0,00;0,00;0,00;0,00;0,00;0,00;0,00;0,00;0,00;0,00
1,00;0,00;1,79;0,00;0,00;0,00;0,00;0,00;0,00;0,97;0,90;0,96;0,00;0,00;0,00;0,00;0,00;0,00;0,00;0,00;0,00;0,00;0,00;0,00;0,00;0,00;0,00;0,00;0,00;0,00;0,00;0,00;0,00;0,00;0,00;0,00;0,00;0,00
3,32;3,25;3,73;3,26;3,75;3,85;3,26;3,37;4,06;2,53;3,28;2,73;2,54;2,63;2,59;2,36;1,94;1,63;0,00;1,05;0,00;0,00;0,00;0,96;0,92;0,00;0,00;0,00;0,00;0,00;0,00;0,00;0,00;0,00;0,00;0,00;0,00;0,00
1,99;2,26;1,40;0,00;0,00;0,00;0,00;0,00;0,00;0,00;0,00;0,00;0,00;0,00;0,00;0,00;0,00;0,00;0,00;0,00;0,00;0,00;0,00;0,00;0,00;0,00;2,89;3,40;3,44;3,10;0,00;0,00;0,00;0,00;0,00;0,00;0,00;0,00
4,39;4,68;4,85;5,22;5,26;5,23;4,25;4,15;4,27;3,94;3,81;3,38;4,40;4,30;4,33;1,61;0,00;2,38;2,97;3,26;3,28;3,39;0,00;0,00;0,00;1,00;0,00;0,00;0,00;0,00;0,00;0,00;0,00;0,00;0,00;0,00;2,60;0,00
5,24;5,25;5,70;4,46;4,69;4,02;0,00;0,00;0,00;5,06;5,27;4,61;0,97;1,03;3,18;0,00;0,00;0,00;2,75;3,26;2,25;4,11;0,00;0,00;0,00;0,00;0,00;0,00;0,00;0,00;0,00;0,00;0,00;1,93;0,00;0,00;0,00;0,00
0,00;0,00;0,00;0,00;0,00;0,00;0,00;0,00;0,00;0,00;0,00;0,00;0,00;0,00;0,00;0,00;0,00;0,00;0,00;0,00;0,00;0,00;0,00;0,00;0,00;0,00;0,00;0,00;0,00;0,00;0,00;0,00;0,00;0,00;0,00;0,00;0,00;0,00
1,58;0,96;1,40;0,00;0,00;0,00;0,00;0,00;0,00;1,54;0,00;0,00;0,00;0,00;0,00;0,00;0,00;0,00;0,00;0,00;0,00;0,00;0,00;0,00;0,00;0,00;2,54;2,88;2,73;2,47;2,87;0,00;1,99;0,00;0,00;0,00;0,00;0,00
0,00;0,00;0,00;0,00;0,00;0,00;0,89;1,52;1,45;0,00;0,00;0,00;0,00;0,00;0,00;0,00;0,00;0,00;0,00;0,00;0,00;0,00;0,00;0,96;0,92;0,00;0,00;0,00;0,00;0,00;0,00;0,00;0,00;0,00;0,00;0,00;0,00;0,00
5,24;5,21;5,65;4,98;4,58;4,60;3,13;3,61;3,14;5,11;4,94;4,72;3,94;3,95;4,33;0,00;0,00;0,00;4,09;4,56;3,28;4,11;0,00;0,00;0,00;0,00;0,00;0,00;0,00;0,00;0,00;0,00;0,00;0,00;0,00;0,00;0,00;0,00
2,58;2,74;2,75;3,26;2,27;2,19;1,44;1,52;1,85;2,53;2,16;1,53;0,97;1,03;1,00;1,02;0,96;1,04;0,00;0,00;0,00;0,00;0,91;1,53;0,92;1,00;2,89;3,16;3,01;3,34;0,00;0,00;0,00;0,00;0,00;0,00;0,00;0,00
1,00;0,96;2,35;1,95;2,27;2,19;2,15;1,92;2,42;3,26;3,14;3,09;1,55;2,04;1,59;0,00;0,00;1,04;1,10;2,40;1,17;0,00;0,00;0,00;0,00;0,00;0,00;0,00;1,27;0,00;0,00;0,00;0,00;0,00;0,00;0,00;0,00;0,00
4,16;3,73;3,07;0,00;0,00;0,00;0,00;0,00;0,00;2,27;0,00;2,25;0,00;0,00;0,00;0,00;0,00;0,00;0,00;0,00;0,00;1,23;0,00;0,00;0,00;0,00;4,90;4,97;4,86;5,04;4,07;2,07;3,31;1,93;0,00;0,00;0,00;0,00
2,32;2,26;2,35;3,52;3,40;3,66;3,80;3,81;3,81;3,11;3,40;3,50;3,85;3,95;3,71;4,04;4,02;3,97;3,34;3,09;3,46;2,34;3,99;3,73;4,23;3,58;0,00;0,00;0,00;0,00;0,00;0,00;0,00;1,93;0,00;0,00;0,00;0,00
2,58;2,52;1,79;5,52;5,69;5,86;6,21;6,03;5,97;4,46;5,09;5,50;6,21;6,42;6,42;6,86;6,69;6,73;3,34;3,41;4,00;3,99;6,58;6,71;6,71;6,41;3,95;4,33;4,37;4,15;0,00;2,89;3,99;4,37;0,00;0,00;0,00;0,00
6,26;6,43;6,18;7,72;7,85;8,08;5,64;5,42;5,30;7,18;6,99;7,04;7,92;7,76;7,70;5,47;5,63;5,74;8,25;8,01;8,27;7,74;5,20;5,20;5,00;4,81;4,82;4,97;4,93;4,83;0,00;0,00;1,99;1,93;0,00;0,00;0,00;0,00
0,00;0,00;0,00;0,00;0,00;0,00;0,00;0,00;0,00;0,00;0,00;0,00;0,00;0,00;0,00;0,00;0,00;0,00;0,00;0,00;0,00;0,00;0,00;0,00;0,00;0,00;0,00;2,06;1,93;2,01;2,05;0,00;3,99;4,16;2,70;0,00;0,00;0,00
4,75;4,68;4,31;5,33;5,26;4,97;5,46;5,60;5,53;5,06;5,09;5,00;4,90;4,86;5,25;4,99;4,63;4,82;2,97;4,09;3,28;3,19;4,28;4,56;4,48;2,81;5,18;5,35;5,28;5,34;2,05;0,00;3,31;3,24;4,52;3,72;4,41;3,48
0,00;0,00;0,00;0,00;0,00;0,00;0,00;0,00;0,00;0,00;0,00;0,00;0,00;0,00;0,00;0,00;0,00;0,00;0,00;0,00;0,00;0,00;0,00;0,00;0,00;0,00;0,00;0,00;0,00;0,00;0,00;0,00;0,00;0,00;0,00;0,00;0,00;0,00
0,00;0,00;0,00;0,00;0,00;0,00;0,00;0,00;0,00;0,00;0,00;0,00;1,55;1,03;1,00;1,02;1,54;1,04;0,00;0,00;0,00;0,00;0,91;0,00;0,00;2,32;0,00;0,00;0,00;0,00;0,00;2,07;0,00;0,00;0,00;0,00;0,00;0,00
0,00;0,00;0,00;4,69;4,40;3,85;0,00;0,00;0,00;1,54;1,46;0,96;1,96;2,85;3,18;0,00;0,00;0,00;1,71;1,05;0,00;1,23;0,00;0,00;0,00;0,00;0,00;0,00;0,00;0,00;0,00;0,00;0,00;0,00;0,00;0,00;0,00;0,00
1,58;1,94;1,40;0,97;0,00;0,00;0,00;0,00;0,00;0,97;1,46;0,00;0,00;0,00;0,00;0,00;0,00;0,00;0,00;0,00;0,00;0,00;0,00;0,00;0,00;0,00;0,00;0,00;0,00;0,00;0,00;0,00;0,00;0,00;0,00;0,00;0,00;0,00
1,00;0,96;0,00;0,00;0,00;0,00;0,89;0,95;0,90;0,00;0,90;0,00;0,00;0,00;0,00;0,00;0,00;0,00;0,00;0,00;0,00;0,00;0,00;0,00;0,00;0,00;3,17;2,06;3,01;2,47;0,00;0,00;0,00;0,00;0,00;0,00;0,00;0,00
2,32;1,94;2,10;3,64;3,75;3,31;3,70;3,61;3,62;2,94;2,83;2,51;2,95;2,63;2,33;1,61;1,54;2,05;1,71;1,05;2,25;2,96;3,00;2,93;2,85;3,00;0,00;0,00;0,00;0,00;0,00;0,00;0,00;0,00;0,00;0,00;0,00;0,00
4,08;4,17;2,57;0,00;0,00;0,00;0,00;0,00;0,00;0,00;0,00;0,00;0,00;0,00;0,00;0,00;0,00;0,00;0,00;0,00;0,00;0,00;0,00;0,00;0,00;0,00;4,74;4,64;4,47;4,57;0,00;0,00;0,00;0,00;0,00;0,00;0,00;0,00
4,85;4,97;4,72;5,22;5,19;5,09;5,51;5,26;5,30;4,52;4,56;4,44;4,11;3,95;4,18;3,04;2,94;3,39;3,49;3,90;4,11;4,11;1,86;2,26;1,87;0,00;0,00;2,06;1,27;1,33;0,00;0,00;0,00;0,00;0,00;0,00;0,00;0,00
4,16;4,10;2,57;0,00;0,00;0,00;0,00;0,00;0,00;0,97;0,00;0,00;0,00;0,00;0,00;0,00;0,00;0,00;0,00;0,00;0,00;0,00;0,00;0,00;0,00;0,00;5,12;4,54;4,37;4,38;4,07;0,00;0,00;0,00;0,00;0,00;0,00;0,00
0,00;0,00;0,00;0,00;0,00;0,00;0,00;0,00;0,00;0,00;0,00;0,00;0,00;0,00;0,00;0,00;0,00;0,00;0,00;0,00;0,00;0,00;0,00;0,00;0,00;0,00;0,00;0,00;0,00;0,00;0,00;0,00;0,00;0,00;0,00;0,00;0,00;0,00
0,00;0,00;0,00;0,00;0,00;0,00;0,00;0,00;0,00;0,00;0,00;0,00;0,00;0,00;0,00;0,00;0,00;0,00;0,00;0,00;0,00;0,00;0,00;0,00;0,00;0,00;2,89;2,53;1,93;2,82;0,00;0,00;0,00;0,00;0,00;0,00;0,00;0,00
3,80;3,73;2,92;0,00;0,00;0,00;0,00;0,00;0,90;2,75;2,64;2,51;0,97;0,00;1,00;0,00;0,00;0,00;1,10;1,05;0,00;1,23;0,00;0,00;0,00;0,00;4,55;4,73;4,86;4,97;3,39;0,00;2,80;0,00;0,00;0,00;0,00;0,00
1,00;0,96;2,57;0,97;0,00;0,00;0,00;0,95;0,90;1,95;0,90;0,00;0,00;0,00;0,00;0,00;0,00;0,00;0,00;1,05;0,00;0,00;0,00;0,00;0,00;0,00;0,00;0,00;0,00;0,00;0,00;0,00;0,00;0,00;0,00;0,00;0,00;0,00
2,58;2,52;1,40;0,00;0,00;0,00;0,00;1,52;0,90;0,97;0,90;0,00;0,00;0,00;0,00;0,00;0,00;0,00;0,00;0,00;0,00;0,00;0,00;0,00;0,00;0,00;3,41;3,16;3,01;2,82;2,05;0,00;1,99;1,93;0,00;0,00;0,00;0,00
2,80;2,93;2,57;2,75;2,27;2,45;1,44;2,24;1,45;0,00;0,00;0,00;0,00;0,00;0,00;0,00;0,00;0,00;0,00;0,00;0,00;0,00;0,00;0,00;0,00;0,00;0,00;0,00;0,00;0,00;0,00;0,00;0,00;0,00;0,00;0,00;0,00;0,00
4,39;4,57;4,25;4,74;4,80;4,37;4,92;4,60;4,39;0,00;0,00;0,00;0,00;0,00;0,00;0,00;0,00;0,00;0,00;0,00;0,00;0,00;0,00;0,00;0,00;0,00;0,00;0,00;0,00;0,00;0,00;0,00;0,00;0,00;0,00;0,00;0,00;0,00
2,58;2,52;2,35;4,18;3,40;4,02;4,32;4,15;3,72;4,79;4,76;4,77;4,11;4,51;4,47;4,36;3,63;4,39;3,63;4,34;4,55;4,94;2,83;2,74;2,44;0,00;1,38;0,00;0,00;0,00;0,00;0,00;0,00;0,00;0,00;0,00;0,00;0,00
1,00;0,96;1,40;2,27;1,54;0,92;0,00;0,00;0,00;1,54;0,90;1,53;0,00;0,00;0,00;0,00;0,00;0,00;0,00;1,65;0,00;0,00;0,00;0,00;0,00;0,00;2,54;2,53;3,01;2,47;0,00;0,00;0,00;0,00;0,00;0,00;0,00;0,00
4,32;4,51;4,31;4,39;4,11;4,43;4,88;4,76;4,85;5,11;5,23;4,91;4,19;4,13;4,18;4,29;4,02;3,77;4,27;5,00;4,39;4,66;3,29;3,73;3,54;2,58;3,41;3,78;4,04;4,02;0,00;0,00;0,00;0,00;0,00;0,00;0,00;0,00
1,58;0,96;2,10;0,97;0,00;0,00;0,00;0,00;0,00;1,54;1,46;0,00;0,00;0,00;0,00;0,00;0,00;0,00;1,10;0,00;1,17;1,23;0,00;0,00;0,00;0,00;0,00;0,00;0,00;0,00;0,00;0,00;0,00;0,00;0,00;0,00;0,00;0,00
0,00;0,00;0,86;0,97;0,97;1,48;2,15;1,92;2,64;0,97;0,00;0,00;0,00;0,00;0,00;0,00;0,00;0,00;0,00;0,00;0,00;0,00;0,91;0,96;0,92;0,00;0,00;0,00;0,00;0,00;0,00;0,00;0,00;0,00;4,52;2,83;4,41;4,02
1,00;1,94;3,07;0,97;0,97;1,88;0,89;0,00;0,90;1,54;1,46;1,53;0,00;0,00;0,00;0,00;0,00;0,00;0,00;0,00;0,00;0,00;0,00;0,00;0,00;0,00;0,00;0,00;0,00;0,00;0,00;0,00;0,00;0,00;0,00;0,00;0,00;0,00
0,00;0,00;0,00;0,00;0,00;0,00;0,00;0,00;0,00;0,00;0,00;0,00;0,00;0,00;0,00;0,00;0,00;0,00;0,00;0,00;0,00;0,00;0,00;0,00;0,00;0,00;0,00;0,00;0,00;0,00;0,00;0,00;0,00;0,00;0,00;0,00;0,00;0,00
1,58;1,53;0,00;0,00;0,00;0,00;0,00;0,00;0,00;0,00;0,00;0,00;0,00;0,00;0,00;0,00;0,00;0,00;0,00;0,00;0,00;0,00;0,00;0,00;0,00;0,00;1,38;0,00;1,27;0,00;0,00;0,00;0,00;0,00;0,00;0,00;0,00;0,00
3,16;3,25;3,33;3,84;4,19;3,66;4,04;3,90;3,81;0,97;2,83;2,73;5,03;5,00;4,91;4,29;4,45;4,82;0,00;0,00;0,00;0,00;4,57;4,92;5,08;4,86;0,00;0,00;0,00;0,00;0,00;0,00;0,00;1,93;0,00;0,00;0,00;0,00
0,00;0,00;0,00;0,00;0,00;0,00;0,00;0,00;0,00;0,00;0,00;0,00;2,28;2,04;1,59;2,03;0,96;2,38;0,00;0,00;0,00;0,00;0,00;1,53;0,92;0,00;0,00;0,00;0,00;0,00;0,00;0,00;0,00;0,00;0,00;0,00;0,00;0,00
5,72;5,68;5,87;5,93;5,80;5,72;5,40;5,42;5,45;5,77;5,85;5,67;5,03;5,09;5,33;3,85;2,26;3,87;4,57;4,85;4,63;5,42;3,00;3,38;3,02;0,00;0,00;1,37;1,93;0,00;0,00;0,00;0,00;0,00;0,00;0,00;0,00;0,00
5,20;5,32;5,81;5,71;5,72;6,14;5,28;5,15;5,23;4,89;4,56;4,91;5,99;5,80;5,79;4,13;4,39;4,39;5,27;5,38;5,71;5,33;2,64;4,01;4,01;3,17;0,00;0,00;0,00;0,00;0,00;0,00;3,69;2,73;0,00;0,00;0,00;0,00
5,04;5,05;5,76;5,84;5,82;6,21;5,25;5,15;5,58;5,33;5,09;5,24;6,07;6,12;6,14;4,36;4,45;4,59;6,07;6,19;6,32;6,10;3,15;3,83;3,75;4,00;0,00;0,00;0,00;0,00;0,00;0,00;5,20;5,77;4,13;3,72;3,47;2,60
1,58;0,96;2,35;0,00;0,97;2,67;1,84;1,92;2,99;1,95;1,46;1,93;3,41;3,21;3,47;2,36;0,96;3,06;0,00;0,00;0,00;0,00;0,91;1,94;0,92;0,00;0,00;0,00;0,00;0,00;0,00;0,00;0,00;0,00;0,00;0,00;2,60;0,00
1,99;2,26;2,75;4,02;3,94;4,09;3,26;3,49;2,64;3,84;3,52;3,92;2,76;3,04;3,18;4,21;4,18;4,31;0,00;1,05;0,00;0,00;0,91;3,38;3,30;0,00;0,00;0,00;0,00;0,00;0,00;0,00;0,00;0,00;0,00;0,00;0,00;0,00
4,08;4,10;2,92;0,97;0,00;0,92;0,00;0,00;0,90;2,53;0,90;2,25;0,00;0,00;0,00;0,00;0,00;0,00;1,10;0,00;0,00;0,00;0,00;0,00;0,00;0,00;5,42;5,65;5,48;5,23;3,39;2,07;2,80;1,93;0,00;0,00;0,00;0,00
1,00;0,96;0,00;0,00;0,00;0,00;0,00;0,00;0,00;0,00;0,00;0,00;0,00;0,00;0,00;0,00;0,00;0,00;0,00;0,00;0,00;0,00;1,86;1,53;1,47;1,00;2,07;2,53;2,38;3,10;0,00;0,00;0,00;0,00;0,00;0,00;0,00;0,00
3,80;4,01;3,54;4,02;3,85;4,09;5,04;4,43;4,93;3,84;3,81;4,09;4,19;3,95;3,81;5,13;5,10;4,88;2,75;3,55;3,09;2,34;5,34;4,96;5,04;5,09;4,65;4,73;4,64;4,83;4,07;2,89;3,31;2,73;0,00;0,00;0,00;0,00
3,80;3,51;3,33;4,52;4,33;5,01;5,87;5,83;6,28;4,74;4,94;5,27;5,33;5,22;5,09;6,35;6,60;6,28;4,43;3,90;5,01;4,94;7,47;7,12;7,20;7,58;5,71;5,74;5,23;5,11;4,31;2,89;3,99;3,62;0,00;0,00;0,00;0,00
3,45;3,73;3,07;3,64;3,85;4,09;4,60;4,43;4,56;3,84;4,20;4,16;4,59;4,13;4,25;4,95;5,32;5,02;3,88;3,79;3,46;3,39;5,72;5,20;5,16;5,21;4,55;4,81;4,72;4,97;4,31;2,07;2,80;2,73;0,00;0,00;0,00;0,00
3,58;3,51;4,05;3,11;3,85;3,94;4,18;3,99;4,27;2,75;3,28;3,24;3,27;3,21;3,47;4,21;4,32;4,15;1,10;2,08;0,00;1,89;4,46;4,38;4,42;4,32;4,34;4,08;4,16;4,38;2,05;0,00;1,99;1,93;0,00;0,00;0,00;0,00
3,80;4,10;4,19;4,02;4,19;4,24;4,79;4,43;4,81;3,52;4,13;4,24;4,19;3,75;4,18;5,29;5,25;5,11;2,97;3,26;3,09;3,72;5,27;4,83;5,29;5,17;4,82;4,64;4,64;4,48;3,39;2,07;2,80;2,73;0,00;0,00;0,00;0,00
4,16;4,17;3,98;4,58;4,58;5,27;5,91;5,73;6,58;4,58;5,13;5,50;4,94;5,14;5,29;6,66;6,85;6,62;4,71;4,68;5,06;4,81;7,51;7,37;7,68;7,63;6,45;6,15;6,04;6,15;5,49;4,09;4,63;3,62;2,70;0,00;2,60;0,00
0,00;0,00;0,86;0,97;0,97;0,92;1,44;1,52;2,83;0,97;0,90;0,96;0,97;1,03;1,00;1,02;0,00;1,04;0,00;0,00;0,00;0,00;0,00;0,00;0,00;0,00;0,00;0,00;0,00;0,00;0,00;0,00;0,00;0,00;0,00;0,00;0,00;0,00
0,00;0,00;0,00;0,00;0,00;0,00;0,00;0,00;0,00;0,00;0,00;0,00;0,00;0,00;0,00;0,00;0,00;0,00;0,00;0,00;0,00;0,00;0,00;0,00;0,00;0,00;2,07;2,06;2,38;2,01;0,00;0,00;0,00;0,00;0,00;0,00;0,00;0,00
3,32;3,39;2,75;0,00;0,00;0,00;0,00;0,00;0,00;1,54;0,00;1,53;0,00;0,00;0,00;0,00;0,00;0,00;0,00;0,00;0,00;1,23;0,00;0,00;0,00;0,00;3,79;3,94;3,91;3,72;3,77;3,40;3,69;3,24;0,00;0,00;0,00;0,00
1,00;0,96;0,00;0,00;0,00;0,00;0,00;0,00;0,00;0,00;0,00;0,00;0,00;0,00;0,00;0,00;0,00;0,00;0,00;0,00;0,00;0,00;0,00;0,00;0,00;0,00;1,38;1,37;1,93;2,01;0,00;0,00;0,00;0,00;0,00;0,00;0,00;0,00
0,00;0,96;1,79;0,00;0,97;0,00;0,00;0,00;0,00;0,00;0,00;0,00;0,00;0,00;0,00;0,00;0,00;0,00;0,00;0,00;0,00;0,00;0,00;0,00;0,00;0,00;0,00;0,00;0,00;0,00;0,00;0,00;0,00;0,00;0,00;0,00;0,00;0,00
0,00;0,00;0,00;0,00;0,00;0,00;0,00;0,00;0,00;0,00;0,00;0,00;0,00;0,00;0,00;0,00;0,00;0,00;0,00;0,00;0,00;0,00;0,00;0,00;0,00;0,00;0,00;0,00;0,00;0,00;0,00;0,00;0,00;0,00;0,00;0,00;0,00;0,00
